FrameID,X,Y,Z,X_raw,Y_raw,Z_raw,Distance_peak_theta,X_Vbeak,Y_Vbeak,Z_Vbeak,X_Vtail,Y_Vtail,Z_Vtail,X_Ubeak,Y_Ubeak,Z_Ubeak,X_Utail,Y_Utail,Z_Utail,Speed,v_x,v_y,v_z,a_x,a_y,a_z,Frame_peak_theta,Timing_peak_theta,FlightID,Wingbeat_amplitude,Wingbeat_frequency,Pitch_at_peak_theta,Body_direction,Head_direction,Body_angle,Body_direction_abs,Body_angle_abs,Yaw,Peak_theta,theta_abs,Speed_cropped,Speed_rollingMedian,Wingbeat_amplitude_cropped,Wingbeat_amplitude_RM,Wingbeat_frequency_cropped,Wingbeat_frequency_RM,Timing_peak_theta_ms,Chord,Mass,Tail,Brood,Order,Timing_peakFtotal,Peak_Ftotal,Peak_Fx,Peak_Fy,Peak_Fz,Peak_Tx,Peak_Ty,Peak_Tz,Peak_Ftotal_r,Peak_Fx_r,Peak_Fy_r,Peak_Fz_r,Peak_Tx_r,Peak_Ty_r,Peak_Tz_r,AUC_Ftotal,AUC_Fx,AUC_Fy,AUC_Fz,AUC_Tx,AUC_Ty,AUC_Tz,BirdID,Age,Trial,Code,Category,Iteration,Category_short,Experience,Wind,Wind_trial,Outcome,Success,Head_on,Mean_X,Mean_theta,Timing_theta50,Timing_theta50_ms,Distance_theta50,Peak_Speed,Timing_peakSpeed,Timing_peakSpeed_ms,Distance_peakSpeed,Impact_speed,Peak_amplitude,Mean_amplitude,Peak_frequency,Mean_frequency,Tail_area,Wing_area,MI
0201040PA01_f240,-10.46338364,27.25983882,50.9428054,12.9978857,-384.3806763,1439.406738,58.71754961,-2.233140945,-13.14746094,-3.607421875,47.95206547,2.736175537,-52.4284668,-0.161645294,-0.951675351,-0.261122242,0.674403194,0.038481878,-0.737359801,1.000277469,-0.021667099,-0.998756104,0.050712891,0.915586853,-8.228759766,30.32402344,240,0.008333333,0201040PA01,2.673950711,24.24529259,-47.50699417,86.73420747,9.639881502,77.09432597,86.73420747,77.09432597,85.49142295,86.73420747,86.73420747,1.000277469,1.000277469,2.673950711,2.561702079,24.24529259,25.24512201,8.333333333,58.5,17.2,36,B,1,0.067708333,0.283714223,0.025747548,0.267147174,0.091995714,-38.91960352,1.202899884,2.816116918,1.682023215,0.152646464,1.583804097,0.545404194,-230.7380855,7.131491361,16.69558185,23.32739493,-6.087676616,19.68269846,-0.592325888,-2807.580821,-1037.991475,150.0676154,201,40,26,PA01,Wind_Near-miss,1,P,1,Experienced,5,Pivot,TRUE,FALSE,-4.951117948,25.31687302,0.158333333,158.3333333,256.441457,2.24654232,0.391666667,391.6666667,738.1406244,1.000277469,2.561702079,1.388764727,29.22891469,24.81139677,496.3967991,7830.433929,20.65611823
0201040PA02_f239,-1.509345173,4.849670924,40.34475637,21.95078468,-406.7844238,1428.844604,40.66321185,-11.68518829,-6.272613525,-4.365966797,46.76777458,-13.37533569,-50.17883301,-0.83689893,-0.449247664,-0.312692688,0.669201823,-0.191388175,-0.718010785,0.484076424,-0.111124191,-0.468043213,-0.054008789,1.070040894,9.795849609,-3.654492187,239,0.016666667,0201040PA02,1.559350112,28.32277299,-45.8904904,105.9602488,61.77307965,44.18716917,105.9602488,44.18716917,92.60421042,105.9602488,105.9602488,0.484076424,0.563123113,1.559350112,1.666891077,28.32277299,25.34432938,16.66666667,58.5,17.2,36,B,1,0.051041667,0.290870612,-0.23847767,-0.05886354,-0.155785742,6.456464789,-31.79299605,-0.015584056,1.724450458,-1.413834572,-0.348977358,-0.923588647,38.27768502,-188.4874043,-0.092391364,5.395373198,-2.360521082,4.21061055,-0.600265038,-583.1723012,-341.7649614,-24.43757401,201,40,28,PA02,Wind_Near-miss,2,P,1,Experienced,6,Pivot,TRUE,FALSE,55.06565398,28.23342494,0.25,250,297.4234324,2.32421287,0.533333333,533.3333333,841.6371552,0.484076424,2.628217178,1.644429816,29.72831971,24.46372219,496.3967991,7830.433929,20.65611823
0201040WA01_f240,-25.86452694,45.25050712,32.13445129,-2.550368071,-366.4918518,1420.591675,61.23075296,-2.800102949,-13.82598877,-2.327636719,30.65608287,5.152404785,-64.16320801,-0.195846626,-0.967026321,-0.162801085,0.429977274,0.072266798,-0.899942806,1.470418552,0.031891451,-1.414240723,0.401293945,13.51497574,6.811962891,0.884179688,240,0.008333333,0201040WA01,1.307578584,22.19715096,-64.15055036,80.45939653,11.44895063,69.01044591,80.45939653,69.01044591,81.75121049,80.45939653,80.45939653,1.470418552,1.524977778,1.307578584,1.069300917,22.19715096,22.96670769,8.333333333,58.5,17.2,36,B,1,0.017708333,0.69122993,-0.003660414,0.655106921,-0.220500204,-80.06604833,-2.994712509,1.093893767,4.098013761,-0.021701065,3.883855515,-1.30725368,-474.6781837,-17.75440057,6.48523959,34.75880391,-8.962206305,29.31307567,-4.115348795,-3800.623615,-1373.4556,100.0615922,201,40,15,WA01,Wind_success,1,W,1,Experienced,1,Head-On,TRUE,TRUE,38.12500728,17.57065563,0.083333333,83.33333333,174.7522541,2.674229677,0.25,250,571.4372318,1.524977778,2.226501901,1.497421572,30.74120711,25.97175388,496.3967991,7830.433929,20.65611823
0201040WA02_f223,-9.745701971,147.5542095,-49.82350642,14.01604271,-264.3384399,1338.770752,156.0436004,-4.818652153,-12.77450562,3.364013672,35.88323784,5.831573486,-57.85400391,-0.34268563,-0.908478008,0.239236846,0.525162431,0.085346906,-0.846711478,0.87137315,-0.115820389,-0.639620361,0.5803125,0.799859619,0.120849609,-7.351171875,223,0.15,0201040WA02,0.514826026,10.87387264,-57.85577289,80.76926229,20.66690198,60.10236031,80.76926229,60.10236031,70.50554162,80.76926229,80.76926229,0.87137315,0.914888672,0.514826026,0.809058934,,,150,58.5,17.2,36,B,1,0.325,0.26325047,-0.262039024,-0.025162572,0.001790074,0.921385762,-31.73174795,-1.64640664,1.560702162,-1.553520009,-0.149178388,0.0106126,5.462511627,-188.1242898,-9.760857813,20.15438879,-13.9931021,11.98142522,2.575185118,-1626.476455,-1966.37463,-85.94101391,201,40,18,WA02,Wind_success,2,W,1,Experienced,3,Head-On,TRUE,TRUE,-13.54327618,24.44495469,0.266666667,266.6666667,283.3428345,2.037191377,0.575,575,757.9942692,0.802748715,2.559146246,1.501033005,29.67019122,24.88534675,496.3967991,7830.433929,20.65611823
0201040WA03_f240,-39.65235321,67.52641922,28.1129679,-16.04805565,-344.1285095,1416.64502,83.20135439,-0.334976196,-14.03463745,0.328491211,30.26222229,-4.74206543,-65.70568848,-0.023854495,-0.999441717,0.023392683,0.417438682,-0.065412299,-0.906347714,1.006096503,0.306058731,-0.958406982,-0.003779297,-4.657406616,20.26010742,-27.48867187,240,0.008333333,0201040WA03,0.710042424,30.1109659,-65.00541354,98.90578022,1.367265743,97.53851448,98.90578022,97.53851448,116.6161994,98.90578022,98.90578022,1.006096503,1.200152198,0.710042424,0.710042424,30.1109659,,8.333333333,58.5,17.2,36,B,1,0.026041667,0.431456083,-0.003672012,0.421022853,-0.094237069,-47.68755982,-1.844560609,-0.670641192,2.557923042,-0.021769824,2.496068777,-0.558692248,-282.719639,-10.93563,-3.975951725,37.00305502,-12.80340002,29.45102649,-1.594619877,-3591.859702,-1667.497849,-80.90027683,201,40,24,WA03,Wind_success,3,W,1,Experienced,4,Head-On,TRUE,TRUE,-71.55311864,26.194231,0.066666667,66.66666667,154.0152462,2.364823185,0.241666667,241.6666667,526.8721617,1.200152198,3.414546835,2.119277625,30.52324074,25.75720751,496.3967991,7830.433929,20.65611823
0201040WA04_f235,-73.73812416,85.66795241,41.24068731,-50.31082916,-325.9807129,1429.759644,120.3208349,-0.260513306,-13.8510437,-2.73815918,35.4289217,-0.097290039,-64.57055664,-0.01844799,-0.980847826,-0.193900008,0.481033238,-0.001320947,-0.876701363,1.408798801,0.101643677,-1.400332031,0.115986328,9.368865967,11.4609375,-23.40175781,235,0.05,0201040WA04,2.12746006,22.97433963,-61.2469753,90.15733741,1.077503874,89.07983353,90.15733741,89.07983353,94.30889433,90.15733741,90.15733741,1.408798801,1.45625946,2.12746006,2.177569349,22.97433963,23.28025294,50,58.5,17.2,36,B,1,0.017708333,0.671570386,-0.366522798,0.559943112,-0.055960109,-44.12453804,-32.07411601,-1.564685523,3.98146053,-2.172960697,3.319669008,-0.33176413,-261.59597,-190.1540472,-9.276367419,29.4479703,-17.24394444,22.36533977,-4.743749056,-1790.138547,-1467.478847,-4.903827378,201,40,29,WA04,Wind_success,4,W,1,Experienced,7,Head-On,TRUE,TRUE,-56.73583517,24.87658761,0.15,150,271.7634163,2.339664826,0.233333333,233.3333333,444.8104151,1.161047358,2.702736728,1.709058586,29.63867287,24.40042679,496.3967991,7830.433929,20.65611823
0201040WB01_f240,-24.53855981,43.06108206,35.35904143,-0.995405674,-368.6717224,1423.907593,60.88234158,0.069398522,-13.45648193,-3.009033203,45.08556604,-6.199768066,-57.88647461,0.005032897,-0.975886595,-0.218220125,0.612291453,-0.084196902,-0.786136158,1.265115269,0.078771958,-1.247849121,0.192832031,8.35473175,-15.08598633,22.29433594,240,0.008333333,0201040WB01,1.688755197,30.95402705,-51.82588138,97.82970354,-0.295486384,98.12518993,97.82970354,98.12518993,101.4417749,97.82970354,97.82970354,1.265115269,1.13333119,1.688755197,1.688755197,30.95402705,30.95402705,8.333333333,58.5,17.2,36,B,1,0.026041667,0.618928289,-0.217246707,0.572079593,-0.092741762,-78.80963663,-33.23021,-0.899002942,3.669367504,-1.287965056,3.391621139,-0.549827198,-467.2294431,-197.0080459,-5.329813228,28.08319292,-9.823039132,24.95808387,-2.040363205,-3356.933301,-1591.936955,21.63209382,201,40,45,WB01,Wind_success,1,W,1,Experienced,8,Head-On,TRUE,TRUE,-13.97497575,28.9528156,0.15,150,296.3770249,2.517061339,0.3,300,654.8220639,1.13333119,3.313641146,1.677161536,30.95402705,25.76410325,496.3967991,7830.433929,20.65611823
0201040WB02_f225,-16.96452536,116.7742354,52.02587128,6.474197388,-294.9445496,1440.541504,128.9601041,-2.297253609,-12.04266357,-6.911010742,61.95735168,-6.933197021,-36.6619873,-0.163231836,-0.855693981,-0.491063315,0.856653716,-0.095861893,-0.5069072,1.051982362,-0.279166832,-1.005981445,0.129360352,13.53619995,-2.068945313,9.233789063,225,0.133333333,0201040WB02,0.654757035,36.92477231,-30.45803857,96.38499134,10.79996635,85.58502499,96.38499134,85.58502499,80.87528765,96.38499134,96.38499134,1.051982362,1.051982362,0.654757035,0.893841187,,,133.3333333,58.5,17.2,36,B,1,0.003125,0.252058551,-0.155200644,0.192113967,-0.050383498,-22.7882049,-20.41067289,0.290137352,1.494349948,-0.920119841,1.138963531,-0.298702732,-135.1017558,-121.0063608,1.720103267,13.25318296,-11.0742066,6.14344554,-0.384266215,-729.0424457,-1464.146812,-24.67689627,201,40,51,WB02,Wind_success,2,W,1,Experienced,9,Head-On,TRUE,TRUE,44.62089323,32.93589709,0.275,275,287.4910832,2.127859996,0.716666667,716.6666667,1071.7461,0.512359583,2.928984708,1.858880632,32.81914874,24.01136846,496.3967991,7830.433929,20.65611823
0201040WB03_f213,-54.35119247,124.220614,61.36204267,-30.95497131,-287.5054626,1449.810669,148.8291415,0.163835526,-13.26223755,-4.993041992,63.10596466,-3.738250732,-30.92443848,0.011560547,-0.935808737,-0.352318551,0.896708387,-0.053118922,-0.439422858,0.834124564,0.036369781,-0.828504639,-0.089560547,4.013442993,-1.723095703,0.529101563,213,0.233333333,0201040WB03,1.002144524,25.5867497,-26.06706302,93.39010716,-0.707769457,94.09787661,93.39010716,94.09787661,95.9036694,93.39010716,93.39010716,0.834124564,0.834124564,1.002144524,1.3350715,25.5867497,25.21507146,233.3333333,58.5,17.2,36,B,1,-0.028125,0.3986498,-0.333725469,0.207822948,-0.066019668,-20.90383015,-34.83286312,-1.351028175,2.363428278,-1.978519018,1.23209552,-0.391403058,-123.9300844,-206.5095074,-8.009682176,7.718961131,-6.036926372,4.046769778,-0.169089245,-353.3984346,-532.6628992,46.67444203,201,40,53,WB03,Wind_success,3,W,1,Experienced,10,Head-On,TRUE,TRUE,-98.45973398,40.36674321,0.425,425,403.391684,2.112819301,0.575,575,693.8808349,0.536035726,4.867104077,2.412123702,30.16541221,25.09906768,496.3967991,7830.433929,20.65611823
0201040WC01_f215,-8.22805299,207.8303311,51.81927846,15.16120911,-203.5675049,1440.419189,214.3510788,-0.448539734,-13.71257019,-3.300292969,62.81826782,-30.45942688,-16.09570313,-0.031785941,-0.971746582,-0.233876536,0.876801005,-0.425144739,-0.224659628,1.372026898,-0.111021194,-1.358510742,-0.156782227,-3.442675781,5.609399414,-21.05683594,215,0.216666667,0201040WC01,1.627226176,11.93624262,-12.98286387,115.8678964,1.87348349,113.994413,115.8678964,113.994413,111.1959118,115.8678964,115.8678964,1.372026898,1.407789633,1.627226176,,,,216.6666667,58.5,17.2,36,B,1,0.036458333,0.448107307,-0.388170975,0.181064219,-0.131678401,-22.90499539,-31.68638268,-2.847861735,2.6566412,-2.301303702,1.073454187,-0.780666281,-135.7941579,-187.8553381,-16.88378363,18.94592834,-15.96061033,8.039341053,-4.057029131,-765.9871988,-1695.598687,-93.95855659,201,40,86,WC01,Wind_success,1,W,1,Experienced,20,Head-On,TRUE,TRUE,13.74891806,36.74360284,0.308333333,308.3333333,360.7499761,2.51713077,0.491666667,491.6666667,773.7423178,0.519694858,3.87057657,3.068613678,25.02926421,22.86357241,496.3967991,7830.433929,20.65611823
0201040WC02_f227,-4.500163859,152.2131963,27.70392412,19.11178207,-259.2344971,1416.424316,154.7792493,-0.452293396,-13.25390625,-5.567504883,58.40105057,-18.07614136,-43.14428711,-0.031446614,-0.921504669,-0.38709205,0.780496375,-0.241577209,-0.576598526,1.32980396,-0.245060349,-1.294714966,0.178989258,1.118984985,11.14760742,-2.176171875,227,0.116666667,0201040WC02,0.93515811,,-35.211655,107.1982061,1.954476648,105.2437295,107.1982061,105.2437295,96.48020089,107.1982061,107.1982061,1.32980396,1.424442325,0.93515811,,,,116.6666667,58.5,17.2,36,B,1,0.039583333,0.467308408,-0.369453676,0.285179083,-0.023537621,-43.3193799,-43.2815667,-0.814541438,2.77047651,-2.19033665,1.690707758,-0.139544733,-256.8225234,-256.5983447,-4.829076226,20.41976846,-16.7017125,10.98975655,-0.138737746,-1812.201039,-1660.366561,-13.63704272,201,40,87,WC02,Wind_success,2,W,1,Experienced,21,Head-On,TRUE,TRUE,13.75939762,33.94876378,0.275,275,424.9009655,2.53516893,0.458333333,458.3333333,835.6686862,0.806743833,2.934515791,1.85126562,25.68113582,24.26752012,496.3967991,7830.433929,20.65611823
0201040WC03_f204,-8.559222511,227.7205577,84.95604223,14.86290359,-183.6694336,1473.541138,243.2024708,0.655470848,-12.67471313,-6.090332031,65.7702446,-29.69682312,-12.30737305,0.046562284,-0.900365886,-0.432635211,0.898428697,-0.405661835,-0.168120055,0.839037276,-0.293325806,-0.728556519,-0.295209961,-2.723071289,5.36484375,5.178515625,204,0.308333333,0201040WC03,2.393943599,24.69451963,-9.678533024,114.3003032,-2.960405212,117.2607084,114.3003032,117.2607084,92.36998162,114.3003032,114.3003032,0.839037276,0.886379943,2.393943599,2.280227022,24.69451963,26.01639437,308.3333333,58.5,17.2,36,B,1,0.088541667,0.357201895,-0.32505386,0.130319346,0.070356591,-10.47265237,-23.61247813,0.07097685,2.117700951,-1.927108669,0.772609014,0.417114861,-62.08798497,-139.9885278,0.420792118,29.80008101,-26.05511315,12.04371054,-1.489885141,-868.5275075,-1995.002099,-55.48789239,201,40,90,WC03,Wind_success,3,W,1,Experienced,22,Head-On,TRUE,TRUE,-27.71466639,53.4239034,0.508333333,508.3333333,497.8723557,2.251736016,0.716666667,716.6666667,918.7953055,0.488597159,4.175437578,2.857706106,29.93559532,24.67344127,496.3967991,7830.433929,20.65611823
0201040WC04_f207,12.79072097,179.5040193,9.4543862,36.2497139,-231.8610382,1398.103027,180.2073275,-5.296667099,-12.62704468,-2.8359375,53.96727371,-41.65287781,-7.862304688,-0.378778612,-0.902993217,-0.202805359,0.786420544,-0.606973015,-0.114570878,0.710509342,0.250618744,-0.504107666,-0.433461914,-3.967327881,5.875268555,-39.82675781,207,0.283333333,0201040WC04,3.307204907,19.37467385,-6.578874577,127.6615826,22.75659013,104.9049925,127.6615826,104.9049925,154.095998,127.6615826,127.6615826,0.710509342,0.710509342,3.307204907,3.307204907,19.37467385,19.60229463,283.3333333,58.5,17.2,36,B,1,0.082291667,0.254489102,-0.151235192,0.167175395,-0.118088979,-18.56153231,-28.66549917,0.570079398,1.50875967,-0.896610333,0.991113142,-0.700100272,-110.0435781,-169.9457805,3.379762816,4.197440771,-0.895235773,2.833119913,0.527516308,-370.9563802,-228.1485021,6.9021938,201,40,94,WC04,Wind_success,4,W,1,Experienced,23,Head-On,TRUE,TRUE,61.07109115,54.48957348,0.458333333,458.3333333,424.709915,2.180713918,0.533333333,533.3333333,579.4884983,0.563266751,3.307204907,1.975364479,27.05547606,21.2653442,496.3967991,7830.433929,20.65611823
0201040WC05_f211,-14.95386774,268.1030467,32.07699734,8.803491592,-143.2783051,1420.833862,270.4289104,1.968640327,-12.39764404,-6.54309082,64.20659447,-22.56442261,-28.72216797,0.139068658,-0.875794171,-0.462216917,0.869197486,-0.305466122,-0.388826668,1.032216158,-0.218355217,-0.996465454,0.157631836,14.7506424,2.795910645,8.51484375,211,0.25,0201040WC05,0.986720257,20.69261901,-22.88151095,109.3632427,-9.022749869,118.3859926,109.3632427,118.3859926,97.00339313,109.3632427,109.3632427,1.032216158,1.07884324,0.986720257,0.58545983,20.69261901,,250,58.5,17.2,36,B,1,0.041666667,0.555173324,-0.476920225,0.280417253,0.046159324,-44.59471751,-53.45327509,0.038160926,3.291390928,-2.827460962,1.662476857,0.273659368,-264.3834678,-316.9021584,0.226240204,27.56489129,-16.55635095,16.92408048,-2.120794375,-2239.956806,-2185.703045,11.24020473,201,40,95,WC05,Wind_success,5,W,1,Experienced,24,Head-On,TRUE,TRUE,-26.24883982,52.40266329,0.441666667,441.6666667,538.7914301,2.268618971,0.533333333,533.3333333,723.5357124,0.910339771,2.501398019,1.157662596,32.25026039,22.3065295,496.3967991,7830.433929,20.65611823
0201040WC06_f230,5.949782499,77.7907679,45.19243792,29.31134224,-333.5693054,1433.76001,90.16185406,-1.522558212,-11.45135498,-7.681030273,63.74424553,-15.59115601,-31.00537109,-0.10975265,-0.825463714,-0.553682231,0.878271058,-0.214815643,-0.427193386,0.854361083,-0.343479996,-0.762158203,-0.176264648,-6.131332397,17.00947266,-15.23671875,230,0.091666667,0201040WC06,2.324066842,23.7189837,-25.28957676,103.744096,7.573556984,96.17053899,103.744096,96.17053899,79.4845501,103.744096,103.744096,0.854361083,0.95129444,2.324066842,2.034357067,23.7189837,24.2594347,91.66666667,58.5,17.2,36,B,1,0.019791667,0.935745025,-0.515296525,0.678460677,-0.387013375,-95.29406772,-73.25998435,2.50420696,5.547641704,-3.054978032,4.022310186,-2.294440775,-564.9587549,-434.3278709,14.84639789,21.39958453,-11.60578803,15.18133935,-8.135533278,-2096.106466,-1649.914555,57.62722871,201,40,97,WC06,Wind_success,6,W,1,Experienced,25,Head-On,TRUE,TRUE,108.3430315,40.55680473,0.341666667,341.6666667,422.9311413,2.186012336,0.566666667,566.6666667,865.3590361,0.565947104,2.879641841,1.875253933,28.62563854,24.4219714,496.3967991,7830.433929,20.65611823
0201040WC07_f211,25.43398394,163.2788698,72.60029141,49.07278061,-248.0980988,1461.519165,180.4928785,-4.494869232,-10.57972717,-8.926879883,63.79943466,-23.56059265,-16.67114258,-0.308837357,-0.72692103,-0.613355772,0.911104788,-0.336463307,-0.238076684,0.749769726,-0.219501343,-0.716841431,-0.01059082,-7.414892578,20.78459473,3.063867188,211,0.25,0201040WC07,1.297184192,,-13.77305244,110.2687625,23.01854307,87.25021944,110.2687625,87.25021944,93.24384575,110.2687625,110.2687625,0.749769726,0.863456881,1.297184192,1.612708738,,,250,58.5,17.2,36,B,1,0.075,0.214783487,-0.181504221,0.107281383,-0.040974003,-11.33775696,-25.10235445,0.198952158,1.273361653,-1.076062773,0.636026546,-0.242917765,-67.21682903,-148.8213826,1.179504309,15.47815312,-11.14740466,9.031305008,-2.984391282,-1107.320653,-1531.992881,21.85045705,201,40,98,WC07,Wind_success,7,W,1,Experienced,26,Head-On,TRUE,TRUE,39.12182413,34.11946045,0.525,525,480.0984774,2.361289287,0.725,725,875.4514888,0.473220169,1.820550396,1.552200124,22.55948855,22.47824892,496.3967991,7830.433929,20.65611823
0201040WC08_f218,-18.36779422,220.657384,13.61949046,5.011814117,-190.7669373,1402.153564,221.8390126,0.985452652,-12.86186218,-6.259399414,58.83153534,-19.92102051,-40.70739746,0.068730058,-0.897046172,-0.436559668,0.792198338,-0.26824728,-0.548147051,1.250757156,-0.281631145,-1.21055603,0.140112305,13.43906708,-1.307373047,-10.98632813,218,0.191666667,0201040WC08,1.758772382,14.8733205,-33.23998558,108.7066793,-4.381339202,113.0880185,108.7066793,113.0880185,95.6100049,108.7066793,108.7066793,1.250757156,1.261533522,1.758772382,1.908827944,14.8733205,14.8733205,191.6666667,58.5,17.2,36,B,1,0.039583333,0.419372628,-0.260975073,0.321821304,-0.064780093,-30.60179905,-27.94717522,-1.402906315,2.48628528,-1.547212287,1.907944195,-0.384054137,-181.4252944,-165.6871377,-8.317246018,25.78063968,-17.2608534,17.11878158,-2.719877608,-1671.932964,-1843.269299,-84.32483205,201,40,99,WC08,Wind_success,8,W,1,Experienced,27,Head-On,TRUE,TRUE,20.2696968,48.66322682,0.433333333,433.3333333,579.63416,2.422084898,0.541666667,541.6666667,808.3214644,0.864881756,3.533940575,1.747792442,30.19978427,22.33427393,496.3967991,7830.433929,20.65611823
0201040WZ01_f229,-24.71814499,119.4688714,16.2890474,-1.214756727,-292.2167358,1404.919189,123.0818061,-4.197556734,-13.41159058,-0.999755859,56.70919108,-4.114929199,-45.82006836,-0.297939117,-0.951943643,-0.070961847,0.776594637,-0.056351217,-0.627475347,1.412432518,-0.172186623,-1.389708252,0.184467773,1.7739182,2.755371094,7.440820313,229,0.1,0201040WZ01,0.332949771,-1.558793847,-38.86410284,94.15021943,17.37906517,76.77115427,94.15021943,76.77115427,87.0871953,94.15021943,94.15021943,1.412432518,1.430241172,0.332949771,0.649306613,,,100,58.5,17.2,36,B,1,0.009375,0.71654803,-0.285876066,0.648369335,-0.106457312,-77.66857117,-49.22115439,-0.376983388,4.248114205,-1.694839883,3.843911178,-0.631140973,-460.4645422,-291.8116811,-2.234977167,20.60937031,-10.46708479,16.66329266,-2.578521099,-2042.380399,-1569.363333,-0.954829154,201,40,65,WZ01,Wind_success,1,W,1,Experienced,11,Head-On,TRUE,TRUE,17.87629637,23.13664691,0.2,200,281.3804354,2.461583458,0.458333333,458.3333333,863.1864859,1.028653409,1.89755972,0.939628606,32.03352229,25.47538337,496.3967991,7830.433929,20.65611823
0201040WZ02_f216,4.879975946,368.1969896,13.29667062,28.2928791,-43.4675293,1401.806519,368.4693186,-3.834287643,-13.5206337,-0.550170898,20.1535244,47.72600269,-52.82373047,-0.272620424,-0.961326128,-0.03911752,0.272387647,0.645047154,-0.713946174,2.225954602,-0.092237549,-2.220378342,0.127617188,-6.562435913,19.48018799,-9.980859375,216,0.208333333,0201040WZ02,0.784365585,,-45.55690071,22.89314514,15.8326929,7.060452247,22.89314514,7.060452247,20.51436792,22.89314514,22.89314514,2.225954602,2.300552961,0.784365585,1.016889366,,,208.3333333,58.5,17.2,36,B,1,0.028125,0.516271419,-0.194727642,0.435969318,-0.196336643,-47.14350108,-21.04646005,1.527828416,3.060757769,-1.154458914,2.584680129,-1.16399801,-279.4941418,-124.7756775,9.057857015,25.75577118,-11.49527563,17.85317684,-6.779668521,-1970.02735,-1341.411896,59.95452031,201,40,67,WZ02,Wind_success,2,W,1,Experienced,12,Head-On,TRUE,TRUE,13.93836567,1.856787049,,,,2.542579841,0.35,350,708.0784129,1.06405422,1.774135991,1.000398786,25.61007055,22.62094764,496.3967991,7830.433929,20.65611823
0201040WZ03_f235,-35.8992185,80.61966171,44.26641515,-12.5392828,-331.0310669,1432.863281,98.73094375,-4.202557564,-12.67541504,-3.161865234,51.87500286,-1.761810303,-52.1751709,-0.306238402,-0.92365156,-0.230403639,0.704861902,-0.023938947,-0.708940495,1.172091189,-0.267425308,-1.136799316,0.09984375,-16.47518005,-7.104638672,32.18554688,235,0.05,0201040WZ03,3.351121382,24.43916084,-45.14877635,91.94516635,18.3430365,73.60212985,91.94516635,73.60212985,78.70736306,91.94516635,91.94516635,1.172091189,1.098404005,3.351121382,2.914581323,24.43916084,25.61598327,50,58.5,17.2,36,B,1,0.023958333,0.587110091,-0.364021295,0.443000598,-0.126242724,-52.39079027,-37.98407708,-0.040690554,3.480730689,-2.15813033,2.626365654,-0.74844042,-310.6031294,-225.1917397,-0.241237313,26.56816245,-16.75757941,18.43574675,-7.220317749,-1996.740959,-1926.335162,-2.791715916,201,40,69,WZ03,Wind_success,3,W,1,Experienced,13,Head-On,TRUE,TRUE,-9.366681784,28.00270399,0.275,275,434.3098206,3.027196386,0.466666667,466.6666667,937.3504648,1.10111703,4.741032573,2.497319321,31.55533541,25.34589693,496.3967991,7830.433929,20.65611823
0201040WZ04_f235,-36.2392828,82.66893311,45.76328125,-12.5392828,-331.0310669,1432.863281,101.2013638,-4.202557564,-12.67541504,-3.161865234,51.87500286,-1.761810303,-52.1751709,-0.306238402,-0.92365156,-0.230403639,0.704861902,-0.023938947,-0.708940495,1.172091189,-0.267425308,-1.136799316,0.09984375,-16.47518005,-7.104638672,32.18554688,235,0.05,0201040WZ04,3.351121382,24.43916084,-45.14877635,91.94516635,18.3430365,73.60212985,91.94516635,73.60212985,78.70736306,91.94516635,91.94516635,1.172091189,1.098404005,3.351121382,2.914581323,24.43916084,25.61598327,50,58.5,17.2,36,B,1,0.023958333,0.587110091,-0.364021295,0.443000598,-0.126242724,-52.39079027,-37.98407708,-0.040690554,3.480730689,-2.15813033,2.626365654,-0.74844042,-310.6031294,-225.1917397,-0.241237313,26.56816245,-16.75757941,18.43574675,-7.220317749,-1996.740959,-1926.335162,-2.791715916,201,40,72,WZ04,Wind_success,4,W,1,Experienced,14,Head-On,TRUE,TRUE,-9.706746083,28.35949566,0.275,275,436.4486903,3.027196386,0.466666667,466.6666667,939.3664233,1.10111703,4.741032573,2.497319321,31.55533541,25.34589693,496.3967991,7830.433929,20.65611823
0201040WZ05_f237,-45.54255242,40.60619389,41.04930823,-22.11072731,-371.0545654,1429.639526,73.53932805,-2.873027802,-13.33660889,-2.462402344,44.44846344,-8.965240479,-59.3972168,-0.207244261,-0.962028858,-0.177624022,0.594814154,-0.119973819,-0.794859991,1.327439124,0.067425613,-1.325218506,0.036665039,4.767736816,-10.22431641,12.91992187,237,0.033333333,0201040WZ05,1.877739283,20.74025107,-52.64203343,101.4035403,12.15710711,89.24643315,101.4035403,89.24643315,104.316173,101.4035403,101.4035403,1.327439124,1.242355617,1.877739283,2.139020896,20.74025107,21.13194572,33.33333333,58.5,17.2,36,B,1,-0.007291667,0.612721156,-0.241236437,0.55101553,-0.116679399,-61.14392929,-30.11379525,0.828587215,3.632568004,-1.430190152,3.2667411,-0.691743462,-362.4968374,-178.5321235,4.912347772,54.0417576,-47.30766372,16.42681407,0.510289789,-1994.068857,-5444.398826,565.3305913,201,40,73,WZ05,Wind_success,5,W,1,Experienced,15,Head-On,TRUE,TRUE,-27.45741955,32.26240506,0.216666667,216.6666667,358.0013795,2.743917462,0.458333333,458.3333333,945.1762562,1.052361846,5.022599831,2.394586667,29.62098483,23.14076253,496.3967991,7830.433929,20.65611823
0201040WZ06_f211,-23.53683727,198.044103,71.31189499,-0.314398676,-213.4457397,1459.736084,211.8037672,-3.269292921,-13.35716248,-3.86315918,63.96407977,-22.78820801,-20.8984375,-0.228881667,-0.935128692,-0.270457966,0.900326674,-0.320755518,-0.294156045,0.97847564,-0.105616318,-0.968640747,-0.089414063,4.505659246,-1.434594727,-3.837304688,211,0.25,0201040WZ06,2.286352844,27.78072915,-17.10693704,109.6092398,13.75330269,95.8559371,109.6092398,95.8559371,103.3865429,109.6092398,109.6092398,0.97847564,0.97847564,2.286352844,2.286352844,27.78072915,26.62215192,250,58.5,17.2,36,B,1,0.026041667,0.439357727,-0.272032904,0.314386901,-0.142106256,-25.84647141,-24.046308,0.379617401,2.60476859,-1.61276955,1.86386872,-0.842488683,-153.2329416,-142.560524,2.250593133,20.06520804,-15.03459946,11.14905884,-3.412117952,-941.9869374,-1316.485218,0.312210464,201,40,75,WZ06,Wind_success,6,W,1,Experienced,16,Head-On,TRUE,TRUE,-16.63913967,42.85481354,0.416666667,416.6666667,456.1253612,2.760345321,0.575,575,837.15716,0.429741739,4.017440636,2.499647868,30.22706074,25.97136538,496.3967991,7830.433929,20.65611823
0201040WZ07_f222,-16.16410768,184.4250546,53.23294627,7.256955624,-227.0801849,1441.776245,192.6333971,-3.338549852,-13.40306091,-3.32043457,63.72774744,-1.99446106,-33.58459473,-0.23500821,-0.943472315,-0.233733034,0.884329324,-0.027676491,-0.46604255,1.287461491,-0.209456463,-1.270308838,0.000732422,7.434331512,6.439086914,-10.771875,222,0.158333333,0201040WZ07,2.305333244,24.56083385,-27.77771501,91.7925773,13.98708599,77.80549131,91.7925773,77.80549131,82.42953688,91.7925773,91.7925773,1.287461491,1.342830613,2.305333244,2.001629958,24.56083385,24.75262841,158.3333333,58.5,17.2,36,B,1,0.016666667,0.4504908,-0.16894944,0.401429207,-0.115120111,-48.56301169,-23.3294038,0.576190806,2.670771936,-1.001630713,2.379906225,-0.682499091,-287.9098277,-138.3102982,3.415994806,20.85730198,-12.47419705,14.39648655,-1.960210095,-1787.158235,-1756.468887,-5.576606851,201,40,77,WZ07,Wind_success,7,W,1,Experienced,17,Head-On,TRUE,TRUE,5.115773043,39.45671736,0.291666667,291.6666667,390.3714453,2.558769212,0.575,575,1013.53366,0.704478448,3.662165092,2.04512945,28.29046136,24.52059086,496.3967991,7830.433929,20.65611823
0201040WZ08_f226,-22.25757207,173.1715619,40.28555806,1.159071088,-238.3252106,1428.934082,179.183469,-3.286237121,-13.8212738,-2.189331055,60.96495235,3.228866577,-35.47546387,-0.228619135,-0.961527591,-0.152308842,0.863413689,0.045728693,-0.502419832,1.461458131,-0.149273343,-1.453324585,-0.037749023,7.343853951,7.984423828,-15.91699219,226,0.125,0201040WZ08,0.793212358,30.11744288,-30.16022437,86.96829518,13.3746764,73.59361878,86.96829518,73.59361878,81.10391678,86.96829518,86.96829518,1.461458131,1.537296961,0.793212358,0.81457064,30.11744288,30.14526725,125,58.5,17.2,36,B,1,0.025,0.554835324,-0.276429431,0.466585951,-0.117160388,-55.16498151,-34.08462047,0.980573276,3.289387064,-1.638834723,2.766193365,-0.694595044,-327.0501513,-202.073489,5.813409697,41.11742073,-32.39742691,18.90538833,-3.606378268,-2296.535749,-3990.273233,26.69865679,201,40,79,WZ08,Wind_success,8,W,1,Experienced,18,Head-On,TRUE,TRUE,-13.35759702,34.30081336,0.25,250,381.0218085,2.445165997,0.458333333,458.3333333,832.3589303,1.030473585,3.918275084,2.310810038,30.14526725,25.04624471,496.3967991,7830.433929,20.65611823
0201040WZ09_f226,2.224455321,164.7190117,41.31599325,25.64918518,-246.822464,1429.898682,169.8361337,-4.653659821,-12.85404968,-3.549682617,61.3184433,-7.531463623,-40.00939941,-0.329489261,-0.910094741,-0.251325268,0.833095153,-0.102325263,-0.543582566,1.397853405,-0.314054031,-1.36003418,0.075307617,1.338931274,5.560180664,-14.76914063,226,0.125,0201040WZ09,1.770118402,26.55798693,-32.92785427,97.00230634,19.90220217,77.10010417,97.00230634,77.10010417,83.99969059,97.00230634,97.00230634,1.397853405,1.409965484,1.770118402,1.482004698,26.55798693,27.63133996,125,58.5,17.2,36,B,1,0.034375,0.494507665,-0.22514997,0.418679688,-0.136208076,-55.3619532,-32.29357597,0.42873093,2.931729552,-1.334820205,2.482177128,-0.807520831,-328.2179143,-191.4551337,2.541766745,58.45335842,-49.40358504,20.22742271,-4.935408358,-2829.657829,-6663.880997,-44.08866413,201,40,81,WZ09,Wind_success,9,W,1,Experienced,19,Head-On,TRUE,TRUE,41.33048302,35.17020453,0.241666667,241.6666667,354.2098729,2.445610707,0.533333333,533.3333333,986.4821395,0.932119569,3.727102414,2.316368753,32.32137845,24.19114839,496.3967991,7830.433929,20.65611823
0201040XA01_f235,-49.61729418,150.5198031,-8.796827189,-26.24713326,-261.1213989,1379.724609,158.7308136,-9.658819199,-6.809997559,7.899658203,3.687984467,44.03877258,-44.04907227,-0.679468618,-0.479062662,0.555716981,0.059105537,0.705788036,-0.705953104,2.914282772,0.453495941,-2.878231201,0.056308594,11.60027161,5.321118164,5.433398438,235,0.05,0201040XA01,1.967605294,-12.51496062,-44.90659536,4.787010022,54.81406321,-50.02705319,4.787010022,50.02705319,13.74095879,4.787010022,4.787010022,2.914282772,2.944297048,1.967605294,3.476734483,,,50,58.5,17.2,36,B,1,0.010416667,0.894856739,0.174088199,0.860628221,0.172571572,-85.58269091,22.10452543,0.707470477,5.30523212,1.032096272,5.102305523,1.023104823,-507.3840551,131.0485056,4.194297181,24.88166754,3.494411482,23.66487661,4.898101775,-2341.561314,426.4170878,-17.03722475,201,40,17,XA01,Wind_fall,1,X,1,Experienced,2,Failure,FALSE,FALSE,-108.7653934,-5.421774771,,,,2.978005559,0.083333333,83.33333333,255.9917149,2.925212783,4.85027562,2.993310533,26.93656939,23.25905141,496.3967991,7830.433929,20.65611823
0301040MA01_f240,-21.92250912,8.114349045,36.8202271,1.734479666,-403.3752136,1424.281006,43.61385319,-8.884004354,-9.788696289,-2.858276367,59.67943406,-6.490478516,-31.19824219,-0.656879131,-0.72377163,-0.211339619,0.882124532,-0.095936069,-0.46114269,1.332262556,-0.675017939,-1.148302002,0.026015625,12.42307549,10.73012695,16.21757812,240,0.008333333,0301040MA01,2.935168515,22.99100941,-27.46086784,96.20684809,42.2261898,53.98065828,96.20684809,53.98065828,65.75812915,96.20684809,96.20684809,1.332262556,1.466284336,2.935168515,2.318282584,22.99100941,23.77435578,8.333333333,60,15.1,37,C,1,0.469791667,0.482614075,-0.43560342,-0.207670808,-0.00623232,6.8724487,-14.41140059,-1.237246828,3.259135082,-2.941668011,-1.40241914,-0.042087401,46.41024743,-97.32144924,-8.35523609,5.01343169,-2.05668973,4.042388755,-1.196955262,-529.0508889,-310.6658291,28.31503237,301,40,43,MA01,Wind_missed,1,M,1,Experienced,3,Failure,FALSE,FALSE,66.9222653,17.54679519,0.133333333,133.3333333,238.102916,2.922762727,0.325,325,701.3258479,1.466284336,4.857832012,2.546369866,29.37374526,25.56391476,524.3574213,8237.142857,17.23449126
0301040MA02_f238,-38.40190657,3.365102026,39.58957075,-14.75739002,-408.138092,1427.060913,55.25725701,-11.4967947,-7.239501953,-2.751220703,56.63128376,-17.21655273,-26.93835449,-0.829373058,-0.522254074,-0.198471695,0.87081914,-0.264738898,-0.414231024,1.116309985,-0.337178421,-1.053724365,-0.148740234,21.94314423,5.348583984,0.249609375,238,0.025,0301040MA02,1.774289327,26.38139303,-24.47089976,106.9098668,57.80148473,49.10838209,106.9098668,49.10838209,89.16585495,106.9098668,106.9098668,1.116309985,1.224516281,1.774289327,1.66255658,26.38139303,27.60408135,25,60,15.1,37,C,1,0.476041667,0.401683981,-0.382878778,-0.120155153,0.017793286,4.98811202,-15.50921986,0.329458576,2.712607071,-2.585613891,-0.811418262,0.120159618,33.68515695,-104.7351188,2.224862591,1.081768723,-0.493006238,0.885897334,0.02362778,-96.13211999,-35.43274899,0.677582299,301,40,44,MA02,Wind_missed,2,M,1,Experienced,4,Failure,FALSE,FALSE,44.07758621,28.83784473,0.158333333,158.3333333,215.7625001,2.638149191,0.541666667,541.6666667,1045.787644,1.188973729,4.390584843,1.912963762,28.99450439,25.6938248,524.3574213,8237.142857,17.23449126
0301040MA03_f240,-21.68683888,28.2741337,31.82255464,1.974843264,-383.2087708,1419.287109,47.77468578,-7.248938322,-12.18710327,-1.20324707,57.47094989,-7.872528076,-34.92712402,-0.509377808,-0.856379193,-0.084551327,0.848767252,-0.116266462,-0.515825806,1.683508468,-0.529156866,-1.588157959,0.178740234,-3.152880478,15.15673828,21.24667969,240,0.008333333,0301040MA03,1.581927124,22.84201682,-31.05266901,97.79998748,30.74435297,67.05563452,97.79998748,67.05563452,79.37247833,97.79998748,97.79998748,1.683508468,1.786695609,1.581927124,1.624463401,22.84201682,24.0498643,8.333333333,60,15.1,37,C,1,0.4875,0.369143925,-0.331887319,-0.160979611,0.014269191,13.80591522,-29.91421462,-0.529931431,2.492861225,-2.241264104,-1.087109398,0.096361094,93.23255357,-202.013309,-3.578673324,9.299062703,-1.754754959,7.799082984,-1.380122544,-1002.751379,-403.2040641,66.49488584,301,40,45,MA03,Wind_missed,3,M,1,Experienced,5,Failure,FALSE,FALSE,35.26320037,22.23424408,0.091666667,91.66666667,191.9840581,2.599104899,0.366666667,366.6666667,818.9245372,1.786695609,4.797285727,2.787517082,29.26003551,25.80478791,524.3574213,8237.142857,17.23449126
0301040MA04_f239,-1.541773393,59.557822,23.73584342,21.94709015,-352.0210876,1411.219116,64.13190695,-7.483658791,-11.93847656,-0.718017578,51.89446259,-14.33236694,-35.15332031,-0.530438643,-0.846194286,-0.050892789,0.80709538,-0.222906001,-0.546726587,1.786588158,-0.557936096,-1.684790039,0.205151367,-1.746743774,11.1871582,-3.5578125,239,0.016666667,0301040MA04,3.688202786,25.76070864,-33.14273172,105.4392461,32.08162784,73.35761825,105.4392461,73.35761825,87.11640931,105.4392461,105.4392461,1.786588158,1.799256572,3.688202786,3.37234828,25.76070864,26.9986669,16.66666667,60,15.1,37,C,1,0.020833333,0.90872823,-0.152722059,0.822976665,-0.353797086,-105.5331692,-36.36911381,7.864470579,6.136721252,-1.031345427,5.557633429,-2.38922268,-712.674726,-245.603808,53.10945799,24.63524905,-5.272591344,21.92276795,-7.549869453,-2859.801307,-1058.169175,217.2540098,301,40,57,MA04,Wind_missed,4,M,1,Experienced,10,Failure,FALSE,FALSE,8.771771146,18.7792906,0.141666667,141.6666667,296.1343017,2.737660417,0.391666667,391.6666667,865.0073531,1.873962334,4.564860678,2.853470277,30.45362277,25.33132005,524.3574213,8237.142857,17.23449126
0301040MB01_f240,-41.94979971,25.1447878,47.39311733,-18.32832909,-386.218811,1434.99646,68.10399122,-10.21835709,-9.85848999,-0.262573242,50.21301079,-30.35165405,-31.4317627,-0.71954268,-0.694202037,-0.018489533,0.754377391,-0.455989418,-0.472216478,1.333519144,0.172338409,-1.320230713,0.074589844,25.72110901,-5.727832031,-12.09375,240,0.008333333,0301040MB01,1.486319572,21.99918839,-28.1782694,121.1511977,46.02688724,75.12431047,121.1511977,75.12431047,128.5883409,121.1511977,121.1511977,1.333519144,1.333519144,1.486319572,0.941145705,21.99918839,,8.333333333,60,15.1,37,C,1,0.476041667,0.557706702,-0.444341854,-0.330143778,-0.067839278,28.58231939,-40.44899862,-1.33875264,3.766242158,-3.000679421,-2.229489823,-0.45812458,193.0189039,-273.1556271,-9.040713726,3.283946144,-1.860179728,2.449328059,-1.00880783,-266.8026788,-230.8283339,6.873093439,301,40,89,MB01,Wind_missed,1,M,1,Experienced,26,Failure,FALSE,FALSE,-1.467553383,37.62272414,0.175,175,335.2441622,2.937168205,0.308333333,308.3333333,675.0937462,1.333519144,4.656893126,2.219898084,27.24550547,23.76004284,524.3574213,8237.142857,17.23449126
0301040PA01_f237,-24.69057665,50.24783714,28.33648487,-1.087860823,-361.2620544,1415.777832,62.74891304,-8.18861413,-11.36923218,-1.639770508,54.23453593,-26.46224976,-20.64672852,-0.580473002,-0.80594008,-0.116239756,0.850334049,-0.414897105,-0.323716539,1.137784048,-0.608727608,-0.953649902,0.120644531,6.695421982,12.03354492,9.915820312,237,0.033333333,0301040PA01,2.524882749,24.85095772,-18.887835,116.0087889,35.7630697,80.24571923,116.0087889,80.24571923,83.45814922,116.0087889,116.0087889,1.137784048,1.246516256,2.524882749,2.021130335,24.85095772,24.30250522,33.33333333,60,15.1,37,C,1,0.010416667,0.257059708,-0.112198518,0.204839845,-0.107386331,-30.68008672,-15.32457816,2.105344738,1.735946705,-0.757686409,1.383301398,-0.725189291,-207.1853102,-103.4882173,14.21757724,16.55899368,-7.2352987,11.51551365,-8.431954768,-1250.456694,-844.0836735,52.3891532,301,40,49,PA01,Wind_Near-miss,1,P,1,Experienced,6,Pivot,TRUE,FALSE,66.59579792,30.80114131,0.158333333,158.3333333,242.6953784,2.518970744,0.5,500,1010.996064,1.097958471,3.253208628,1.841527448,28.67431989,25.48183183,524.3574213,8237.142857,17.23449126
0301040PA02_f240,-26.67731967,36.67194407,35.50090633,-3.17189765,-374.9126282,1422.919189,57.59188499,-5.424479723,-12.64761353,-2.261474609,56.03432822,-23.23123169,-32.94348145,-0.388952665,-0.90687462,-0.162155012,0.811767051,-0.336549916,-0.477250886,1.207989305,-0.38872076,-1.143731689,-0.003486328,9.547546148,1.241455078,-6.410742187,240,0.008333333,0301040PA02,2.503723221,22.79952255,-28.50600645,112.5183719,23.21418046,89.30419148,112.5183719,89.30419148,93.74698551,112.5183719,112.5183719,1.207989305,1.246465921,2.503723221,2.294228108,22.79952255,22.61879276,8.333333333,60,15.1,37,C,1,0.016666667,0.422349395,-0.335047457,0.226919472,-0.12095357,-35.9292571,-35.35844764,1.7257439,2.85216242,-2.262604794,1.532407053,-0.816810041,-242.6334171,-238.7786909,11.65409956,27.95340985,-4.72954827,16.96020027,1.316171196,-2016.645004,-929.0853567,83.16550986,301,40,53,PA02,Wind_Near-miss,2,P,1,Experienced,8,Pivot,TRUE,FALSE,34.75469306,33.3991323,0.15,150,268.041354,2.60410743,0.408333333,408.3333333,813.1173935,1.246465921,4.837783999,2.080436851,27.72310991,24.05346479,524.3574213,8237.142857,17.23449126
0301040PA03_f240,-44.68186076,2.977449497,57.89876653,-21.21564102,-408.6274719,1445.300293,73.19563547,,,,36.4881649,-42.5680542,-18.33276367,,,,0.618575373,-0.721646322,-0.310791078,0.311444029,-0.172527008,-0.014560547,0.258881836,-7.115844727,43.77875977,16.83457031,240,0.008333333,0301040PA03,3.244749718,26.06614142,-18.10691101,139.3977267,,,139.3977267,,54.22181545,139.3977267,139.3977267,0.311444029,0.311444029,3.244749718,3.244749718,26.06614142,26.34334958,8.333333333,60,15.1,37,C,1,0.289583333,0.258324865,-0.256057923,-0.034141534,0.000656664,-1.117755315,-12.47349419,-0.546504083,1.744490415,-1.729181563,-0.230560765,0.00443451,-7.54829945,-84.2345977,-3.69058989,2.483624834,1.492545833,1.696468973,-0.535372751,-102.6149631,18.8146497,8.723451642,301,40,55,PA03,Wind_Near-miss,3,P,1,Experienced,9,Pivot,TRUE,FALSE,86.12387642,40.68465183,0.358333333,358.3333333,387.4104316,2.484364545,0.533333333,533.3333333,764.9227607,0.311444029,3.244749718,1.595485829,31.61907298,25.56692753,524.3574213,8237.142857,17.23449126
0301040PA04_f236,-61.26056709,38.17600627,37.49902318,-37.69911957,-373.391449,1424.963013,81.34151015,-4.757656097,-12.76068115,-3.425048828,61.71663857,-26.8505249,-20.10498047,-0.338795967,-0.908696892,-0.243900086,0.878613954,-0.382250985,-0.286219678,0.800635931,-0.134300079,-0.771921387,-0.164677734,7.69822998,7.352490234,-5.484375,236,0.041666667,0301040PA04,0.492906898,3.297819518,-16.63176837,113.5119966,20.44732435,93.06467223,113.5119966,93.06467223,103.6423798,113.5119966,113.5119966,0.800635931,0.864723824,0.492906898,0.827544236,,,41.66666667,60,15.1,37,C,1,0.002083333,0.179758099,-0.105589121,0.138529292,0.04442462,-15.18129909,-15.09456947,0.049592983,1.213922171,-0.713052572,0.935500432,0.300003346,-102.5206412,-101.9349485,0.334905752,8.489637005,0.768613308,6.859710914,0.743019553,-679.7247277,-57.74980643,17.91809357,301,40,62,PA04,Wind_Near-miss,4,P,1,Experienced,13,Pivot,TRUE,FALSE,-37.6493671,39.64736012,0.2,200,273.6107991,2.546823658,0.416666667,416.6666667,737.17742,0.806949473,4.260051578,1.627545477,31.0691505,24.91454477,524.3574213,8237.142857,17.23449126
0301040UA01_f209,-203.3554446,-198.5503611,159.0687261,-179.7238922,-610.0362549,1546.55188,325.6970101,1.874359131,12.82989502,-5.696289063,0.203231812,-61.11419678,-19.7611084,0.132349687,0.905927023,-0.402218583,0.003164128,-0.951490501,-0.307661851,0.583724668,0.135344238,0.532653809,-0.196713867,7.839624023,16.17099609,9.346289063,209,0.266666667,0301040UA01,2.643128884,26.48818578,-17.91837916,179.8094668,-171.688282,351.4977488,179.8094668,351.4977488,-14.44734409,179.8094668,179.8094668,0.583724668,0.491940693,2.643128884,2.547511919,26.48818578,25.98420058,266.6666667,60,15.1,37,C,1,0.00625,0.527184935,-0.415114713,-0.313948393,0.083905523,15.52913091,-20.56201005,-2.124766877,3.560125994,-2.803305982,-2.120120968,0.566621341,104.8695799,-138.8570531,-14.34873664,7.129332936,-5.639383931,-4.228207895,1.049563285,209.170066,-277.5407659,-28.39861923,301,40,38,UA01,Wind_Uturn,1,U,1,Experienced,1,U-Turn,TRUE,FALSE,17.67610956,27.75596481,0.725,725,242.383836,3.235910123,0.891666667,891.6666667,693.3858534,0.906204641,4.995180458,2.494172627,32.56340006,25.02300388,524.3574213,8237.142857,17.23449126
0301040WA01_f237,-43.44142368,29.12447596,24.7537353,-19.84015846,-382.3919983,1412.237427,57.86311263,-1.11450386,-13.85424805,-0.432739258,37.80727768,7.824066162,-56.55187988,-0.080147044,-0.996297159,-0.031119473,0.552138707,0.114262916,-0.825885485,2.30140008,-0.069854507,-2.300280762,0.016464844,16.09159241,12.121875,-15.61992187,237,0.033333333,0301040WA01,4.894486346,21.88228304,-55.67836884,78.30791212,4.599250226,73.70866189,78.30791212,73.70866189,76.56849888,78.30791212,78.30791212,2.30140008,2.316844942,4.894486346,4.376052925,21.88228304,21.95849593,33.33333333,60,15.1,37,C,1,-0.009375,1.992033436,-0.269916866,1.725666166,0.957819597,-163.0801616,-41.97405819,-0.779380163,13.4523761,-1.822772212,11.65357462,6.468239551,-1101.294601,-283.4544878,-5.263222437,6.227194858,-1.395451759,3.831794994,4.16094542,-357.9894098,-196.6785106,6.353719348,301,40,40,WA01,Wind_success,1,W,1,Experienced,2,Head-On,TRUE,TRUE,-8.001650107,17.93745448,0.075,75,132.6539442,2.699449935,0.3,300,691.6044886,1.658265028,4.81324627,2.554016963,29.08934528,24.69088417,524.3574213,8237.142857,17.23449126
0301040WA02_f235,-32.8245267,84.31452181,35.55644541,-9.252010345,-327.2413635,1422.982788,97.21444826,-5.98256588,-12.3899231,-2.05090332,55.90142441,-25.68637085,-23.49414063,-0.430069453,-0.890675933,-0.14743354,0.848870624,-0.390050985,-0.356761675,1.201482143,-0.326142082,-1.150111084,-0.120146484,14.74700317,-0.727734375,3.552539063,235,0.05,0301040WA02,1.691178695,18.3853279,-20.90145207,114.6784987,25.77391673,88.90458197,114.6784987,88.90458197,98.84651886,114.6784987,114.6784987,1.201482143,1.238103138,1.691178695,1.560953774,18.3853279,17.89010873,50,60,15.1,37,C,1,0.038541667,0.474541273,-0.230936805,0.406532085,-0.081174351,-49.30930248,-25.94125957,-0.581698231,3.204618739,-1.559536452,2.745346745,-0.548177498,-332.9900343,-175.1835958,-3.928259052,17.99582126,-8.484423448,14.45823693,-3.904240149,-1706.154801,-987.3029949,-11.91895971,301,40,51,WA02,Wind_success,2,W,1,Experienced,7,Head-On,TRUE,TRUE,51.84032669,32.2958455,0.191666667,191.6666667,312.7824109,2.395828614,0.475,475,926.1408102,0.987021357,2.98503123,1.461308589,28.39289238,22.56543195,524.3574213,8237.142857,17.23449126
0301040WA03_f213,26.21045325,127.2054167,51.90768382,49.76514053,-284.3940735,1439.375488,139.8664132,-8.777416229,-10.31887817,-3.543945313,56.522686,-25.23019409,-19.19274902,-0.626827464,-0.736908912,-0.253086124,0.872191149,-0.389322474,-0.296159772,0.755803294,-0.472029419,-0.569655762,-0.154658203,27.04641724,-5.263769531,-7.203515625,213,0.233333333,0301040WA03,0.139893193,,-17.22709543,114.0546887,40.38506346,73.66962527,114.0546887,73.66962527,74.40878848,114.0546887,114.0546887,0.755803294,0.87852161,0.139893193,0.186961905,,,233.3333333,60,15.1,37,C,1,0.008333333,0.239298861,-0.162419399,0.15960696,-0.07354932,-14.07386215,-16.22410904,0.426857758,1.616006151,-1.096832411,1.077839766,-0.496684991,-95.04202262,-109.562828,2.882607791,9.467314995,-6.161745082,5.022702638,-4.594982205,-396.8829963,-547.3956118,1.650423542,301,40,59,WA03,Wind_success,3,W,1,Experienced,11,Head-On,TRUE,TRUE,99.55951538,29.76610062,0.408333333,408.3333333,339.8778583,2.353051829,0.633333333,633.3333333,775.9696362,0.399723145,2.856702608,1.108509943,28.81901021,23.4221851,524.3574213,8237.142857,17.23449126
0301040WA04_f236,-37.80235476,61.47867959,35.01264801,-14.26217461,-350.0884705,1422.483276,80.2155321,-6.896810532,-12.19772339,-2.17175293,47.3566494,-18.56655884,-44.73596191,-0.486382496,-0.860217795,-0.153158131,0.699096757,-0.274086559,-0.660409178,0.67995026,-0.169978981,-0.657052002,0.041499023,22.76088409,8.248535156,-11.79140625,236,0.041666667,0301040WA04,2.236537637,21.17440616,-41.3310865,111.4080658,29.48459283,81.92347293,111.4080658,81.92347293,96.9036702,111.4080658,111.4080658,0.67995026,0.821981863,2.236537637,2.013050488,21.17440616,20.67571851,41.66666667,60,15.1,37,C,1,0.061458333,0.508848421,-0.383786259,0.333387995,-0.022074142,-32.13134186,-40.0714468,-1.935811078,3.436297913,-2.591742188,2.251398304,-0.149068614,-216.9857631,-270.6059866,-13.0727016,21.22107129,-14.92521653,14.02128151,-1.597680761,-1316.199347,-1557.215601,-57.31462197,301,40,60,WA04,Wind_success,4,W,1,Experienced,12,Head-On,TRUE,TRUE,52.86237539,39.60327762,0.266666667,266.6666667,339.5752514,2.590887694,0.5,500,832.402089,0.717873375,3.295745849,1.611213414,28.31102933,23.43965095,524.3574213,8237.142857,17.23449126
,,,,,,,,,,,,,,,,,,,,,,,,,,,,,0301040WA05,,,,,,,,,,,,,,,,,,,60,15.1,37,C,1,0.1,0.234770368,-0.22997001,0.021467925,-0.042071942,-1.336498852,-18.85462571,-2.438359118,1.585424835,-1.553007598,0.144974775,-0.284115508,-9.025493696,-127.3269373,-16.46645249,7.889664032,-6.019495273,3.531135136,-2.790882811,-327.9267129,-567.3234011,23.66758321,301,40,63,WA05,Wind_success,5,W,1,Experienced,14,Head-On,TRUE,TRUE,186.4824457,,,,,2.416902521,0.675,675,900.1318448,0.384464033,,,,,524.3574213,8237.142857,17.23449126
0301040WA06_f229,4.728927955,86.02247827,34.92583834,28.25936699,-325.5384521,1422.395386,92.96259307,-9.146884918,-10.57070923,-1.451538086,49.58316994,-25.37161255,-32.6184082,-0.650842757,-0.752154378,-0.103283583,0.768184949,-0.393078759,-0.505352326,0.936292403,-0.491771622,-0.795585938,0.042978516,17.93866882,-0.623583984,5.911523438,229,0.1,0301040WA06,0.543956384,43.15524238,-30.35474333,117.0987386,40.86979174,76.22894688,117.0987386,76.22894688,85.37748774,117.0987386,117.0987386,0.936292403,1.017826099,0.543956384,0.863189848,,,100,60,15.1,37,C,1,0.486458333,0.261573644,-0.251843612,-0.018012762,0.068345494,3.027119154,-25.2761091,-0.53492564,1.766429706,-1.700721951,-0.121641756,0.461543103,20.44240053,-170.6917765,-3.612399654,61.6555419,-52.78798011,22.328194,-5.437296133,-2567.452355,-5680.528634,470.6915608,301,40,64,WA06,Wind_success,6,W,1,Experienced,15,Head-On,TRUE,TRUE,105.5435616,42.61046208,0.358333333,358.3333333,464.3229976,2.419974102,0.533333333,533.3333333,835.2925161,0.7189925,3.553697728,1.661449239,32.45038253,24.67733695,524.3574213,8237.142857,17.23449126
0301040WB01_f221,1.343222062,135.6788074,51.99530538,24.89051437,-275.9009094,1439.477905,145.3067611,-10.26002121,-9.407745361,-0.764160156,50.12925339,-26.90777588,-29.28063965,-0.735948527,-0.674815012,-0.054813,0.783429662,-0.420519923,-0.457603496,1.084075064,-0.442151184,-0.988348389,-0.053745117,8.951000977,-1.056445313,-3.434765625,221,0.166666667,0301040WB01,1.834349003,26.47635181,-27.23257329,118.2254772,47.48128214,70.74419508,118.2254772,70.74419508,94.1234685,118.2254772,118.2254772,1.084075064,1.107773477,1.834349003,1.873139342,26.47635181,27.18778969,166.6666667,60,15.1,37,C,1,0.089583333,0.355287519,-0.316011731,0.121203439,-0.108053383,-8.156068751,-24.26923541,-2.010635417,2.399287707,-2.134054873,0.81849743,-0.729693948,-55.07864596,-163.8922704,-13.57799691,25.27578823,-22.11925653,9.442626343,-4.266180991,-705.8456308,-1796.24767,-103.4615732,301,40,77,WB01,Wind_success,1,W,1,Experienced,16,Head-On,TRUE,TRUE,75.95490672,46.95159794,0.416666667,416.6666667,500.775192,2.471824632,0.575,575,855.1591939,0.522771928,3.248942405,2.025740943,29.85899698,24.49583698,524.3574213,8237.142857,17.23449126
0301040WB02_f239,-47.10171418,43.21037296,34.10837582,-23.56469345,-368.3145752,1421.649902,72.45059773,-8.203374863,-11.42086792,-0.376831055,52.58730698,-31.33361816,-27.42431641,-0.583174662,-0.811904967,-0.02678877,0.783985081,-0.467129628,-0.408848754,0.879197256,-0.237973251,-0.811966553,-0.238886719,16.53516541,12.69536133,-1.6171875,239,0.016666667,0301040WB02,1.846762468,,-24.1325358,120.7881749,35.68891095,85.09926395,120.7881749,85.09926395,104.4532331,120.7881749,120.7881749,0.879197256,1.010873883,1.846762468,2.398915867,,,16.66666667,60,15.1,37,C,1,0.016666667,0.427132548,-0.274207069,0.317674902,0.079594932,-40.97635635,-37.38107187,0.787634136,2.884463471,-1.851744331,2.145286412,0.53751154,-276.71692,-252.4376493,5.318962244,27.43321347,-18.47388685,18.773453,-1.773574213,-2095.567882,-2233.74818,21.07429151,301,40,78,WB02,Wind_success,2,W,1,Experienced,17,Head-On,TRUE,TRUE,40.03549833,38.81793473,0.208333333,208.3333333,326.3043326,2.294351419,0.541666667,541.6666667,1007.163894,0.879197256,3.325359018,1.898159452,31.69883315,23.5067176,524.3574213,8237.142857,17.23449126
0301040WB03_f232,-0.364112194,86.52122808,40.61310058,23.24379539,-325.0663452,1428.109985,95.57970195,-7.598029137,-11.48977661,-0.823242188,46.32491493,-30.0223999,-33.15478516,-0.550606772,-0.832630238,-0.059657934,0.719398454,-0.466230065,-0.51487415,1.002077889,-0.38135788,-0.925008545,0.055546875,18.47732849,-13.09526367,-1.348242187,232,0.075,0301040WB03,1.368960134,26.55927294,-30.98904337,122.9465953,33.47610848,89.47048682,122.9465953,89.47048682,100.5414666,122.9465953,122.9465953,1.002077889,1.002077889,1.368960134,1.320156164,26.55927294,26.55927294,75,60,15.1,37,C,1,0.6875,0.292887522,-0.284203461,0.031005838,-0.063640643,-3.011588468,-26.06617607,1.807625632,1.977895065,-1.91925084,0.209385136,-0.429770833,-20.33752045,-176.0271679,12.20705407,38.1523673,-32.36630547,15.70819307,-1.743615675,-2101.708908,-4231.657207,-14.51439139,301,40,79,WB03,Wind_success,3,W,1,Experienced,18,Head-On,TRUE,TRUE,81.34373643,42.26185884,0.308333333,308.3333333,423.0371827,2.926851678,0.508333333,508.3333333,903.5573362,0.735265359,4.396687033,1.890698602,27.9404625,23.30731626,524.3574213,8237.142857,17.23449126
0301040WB04_f238,-29.4189479,83.15895591,14.02586261,-5.87107563,-328.3842773,1401.588867,89.31747458,-4.659964561,-13.01882935,2.549682617,55.27454853,-28.24136353,-15.82128906,-0.331415346,-0.925895416,0.181332698,0.862910576,-0.44088594,-0.246991753,1.43674033,-0.268062687,-1.392165527,-0.232895508,23.17006109,6.484570312,-20.60859375,238,0.025,0301040WB04,2.512283375,21.32824486,-14.29957077,117.0638015,19.6943388,97.36946266,117.0638015,97.36946266,106.1648387,117.0638015,117.0638015,1.43674033,1.51917781,2.512283375,2.422774826,21.32824486,20.41041219,25,60,15.1,37,C,1,0.047916667,0.732143014,-0.172009651,0.692992863,-0.161885651,-76.60900289,-32.52725255,0.074730396,4.944225837,-1.161596224,4.679841445,-1.093227968,-517.3473001,-219.6593827,0.5046609,26.85868604,-7.521986631,23.36728748,-5.433556261,-2696.371324,-1106.251265,-1.675081784,301,40,80,WB04,Wind_success,4,W,1,Experienced,19,Head-On,TRUE,TRUE,20.56142953,37.31928807,0.175,175,354.5923247,2.698397207,0.325,325,694.2735286,1.43674033,4.625891442,2.549332777,29.55784363,24.46500823,524.3574213,8237.142857,17.23449126
0301040WB05_f226,24.08437519,85.12973272,36.74985797,47.61496353,-326.4284668,1424.28418,95.80021181,-9.77664566,-9.915039063,0.300292969,49.95230484,-32.50109863,-23.09069824,-0.70195667,-0.711893225,0.021560836,0.781580318,-0.508529468,-0.36128934,0.660626168,-0.318729858,-0.576386719,0.051152344,28.1499939,-3.517382813,2.302734375,226,0.125,0301040WB05,2.291847164,24.48458799,-21.17939996,123.0497437,44.59733119,78.45241247,123.0497437,78.45241247,94.10806316,123.0497437,123.0497437,0.660626168,0.778760764,2.291847164,2.176908645,24.48458799,23.0762409,125,60,15.1,37,C,1,0.580208333,0.32916223,-0.303911436,-0.02191568,0.124520342,-0.806089934,-29.74838393,-0.356868512,2.22286134,-2.05234052,-0.147998506,0.840896764,-5.443595857,-200.8934397,-2.40996429,6.747808711,-6.331045358,1.682403519,-0.664546429,-493.0679511,-492.3347009,-17.81423868,301,40,81,WB05,Wind_success,5,W,1,Experienced,20,Head-On,TRUE,TRUE,89.29901479,46.65808666,0.316666667,316.6666667,351.7724691,2.670373686,0.525,525,826.1492019,0.50681326,3.108972419,1.957522296,27.54392981,22.92570307,524.3574213,8237.142857,17.23449126
0301040WB06_f221,-12.32790069,83.31609388,30.3469706,11.17844009,-328.2072449,1417.897827,89.52366871,-8.508872747,-11.41784668,-0.451660156,46.66907501,-28.39996338,-35.83532715,-0.597246782,-0.801430741,-0.031702504,0.714298588,-0.434678719,-0.548481485,0.793468276,-0.275827904,-0.741690674,0.058359375,18.67038574,-8.168115234,4.89375,221,0.166666667,0301040WB06,1.40428668,24.26421717,-33.26289874,121.3221534,36.69442572,84.62772765,121.3221534,84.62772765,100.922451,121.3221534,121.3221534,0.793468276,0.800122134,1.40428668,1.234826529,24.26421717,23.6302216,166.6666667,60,15.1,37,C,1,0.565625,0.244087715,-0.213296231,0.015833382,0.11761307,0.610558651,-22.37519626,0.279711764,1.648345698,-1.440408115,0.106924213,0.794251354,4.123155996,-151.1016582,1.888918019,8.261171709,-7.04089884,3.931226577,-0.757419136,-399.6083081,-707.585834,-34.56745647,301,40,82,WB06,Wind_success,6,W,1,Experienced,21,Head-On,TRUE,TRUE,50.2476906,48.94608095,0.391666667,391.6666667,373.8691218,2.581762458,0.6,600,831.0420567,0.486645998,2.380520321,1.393166185,30.12548545,22.84537848,524.3574213,8237.142857,17.23449126
0301040WB07_f228,-8.447769543,114.0807013,40.37207158,15.06432533,-297.4286804,1427.908325,121.3081835,-7.72164917,-11.42834473,0.583984375,49.10056114,-28.24905396,-33.71374512,-0.559346027,-0.827854138,0.042303054,0.744846943,-0.428533218,-0.51143163,0.956108435,-0.401966629,-0.854633789,0.148886719,16.13746033,3.139892578,-1.803515625,228,0.108333333,0301040WB07,2.218971471,24.01928386,-30.759237,119.913134,34.04523044,85.86790359,119.913134,85.86790359,94.723756,119.913134,119.913134,0.956108435,1.04424617,2.218971471,2.114305574,24.01928386,24.25012031,108.3333333,60,15.1,37,C,1,0.025,0.316050611,-0.130236791,0.269306746,-0.101981586,-30.82869155,-14.60357003,0.732980372,2.134317433,-0.879500443,1.81865202,-0.688690573,-208.1888516,-98.61918628,4.949880591,13.20151739,-6.457986612,10.37515392,-3.771240702,-1140.170807,-754.3059976,31.22682792,301,40,84,WB07,Wind_success,7,W,1,Experienced,22,Head-On,TRUE,TRUE,47.66827028,47.71033665,0.333333333,333.3333333,464.6790992,2.692744281,0.516666667,516.6666667,894.3274322,0.78960383,2.989254877,1.516907865,31.3471509,25.99699717,524.3574213,8237.142857,17.23449126
0301040WB08_f226,-8.447152706,114.0808953,40.37201996,15.06432533,-297.4286804,1427.908325,121.3083058,-7.72164917,-11.42834473,0.583984375,49.10056114,-28.24905396,-33.71374512,-0.559346027,-0.827854138,0.042303054,0.744846943,-0.428533218,-0.51143163,0.956108435,-0.401966629,-0.854633789,0.148886719,16.13746033,3.139892578,-1.803515625,226,0.125,0301040WB08,2.222648745,23.99812391,-30.759237,119.913134,34.04523044,85.86790359,119.913134,85.86790359,94.723756,119.913134,119.913134,0.956108435,1.04424617,2.222648745,2.116434205,23.99812391,24.24486571,125,60,15.1,37,C,1,0.008333333,0.315952097,-0.130182696,0.269228108,-0.101953024,-30.82724797,-14.60647329,0.732049535,2.133652156,-0.879135137,1.81812097,-0.688497692,-208.179103,-98.63879221,4.943594569,9.87511053,-5.162377951,7.53944676,-2.619838493,-816.5925911,-577.3474035,20.90221734,301,40,85,WB08,Wind_success,8,W,1,Experienced,23,Head-On,TRUE,TRUE,45.71419662,48.39613819,0.35,350,464.6794155,2.692744281,0.533333333,533.3333333,894.3276778,0.866367951,2.989645869,1.483429489,31.35308643,25.92154414,524.3574213,8237.142857,17.23449126
0301040WB09_f226,-8.447152706,114.0808953,40.37201996,15.06432533,-297.4286804,1427.908325,121.3083058,-7.72164917,-11.42834473,0.583984375,49.10056114,-28.24905396,-33.71374512,-0.559346027,-0.827854138,0.042303054,0.744846943,-0.428533218,-0.51143163,0.956108435,-0.401966629,-0.854633789,0.148886719,16.13746033,3.139892578,-1.803515625,226,0.125,0301040WB09,2.222648745,23.99812391,-30.759237,119.913134,34.04523044,85.86790359,119.913134,85.86790359,94.723756,119.913134,119.913134,0.956108435,1.04424617,2.222648745,2.116434205,23.99812391,24.24486571,125,60,15.1,37,C,1,0.008333333,0.315952097,-0.130182696,0.269228108,-0.101953024,-30.82724797,-14.60647329,0.732049535,2.133652156,-0.879135137,1.81812097,-0.688497692,-208.179103,-98.63879221,4.943594569,9.87511053,-5.162377951,7.53944676,-2.619838493,-816.5925911,-577.3474035,20.90221734,301,40,86,WB09,Wind_success,9,W,1,Experienced,24,Head-On,TRUE,TRUE,45.71419662,48.39613819,0.35,350,464.6794155,2.692744281,0.533333333,533.3333333,894.3276778,0.866367951,2.989645869,1.483429489,31.35308643,25.92154414,524.3574213,8237.142857,17.23449126
0301040WB10_f226,-8.447152706,114.0808953,40.37201996,15.06432533,-297.4286804,1427.908325,121.3083058,-7.72164917,-11.42834473,0.583984375,49.10056114,-28.24905396,-33.71374512,-0.559346027,-0.827854138,0.042303054,0.744846943,-0.428533218,-0.51143163,0.956108435,-0.401966629,-0.854633789,0.148886719,16.13746033,3.139892578,-1.803515625,226,0.125,0301040WB10,2.222648745,23.99812391,-30.759237,119.913134,34.04523044,85.86790359,119.913134,85.86790359,94.723756,119.913134,119.913134,0.956108435,1.04424617,2.222648745,2.116434205,23.99812391,24.24486571,125,60,15.1,37,C,1,0.008333333,0.315952097,-0.130182696,0.269228108,-0.101953024,-30.82724797,-14.60647329,0.732049535,2.133652156,-0.879135137,1.81812097,-0.688497692,-208.179103,-98.63879221,4.943594569,9.87511053,-5.162377951,7.53944676,-2.619838493,-816.5925911,-577.3474035,20.90221734,301,40,87,WB10,Wind_success,10,W,1,Experienced,25,Head-On,TRUE,TRUE,45.71419662,48.39613819,0.35,350,464.6794155,2.692744281,0.533333333,533.3333333,894.3276778,0.866367951,2.989645869,1.483429489,31.35308643,25.92154414,524.3574213,8237.142857,17.23449126
0301040WB11_f237,-13.55443196,40.64074932,18.97953104,10.20225811,-370.570343,1406.709595,46.85739781,-10.88314611,-8.714111328,1.165527344,48.53370762,-34.79388428,-18.63146973,-0.777889537,-0.622854454,0.083307852,0.775842809,-0.556202817,-0.297836133,0.953232442,-0.444357491,-0.838754883,0.087685547,5.482658386,9.869677734,6.256054687,237,0.033333333,0301040WB11,0.953645834,20.66730415,-17.32768252,125.6367929,51.3158208,74.32097207,125.6367929,74.32097207,97.72294197,125.6367929,125.6367929,0.953232442,1.043865107,0.953645834,0.703806249,20.66730415,,33.33333333,60,15.1,37,C,1,-0.007291667,0.783799275,-0.222732063,0.641856585,-0.390834819,-88.53617739,-30.29751192,6.058669491,5.293065087,-1.504129113,4.334513681,-2.639341732,-597.8925531,-204.6017492,40.91472523,4.354603696,-0.978124904,3.349184414,-2.566217546,-403.8162013,-124.3145588,19.41453214,301,40,91,WB11,Wind_success,11,W,1,Experienced,27,Head-On,TRUE,TRUE,34.30846958,40.20050754,0.25,250,396.5742748,2.775771299,0.433333333,433.3333333,837.7062089,0.754806294,3.587261209,1.955347196,26.14010123,23.81232326,524.3574213,8237.142857,17.23449126
0302040MA01_f239,0.003225143,55.9917109,10.06653879,23.56308365,-355.0519104,1397.413696,56.88942699,-1.417507172,-13.91531372,0.874511719,46.11655045,-5.597259521,-43.63232422,-0.101144765,-0.992912882,0.062399883,0.723594284,-0.08782411,-0.684615395,2.143627735,-0.270830383,-1.991260986,0.746103516,-2.575469971,3.045849609,1.654101562,239,0.016666667,0302040MA01,1.942917312,20.56286183,-43.20536762,96.9202566,5.81646887,91.10378773,96.9202566,91.10378773,89.17501241,96.9202566,96.9202566,2.143627735,2.143627735,1.942917312,1.615584588,20.56286183,21.29555561,16.66666667,58,14.9,38,C,1,0.021875,0.760296984,-0.072321436,0.677103887,-0.338158897,-94.90389445,-10.50016664,2.423482429,5.203269538,-0.494948597,4.633918199,-2.314269193,-649.4969117,-71.86033669,16.58566661,44.74578967,9.436337974,32.78751196,-9.537427789,-3804.451722,-253.4699265,163.0696317,302,40,44,MA01,Wind_missed,1,M,1,Experienced,1,Failure,FALSE,FALSE,57.0539276,17.88687877,0.1,100,230.4075126,2.484760622,0.3,300,669.6685246,2.159936419,2.38984427,1.143401217,26.14248372,23.16821958,553.0840879,7697.152381,18.06008841
0302040MA02_f238,19.32702008,29.03206431,20.02204692,43.01825714,-382.0202942,1407.409424,40.21538047,-8.769432068,-11.05264282,-1.006835938,42.23384857,-16.09515381,-47.02722168,-0.619972271,-0.781388351,-0.071180249,0.647509306,-0.246763253,-0.720999026,1.333317458,-0.633331146,-1.170490723,0.081108398,-0.876983643,6.873046875,-12.44707031,238,0.025,0302040MA02,0.355588435,54.01534922,-46.13702357,110.8616472,38.42932802,72.4323192,110.8616472,72.4323192,82.44463671,110.8616472,110.8616472,1.333317458,1.363087457,0.355588435,,,,25,58,14.9,38,C,1,0.715625,0.346406938,-0.260896572,-0.131005705,-0.186462466,0.150502161,-4.720730404,0.044086062,2.370716585,-1.78550647,-0.89656806,-1.276099325,1.029996599,-32.30741832,0.301713237,6.323130414,-0.021062378,4.876001013,-3.789699304,-667.5518345,22.18351321,-7.863793111,302,40,45,MA02,Wind_missed,2,M,1,Experienced,2,Failure,FALSE,FALSE,159.9756866,23.25713858,0.2,200,297.5801472,2.504069666,0.508333333,508.3333333,928.6189628,1.377180882,1.745315245,0.863424957,28.12422543,21.45675361,553.0840879,7697.152381,18.06008841
0302040MA03_f236,-7.105475583,81.17657257,18.948094,16.57633209,-330.0218506,1406.369019,83.66094659,-3.391074181,-13.74502563,-1.811401367,48.56239319,-10.67562866,-43.33312988,-0.237593783,-0.963037804,-0.126914859,0.736298124,-0.161862809,-0.65701256,1.414928846,-0.188031693,-1.368837891,0.30487793,-1.863583374,5.227294922,14.0203125,236,0.041666667,0302040MA03,1.399228561,22.80235047,-41.07242962,102.3983051,13.85884477,88.53946037,102.3983051,88.53946037,94.57676777,102.3983051,102.3983051,1.414928846,1.435265379,1.399228561,1.399228561,22.80235047,22.35293179,41.66666667,58,14.9,38,C,1,0.021875,1.228716914,-0.363491887,1.127273253,-0.326915762,-152.4634343,-56.78562646,5.97107197,8.409010459,-2.487641413,7.714757132,-2.237324181,-1043.419032,-388.6256642,40.86442212,31.94641699,-9.446236598,28.97672101,-8.04511737,-3866.271916,-1519.36458,149.579469,302,40,46,MA03,Wind_missed,3,M,1,Experienced,3,Failure,FALSE,FALSE,46.79568663,24.90091367,0.141666667,141.6666667,245.3925586,2.550433175,0.408333333,408.3333333,834.6554028,1.48804912,1.68891831,0.99873473,31.34603809,23.321656,553.0840879,7697.152381,18.06008841
0302040PB01_f239,0.878150976,49.02356391,36.03553879,24.50258064,-362.4884033,1423.401611,60.84933051,-4.284091949,-13.0836792,-3.317138672,39.76183128,-10.32147217,-53.96105957,-0.302523283,-0.923910511,-0.234241396,0.586298793,-0.152192856,-0.795670196,1.034262632,-0.197495499,-1.015206299,-0.007133789,-3.433639526,6.470068359,-26.76796875,239,0.016666667,0302040PB01,0.917281058,27.89037779,-52.71860321,104.551803,18.13040602,86.42139699,104.551803,86.42139699,93.54313549,104.551803,104.551803,1.034262632,1.103708795,0.917281058,1.066493019,27.89037779,26.10604604,16.66666667,58,14.9,38,C,1,0.030208333,0.837331983,-0.38881824,0.538292011,-0.510085225,-73.31936513,-53.28454741,3.209892779,5.730476501,-2.66096821,3.683926783,-3.490887075,-501.7781567,-364.6652141,21.96764905,23.28694525,-9.411141772,16.07962129,-13.03936701,-2187.942872,-1306.817795,114.1902827,302,40,72,PB01,Wind_Near-miss,1,P,1,Experienced,16,Pivot,TRUE,FALSE,84.51282723,30.76972787,0.258333333,258.3333333,365.309439,2.664672132,0.491666667,491.6666667,877.7808417,1.103708795,1.615541711,0.995812756,28.44236781,23.46821079,553.0840879,7697.152381,18.06008841
0302040UA01_f240,-69.95912602,5.377415848,20.60599696,-45.90937042,-405.9376221,1408.164185,73.12867444,-8.198482513,10.85913086,-3.462402344,18.52798271,-47.41824341,-38.22912598,-0.583933845,0.773437526,-0.246608309,0.291022702,-0.744807761,-0.600472469,0.545711044,-0.166031799,0.508319092,-0.108837891,12.5934082,-10.12851562,8.005078125,240,0.008333333,0302040UA01,0.764668359,25.10872012,-36.90374327,158.6576566,142.9477375,15.70991915,158.6576566,15.70991915,-3.253799719,158.6576566,158.6576566,0.545711044,0.674956431,0.764668359,,25.10872012,,8.333333333,58,14.9,38,C,1,0.00625,0.512648118,-0.37022741,-0.342987203,-0.089997429,22.64857604,-25.61012324,0.771411969,3.508426832,-2.533737531,-2.34731283,-0.615918369,155.0008066,-175.2688448,5.279337531,6.936622816,-5.009925834,-4.638043279,-1.22402285,304.8543546,-345.0600272,10.48486387,302,40,53,UA01,Wind_Uturn,1,U,1,Experienced,10,U-Turn,TRUE,FALSE,104.821453,12.45258759,0.466666667,466.6666667,121.4514262,2.614114413,0.933333333,933.3333333,963.2453317,0.674956431,3.414378468,1.335824088,30.56518305,24.94061355,553.0840879,7697.152381,18.06008841
0302040WA01_f238,-24.6691473,72.67779709,25.66552012,-0.920912743,-338.6247559,1413.165649,80.92804175,-3.011752844,-13.70092773,-1.612670898,37.05028057,-6.710998535,-57.94921875,-0.21329032,-0.970290529,-0.114208273,0.53612385,-0.097109288,-0.838535034,1.297032157,-0.03028209,-1.257905273,0.31472168,1.996026993,8.825537109,-4.19765625,238,0.025,0302040WA01,0.555203588,16.91236747,-56.98574462,100.2667953,12.39764051,87.86915479,100.2667953,87.86915479,98.88775594,100.2667953,100.2667953,1.297032157,1.377408997,0.555203588,0.555203588,16.91236747,,25,58,14.9,38,C,1,0.029166667,0.715199981,-0.203843594,0.649210954,-0.220190688,-77.31470615,-26.63161783,0.769334685,4.89463769,-1.395051124,4.443026411,-1.506926274,-529.1212038,-182.259681,5.265121149,44.15928484,-23.28197345,25.98969284,-3.66898414,-3198.013849,-2909.157998,101.6362313,302,40,47,WA01,Wind_success,1,W,1,Experienced,4,Head-On,TRUE,TRUE,31.92709281,26.33644596,0.158333333,158.3333333,282.4111313,2.398358593,0.391666667,391.6666667,763.119565,1.297032157,2.133972618,1.109164924,30.23128358,22.87249276,553.0840879,7697.152381,18.06008841
0302040WA02_f228,26.29298164,102.2088534,16.38869578,50.10468674,-309.1127319,1403.879395,106.8014979,-6.247356415,-12.49133301,-2.456665039,44.19299698,-7.372039795,-52.06872559,-0.44054709,-0.880855844,-0.173237536,0.643354804,-0.107321013,-0.758008441,1.142240942,-0.594281158,-0.933475342,0.283139648,14.70910034,17.64360352,-9.1546875,228,0.108333333,0302040WA02,1.169005578,21.21905007,-49.28893961,99.47057227,26.57125193,72.89932034,99.47057227,72.89932034,66.9883985,99.47057227,99.47057227,1.142240942,1.33355123,1.169005578,1.069009656,21.21905007,22.44714023,108.3333333,58,14.9,38,C,1,0.023958333,0.353915208,-0.240479812,0.235597513,-0.109175301,-26.64021095,-31.79060973,-0.982573564,2.422101177,-1.645779618,1.612366465,-0.747166608,-182.3184901,-217.566444,-6.724471099,14.03272398,-9.966806962,7.929353012,-4.626629606,-918.6401226,-1294.353245,-38.19729169,302,40,48,WA02,Wind_success,2,W,1,Experienced,5,Head-On,TRUE,TRUE,150.6092798,28.7090727,0.3,300,378.205997,2.525834774,0.55,550,894.0535694,0.823545107,1.299707506,0.792936181,28.24225622,22.82456673,553.0840879,7697.152381,18.06008841
0302040WA03_f232,8.629433608,104.4382966,35.66576019,32.26581955,-306.9651489,1423.012207,110.6972058,-3.783098221,-12.90661621,-4.16394043,51.07860184,-21.95294189,-31.68151855,-0.268696407,-0.916698749,-0.295745912,0.798232386,-0.343070259,-0.495103884,1.377827624,-0.429285736,-1.30921875,-0.008305664,-5.422027588,1.731884766,29.1796875,232,0.075,0302040WA03,2.041490328,15.81119877,-29.67660077,113.257426,16.33655187,96.92087417,113.257426,96.92087417,95.10338901,113.257426,113.257426,1.377827624,1.377827624,2.041490328,2.055647201,15.81119877,16.0076435,75,58,14.9,38,C,1,0.019791667,0.888531829,-0.253013252,0.851658268,0.012300442,-108.4820773,-42.35067056,1.911086825,6.080874579,-1.731555135,5.82852177,0.084180939,-742.4223697,-289.8366806,13.07896792,23.4587066,-8.248284262,21.07062361,-1.734426716,-2721.706242,-1335.221723,57.70417258,302,40,49,WA03,Wind_success,3,W,1,Experienced,6,Head-On,TRUE,TRUE,83.79487458,30.83917774,0.225,225,356.2021442,2.414047556,0.425,425,773.8845668,1.052952444,2.612815882,1.276261805,23.72645247,18.8337813,553.0840879,7697.152381,18.06008841
0302040WA04_f234,-34.77039929,100.0194567,-28.07705959,-11.03608704,-311.4403381,1359.369385,109.5499597,0.507468224,-13.47994995,4.552001953,42.24416733,-17.34133911,-51.17883301,0.035644751,-0.946836551,0.319734261,0.615895503,-0.252826685,-0.746157756,1.505878013,0.134846191,-1.307296143,0.735161133,-6.283506775,-3.915087891,2.04609375,234,0.058333333,0302040WA04,0.723962165,16.66642933,-48.25863801,112.3182759,-2.155947426,114.4742233,112.3182759,114.4742233,118.2074465,112.3182759,112.3182759,1.505878013,1.505878013,0.723962165,0.670615706,16.66642933,16.66642933,58.33333333,58,14.9,38,C,1,0.025,1.126928055,0.191328491,1.104403174,-0.116849818,-137.0056597,17.1290428,0.77727153,7.712394688,1.309401104,7.558240414,-0.799688953,-937.630151,117.226595,5.319438797,28.56713222,4.166372333,26.34112031,-2.544077248,-3254.634323,340.7189183,16.71064251,302,40,50,WA04,Wind_success,4,W,1,Experienced,7,Head-On,TRUE,TRUE,-20.46636077,29.11797792,0.175,175,313.6973983,2.563964223,0.425,425,871.9494145,1.516288564,2.02552617,0.958713948,26.83662225,21.25288338,553.0840879,7697.152381,18.06008841
0302040WA05_f232,-35.52681677,137.6936124,-29.06989895,-11.79717827,-273.7962646,1358.405884,145.1438756,-0.156834602,-13.95941162,2.412841797,51.65703392,-12.75585938,-42.26135254,-0.011070205,-0.98532818,0.170310976,0.760222853,-0.187724596,-0.621949105,1.879466447,-0.002236176,-1.813300781,0.494296875,-8.021955872,7.151000977,17.240625,232,0.075,0302040WA05,0.477262156,21.07410459,-38.45860857,103.8707697,0.643693515,103.2270762,103.8707697,103.2270762,103.8001122,103.8707697,103.8707697,1.879466447,1.906525358,0.477262156,0.315818481,21.07410459,,75,58,14.9,38,C,1,0.015625,2.051550868,0.571903158,1.777915683,-0.849001512,-149.8286729,30.24692284,1.759135382,14.04026632,3.913952501,12.16758018,-5.810339644,-1025.387429,207.0018632,12.03905282,46.04506123,12.3431608,40.21661529,-18.27078265,-3373.864847,644.57099,40.56338141,302,40,51,WA05,Wind_success,5,W,1,Experienced,8,Head-On,TRUE,TRUE,-17.50861903,32.74758191,0.191666667,191.6666667,392.5230252,2.556538955,0.375,375,833.5380388,1.799392655,2.11137841,1.016063886,28.99739437,25.03906407,553.0840879,7697.152381,18.06008841
0302040WA06_f234,14.74620701,77.15910527,4.704778354,38.42769623,-334.4119568,1392.029541,78.69633465,-6.45249176,-12.59368896,0.391967773,45.67991638,-19.00686646,-44.34472656,-0.455816671,-0.889642884,0.027689372,0.687528823,-0.286072514,-0.667432869,1.0580016,-0.329062042,-0.858431396,0.523623047,5.510852051,12.79160156,6.660351563,234,0.058333333,0302040WA06,1.049432411,24.33489774,-41.86924026,112.5916101,27.12874783,85.46286227,112.5916101,85.46286227,91.61831026,112.5916101,112.5916101,1.0580016,1.136235006,1.049432411,1.286990382,24.33489774,22.15435433,58.33333333,58,14.9,38,C,1,0.033333333,0.256633379,-0.063769726,0.230393638,-0.093342837,-30.15176341,-9.538593137,0.336467965,1.75633032,-0.436422979,1.576752534,-0.638813448,-206.3506174,-65.27958437,2.302696903,12.00821749,-4.428806365,9.423382826,-4.646428363,-1289.681176,-636.092806,4.311806108,302,40,52,WA06,Wind_success,6,W,1,Experienced,9,Head-On,TRUE,TRUE,104.603348,32.43134511,0.316666667,316.6666667,452.7531085,2.33519305,0.525,525,879.0310029,0.806194353,1.588689447,1.075156326,29.57404241,21.78854434,553.0840879,7697.152381,18.06008841
0302040WB01_f236,-70.2358984,92.58335759,-11.05923035,-46.43583679,-318.8713379,1376.330811,116.7350252,1.070583344,-13.71691895,3.056518555,40.20064497,-12.42758179,-54.92663574,0.075959937,-0.973241643,0.216865839,0.581005039,-0.179611239,-0.793834332,1.35941652,0.215888214,-1.180839844,0.637983398,13.70258789,-3.098144531,-7.653515625,236,0.041666667,0302040WB01,1.349105703,,-52.54529364,107.1784117,-4.462795836,111.6412075,107.1784117,111.6412075,117.5391436,107.1784117,107.1784117,1.35941652,1.35941652,1.349105703,1.612929665,,,41.66666667,58,14.9,38,C,1,0.055208333,0.451736217,-0.187895102,0.410581797,0.013550959,-40.70333611,-18.91784966,-2.635339144,3.091562045,-1.285903905,2.809912183,0.092739145,-278.5627634,-129.4687115,-18.0355574,24.84876491,-5.891579206,22.31121986,0.727994524,-2095.172657,-682.3599265,-79.94678558,302,40,64,WB01,Wind_success,1,W,1,Experienced,11,Head-On,TRUE,TRUE,-61.19859394,30.9642032,0.216666667,216.6666667,399.0601141,2.365417538,0.466666667,466.6666667,941.9597035,1.195824975,2.526488082,1.312504441,32.9412207,23.07870125,553.0840879,7697.152381,18.06008841
0302040WB02_f235,-20.86381246,94.21222215,11.60331467,2.944676161,-317.2782898,1399.04895,97.18990886,-1.09428668,-13.92358398,0.319702148,43.11945653,-14.83361816,-51.12353516,-0.078330191,-0.996664776,0.022884616,0.629434866,-0.216533259,-0.746274144,1.27867604,0.023639832,-1.239169922,0.314501953,-3.187216187,9.140625,4.920117187,235,0.05,0302040WB02,0.491568821,17.63060078,-48.26865524,108.983841,4.493770765,104.4900702,108.983841,104.4900702,110.0767486,108.983841,108.983841,1.27867604,1.344413204,0.491568821,0.530421456,17.63060078,17.63060078,50,58,14.9,38,C,1,0.0375,0.73116593,-0.291676808,0.663696857,-0.095051245,-91.69226676,-31.96962894,0.337343342,5.003904385,-1.99615819,4.542164064,-0.65050534,-627.5173894,-218.7916037,2.30868775,25.59140508,-10.11093575,22.73427399,-2.614377822,-2996.06108,-1134.035277,23.34374344,302,40,65,WB02,Wind_success,2,W,1,Experienced,12,Head-On,TRUE,TRUE,-8.486136842,30.28772532,0.216666667,216.6666667,369.3689643,2.570766838,0.391666667,391.6666667,776.3192001,1.209890016,1.976880083,1.111900794,30.29297027,22.06733935,553.0840879,7697.152381,18.06008841
0302040WB03_f232,-9.008166627,108.9529879,13.41661799,14.72490692,-302.5984497,1400.863647,110.144933,-3.208573341,-13.82550049,-1.329833984,50.75495148,-14.11724854,-42.54626465,-0.225082492,-0.969863478,-0.093288298,0.749519384,-0.208475254,-0.628298306,1.18546282,-0.286522064,-1.084072266,0.384726563,7.239962769,2.578271484,-1.100390625,232,0.075,0302040WB03,0.520704827,19.09808859,-38.92468596,105.5436554,13.06570861,92.47794679,105.5436554,92.47794679,90.73882301,105.5436554,105.5436554,1.18546282,1.223354641,0.520704827,0.394662426,19.09808859,15.83332931,75,58,14.9,38,C,1,0.030208333,0.819264994,-0.289820207,0.746163524,-0.174468835,-90.23331075,-39.90909479,0.256146875,5.606830854,-1.983452108,5.106543909,-1.194018119,-617.5326841,-273.1271879,1.753000818,24.10007136,-8.494094397,21.08503699,-4.657309443,-2516.177558,-1198.415504,15.4256832,302,40,69,WB03,Wind_success,3,W,1,Experienced,13,Head-On,TRUE,TRUE,50.3441791,28.29212015,0.225,225,322.6630736,2.459822509,0.483333333,483.3333333,850.2382992,1.033335662,2.604964247,0.956922701,26.75672053,21.15022944,553.0840879,7697.152381,18.06008841
0302040WB04_f210,29.5694112,220.0296652,-8.999316871,53.33355713,-191.4916534,1378.503296,222.1899893,-3.706920624,-13.57728577,0.65637207,54.50758362,-29.01347351,-22.61767578,-0.26309759,-0.963643824,0.046585813,0.828882781,-0.441200417,-0.343941169,1.039439354,-0.159619446,-0.988430786,0.279213867,-8.200689697,5.49140625,10.18125,210,0.258333333,0302040WB04,0.339961346,36.68666303,-20.11717416,118.0256248,15.27092505,102.7546997,118.0256248,102.7546997,108.8522541,118.0256248,118.0256248,1.039439354,1.039439354,0.339961346,0.359926119,,,258.3333333,58,14.9,38,C,1,0.05,0.405592939,-0.224861205,0.334365858,-0.046287618,-44.60754996,-30.19669777,-1.108923974,2.775769769,-1.538890041,2.288310648,-0.316780094,-305.2821605,-206.6581362,-7.589179568,19.00024286,-11.19248318,14.97802348,-0.654899669,-1953.944764,-1573.622158,-51.15641979,302,40,70,WB04,Wind_success,4,W,1,Experienced,14,Head-On,TRUE,TRUE,2.691576419,38.60770981,0.416666667,416.6666667,441.7769415,2.297790988,0.716666667,716.6666667,1046.120163,0.748278384,1.933010418,1.01168666,29.79273441,22.18875863,553.0840879,7697.152381,18.06008841
0302040WB05_f227,-44.41047418,133.0115384,-3.97451075,-20.72310638,-278.5297241,1383.396118,140.2859805,-0.883533478,-14.11807251,1.051147461,45.98112297,-14.61923218,-47.64587402,-0.062287811,-0.995303358,0.074104351,0.678093627,-0.215592998,-0.702644073,0.959354081,-0.047004318,-0.902105713,0.323041992,13.94195251,4.10625,-10.13554687,227,0.116666667,0302040WB05,0.652033655,20.57164664,-44.63952513,107.6375351,3.580999221,104.0565358,107.6375351,104.0565358,104.6548295,107.6375351,107.6375351,0.959354081,0.966791318,0.652033655,0.392455131,20.57164664,,116.6666667,58,14.9,38,C,1,0.023958333,0.580735137,-0.317290351,0.482763399,0.059326502,-49.53010676,-31.92479323,-0.014102373,3.974396208,-2.171450437,3.30390379,0.406014736,-338.9708248,-218.4847601,-0.096512877,24.62425626,-10.97740809,20.35608085,0.939535227,-2040.550604,-1070.373797,-28.29053016,302,40,71,WB05,Wind_success,5,W,1,Experienced,15,Head-On,TRUE,TRUE,6.643162259,39.32194503,0.358333333,358.3333333,449.1127489,2.428497882,0.608333333,608.3333333,977.9074591,1.027601715,2.071522114,1.003751208,33.04014269,22.253537,553.0840879,7697.152381,18.06008841
0302040WB06_f231,1.796482745,126.6611516,0.025104587,25.46300697,-284.9564209,1387.417847,126.6738936,-2.588964462,-13.74285889,0.076293945,50.22617149,-26.15304565,-36.96533203,-0.185126982,-0.982699465,0.005455489,0.742720476,-0.386738665,-0.546625557,1.052497147,-0.136009827,-0.974772949,0.372919922,-9.969790649,4.281591797,15.27363281,231,0.083333333,0302040WB06,0.534865204,20.20065747,-33.13581868,117.5062426,10.66869644,106.8375462,117.5062426,106.8375462,109.5630593,117.5062426,117.5062426,1.052497147,1.041227766,0.534865204,0.534865204,20.20065747,,83.33333333,58,14.9,38,C,1,0.045833333,0.714711326,-0.087200132,0.697231532,-0.130677495,-93.9059242,-16.48748844,-0.518829012,4.891293469,-0.596774419,4.771666424,-0.894321878,-642.6670698,-112.8359682,-3.550727216,0.402766633,-0.236889462,0.036419142,0.304959315,-8.95997582,-40.36288167,-0.891265572,302,40,74,WB06,Wind_success,6,W,1,Experienced,17,Head-On,TRUE,TRUE,42.66749971,32.41620878,0.283333333,283.3333333,411.7264191,2.325989323,0.533333333,533.3333333,935.4652943,0.907982265,2.101587407,1.046884062,29.57343753,21.64689993,553.0840879,7697.152381,18.06008841
0302040WB07_f229,9.092613305,98.230349,14.70408903,32.77938843,-313.3494873,1402.173462,99.74009883,-4.930177689,-13.07852173,-1.862915039,51.44785309,-19.88070679,-39.59533691,-0.349644947,-0.927520128,-0.132116705,0.757741036,-0.29280964,-0.583173248,0.876545215,-0.238996582,-0.829775391,0.150615234,10.21865845,1.520507812,-4.594921875,229,0.1,0302040WB07,2.826642568,21.08470482,-35.67404294,111.1277494,20.65481272,90.47293666,111.1277494,90.47293666,95.05999268,111.1277494,111.1277494,0.876545215,0.922212495,2.826642568,2.502876609,21.08470482,20.44150897,100,58,14.9,38,C,1,0.023958333,0.532418806,-0.1503196,0.504790174,-0.077850386,-68.38789893,-25.25829537,-0.398268215,3.643732136,-1.028747201,3.45464916,-0.532787256,-468.0285188,-172.8610288,-2.725641312,16.8127497,-6.748703036,14.42627932,-2.93559737,-1941.727676,-1003.228438,-14.36415804,302,40,75,WB07,Wind_success,7,W,1,Experienced,18,Head-On,TRUE,TRUE,80.49131332,40.27886899,0.358333333,358.3333333,408.3735801,2.34667318,0.6,600,880.508585,0.803524858,3.039716385,1.468150404,22.62726845,19.08345692,553.0840879,7697.152381,18.06008841
0302040WB08_f203,-26.23475261,282.5619434,-61.11126378,-2.61514616,-128.9798584,1326.324219,290.2827943,-0.894044638,-13.93429565,2.196411133,56.33966398,-27.14781189,-29.4128418,-0.063252014,-0.985825793,0.155392049,0.815210029,-0.392816835,-0.425590817,1.153340676,-0.100553184,-1.102014771,0.32503418,-11.19705963,1.361645508,-8.017382813,203,0.316666667,0302040WB08,1.208792926,23.69096217,-25.18806591,115.7275418,3.671148246,112.0563936,115.7275418,112.0563936,110.514033,115.7275418,115.7275418,1.153340676,1.180326256,1.208792926,1.235007796,23.69096217,22.69974084,316.6666667,58,14.9,38,C,1,0.032291667,0.359603937,-0.196791978,0.300082429,-0.023204407,-27.88756374,-19.04805466,-0.755824751,2.46103332,-1.346791747,2.053684017,-0.158804762,-190.8550395,-130.3597997,-5.172662772,22.75194045,-15.17290878,15.77269073,-0.860379023,-1552.387268,-1496.753616,-82.77991716,302,40,77,WB08,Wind_success,8,W,1,Experienced,19,Head-On,TRUE,TRUE,-19.29178258,45.2592928,0.45,450,489.7028344,2.256893508,0.65,650,896.8790115,0.841004858,1.906086193,0.966520319,31.9832109,23.87889708,553.0840879,7697.152381,18.06008841
0302040WB09_f228,-66.003711,131.3161848,-11.87993825,-42.36397934,-280.2117615,1375.519409,147.4502058,-0.377727509,-14.19171143,1.525634766,52.32721043,-19.86428833,-38.43225098,-0.026454327,-0.993923314,0.106848562,0.770705039,-0.292572583,-0.566052141,1.016838098,-0.067666626,-0.911791992,0.444990234,-7.353369141,1.156201172,-0.84375,228,0.108333333,0302040WB09,1.108783739,21.82543234,-34.4753858,110.7876033,1.524628216,109.2629751,110.7876033,109.2629751,106.5433043,110.7876033,110.7876033,1.016838098,1.016838098,1.108783739,1.108783739,21.82543234,22.65907561,108.3333333,58,14.9,38,C,1,0.027083333,0.776061404,-0.182913637,0.753451941,-0.033527249,-63.72668234,-18.25925207,1.251986764,5.311157018,-1.251812091,5.156423892,-0.229451543,-436.1283972,-124.9614454,8.568263095,23.89663796,-7.517860878,22.13323722,-1.128420725,-1867.061721,-703.555564,40.27055818,302,40,78,WB09,Wind_success,9,W,1,Experienced,20,Head-On,TRUE,TRUE,-48.73850169,41.49764117,0.358333333,358.3333333,471.9225191,2.248388804,0.575,575,900.818449,1.167443658,2.128293285,0.908100202,30.13712503,24.59014256,553.0840879,7697.152381,18.06008841
0302040WC01_f233,-51.05678703,94.02308381,29.48158112,-27.53519821,-317.4811401,1416.880371,110.9788242,-2.548002243,-13.81491089,-3.146118164,51.26867485,-6.978607178,-43.93603516,-0.176994909,-0.959641578,-0.218542546,0.755295531,-0.102809578,-0.647270308,1.646706371,-0.146030273,-1.639182129,0.058300781,8.176904297,5.136328125,14.34199219,233,0.066666667,0302040WC01,3.55480418,20.77753653,-40.33610959,97.75136798,10.45011129,87.30125669,97.75136798,87.30125669,92.66048259,97.75136798,97.75136798,1.646706371,1.67013798,3.55480418,3.392873454,20.77753653,20.5850884,66.66666667,58,14.9,38,C,1,0.008333333,1.322116477,-0.471753442,1.062063318,0.630446014,-80.19425482,-55.72785773,0.12350193,9.048212127,-3.228554586,7.268477751,4.314604171,-548.828066,-381.3865775,0.845214227,26.01858011,-10.69843994,19.9578849,12.07866381,-1486.267078,-1182.254911,-0.835001298,302,40,89,WC01,Wind_success,1,W,1,Experienced,21,Head-On,TRUE,TRUE,-23.80052839,19.84844351,0.175,175,279.2965469,2.488160988,0.433333333,433.3333333,803.2355927,1.359385803,3.40720398,1.355695906,29.21317622,21.12959407,553.0840879,7697.152381,18.06008841
0302040WC02_f224,-64.57525675,175.95118,-66.6683993,-41.01402283,-235.5466766,1320.703857,198.9307844,-0.24628067,-13.39332581,4.297851563,51.29880905,-19.25567627,-40.09729004,-0.017506236,-0.952030538,0.305501859,0.755527285,-0.283597009,-0.590551656,1.406146014,0.117301941,-1.243392334,0.646113281,7.515582275,-5.547875977,-0.910546875,224,0.141666667,0302040WC02,0.301380095,28.88161251,-36.19616519,110.5742786,1.053454017,109.5208246,110.5742786,109.5208246,115.9636259,110.5742786,110.5742786,1.406146014,1.365103076,0.301380095,0.301380095,28.88161251,,141.6666667,58,14.9,38,C,1,0.022916667,0.364265604,0.008463908,0.36214264,-0.038347106,-31.27570047,-1.614557801,0.902358242,2.492936525,0.057924724,2.478407529,-0.262437353,-214.0425426,-11.04960246,6.175498854,21.64370605,-8.4152287,16.97620939,0.860170066,-1573.167091,-906.1962307,-56.00251902,302,40,91,WC02,Wind_success,2,W,1,Experienced,22,Head-On,TRUE,TRUE,-55.86625285,37.03204975,0.275,275,399.9578251,2.244165678,0.641666667,641.6666667,1097.326862,1.213105943,2.076900313,0.987637341,29.83933681,23.0402875,553.0840879,7697.152381,18.06008841
0302040WC03_f234,-54.91523077,99.32610512,9.812657278,-31.33151054,-312.1711731,1397.176147,113.9194714,1.051813126,-13.98654175,0.288085938,51.17757034,-12.22799683,-43.74682617,0.074974241,-0.996974009,0.02053504,0.747899043,-0.178697564,-0.639307596,1.187917023,0.24599968,-1.122484131,0.301098633,-1.596395874,-0.269824219,17.13515625,234,0.058333333,0302040WC03,1.229034806,19.03352794,-39.740208,103.4378999,-4.300650812,107.7385507,103.4378999,107.7385507,115.7992117,103.4378999,103.4378999,1.187917023,1.187917023,1.229034806,1.086137283,19.03352794,18.66990328,58.33333333,58,14.9,38,C,1,0.034375,0.812483394,-0.339645341,0.735780095,-0.058292012,-82.33050452,-41.83297,-1.07214009,5.56041939,-2.324442017,5.035482499,-0.398934964,-563.4479885,-286.2936761,-7.337440489,24.90570952,-10.06414483,22.27278475,-1.865183704,-2446.532407,-1230.05627,-13.77161498,302,40,92,WC03,Wind_success,3,W,1,Experienced,23,Head-On,TRUE,TRUE,-65.32601262,41.75372736,0.291666667,291.6666667,482.3950013,2.369998481,0.45,450,822.2203822,1.199367466,2.365151526,1.058156698,28.71696813,21.35628648,553.0840879,7697.152381,18.06008841
0302040WC04_f216,-40.22755843,234.7488268,17.72840089,-16.71385384,-176.7784424,1405.151978,238.8295718,0.085493088,-13.86523438,-1.47265625,61.00502586,-18.05174255,-19.28491211,0.006131401,-0.994388077,-0.105616088,0.91766597,-0.271542707,-0.290092617,1.608424037,0.201828461,-1.593766479,0.07875,-6.195547485,2.725048828,18.85605469,216,0.208333333,0302040WC04,0.644920285,31.90440798,-16.86350092,106.4837925,-0.353281517,106.837074,106.4837925,106.837074,113.7010928,106.4837925,106.4837925,1.608424037,1.638101683,0.644920285,0.868291631,31.90440798,24.4658685,208.3333333,58,14.9,38,C,1,-0.011458333,0.844239632,-0.475378398,0.676727019,-0.169695247,-80.47861738,-62.20148924,0.637679967,5.777750607,-3.253362817,4.631339013,-1.161348958,-550.7741674,-425.6903829,4.364111414,1.592543753,-0.798835265,0.877246896,-0.194341532,-60.14761594,-108.0872186,11.51152693,302,40,93,WC04,Wind_success,4,W,1,Experienced,24,Head-On,TRUE,TRUE,-38.00264497,40.31077422,0.308333333,308.3333333,409.9933673,2.47963081,0.5,500,826.4318541,0.844884382,4.41681965,1.678140143,26.25367994,20.143472,553.0840879,7697.152381,18.06008841
0302040WC05_f216,-40.22755843,234.7488268,17.72840089,-16.71385384,-176.7784424,1405.151978,238.8295718,0.085493088,-13.86523438,-1.47265625,61.00502586,-18.05174255,-19.28491211,0.006131401,-0.994388077,-0.105616088,0.91766597,-0.271542707,-0.290092617,1.608424037,0.201828461,-1.593766479,0.07875,-6.195547485,2.725048828,18.85605469,216,0.208333333,0302040WC05,0.644920285,31.90440798,-16.86350092,106.4837925,-0.353281517,106.837074,106.4837925,106.837074,113.7010928,106.4837925,106.4837925,1.608424037,1.638101683,0.644920285,0.868291631,31.90440798,24.4658685,208.3333333,58,14.9,38,C,1,-0.011458333,0.844239632,-0.475378398,0.676727019,-0.169695247,-80.47861738,-62.20148924,0.637679967,5.777750607,-3.253362817,4.631339013,-1.161348958,-550.7741674,-425.6903829,4.364111414,1.592543753,-0.798835265,0.877246896,-0.194341532,-60.14761594,-108.0872186,11.51152693,302,40,94,WC05,Wind_success,5,W,1,Experienced,25,Head-On,TRUE,TRUE,-38.00264497,40.31077422,0.308333333,308.3333333,409.9933673,2.47963081,0.5,500,826.4318541,0.844884382,4.41681965,1.678140143,26.25367994,20.143472,553.0840879,7697.152381,18.06008841
0302040WC06_f216,-40.22755843,234.7488268,17.72840089,-16.71385384,-176.7784424,1405.151978,238.8295718,0.085493088,-13.86523438,-1.47265625,61.00502586,-18.05174255,-19.28491211,0.006131401,-0.994388077,-0.105616088,0.91766597,-0.271542707,-0.290092617,1.608424037,0.201828461,-1.593766479,0.07875,-6.195547485,2.725048828,18.85605469,216,0.208333333,0302040WC06,0.644920285,31.90440798,-16.86350092,106.4837925,-0.353281517,106.837074,106.4837925,106.837074,113.7010928,106.4837925,106.4837925,1.608424037,1.638101683,0.644920285,0.868291631,31.90440798,24.4658685,208.3333333,58,14.9,38,C,1,-0.011458333,0.844239632,-0.475378398,0.676727019,-0.169695247,-80.47861738,-62.20148924,0.637679967,5.777750607,-3.253362817,4.631339013,-1.161348958,-550.7741674,-425.6903829,4.364111414,1.592543753,-0.798835265,0.877246896,-0.194341532,-60.14761594,-108.0872186,11.51152693,302,40,95,WC06,Wind_success,6,W,1,Experienced,26,Head-On,TRUE,TRUE,-38.00264497,40.31077422,0.308333333,308.3333333,409.9933673,2.47963081,0.5,500,826.4318541,0.844884382,4.41681965,1.678140143,26.25367994,20.143472,553.0840879,7697.152381,18.06008841
0302040WC07_f216,-40.22755843,234.7488268,17.72840089,-16.71385384,-176.7784424,1405.151978,238.8295718,0.085493088,-13.86523438,-1.47265625,61.00502586,-18.05174255,-19.28491211,0.006131401,-0.994388077,-0.105616088,0.91766597,-0.271542707,-0.290092617,1.608424037,0.201828461,-1.593766479,0.07875,-6.195547485,2.725048828,18.85605469,216,0.208333333,0302040WC07,0.644920285,31.90440798,-16.86350092,106.4837925,-0.353281517,106.837074,106.4837925,106.837074,113.7010928,106.4837925,106.4837925,1.608424037,1.638101683,0.644920285,0.868291631,31.90440798,24.4658685,208.3333333,58,14.9,38,C,1,-0.011458333,0.844239632,-0.475378398,0.676727019,-0.169695247,-80.47861738,-62.20148924,0.637679967,5.777750607,-3.253362817,4.631339013,-1.161348958,-550.7741674,-425.6903829,4.364111414,1.592543753,-0.798835265,0.877246896,-0.194341532,-60.14761594,-108.0872186,11.51152693,302,40,96,WC07,Wind_success,7,W,1,Experienced,27,Head-On,TRUE,TRUE,-38.00264497,40.31077422,0.308333333,308.3333333,409.9933673,2.47963081,0.5,500,826.4318541,0.844884382,4.41681965,1.678140143,26.25367994,20.143472,553.0840879,7697.152381,18.06008841
0303040MB01_f240,-13.18202023,43.44260563,44.24387018,12.54256439,-369.0196228,1432.50354,63.3920002,-7.797086716,-11.894104,0.645629883,50.66107941,-20.04193115,-30.05090332,-0.547678545,-0.835458911,0.045349968,0.814230008,-0.322115951,-0.482981167,1.875524869,-0.15168766,-1.867445068,-0.085048828,-4.623788452,-3.838183594,-0.564257813,240,0.008333333,0303040MB01,0.327142875,27.31148683,-28.88028844,111.5841506,33.24653122,78.33761938,111.5841506,78.33761938,106.94036,111.5841506,111.5841506,1.875524869,1.875524869,0.327142875,0.299701122,27.31148683,,8.333333333,58,14.9,35,C,3,0.55625,0.292115095,-0.277756316,-0.076953373,-0.047548252,1.904574208,-8.250023523,2.649947,1.999157709,-1.900890057,-0.526648335,-0.32540754,13.03439731,-56.46095801,18.13552966,3.64737701,0.293689644,3.145473741,0.170251927,-423.084275,-35.76529579,22.93640054,303,40,83,MB01,Wind_missed,1,M,1,Experienced,14,Failure,FALSE,FALSE,28.38880965,39.18616324,0.141666667,141.6666667,339.1491899,3.037430053,0.308333333,308.3333333,797.1982539,1.875524869,4.679562354,2.513631979,30.39087557,25.14859761,469.2022214,7697.152381,18.24559516
0303040MB02_f238,-68.10237543,67.87776909,45.34376195,-42.37078857,-344.575592,1433.60376,106.3079575,-1.765579224,-13.80648804,-1.051269531,51.27649879,-18.87176514,-27.11987305,-0.126487154,-0.989105083,-0.07531358,0.840608466,-0.309376925,-0.444593438,1.763370341,-0.207552338,-1.743914795,-0.158613281,-10.96468506,5.002734375,1.306054687,238,0.025,0303040MB02,1.354458806,26.00735464,-26.39732997,110.2055967,7.287454139,102.9181426,110.2055967,102.9181426,103.4184547,110.2055967,110.2055967,1.763370341,1.797389655,1.354458806,1.140073323,26.00735464,27.5944065,25,58,14.9,35,C,3,0.014583333,0.49404046,-0.280058503,0.357438172,-0.194630841,-30.41288883,-27.70089875,0.653601399,3.381080989,-1.916645614,2.446211404,-1.332001504,-208.1376901,-189.5775541,4.473073449,19.79322657,-9.236916981,14.72014445,-4.135618723,-1299.152977,-935.6655833,50.66020741,303,40,86,MB02,Wind_missed,2,M,1,Experienced,16,Failure,FALSE,FALSE,-24.93662103,36.39210284,0.133333333,133.3333333,289.0877734,3.012310223,0.283333333,283.3333333,680.8068804,1.60918873,3.727758378,2.032295014,31.47977817,26.28709597,469.2022214,7697.152381,18.24559516
0303040MB03_f240,-38.67639756,42.46873365,39.33710973,-12.96839333,-369.9482422,1427.615234,69.61943168,-5.361139297,-13.06280518,-0.733032227,51.99324989,-20.02844238,-31.39099121,-0.379169401,-0.923873777,-0.05184409,0.81300701,-0.313180347,-0.490854023,1.286876527,-0.166996193,-1.274589844,0.059868164,14.78345032,10.65014648,8.787304687,240,0.008333333,0303040MB03,2.152429596,18.78228449,-29.39672952,111.0673014,22.31386241,88.75343897,111.0673014,88.75343897,103.6029514,111.0673014,111.0673014,1.286876527,1.393947095,2.152429596,2.152429596,18.78228449,20.5599503,8.333333333,58,14.9,35,C,3,0.019791667,0.566403747,-0.219477296,0.48767904,-0.186579942,-63.22359016,-29.5948996,3.468048753,3.876315997,-1.502044005,3.337545126,-1.276903304,-432.6853686,-202.5395902,23.7343996,15.74948013,-5.74813947,13.30223041,-5.650935962,-1615.028204,-739.289226,89.90878317,303,40,90,MB03,Wind_missed,3,M,1,Experienced,19,Failure,FALSE,FALSE,15.6401097,38.30339904,0.166666667,166.6666667,341.5418678,2.804370758,0.35,350,804.0976011,1.393947095,3.773762481,1.719095831,32.34405313,26.00446057,469.2022214,7697.152381,18.24559516
0303040PB01_f231,-37.37287894,111.7556431,47.2667528,-11.65229702,-300.6842041,1435.561768,126.9653566,-4.22817421,-13.4465332,-1.241943359,51.46384716,-28.64971924,-18.86901855,-0.298805947,-0.950269286,-0.087768394,0.832080428,-0.463215868,-0.305079039,1.312397337,-0.322825241,-1.271253662,0.04565918,22.40748825,16.57177734,-8.889257812,231,0.083333333,0303040PB01,1.222918067,25.31817566,-17.76291915,119.1045127,17.45541288,101.6490999,119.1045127,101.6490999,104.8558701,119.1045127,119.1045127,1.312397337,1.503414413,1.222918067,1.09996104,25.31817566,27.22377143,83.33333333,58,14.9,35,C,3,0.021875,0.31820014,-0.231940403,0.178275314,-0.125191419,-18.50542957,-23.60140703,0.300823692,2.177676791,-1.587338182,1.220068643,-0.856776639,-126.6462185,-161.5217275,2.058757019,22.7228818,-15.7867687,13.49206633,-1.717931505,-1496.444576,-1803.949742,64.82348772,303,40,84,PB01,Wind_Near-miss,1,P,1,Experienced,15,Pivot,TRUE,FALSE,22.53970211,47.84909278,0.225,225,366.7651547,2.735995054,0.4,400,797.3246756,0.67052974,3.097715838,1.550556406,30.38902991,24.41024089,469.2022214,7697.152381,18.24559516
0303040UA01_f211,-163.6281106,-194.0752937,87.831589,-137.7553101,-606.2945557,1476.131348,268.6145309,2.251998901,14.02062988,-2.632568359,1.291702271,-54.6920166,-29.13867188,0.155930785,0.970803239,-0.182281817,0.020839472,-0.882364915,-0.470104109,0.914005051,0.499451294,0.765476074,-0.000131836,-14.27475586,0.634570313,37.72089844,211,0.25,0303040UA01,1.264133405,22.50962306,-28.04105468,178.6470542,-170.8750685,349.5221227,178.6470542,349.5221227,-34.47624708,178.6470542,178.6470542,0.914005051,0.914005051,1.264133405,,22.50962306,,250,58,14.9,35,C,3,0,0.472274992,-0.417150575,-0.208600025,0.074263688,8.806422392,-18.55668149,2.127118866,3.232123935,-2.854867146,-1.427602868,0.508240852,60.2688033,-126.996973,14.55743352,6.031002051,-5.223485043,-2.874946877,0.89675255,114.7916649,-223.4549551,16.67465192,303,40,57,UA01,Wind_Uturn,1,U,1,Experienced,5,U-Turn,TRUE,FALSE,-19.55180187,43.98659752,0.983333333,983.3333333,251.4902749,2.9131518,1.175,1175,765.4620098,0.66386467,3.684761859,1.822343808,31.42020511,23.84064083,469.2022214,7697.152381,18.24559516
0303040WA01_f185,221.9563675,1068.033788,137.3673746,247.9011841,655.8270874,1525.65918,1099.468325,-0.32572937,-14.16699219,0.128417969,1.745681763,53.74377441,-16.84716797,-0.022985114,-0.999694737,0.009061822,0.030979535,0.953757545,-0.298976277,2.748369237,0.382390137,-2.719833984,0.099067383,-3.227124023,-1.494140625,-17.76445312,185,0.466666667,0303040WA01,2.353268171,22.72539179,-17.3961263,1.860402348,1.317120128,0.54328222,1.860402348,0.54328222,9.863343974,1.860402348,1.860402348,2.748369237,2.748369237,2.353268171,2.656499453,22.72539179,22.55428327,466.6666667,58,14.9,35,C,3,0.021875,0.789582007,-0.31908809,0.650109157,-0.314611856,-88.7434806,-44.71074419,1.258292441,5.403688415,-2.183753681,4.449173477,-2.153119533,-607.3366843,-305.9883943,8.611417466,48.27966069,-17.14897866,35.89474993,-11.09557574,-4756.189362,-2238.571286,329.2792581,303,40,51,WA01,Wind_success,1,W,1,Experienced,1,Head-On,TRUE,TRUE,172.768313,-6.537726108,,,,2.80310598,0.366666667,366.6666667,848.4863802,1.708292176,2.824714554,2.524973978,22.55428327,21.05378474,469.2022214,7697.152381,18.24559516
0303040WA02_f240,-21.85620069,59.70570041,31.62531356,4.16382122,-352.5419922,1419.941406,71.01144012,-6.018836498,-12.57781982,1.541503906,39.32309437,-16.76446533,-47.17565918,-0.429037633,-0.896578276,0.109882232,0.617682024,-0.263334029,-0.741029086,1.32889847,-0.181577911,-1.295339355,0.234726563,0.867034149,3.624169922,11.78964844,240,0.008333333,0303040WA02,2.160007643,25.35131887,-47.81915181,113.0898217,25.57241101,87.51741072,113.0898217,87.51741072,105.1102163,113.0898217,113.0898217,1.32889847,1.345857212,2.160007643,2.365665967,25.35131887,24.31890692,8.333333333,58,14.9,35,C,3,0.023958333,0.494974661,-0.02845219,0.461661395,-0.176236047,-55.47022927,-4.496602207,1.828842145,3.387474409,-0.194719191,3.159487312,-1.206112448,-379.6234371,-30.77354479,12.51610729,27.79997102,-6.465086053,23.03672135,-1.640246399,-2959.548483,-1050.046498,143.7026635,303,40,53,WA02,Wind_success,2,W,1,Experienced,2,Head-On,TRUE,TRUE,74.67497885,32.38828492,0.125,125,262.6036579,2.69325035,0.341666667,341.6666667,785.7759409,1.345857212,3.156310068,1.957844741,30.64239753,25.60797849,469.2022214,7697.152381,18.24559516
0303040WA03_f240,-50.30993485,61.42857507,37.08831228,-24.31210709,-350.7876282,1425.341675,87.63619279,-3.866685867,-13.02807617,1.885864258,43.30095863,-14.86843872,-47.66748047,-0.281828332,-0.949567951,0.137453622,0.655155897,-0.224963733,-0.721222622,1.148390578,-0.18730751,-0.97626709,0.574995117,7.298931885,9.624462891,6.148828125,240,0.008333333,0303040WA03,2.801595403,23.95503463,-46.15551481,108.9511572,16.53069811,92.42045904,108.9511572,92.42045904,98.09031693,108.9511572,108.9511572,1.148390578,1.204997718,2.801595403,2.448976299,23.95503463,25.54948463,8.333333333,58,14.9,35,C,3,0.026041667,0.299243341,-0.084553793,0.281148851,-0.057901267,-27.75951246,-10.22430497,1.533405808,2.047941518,-0.578663578,1.924107661,-0.396260813,-189.9786907,-69.97241305,10.49421989,39.25475852,-17.90105287,23.61846339,-0.477970468,-2437.850147,-2021.085332,264.568453,303,40,54,WA03,Wind_success,3,W,1,Experienced,3,Head-On,TRUE,TRUE,17.52176903,40.17452876,0.158333333,158.3333333,314.3091557,2.504827108,0.383333333,383.3333333,815.0658831,1.204997718,3.096762258,1.885671387,30.44962466,26.63771162,469.2022214,7697.152381,18.24559516
0303040WA04_f240,-6.063622551,58.03239093,29.86143011,19.92448997,-354.2013855,1418.185181,65.54564001,-6.49306488,-12.22598267,0.61328125,28.04512215,-14.94473267,-57.95349121,-0.46858359,-0.882309811,0.044258534,0.424318637,-0.226111641,-0.876827931,1.414679715,-0.351308441,-1.311877441,0.396079102,20.23846436,-3.342919922,14.66894531,240,0.008333333,0303040WA04,2.433302147,23.53757953,-61.26205434,118.0523374,27.97220648,90.08013095,118.0523374,90.08013095,103.060816,118.0523374,118.0523374,1.414679715,1.414679715,2.433302147,1.62084541,23.53757953,24.06116191,8.333333333,58,14.9,35,C,3,0.027083333,0.78465087,-0.047096005,0.733648373,-0.274260859,-95.57532054,-7.360702354,2.114414077,5.369941029,-0.322312481,5.020893559,-1.876968082,-654.0919726,-50.37468141,14.47048534,30.91582843,-4.095789286,26.58722491,-7.248813154,-3436.945425,-704.7455661,124.4299104,303,40,56,WA04,Wind_success,4,W,1,Experienced,4,Head-On,TRUE,TRUE,121.1135598,25.3388032,0.191666667,191.6666667,360.4526726,2.652072718,0.375,375,801.4473775,1.414679715,2.62747712,1.604231129,28.29913986,24.67280036,469.2022214,7697.152381,18.24559516
0303040WA05_f239,0.992513115,63.28219611,28.0477426,26.82212067,-349.013092,1416.369873,69.22642047,-6.130239487,-12.70080566,1.846191406,36.18298721,-19.08087158,-46.94482422,-0.431003573,-0.892965541,0.129801632,0.581099701,-0.306439286,-0.753935078,1.459103246,-0.387669754,-1.403997803,-0.086513672,-11.04334717,-1.394824219,0.140625,239,0.016666667,0303040WA05,2.427440221,26.90659583,-48.93240606,117.804642,25.76499598,92.03964607,117.804642,92.03964607,102.3688287,117.804642,117.804642,1.459103246,1.426113237,2.427440221,2.166966189,26.90659583,28.00944281,16.66666667,58,14.9,35,C,3,0.026041667,0.782974015,-0.125967604,0.708616068,-0.308291647,-91.83161243,-26.05961112,4.26728212,5.358465085,-0.862088647,4.849579149,-2.109865709,-628.4710339,-178.3450199,29.20413935,28.39286652,-5.646180545,25.19130593,-10.46618898,-3404.076359,-1125.662044,146.6132133,303,40,58,WA05,Wind_success,5,W,1,Experienced,6,Head-On,TRUE,TRUE,82.75991965,32.46963616,0.133333333,133.3333333,247.9449588,2.697620923,0.408333333,408.3333333,851.4803704,1.442277276,3.28529305,1.626497267,31.32134377,26.06758578,469.2022214,7697.152381,18.24559516
0303040WA06_f238,-13.15284823,77.34062185,28.04347622,12.72477627,-335.0477295,1416.35437,83.3126987,-5.773234844,-12.98492432,1.524169922,39.01044559,-20.80081177,-44.33325195,-0.403948375,-0.908544208,0.106644885,0.623077379,-0.332231921,-0.708093589,1.428265762,-0.360529289,-1.343671875,0.323276367,6.880531311,14.88955078,14.8640625,238,0.025,0303040WA06,1.280930552,28.39535467,-45.08001541,118.0670446,23.97043764,94.09660698,118.0670446,94.09660698,103.0474128,118.0670446,118.0670446,1.428265762,1.428265762,1.280930552,1.280930552,28.39535467,,25,58,14.9,35,C,3,0.025,0.526652,-0.093257806,0.496719752,-0.14810401,-58.12089199,-15.09585836,1.47294756,3.604265655,-0.638231525,3.399417347,-1.013584298,-397.7638649,-103.3120236,10.08045979,33.97445299,-12.67180133,26.27549043,-6.862892637,-3164.19874,-1731.437182,241.6571703,303,40,60,WA06,Wind_success,6,W,1,Experienced,7,Head-On,TRUE,TRUE,96.36088561,30.59409659,0.133333333,133.3333333,249.773526,2.549970363,0.375,375,787.1198882,1.385590188,2.784942356,1.839190861,31.72598198,26.16659682,469.2022214,7697.152381,18.24559516
0303040WA07_f240,-22.96826971,62.38575179,34.62084961,2.888807297,-349.9441528,1422.920532,74.95416378,-6.381857157,-12.42495728,1.107055664,46.40066338,-28.29092407,-35.97766113,-0.455459921,-0.886743454,0.079008269,0.71193881,-0.434075837,-0.552015669,0.99879578,-0.178451328,-0.968063965,0.169116211,16.47430115,11.7206543,3.933984375,240,0.008333333,0303040WA07,1.094012883,22.60395466,-33.50540648,121.3710578,27.18648846,94.18456933,121.3710578,94.18456933,110.9264984,121.3710578,121.3710578,0.99879578,1.119852692,1.094012883,1.148432477,22.60395466,21.19944131,8.333333333,58,14.9,35,C,3,0.027083333,0.443639044,-0.086123929,0.414306237,-0.133223915,-51.36329368,-13.8270698,1.423584549,3.036147151,-0.589409173,2.835401258,-0.9117489,-351.5166665,-94.62877348,9.742632515,16.5989124,-5.144989067,14.38631265,-5.225947607,-1858.411533,-786.9892612,51.38433519,303,40,62,WA07,Wind_success,7,W,1,Experienced,8,Head-On,TRUE,TRUE,70.78962301,35.83261665,0.191666667,191.6666667,333.6870301,2.549246913,0.441666667,441.6666667,881.2401136,1.119852692,3.17958674,1.586001069,32.11283409,24.99905732,469.2022214,7697.152381,18.24559516
0303040WA08_f240,-19.5752978,71.27907637,31.46338732,6.493576527,-340.9958496,1419.883057,80.33581862,-5.08202529,-13.2147522,1.830444336,29.48211241,-29.45217896,-52.40112305,-0.355981213,-0.925655275,0.128217346,0.440350283,-0.439903191,-0.782672863,1.044366708,-0.092590542,-1.038955078,-0.051972656,2.663532257,-3.210205078,-11.26582031,240,0.008333333,0303040WA08,0.878932056,23.37856173,-51.50595594,134.9708988,21.03535164,113.9355471,134.9708988,113.9355471,129.8782154,134.9708988,134.9708988,1.044366708,1.044366708,0.878932056,1.311890475,23.37856173,22.47170713,8.333333333,58,14.9,35,C,3,0.020833333,0.615526368,-0.062929648,0.554099413,-0.260550205,-63.52406959,-8.842440467,1.930395898,4.212498101,-0.430673704,3.792108426,-1.783136029,-434.7417696,-60.51530139,13.21111406,29.11470563,-11.08239209,22.24749607,-6.190761683,-2657.004907,-1482.020061,24.01207765,303,40,65,WA08,Wind_success,8,W,1,Experienced,9,Head-On,TRUE,TRUE,71.36771485,32.66501871,0.175,175,320.3051078,2.606952807,0.425,425,896.2588381,1.044366708,2.478904849,1.524044719,29.89127263,25.2615424,469.2022214,7697.152381,18.24559516
0303040WA09_f237,-54.4664794,91.05296466,50.46429291,-28.69601059,-321.1689758,1438.772339,117.4899341,-1.372077942,-14.1328125,0.131103516,48.26826859,-22.10726929,-39.04785156,-0.096626124,-0.995277925,0.00923273,0.732406543,-0.335448301,-0.592499023,1.266849271,-0.050176392,-1.246955566,-0.217924805,9.328601074,5.651367188,-9.581835937,237,0.033333333,0303040WA09,0.855154857,19.45423918,-36.33454775,114.6081745,5.545157557,109.0630169,114.6081745,109.0630169,112.303886,114.6081745,114.6081745,1.266849271,1.297426056,0.855154857,0.384706999,19.45423918,,33.33333333,58,14.9,35,C,3,0.01875,0.549025968,-0.269282178,0.475321202,-0.05464775,-48.60880226,-29.63207289,2.088672608,3.75738712,-1.842895321,3.252971386,-0.373994611,-332.6656628,-202.7939943,14.29431759,35.28290527,-22.98947161,23.64599872,-4.758283111,-2427.7442,-2361.40847,269.7082109,303,40,68,WA09,Wind_success,9,W,1,Experienced,10,Head-On,TRUE,TRUE,-22.50140826,39.18183412,0.175,175,337.0147366,2.645820261,0.366666667,366.6666667,785.9255386,1.308753631,3.489573835,1.767799698,26.42799703,22.2768841,469.2022214,7697.152381,18.24559516
0303040WB01_f238,-27.16437856,76.89717096,44.85262426,-1.444396615,-335.3996277,1433.059326,93.0743588,-3.829491973,-13.54547119,-0.428833008,37.29017603,-15.78713989,-54.37414551,-0.271924529,-0.961836687,-0.03045057,0.550032588,-0.232861368,-0.802022279,1.074135254,-0.135615993,-1.065325928,0.021342773,14.77965488,4.358056641,1.383398438,238,0.025,0303040WB01,2.187396972,20.73994309,-53.32365201,112.9458179,15.78633113,97.15948682,112.9458179,97.15948682,105.6910855,112.9458179,112.9458179,1.074135254,1.13167166,2.187396972,2.429354358,20.73994309,20.92309169,25,58,14.9,35,C,3,0.016666667,0.542826843,-0.111670062,0.500188951,-0.178890446,-54.18777702,-20.9613009,0.770498583,3.714961961,-0.764240088,3.423159615,-1.224278444,-370.8466763,-143.4535461,5.273086558,20.00407187,-9.404559121,14.62222635,-4.945951224,-1681.155936,-1068.636716,-23.16884976,303,40,79,WB01,Wind_success,1,W,1,Experienced,11,Head-On,TRUE,TRUE,35.45298152,32.35224854,0.166666667,166.6666667,310.5990884,2.74391409,0.416666667,416.6666667,933.1321209,1.035812972,3.274189388,1.452900667,32.46823832,26.86444555,469.2022214,7697.152381,18.24559516
0303040WB02_f239,-19.01803203,77.395306,20.65025451,6.866390705,-334.8904724,1408.935303,82.32953264,-3.539756775,-13.59429932,-0.04284668,46.96241713,-29.71292114,-26.90869141,-0.251981992,-0.967727117,-0.003050094,0.760590654,-0.481222465,-0.435805916,1.380742453,-0.142468929,-1.36673584,-0.134853516,0.079026031,9.074267578,-19.18125,239,0.016666667,0303040WB02,2.267993411,17.34008601,-25.83658664,122.3213627,14.59489669,107.726466,122.3213627,107.726466,116.3703271,122.3213627,122.3213627,1.380742453,1.449654156,2.267993411,2.725370091,17.34008601,20.43406347,16.66666667,58,14.9,35,C,3,0.025,0.519298652,-0.095131315,0.437205826,-0.263575774,-53.6877536,-14.85308922,1.522381446,3.553941309,-0.651053315,2.992119929,-1.803842216,-367.4246496,-101.6505765,10.4187721,28.27173879,-11.86623808,20.81723161,-5.464866621,-2600.640262,-1676.230074,51.70037209,303,40,80,WB02,Wind_success,2,W,1,Experienced,12,Head-On,TRUE,TRUE,26.40255456,41.66379044,0.15,150,313.6213329,2.601653186,0.375,375,843.3560446,1.449654156,2.725370091,1.678886615,29.09253511,25.44243875,469.2022214,7697.152381,18.24559516
0303040WB03_f234,-20.43582557,111.5553735,22.89346333,5.291336536,-300.9136353,1411.161987,115.6993301,-3.554458976,-13.31225586,-0.033447266,51.74328947,-12.77059937,-30.86950684,-0.25796842,-0.9661503,-0.002427469,0.840118807,-0.207347094,-0.501206118,1.884362389,-0.470759754,-1.805375977,0.264243164,7.940924835,3.314794922,9.235546875,234,0.058333333,0303040WB03,2.698195858,29.08459847,-30.07982827,103.8639236,14.9495945,88.91432913,103.8639236,88.91432913,89.24922713,103.8639236,103.8639236,1.884362389,1.91918172,2.698195858,2.744981702,29.08459847,28.23989855,58.33333333,58,14.9,35,C,3,0.427083333,0.632825463,-0.46115578,-0.431745633,-0.037404837,9.321586896,-9.15734545,-2.1699657,4.330888487,-3.156027014,-2.954751826,-0.255988713,63.7944516,-62.670427,-14.85066581,11.34120925,-3.018654958,8.748894106,-3.66566361,-866.6157254,-319.1332189,38.25320776,303,40,81,WB03,Wind_success,3,W,1,Experienced,13,Head-On,TRUE,TRUE,44.56471243,39.16656877,0.166666667,166.6666667,330.6636257,2.419469681,0.375,375,804.1562453,1.468611458,2.744981702,1.592157944,30.81772879,26.06305545,469.2022214,7697.152381,18.24559516
0303040WB04_f237,-10.01038478,81.68083095,20.64316294,15.67722607,-330.7528687,1408.917603,84.84165324,-5.829084396,-12.6257019,1.229370117,38.94991779,-26.69598389,-41.61364746,-0.417538702,-0.90438203,0.088060074,0.618840185,-0.424148459,-0.661161788,1.027562173,-0.420229912,-0.932750244,0.096269531,-3.197969055,-1.669921875,-18.80332031,237,0.033333333,0303040WB04,1.821416342,24.72010835,-41.38853766,124.4264494,24.78201396,99.64443541,124.4264494,99.64443541,100.173561,124.4264494,124.4264494,1.027562173,1.031092822,1.821416342,1.56834371,24.72010835,24.60751047,33.33333333,58,14.9,35,C,3,0.025,0.398171987,-0.082540974,0.344658562,-0.181489379,-38.39119728,-9.639963744,0.388036977,2.724982757,-0.564888384,2.358751165,-1.242064847,-262.7391027,-65.97333774,2.655621456,31.08842622,-16.94705441,21.22320991,-6.646722886,-2347.118083,-2038.321376,-74.21798621,303,40,87,WB04,Wind_success,4,W,1,Experienced,17,Head-On,TRUE,TRUE,77.52970869,56.95120288,0.333333333,333.3333333,498.8118859,2.650951158,0.5,500,873.7972968,1.068001017,2.247427731,1.207423421,32.90235596,27.06921477,469.2022214,7697.152381,18.24559516
0303040WB05_f237,-18.78393697,81.04367669,37.1068751,6.902492046,-331.4009094,1425.401245,91.09244755,-4.543534756,-13.3248291,-1.470581055,46.15455294,-30.36468506,-30.0949707,-0.320989757,-0.941366995,-0.103893,0.733632601,-0.482650605,-0.47836346,1.295452878,-0.473802509,-1.186768799,-0.2128125,-8.536589813,2.638916016,-24.70957031,237,0.033333333,0303040WB05,2.914728935,22.73846708,-28.57857146,123.3405753,18.82848273,104.5120926,123.3405753,104.5120926,101.5768419,123.3405753,123.3405753,1.295452878,1.290973617,2.914728935,2.847644915,22.73846708,23.71089224,33.33333333,58,14.9,35,C,3,0.030208333,0.410164398,-0.166809181,0.339766032,-0.158014473,-38.25091415,-20.3998858,0.979493645,2.807055613,-1.14159749,2.325267999,-1.081408858,-261.7790424,-139.6113711,6.703392958,46.78320512,-35.46817923,23.3258507,-8.209322649,-2738.232711,-4193.486393,188.7820893,303,40,88,WB05,Wind_success,5,W,1,Experienced,18,Head-On,TRUE,TRUE,63.65711508,43.61010136,0.225,225,391.1888016,2.882835304,0.383333333,383.3333333,786.951012,1.187998944,3.239038733,1.388091703,30.29791552,26.62010275,469.2022214,7697.152381,18.24559516
,,,,,,,,,,,,,,,,,,,,,,,,,,,,,0303040WB06,,,,,,,,,,,,,,,,,,,58,14.9,35,C,3,0.14375,0.253496046,-0.221944366,0.098476483,-0.072823937,-9.180175323,-24.90931195,-1.364676001,1.734859249,-1.518927977,0.673946757,-0.498387582,-62.82666856,-170.4726795,-9.339478145,13.29210725,-10.82069445,5.69662619,-3.650873685,-710.489097,-1482.757725,-48.35509314,303,40,92,WB06,Wind_success,6,W,1,Experienced,20,Head-On,TRUE,TRUE,169.1922807,,,,,2.6500031,0.658333333,658.3333333,1217.823582,0.70965915,,,,,469.2022214,7697.152381,18.24559516
0303040WB07_f238,-39.39694155,73.51443049,34.75771154,-13.69668579,-338.8841248,1423.032471,90.35811533,-4.270797729,-13.32772827,0.484375,38.61175156,-24.96304321,-43.72827148,-0.304977111,-0.951731344,0.034589156,0.608517074,-0.393414891,-0.689152881,0.989786245,-0.317169342,-0.936536865,-0.044487305,6.445136261,2.177050781,-3.373242188,238,0.025,0303040WB07,1.220507603,22.96146056,-43.56308943,122.8832394,17.76777292,105.1154665,122.8832394,105.1154665,104.173958,122.8832394,122.8832394,0.989786245,1.024319874,1.220507603,0.752204675,22.96146056,24.31258467,25,58,14.9,35,C,3,0.033333333,0.322036324,-0.164584624,0.262729941,-0.087133657,-24.34570233,-17.4518434,0.652046922,2.203930611,-1.126373216,1.798053557,-0.596319483,-166.6154858,-119.4357561,4.462435018,34.99244168,-25.97714094,16.77218785,-7.233378651,-1600.246935,-2473.090019,60.26483342,303,40,93,WB07,Wind_success,7,W,1,Experienced,21,Head-On,TRUE,TRUE,46.88372256,45.83074826,0.291666667,291.6666667,469.6914131,2.54319499,0.458333333,458.3333333,857.8662016,1.019972554,2.040204919,1.073904518,30.67119147,26.42921403,469.2022214,7697.152381,18.24559516
0303040WB08_f229,-9.973992598,139.6306819,56.66473719,15.70705414,-272.7522278,1444.962036,151.0201983,-5.052650452,-12.79165649,-2.937011719,53.23933411,-25.2388916,-3.316894531,-0.359274259,-0.909564783,-0.208839444,0.902176289,-0.427689977,-0.056207007,1.398017257,-0.319668274,-1.272755127,-0.482036133,7.982583618,14.10820312,-19.39921875,229,0.1,0303040WB08,0.832345452,27.95417461,-3.222122343,115.363981,21.55381122,93.81016977,115.363981,93.81016977,101.26507,115.363981,115.363981,1.398017257,1.478101055,0.832345452,0.610666024,27.95417461,26.56434238,100,58,14.9,35,C,3,0.026041667,0.471076111,-0.1870672,0.375556485,-0.214186581,-37.40920827,-20.22858707,2.219316699,3.223919115,-1.280237966,2.570208301,-1.465835768,-256.0186321,-138.4390483,15.18841087,36.04211092,-26.32608901,17.11034022,-8.345227128,-1809.640889,-2806.802666,85.86218688,303,40,94,WB08,Wind_success,8,W,1,Experienced,22,Head-On,TRUE,TRUE,15.3902284,52.23282536,0.275,275,456.8167925,2.687736558,0.466666667,466.6666667,899.5719651,1.064607223,2.778723313,1.403211142,28.81342494,24.42391847,469.2022214,7697.152381,18.24559516
0303040WB09_f239,-53.38610328,68.92922783,42.78543574,-27.66802788,-343.4498901,1431.096069,97.11801061,-3.476039886,-13.66592407,-0.358398438,40.69514561,-21.68154907,-45.95959473,-0.246429263,-0.968827664,-0.025408185,0.62508361,-0.333031883,-0.705946347,1.126618528,-0.097344131,-1.11086792,-0.160517578,-4.880895996,12.59428711,-25.57441406,239,0.016666667,0303040WB09,0.443382934,18.33897325,-44.9060488,118.0477869,14.2710194,103.7767675,118.0477869,103.7767675,113.0398131,118.0477869,118.0477869,1.126618528,1.218276466,0.443382934,0.674205053,18.33897325,22.82319843,16.66666667,58,14.9,35,C,3,0.022916667,0.515258476,-0.150533681,0.480026976,-0.11137778,-44.66977644,-17.00097882,2.093641367,3.526291419,-1.030212319,3.285176443,-0.762239783,-305.7080219,-116.3501593,14.32832245,41.32547558,-30.15208178,20.71331718,-4.117228245,-1946.428556,-2918.031053,16.32644286,303,40,96,WB09,Wind_success,9,W,1,Experienced,23,Head-On,TRUE,TRUE,6.024076105,44.21463004,0.2,200,346.176332,2.426738242,0.391666667,391.6666667,764.822246,1.126618528,2.647983857,1.449986071,30.83367758,24.08347674,469.2022214,7697.152381,18.24559516
0303040WB10_f237,-21.47959106,78.07255436,42.46792966,4.206926346,-334.3085327,1430.748169,91.43424756,-5.147200704,-13.1505127,-0.321777344,44.70519066,-24.65246582,-36.67724609,-0.364387541,-0.930968746,-0.022779694,0.711174114,-0.392173599,-0.583464864,1.291703759,-0.40044857,-1.20649292,-0.229160156,-16.94727631,0.379248047,0.968554688,237,0.033333333,0303040WB10,1.063729265,15.34378393,-35.69461357,118.8743309,21.37571501,97.49861592,118.8743309,97.49861592,100.5127449,118.8743309,118.8743309,1.291703759,1.282122788,1.063729265,1.064297414,15.34378393,16.48553059,33.33333333,58,14.9,35,C,3,0.023958333,0.396024591,-0.186128873,0.319605852,-0.141575488,-36.53120966,-24.25587646,0.738294901,2.710286551,-1.273816302,2.187297108,-0.968904836,-250.0098441,-166.0007415,5.052693158,61.41615873,-51.8750315,22.68526378,-5.270432455,-2612.816497,-6117.941678,49.77795382,303,40,97,WB10,Wind_success,10,W,1,Experienced,24,Head-On,TRUE,TRUE,58.55103768,43.35518888,0.258333333,258.3333333,457.8546895,2.835501323,0.408333333,408.3333333,849.5928264,1.179503127,2.296312454,1.436681514,30.99002009,24.90766628,469.2022214,7697.152381,18.24559516
0303040WB11_f236,-38.57703654,88.16456261,50.97090708,-12.93001652,-324.2608643,1439.266724,108.9000056,-2.416595459,-13.46575928,-2.652832031,51.96760273,-19.98406982,-36.05273438,-0.173410237,-0.966276955,-0.190362118,0.78345939,-0.301278226,-0.543528118,1.230757696,-0.160449829,-1.218720703,-0.061157227,-1.009396362,9.701367187,-15.41601563,236,0.041666667,0303040WB11,0.871934632,13.5474393,-32.92413762,111.0341785,10.17412707,100.8600514,111.0341785,100.8600514,103.5340766,111.0341785,111.0341785,1.230757696,1.310158958,0.871934632,0.837491395,,,41.66666667,58,14.9,35,C,3,0.020833333,0.549889156,-0.266317666,0.452567383,-0.163204622,-50.84084674,-31.54928524,2.066223969,3.763294548,-1.822606992,3.09725032,-1.116928852,-347.9411792,-215.9148836,14.1406851,30.6044095,-19.89611992,20.28374221,-5.757821109,-2312.290289,-2373.820931,143.1250427,303,40,100,WB11,Wind_success,11,W,1,Experienced,25,Head-On,TRUE,TRUE,-28.22103974,38.40261811,0.183333333,183.3333333,332.8966236,2.599559653,0.466666667,466.6666667,992.3154559,1.12862552,2.722195721,1.666335213,24.60110595,22.192645,469.2022214,7697.152381,18.24559516
0303040WB12_f237,-41.28846292,81.7341067,35.1980512,-15.60528564,-330.6063232,1423.486938,98.10251871,-4.78812027,-13.34173584,1.137084961,39.26721382,-21.97613525,-44.44482422,-0.336706851,-0.938208233,0.079961295,0.620853101,-0.347464217,-0.702716191,0.790136662,-0.256191902,-0.747033691,0.024946289,-3.564555359,6.374707031,-16.00839844,237,0.033333333,0303040WB12,0.905977663,29.79408015,-44.64533265,119.2338236,19.74219224,99.49163134,119.2338236,99.49163134,100.3046452,119.2338236,119.2338236,0.790136662,0.846534765,0.905977663,0.786322805,29.79408015,29.79408015,33.33333333,58,14.9,35,C,3,0.034375,0.332368438,-0.154156043,0.287336168,-0.064363185,-25.98720571,-15.9420735,0.651489288,2.274640837,-1.055002791,1.966452006,-0.440484453,-177.8494966,-109.103294,4.458618721,54.13668189,-45.78644816,19.57310528,-4.636719743,-1753.560187,-4163.085642,-54.8242134,303,40,103,WB12,Wind_success,12,W,1,Experienced,26,Head-On,TRUE,TRUE,25.64008453,45.02354007,0.275,275,419.2065232,2.723236934,0.466666667,466.6666667,883.6175149,0.896322954,2.99172212,1.485847371,29.79408015,24.26955619,469.2022214,7697.152381,18.24559516
0303040WB13_f237,6.107185037,86.20865881,33.076468,31.83311462,-326.2340088,1421.401123,92.53801002,-5.695152283,-12.81100464,-0.120849609,44.20861053,-28.73510742,-32.71911621,-0.406205119,-0.913741268,-0.008619564,0.7124263,-0.463069208,-0.527271919,1.32040822,-0.378972931,-1.264046631,0.045205078,11.06905518,1.166748047,-14.24179688,237,0.033333333,0303040WB13,1.844511525,22.79316131,-31.821314,123.0234216,23.9676144,99.05580724,123.0234216,99.05580724,106.3342023,123.0234216,123.0234216,1.32040822,1.367672124,1.844511525,2.068350382,22.79316131,23.440981,33.33333333,58,14.9,35,C,3,0.026041667,0.990836393,-0.370795464,0.825249344,-0.404018567,-113.9125443,-54.39442448,4.736176448,6.781019697,-2.537625145,5.647786146,-2.764995189,-779.5870352,-372.2609164,32.41312693,27.49767751,-11.27969486,22.04761738,-9.790485302,-3031.524129,-1676.349972,124.8352532,303,40,104,WB13,Wind_success,13,W,1,Experienced,27,Head-On,TRUE,TRUE,79.32117891,40.03674676,0.225,225,408.0946438,2.669618817,0.441666667,441.6666667,924.6383072,1.358585078,2.379846601,1.500732037,29.63109424,25.87866744,469.2022214,7697.152381,18.24559516
0304040MA01_f237,-7.587271361,47.37207413,35.36279653,10.62350559,-372.899231,1421.228638,59.60039826,-7.748982668,-13.12841797,-1.075683594,56.06847286,-12.64074707,-15.37573242,-0.50704466,-0.859041052,-0.070385965,0.942377149,-0.212460775,-0.258429348,1.042279243,0.032614975,-1.039848633,-0.063222656,-1.213233948,-0.143261719,4.797070313,237,0.033333333,0304040MA01,0.450679291,9.208775654,-14.9768856,102.7050287,30.55101523,72.15401346,102.7050287,72.15401346,104.5015286,102.7050287,102.7050287,1.042279243,1.044643043,0.450679291,0.625219593,,,33.33333333,58,15.7,37,L,1,0.484375,0.449266764,-0.393862597,-0.215468844,-0.016913212,10.68450448,-19.98426868,-1.485572765,2.917991104,-2.558140613,-1.39947181,-0.109851442,69.39593915,-129.7979794,-9.648806586,1.881107776,0.683487498,1.364141447,0.018498873,-173.3667812,16.11596025,-3.964421085,304,40,52,MA01,Wind_missed,1,M,1,Experienced,9,Failure,FALSE,FALSE,-25.37144148,39.37861186,0.166666667,166.6666667,276.8039309,2.773836743,0.366666667,366.6666667,760.0570694,1.051254145,3.352026807,1.608310756,30.4482918,22.86978211,524.3574213,7697.152381,19.0962492
0304040UA01_f194,-82.65527409,-207.032334,166.9189822,-64.2052002,-627.0813599,1552.631714,278.4891888,-4.774406433,12.3515625,-8.093505859,16.60814285,-56.88604736,-5.190795898,-0.307635353,0.79586381,-0.521499074,0.279185743,-0.956264258,-0.087258173,0.253243519,-0.136337128,-0.194802246,-0.087158203,-4.82980957,8.147460938,11.57167969,194,0.391666667,0304040UA01,0.892876762,,-5.005891294,163.7245928,158.8663539,4.858238893,163.7245928,4.858238893,128.7373982,163.7245928,163.7245928,0.253243519,0.334586346,0.892876762,0.854184315,,,391.6666667,58,15.7,37,L,1,0.009375,0.512852519,-0.430892874,-0.278016616,-0.007469849,19.00853811,-30.47092404,-1.587030869,3.330981074,-2.798652548,-1.805720067,-0.04851673,123.4606019,-197.9088871,-10.30777775,6.377950342,-5.339668331,-3.486052217,-0.001042496,249.8531498,-390.0971814,-18.69256707,304,40,42,UA01,Wind_Uturn,1,U,1,Experienced,1,U-Turn,TRUE,FALSE,94.65077448,30.27221547,0.791666667,791.6666667,217.227317,2.691506289,1.066666667,1066.666667,837.3263423,0.942120116,3.480828159,1.669357139,31.14608563,23.2093285,524.3574213,7697.152381,19.0962492
0304040UA02_f237,-90.66674388,-14.91180242,64.88867645,-72.48867798,-435.0397034,1450.623047,112.4871576,-0.481658936,-14.19152832,5.752563477,14.55075073,-57.84243774,-39.63085938,-0.031438468,-0.926298415,0.375476856,0.203192715,-0.807735779,-0.553421749,0.859753497,-0.188268127,0.778121338,-0.313461914,-3.230090332,3.430810547,4.195898438,237,0.033333333,0304040UA02,2.595656442,17.49675066,-33.60207743,165.8797503,1.943866395,163.9358839,165.8797503,163.9358839,-0.518805289,165.8797503,165.8797503,0.859753497,0.859753497,2.595656442,2.644655999,17.49675066,18.28925667,33.33333333,58,15.7,37,L,1,0.017708333,0.546668615,-0.446783164,-0.305000059,-0.078780345,13.5317501,-20.73035977,-1.052244008,3.550616879,-2.901860105,-1.980977739,-0.511678952,87.88882147,-134.6438469,-6.834332962,5.165528211,-3.831200507,-3.455979598,-0.107462153,174.0003242,-196.965045,-12.41244695,304,40,45,UA02,Wind_Uturn,2,U,1,Experienced,3,U-Turn,TRUE,FALSE,-103.7269007,37.01722211,0.841666667,841.6666667,436.1884593,3.006488494,0.766666667,766.6666667,246.4132652,0.902665539,5.079731042,1.911859923,31.2557578,23.34317586,524.3574213,7697.152381,19.0962492
0304040UA03_f210,-109.6196333,26.78533643,41.16417135,-91.41373444,-393.5325928,1427.036865,120.1183053,3.28012085,-14.48083496,-4.156494141,6.341773987,-55.14111328,-32.74707031,0.212739263,-0.939185567,-0.26957833,0.098406309,-0.855633364,-0.508141462,0.127861232,-0.113196716,0.005723877,0.059179688,5.905480957,-0.462744141,-2.796679688,210,0.258333333,0304040UA03,0.170043291,,-30.54011257,173.4392437,-12.76295645,186.2022002,173.4392437,186.2022002,80.5445051,173.4392437,173.4392437,0.127861232,0.182406999,0.170043291,,,,258.3333333,58,15.7,37,L,1,0.004166667,0.218401846,0.14261008,0.16454632,0.016918624,-4.931282412,4.774437855,1.487479926,1.418521677,0.926253574,1.06872962,0.109886591,-32.02871736,31.01001075,9.661193612,,,,,,,,304,40,55,UA03,Wind_Uturn,3,U,1,Experienced,11,U-Turn,TRUE,FALSE,-97.06903965,-22.96411859,2,2000,340.8989891,1.511170277,1.866666667,1866.666667,99.39546333,0.168573601,,,,,524.3574213,7697.152381,19.0962492
0304040UA04_f203,-87.00714914,-211.3185013,162.3373311,-68.76050568,-631.6072388,1548.138916,280.3197497,0.249259949,13.0803833,-7.849121094,5.36951828,-59.03326416,1.638793945,0.016337724,0.857352707,-0.514470032,0.090548966,-0.995508486,0.02763583,0.619677645,0.17874939,0.593283691,0.00796875,-8.885632324,9.810351562,-8.787304687,203,0.316666667,0304040UA04,1.108264242,20.55843792,1.58361807,174.8028201,-178.908303,353.7111231,174.8028201,353.7111231,-21.96411555,174.8028201,174.8028201,0.619677645,0.57633544,1.108264242,1.413843574,20.55843792,21.45515899,316.6666667,58,15.7,37,L,1,0.00625,0.645713532,-0.521156968,-0.38048739,0.023889895,20.35365354,-28.15518583,-0.714119448,4.193914381,-3.384918533,-2.471268535,0.155165056,132.197137,-182.8681495,-4.638211333,8.682202578,-7.049709269,-5.049786236,0.334664264,270.6487374,-382.4001109,-8.824853005,304,40,57,UA04,Wind_Uturn,4,U,1,Experienced,13,U-Turn,TRUE,FALSE,-89.09515497,52.41987242,0.9,900,501.998692,2.564693233,1,1000,731.1210979,0.92308283,3.243475989,1.52488153,31.55152686,23.87242571,524.3574213,7697.152381,19.0962492
0304040WA01_f237,-13.86621476,87.65752326,25.33038782,4.432562828,-332.4881897,1411.062988,92.29161307,,,,51.45877171,-10.16769409,-31.55603027,,,,0.840635456,-0.166100431,-0.515502353,1.39639933,0.021489601,-1.393275146,0.090849609,-0.473648071,14.66279297,5.765625,237,0.033333333,0304040WA01,2.795092564,24.66711247,-31.03103889,101.1770514,,,101.1770514,,102.0607001,101.1770514,101.1770514,1.39639933,1.5162828,2.795092564,2.737590641,24.66711247,24.66711247,33.33333333,58,15.7,37,L,1,0.040625,0.681569259,-0.272558745,0.480380485,-0.399353195,-71.51324737,-39.43850245,1.331923402,4.426797601,-1.770271157,3.120074962,-2.593802087,-464.4790942,-256.1533781,8.650852787,19.9020563,-6.311056141,14.57284819,-8.74351456,-2153.520743,-947.0824478,24.71696483,304,40,43,WA01,Wind_success,1,W,1,Experienced,2,Head-On,TRUE,TRUE,-6.522556488,32.43410539,0.133333333,133.3333333,271.0414936,2.530228648,0.325,325,690.6388147,1.37839048,2.737590641,1.547756182,30.71393525,24.7662214,524.3574213,7697.152381,19.0962492
0304040WA02_f234,-33.30727396,95.51836173,37.64594218,-15.1037693,-324.6698914,1423.39856,107.9367819,-5.503498077,-14.32763672,0.277832031,45.56209373,-5.325927734,-40.5135498,-0.358515548,-0.933348291,0.018098871,0.744461005,-0.0870229,-0.661970413,1.09444588,0.049908028,-1.086661377,0.120366211,3.873614502,1.359667969,9.10546875,234,0.058333333,0304040WA02,1.489401373,26.20880805,-41.45032135,96.66726555,21.01266356,75.65460199,96.66726555,75.65460199,99.29688997,96.66726555,96.66726555,1.09444588,1.099034199,1.489401373,1.162051958,26.20880805,27.3685192,58.33333333,58,15.7,37,L,1,0.036458333,0.441536807,-0.305905333,0.318228453,0.010360066,-39.83105735,-41.5111201,-0.642072807,2.867784971,-1.986857501,2.066896258,0.067288709,-258.7030252,-269.6150458,-4.170267844,32.35338967,-25.29199893,18.28690264,0.156398793,-2277.161836,-3313.207752,-41.19517899,304,40,46,WA02,Wind_success,2,W,1,Experienced,4,Head-On,TRUE,TRUE,-38.51175575,37.43588741,0.191666667,191.6666667,326.2351062,2.54655683,0.416666667,416.6666667,847.888316,0.884874162,2.318478653,1.406459851,29.74046525,22.16330109,524.3574213,7697.152381,19.0962492
0304040WA03_f182,-118.5410255,1045.723404,-47.95084816,-100.3603516,625.5786133,1337.77771,1053.512552,-5.363098145,-14.51849365,1.612915039,18.14808655,47.61804199,-23.10900879,-0.344645517,-0.932993135,0.103649779,0.324339026,0.851020261,-0.41299965,2.239317194,-0.246614685,-2.105639648,0.721113281,4.452868652,-6.556640625,6.055664063,182,0.491666667,0304040WA03,1.442544089,31.05988616,-24.39340796,20.86273755,20.27411389,0.588623664,20.86273755,0.588623664,14.18263031,20.86273755,20.86273755,2.239317194,2.176436025,1.442544089,1.622550851,31.05988616,30.68544749,491.6666667,58,15.7,37,L,1,0.05625,0.441657168,-0.315534668,0.308334378,-0.020708428,-37.62530353,-40.20997103,-0.966860896,2.86856672,-2.049400104,2.002634169,-0.134501399,-244.3766371,-261.1640725,-6.279768992,28.39514439,-16.44869499,21.53960757,-0.571344437,-2494.846256,-2071.267189,-6.07601084,304,40,47,WA03,Wind_success,3,W,1,Experienced,5,Head-On,TRUE,TRUE,-94.5441671,22.76394151,,,,2.430398044,0.425,425,910.1381733,1.388588647,2.414031723,1.189607959,30.68544749,25.119267,524.3574213,7697.152381,19.0962492
0304040WA04_f229,-41.96166239,104.5453967,40.5063806,-23.67990112,-315.5785217,1426.192383,119.7133575,-6.85587883,-13.48956299,-1.448974609,55.68313217,-19.16824341,-21.13659668,-0.45101449,-0.887411886,-0.095320901,0.889957988,-0.306357252,-0.33781654,1.015738207,0.012823334,-0.984770508,-0.248569336,-3.913412476,6.230126953,-10.53105469,229,0.1,0304040WA04,1.669724827,18.94169068,-19.7439016,108.9954035,26.94130748,82.05409604,108.9954035,82.05409604,109.7414468,108.9954035,108.9954035,1.015738207,1.050069937,1.669724827,1.275668653,18.94169068,,100,58,15.7,37,L,1,0.233333333,0.229102232,-0.228855483,0.009597579,0.004570273,-1.555140725,-26.86956162,-1.436008475,1.488020769,-1.486418128,0.062336349,0.029683961,-10.10065102,-174.5180103,-9.326886138,29.35851753,-26.17061331,10.57434781,0.779949678,-1341.716566,-3423.576763,-22.83312528,304,40,48,WA04,Wind_success,4,W,1,Experienced,6,Head-On,TRUE,TRUE,-136.939691,49.29471925,0.258333333,258.3333333,374.1892287,2.097014568,0.533333333,533.3333333,889.6101024,0.634991621,4.804472777,2.450310569,23.33302953,20.99352987,524.3574213,7697.152381,19.0962492
0304040WA05_f240,-72.84939599,62.0979023,39.08740948,-54.61812973,-358.1423645,1424.932495,103.3973382,-2.39169693,-15.21447754,0.417602539,37.57121849,-6.216552734,-50.81469727,-0.155234669,-0.987505711,0.027104769,0.591663529,-0.097896945,-0.800219006,1.289523157,0.616777496,-1.120821533,-0.16190918,1.586810303,4.427050781,-2.963671875,240,0.008333333,0304040WA05,1.701070216,24.56539633,-53.15102093,99.39506882,8.933715614,90.46135321,99.39506882,90.46135321,128.218642,99.39506882,99.39506882,1.289523157,1.312785385,1.701070216,1.602776959,24.56539633,23.93346073,8.333333333,58,15.7,37,L,1,0.019791667,0.539199952,-0.158829909,0.512206831,0.056158799,-47.89853031,-18.04814444,0.514096416,3.502107854,-1.031601488,3.326787323,0.364751831,-311.1013244,-117.2228376,3.339060191,33.31592471,-18.15663261,24.65563376,5.796764926,-2495.910818,-1973.007986,-58.40688303,304,40,50,WA05,Wind_success,5,W,1,Experienced,7,Head-On,TRUE,TRUE,-92.1999067,39.42730549,0.166666667,166.6666667,389.7641531,2.445690392,0.158333333,158.3333333,369.6807999,1.312785385,3.444633382,1.774750085,30.10065013,22.63557684,524.3574213,7697.152381,19.0962492
0304040WA06_f238,-30.43293455,79.70618651,25.1804686,-12.19274235,-340.5536194,1411.008667,88.95670673,-7.272631645,-13.21917725,0.340332031,44.36634541,-10.8380127,-37.39916992,-0.481902217,-0.875934755,0.022551226,0.75159064,-0.183601981,-0.633562801,1.145955771,0.058585167,-1.130471191,0.178374023,2.550791931,9.783544922,-5.908007812,238,0.025,0304040WA06,1.124215161,21.72261048,-39.31347141,103.7276232,28.81772868,74.90989454,103.7276232,74.90989454,106.6942469,103.7276232,103.7276232,1.145955771,1.233752137,1.124215161,1.022689244,21.72261048,21.43354489,25,58,15.7,37,L,1,0.046875,0.642208448,-0.211838773,0.601069742,-0.079190846,-72.97924617,-31.45444492,-1.554827324,4.171148832,-1.375894468,3.90395262,-0.514345156,-474.0007677,-204.2968628,-10.09861548,25.48057995,-8.334957347,22.92561182,-1.956335243,-2757.848608,-1192.414921,-51.12149472,304,40,51,WA06,Wind_success,6,W,1,Experienced,8,Head-On,TRUE,TRUE,-16.3920587,40.8731949,0.208333333,208.3333333,362.9720486,2.567720953,0.4,400,792.7610309,1.075795864,3.270077819,1.430606956,31.89293577,24.5646309,524.3574213,7697.152381,19.0962492
0304040WA07_f236,-39.49917803,90.8209886,35.53809307,-21.2643261,-329.4919434,1421.402222,105.221638,-7.780403137,-13.36917114,0.525024414,46.05839348,-24.14480591,-32.18945313,-0.502699543,-0.863795372,0.033922347,0.753084108,-0.394782975,-0.526318088,1.137417615,0.133273544,-1.112611084,-0.195073242,-3.078341675,-7.097607422,11.38183594,236,0.041666667,0304040WA07,2.127662538,22.51759175,-31.75701872,117.6645003,30.19795026,87.46655,117.6645003,87.46655,124.4951005,117.6645003,117.6645003,1.137417615,1.137417615,2.127662538,1.979251068,22.51759175,21.60290411,41.66666667,58,15.7,37,L,1,0.058333333,0.359985641,-0.239258524,0.263354399,0.054676142,-34.24012899,-31.91174352,-1.372104307,2.338109516,-1.55398596,1.710488859,0.355121962,-222.3899023,-207.2670207,-8.911828076,22.29115858,-14.88583515,15.62976724,2.129543534,-1946.785233,-1983.664706,-64.48678609,304,40,54,WA07,Wind_success,7,W,1,Experienced,10,Head-On,TRUE,TRUE,-70.20231422,48.16745147,0.266666667,266.6666667,482.9723181,2.339373606,0.491666667,491.6666667,951.6272899,1.203164584,2.368523645,1.349310888,32.92928638,23.21991292,524.3574213,7697.152381,19.0962492
0304040WA08_f239,-27.11786805,63.54509333,20.33279355,-8.77652359,-356.7964478,1406.183472,72.01930399,-8.419708252,-12.92434692,1.872802734,47.53781509,-16.73309326,-34.44213867,-0.541869332,-0.831775523,0.120528448,0.778774808,-0.274125167,-0.564238594,1.044790614,-0.032445145,-1.033461914,0.149970703,-5.307398987,8.771923828,1.06875,239,0.016666667,0304040WA08,2.223902322,21.3961217,-34.3494346,109.3918351,33.08267564,76.30915946,109.3918351,76.30915946,107.5936465,109.3918351,109.3918351,1.044790614,1.097120761,2.223902322,1.820504051,21.3961217,21.34386861,16.66666667,58,15.7,37,L,1,0.048958333,0.552048401,-0.317690723,0.430212064,-0.136921957,-53.94710735,-42.77910583,-1.171974015,3.585558631,-2.063403699,2.794230677,-0.889309166,-350.386879,-277.8506229,-7.611980282,21.4725875,-11.63525717,17.08095989,-4.214402031,-2142.800251,-1566.989282,-34.05010344,304,40,56,WA08,Wind_success,8,W,1,Experienced,12,Head-On,TRUE,TRUE,-0.940441213,42.29453433,0.225,225,391.2989268,2.391586204,0.425,425,809.2548975,1.044790614,3.744896151,1.902957322,26.94464492,21.69737569,524.3574213,7697.152381,19.0962492
0304040WA09_f237,-33.46146636,48.82867342,19.17937068,-15.15984535,-371.4447021,1404.979004,62.22344686,-6.774478912,-13.85281372,2.197021484,47.30981636,-15.13882446,-39.30871582,-0.4349224,-0.889352388,0.141049056,0.746860559,-0.238990378,-0.620550485,0.861895276,0.141796417,-0.84796875,0.060878906,-10.33917847,1.099072266,-4.674023438,237,0.033333333,0304040WA09,1.304307094,24.04544216,-38.35634494,107.7443236,26.06014526,81.68417837,107.7443236,81.68417837,117.2374296,107.7443236,107.7443236,0.861895276,0.892523258,1.304307094,1.224439521,24.04544216,22.5761934,33.33333333,58,15.7,37,L,1,0.017708333,0.631349962,-0.159469135,0.607731318,-0.061927492,-74.27434057,-20.17025966,-0.26255431,4.100622879,-1.035753263,3.947219606,-0.402219539,-482.4124159,-131.0059923,-1.705292271,18.42362671,-4.879905862,16.87142232,-1.500543586,-1992.932332,-684.4842276,-8.276821869,304,40,58,WA09,Wind_success,9,W,1,Experienced,14,Head-On,TRUE,TRUE,-62.50247608,41.80269724,0.208333333,208.3333333,341.3629309,2.610482836,0.333333333,333.3333333,638.1178146,0.871491202,2.981938938,1.63257203,32.95673122,22.12492796,524.3574213,7697.152381,19.0962492
0304040WB01_f224,-49.44480743,117.9836979,41.84651727,-31.17882347,-302.2312927,1427.647949,134.5959619,-5.111383438,-13.82571411,-4.36328125,55.07301712,-14.49984741,-15.46691895,-0.33250101,-0.899377627,-0.283836155,0.933238797,-0.245706897,-0.26209439,1.145332847,0.049097672,-1.139373779,0.105849609,20.24412231,16.51860352,-26.17734375,224,0.141666667,0304040WB01,2.991194943,20.67669625,-15.1943722,104.7503231,20.28941501,84.46090804,104.7503231,84.46090804,107.217775,104.7503231,104.7503231,1.145332847,1.317288295,2.991194943,3.250554647,20.67669625,21.04036273,141.6666667,58,15.7,37,L,1,0.0375,0.40039871,-0.29241602,0.27292591,-0.017984601,-30.82839369,-30.4855123,-0.62454803,2.600592716,-1.899244311,1.772655893,-0.116810125,-200.2306552,-198.0036379,-4.056444282,16.42011269,-11.25590639,10.90553324,-0.994303186,-1085.557954,-1129.652709,7.548971601,304,40,65,WB01,Wind_success,1,W,1,Experienced,15,Head-On,TRUE,TRUE,-48.07707235,37.12278434,0.283333333,283.3333333,347.5219442,2.597436407,0.491666667,491.6666667,792.047524,0.821615967,3.412572256,1.488759947,27.55914075,21.9579618,524.3574213,7697.152381,19.0962492
0304040WB02_f222,-67.60684739,222.1895205,25.35133413,-49.42695618,-198.0492706,1411.168579,233.6269654,-6.679347992,-14.17514038,0.045288086,53.31042027,-15.59939575,-15.84008789,-0.426249415,-0.904601063,0.002890105,0.922959797,-0.270071312,-0.274238399,1.654602355,0.082812195,-1.65241333,0.019526367,1.442834473,6.801416016,10.79648437,222,0.158333333,0304040WB02,2.790793815,24.65716488,-15.91663287,106.310235,25.22988572,81.08034926,106.310235,81.08034926,109.1792647,106.310235,106.310235,1.654602355,1.712007067,2.790793815,2.266846108,24.65716488,25.50653493,158.3333333,58,15.7,37,L,1,0.028125,0.396426948,-0.294192451,0.250583824,0.08839046,-24.76338454,-28.21098392,-1.673860944,2.574796089,-1.910782245,1.627543874,0.574096724,-160.8383739,-183.2305585,-10.87173977,25.78187278,-18.9427818,16.01425103,0.433673883,-1470.991186,-1732.068318,-32.29618717,304,40,67,WB02,Wind_success,2,W,1,Experienced,16,Head-On,TRUE,TRUE,-61.06515119,42.82398399,0.275,275,446.2424001,2.264820093,0.516666667,516.6666667,922.9470386,0.83424537,3.159877782,1.489413855,30.68133809,24.37357368,524.3574213,7697.152381,19.0962492
0304040WB03_f223,-66.93665728,230.7149806,54.4987704,-48.74324036,-189.5176544,1440.320435,246.3331775,-7.236476898,-13.55435181,-1.163574219,51.28208518,-10.21517944,-23.53723145,-0.469623006,-0.879631833,-0.075512052,0.894306398,-0.178142139,-0.410464914,1.748718679,-0.015089722,-1.73277832,-0.235092773,-0.168640137,-9.050976563,-4.927148438,223,0.15,0304040WB03,3.67428397,20.42621753,-24.2340433,101.2656243,28.0971285,73.16849578,101.2656243,73.16849578,100.7666825,101.2656243,101.2656243,1.748718679,1.726984362,3.67428397,3.817469225,20.42621753,21.17055444,150,58,15.7,37,L,1,0.025,0.52583265,-0.283035047,0.441390077,-0.039571923,-35.00434035,-24.97174794,-0.53667789,3.415287123,-1.83831482,2.866831962,-0.257019947,-227.353461,-162.1916958,-3.485727045,21.33264248,-13.29922677,15.35157051,-0.062565102,-1237.759883,-1191.400913,-14.921255,304,40,68,WB03,Wind_success,3,W,1,Experienced,17,Head-On,TRUE,TRUE,-67.88941233,42.35846916,0.241666667,241.6666667,404.8032672,2.220941848,0.425,425,765.9008414,0.926767011,3.817469225,1.941140512,31.21230573,22.5025839,524.3574213,7697.152381,19.0962492
0304040WB04_f229,-75.37974405,151.9015366,24.48936132,-57.1858902,-268.34729,1410.284668,171.3356689,-5.91217804,-14.23620605,-0.515014648,54.76689339,-11.55731201,-21.78466797,-0.38331926,-0.923012118,-0.033391253,0.91182517,-0.192420043,-0.362697377,1.37682738,0.019522705,-1.376246338,0.034907227,8.25737915,-2.116845703,12.49453125,229,0.1,0304040WB04,0.585617709,19.60669237,-21.26594386,101.9161437,22.55270562,79.36343807,101.9161437,79.36343807,102.7288569,101.9161437,101.9161437,1.37682738,1.37682738,0.585617709,0.386666538,19.60669237,,100,58,15.7,37,L,1,0.022916667,0.454493054,-0.141703794,0.427464597,-0.06130244,-33.51676534,-12.51867643,0.971395119,2.9519359,-0.92036724,2.776385862,-0.398159822,-217.6916499,-81.30890014,6.309218802,24.44152042,-10.95984723,19.18754449,0.098726156,-1577.513544,-1042.023856,67.45351701,304,40,69,WB04,Wind_success,4,W,1,Experienced,18,Head-On,TRUE,TRUE,-69.72707324,45.74529252,0.25,250,424.499408,2.446892389,0.45,450,843.5750537,1.028898461,3.679773829,1.71722721,30.39911093,23.16601248,524.3574213,7697.152381,19.0962492
0304040WB05_f225,-65.77021719,159.3218137,58.08842274,-47.59154129,-260.9446106,1443.897583,181.8885006,-6.912635803,-13.81271362,-1.796264648,53.21240187,-21.89450073,-13.50085449,-0.44454281,-0.888278031,-0.115515493,0.900328536,-0.370444541,-0.228428038,1.576820297,0.091271667,-1.574139404,0.010810547,-9.665441895,1.266064453,7.064648437,225,0.133333333,0304040WB05,1.792816771,22.36724636,-13.20454143,112.3649536,26.58588383,85.77906977,112.3649536,85.77906977,115.6833591,112.3649536,112.3649536,1.576820297,1.594701605,1.792816771,1.51521895,22.36724636,21.8738373,133.3333333,58,15.7,37,L,1,0.023958333,0.266314735,-0.206744752,0.167597157,0.009557097,-16.59082434,-22.43291954,0.26092841,1.729716258,-1.342808763,1.088544833,0.062073416,-107.7575323,-145.7019857,1.694732036,43.40307557,-38.83204829,13.48409497,0.4864841,-1424.789762,-4059.765274,18.84359367,304,40,70,WB05,Wind_success,5,W,1,Experienced,19,Head-On,TRUE,TRUE,-75.52683032,46.8563478,0.3,300,504.4819416,2.527000762,0.425,425,779.9839702,0.790726315,2.962191331,1.52526445,28.06076785,23.47909267,524.3574213,7697.152381,19.0962492
0304040WB06_f232,-68.00057875,87.69087435,34.86487961,-49.79311371,-332.5742798,1420.696533,116.3156395,-6.772125244,-13.66741943,-1.60925293,50.21697545,-9.001617432,-35.02355957,-0.441530201,-0.891090793,-0.104920353,0.811491275,-0.14546344,-0.565970227,0.88951958,-0.102167816,-0.883308105,-0.023950195,-1.715020752,5.964697266,-11.20078125,232,0.075,0304040WB06,1.44768561,21.6161233,-34.46969278,100.1625933,26.35814241,73.8044509,100.1625933,73.8044509,93.56479639,100.1625933,100.1625933,0.88951958,0.939708507,1.44768561,1.272036108,21.6161233,19.95322356,75,58,15.7,37,L,1,0.028125,0.431796635,-0.32997888,0.277271218,0.026133203,-25.7018736,-27.26330797,-1.680664802,2.804522479,-2.143215375,1.800878702,0.169735357,-166.9338676,-177.0753959,-10.91593087,21.97583427,-16.01414261,14.42713314,-0.808300518,-1148.320548,-1401.281922,-85.31076923,304,40,71,WB06,Wind_success,6,W,1,Experienced,20,Head-On,TRUE,TRUE,-76.08720672,44.84439635,0.258333333,258.3333333,375.2703862,2.227918663,0.55,550,970.6866882,0.848019966,3.211126796,1.646358036,27.06784503,21.98279013,524.3574213,7697.152381,19.0962492
0304040WB07_f234,-97.49912865,94.49488996,19.36483637,-79.3098526,-325.8079529,1405.072144,137.1508702,-1.47618103,-15.1078186,1.569091797,48.53784752,5.015960693,-37.41918945,-0.096731223,-0.989985467,0.102819481,0.7893347,0.081570816,-0.608520282,1.239406824,0.318251038,-1.180294189,0.204331055,-3.738867187,-3.221630859,17.21777344,234,0.058333333,0304040WB07,1.38258598,23.95774208,-37.48258647,84.09992749,5.5806409,78.51928659,84.09992749,78.51928659,99.19011806,84.09992749,84.09992749,1.239406824,1.227670317,1.38258598,0.524289099,23.95774208,,58.33333333,58,15.7,37,L,1,0.021875,0.457277657,-0.168708279,0.408877398,0.116015713,-34.70984818,-17.45539606,-0.127539283,2.970021913,-1.095761575,2.655661856,0.753522953,-225.4407321,-113.3729322,-0.828368625,27.73794125,-17.50082385,17.83879962,3.204309322,-1520.443346,-1535.302649,-47.29754784,304,40,72,WB07,Wind_success,7,W,1,Experienced,21,Head-On,TRUE,TRUE,-123.5420859,38.12913879,0.25,250,483.0582184,2.430921274,0.225,225,422.9472696,1.07658432,4.079206741,1.922246107,26.19168913,22.18714052,524.3574213,7697.152381,19.0962492
0304040WB08_f228,-70.62773805,174.0711517,40.77068939,-52.44673157,-246.2359924,1426.563599,192.2271894,-6.345306396,-13.89993286,-1.95715332,52.76970086,-16.86688232,-18.49572754,-0.411910023,-0.902323908,-0.127049983,0.903502691,-0.288788326,-0.316676792,1.61942935,0.031252441,-1.617952881,-0.061669922,-2.320092773,9.511303711,-8.063085937,228,0.108333333,0304040WB08,1.185356153,36.02907236,-18.46206993,107.7255406,24.53665354,83.18888707,107.7255406,83.18888707,108.8321305,107.7255406,107.7255406,1.61942935,1.65649872,1.185356153,1.47758593,,,108.3333333,58,15.7,37,L,1,0.035416667,0.339237316,-0.235730698,0.243732956,0.010355718,-21.42233982,-21.53942688,-1.21418767,2.203348988,-1.531072705,1.58304743,0.06726047,-139.1382627,-139.898744,-7.8861583,28.15147661,-20.63455634,15.40060699,-1.380737647,-1369.426098,-1925.300492,-97.83010033,304,40,73,WB08,Wind_success,8,W,1,Experienced,22,Head-On,TRUE,TRUE,-77.67386057,48.14014244,0.266666667,266.6666667,483.9944682,2.547399321,0.433333333,433.3333333,850.315978,1.009026979,3.0953792,1.651535909,31.82545544,23.22630207,524.3574213,7697.152381,19.0962492
0304040WC01_f231,-133.3109689,165.689709,45.53289286,-115.1138382,-254.5390167,1431.310791,217.4813519,-1.97568512,-15.01402283,-1.038696289,51.9142952,-5.220413208,-27.90466309,-0.130158809,-0.989128943,-0.068429666,0.877384289,-0.088228272,-0.471606383,1.919583845,0.293973083,-1.896782227,-0.024477539,8.186352539,5.44284668,7.198242187,231,0.083333333,0304040WC01,0.641474516,28.63986413,-28.13862096,95.74226283,7.496442078,88.24582076,95.74226283,88.24582076,104.5521651,95.74226283,95.74226283,1.919583845,1.9570395,0.641474516,0.641474516,28.63986413,,83.33333333,58,15.7,37,L,1,0.028125,0.667346879,-0.242403348,0.619230626,0.056088365,-36.11668014,-17.38413596,0.719016721,4.334423132,-1.574411621,4.021907701,0.364294365,-234.5781165,-112.9100973,4.670019159,28.80837313,-14.02542188,22.85338208,2.932779319,-1370.799561,-980.7216781,-3.634587503,304,40,81,WC01,Wind_success,1,W,1,Experienced,23,Head-On,TRUE,TRUE,-114.2661596,33.6272899,0.191666667,191.6666667,432.0054835,2.598707221,0.375,375,835.9116961,1.434143459,3.482061448,1.519524049,25.71660672,20.9257956,524.3574213,7697.152381,19.0962492
0304040WC02_f226,-113.7146812,213.7996459,56.01571706,-95.48213196,-206.4091949,1441.808594,248.5539738,-5.252861023,-14.42955017,-1.532226563,53.90845871,-1.401947021,-26.81982422,-0.340383598,-0.935029918,-0.099287757,0.895075704,-0.023277399,-0.44530624,1.808765708,0.02513031,-1.804383545,-0.123295898,-6.507641602,-5.57644043,-4.505273438,226,0.125,0304040WC02,2.775652363,20.63478447,-26.44293356,91.48970214,20.00327569,71.48642645,91.48970214,71.48642645,92.28762984,91.48970214,91.48970214,1.808765708,1.808765708,2.775652363,2.488305861,20.63478447,20.38247902,125,58,15.7,37,L,1,0.029166667,0.544298015,-0.263537543,0.472150991,-0.062303568,-20.73072977,-13.70330138,1.359224063,3.535219814,-1.711678376,3.066624335,-0.404662157,-134.64625,-89.00304832,8.828170788,46.97776464,-36.41379022,22.21883268,-0.916950963,-979.8447869,-1610.616223,105.3264889,304,40,84,WC02,Wind_success,2,W,1,Experienced,24,Head-On,TRUE,TRUE,-86.86421056,42.43593218,0.258333333,258.3333333,491.8364234,2.319034956,0.491666667,491.6666667,962.1817917,1.124688539,3.044778551,1.689608249,25.46147029,21.71731804,524.3574213,7697.152381,19.0962492
0304040WC03_f227,-133.6645989,181.9941201,39.75558497,-115.4347687,-238.2072601,1425.526489,229.2784143,-1.926902771,-15.3168335,0.051757813,54.90552521,0.121368408,-19.94628906,-0.124818404,-0.992173939,0.0033527,0.939897769,0.00207764,-0.341449654,1.763612174,0.424406433,-1.708709106,-0.102568359,9.455273438,-2.147607422,5.222460937,227,0.116666667,0304040WC03,1.023278217,10.07854531,-19.96521947,89.87334815,7.170309482,82.70303867,89.87334815,82.70303867,103.8221128,89.87334815,89.87334815,1.763612174,1.763612174,1.023278217,1.428710688,,,116.6666667,58,15.7,37,L,1,0.026041667,0.649030181,-0.356596294,0.542206906,0.009535691,-32.94888287,-24.25556792,0.190535091,4.215456039,-2.316095684,3.521638046,0.061934388,-214.0032488,-157.540101,1.237526888,25.02485181,-15.11088923,19.08835808,-0.449793528,-1179.046562,-1025.786352,27.18154913,304,40,85,WC03,Wind_success,3,W,1,Experienced,25,Head-On,TRUE,TRUE,-120.0326496,46.86099416,0.25,250,499.8088069,2.358842691,0.225,225,442.1862033,1.121549403,4.598332872,1.967434481,31.76695412,24.22884089,524.3574213,7697.152381,19.0962492
0304040WC04_f234,-51.85603037,105.1140982,30.89878591,-33.61092377,-315.0862427,1416.671753,121.2136812,-6.49312973,-14.11212158,-1.118652344,51.7710247,-12.76828003,-22.67932129,-0.416908572,-0.9061061,-0.071826033,0.89345157,-0.220351826,-0.391394131,1.306402769,-0.134659882,-1.297470703,0.071586914,-9.011508179,13.43803711,-3.766992187,234,0.058333333,0304040WC04,0.90084132,24.53349552,-23.04127413,103.854363,24.70763676,79.14672624,103.854363,79.14672624,97.92905161,103.854363,103.854363,1.306402769,1.414465975,0.90084132,0.56323874,24.53349552,,58.33333333,58,15.7,37,L,1,0.025,0.434753827,-0.207328327,0.377803767,-0.057359995,-37.59785559,-22.63110725,0.454769619,2.823729466,-1.346599084,2.453838383,-0.372553612,-244.1983626,-146.9892164,2.953732188,27.46083085,-19.39766797,15.96424023,-3.188174085,-1583.352084,-2026.017247,-51.64212761,304,40,86,WC04,Wind_success,4,W,1,Experienced,26,Head-On,TRUE,TRUE,-47.07246816,38.9938102,0.158333333,158.3333333,274.123312,2.533167325,0.425,425,824.8839625,1.099453747,2.870749842,1.808591229,25.52289915,20.68296591,524.3574213,7697.152381,19.0962492
0304040WC05_f225,-50.59774539,147.0798178,37.1359993,-32.41090775,-273.1233826,1423.008057,159.9114977,-7.483337402,-13.31518555,-1.932861328,54.08989143,-16.9118042,-12.82495117,-0.486063768,-0.864858673,-0.125544768,0.930897181,-0.291055324,-0.220719816,1.318641504,-0.278413467,-1.288015137,-0.048149414,-9.193551636,3.486181641,6.27890625,225,0.133333333,0304040WC05,1.883056192,22.48807528,-12.75131476,107.3624327,29.33665095,78.02578172,107.3624327,78.02578172,95.16520616,107.3624327,107.3624327,1.318641504,1.336219656,1.883056192,1.32700025,22.48807528,21.59827381,133.3333333,58,15.7,37,L,1,0.021875,0.39343847,-0.283109105,0.249831909,-0.110576135,-17.77592125,-23.28833979,-1.423260166,2.555385901,-1.838795821,1.62266018,-0.718192853,-115.4547459,-151.2579469,-9.244085774,56.86738347,-51.68496345,17.06326078,-2.422616085,-1384.796139,-4420.766351,-166.8492587,304,40,87,WC05,Wind_success,5,W,1,Experienced,27,Head-On,TRUE,TRUE,-55.76914317,43.85698844,0.283333333,283.3333333,401.4679564,2.556624491,0.433333333,433.3333333,734.0660111,0.797835439,2.6911746,1.354333539,31.25043448,24.38853534,524.3574213,7697.152381,19.0962492
0305040PA01_f240,15.16901574,37.11344454,30.41739255,33.48579788,-383.3068237,1416.008301,50.32618179,-8.07159996,-12.980896,3.106079102,34.30387497,-28.23519897,-53.26342773,-0.517471801,-0.832207698,0.199131319,0.494568702,-0.407074878,-0.767913955,5.22776512,-1.54564682,-4.856425781,1.164316406,-131.7153076,-442.9204102,99.74707031,240,0.008333333,0305040PA01,0.838166592,26.02626585,-50.16693166,129.457477,31.87359981,97.58387719,129.457477,97.58387719,111.8028486,129.457477,129.457477,,,0.838166592,0.794204,26.02626585,28.81923271,8.333333333,59,14.2,37,L,1,0.347916667,0.191015638,-0.17647167,-0.070892829,-0.017858622,6.295770783,-16.30508725,-0.145552879,1.371702412,-1.267260724,-0.509088499,-0.128244549,45.21056015,-117.0884636,-1.045229792,4.640035976,-0.970033586,4.229822181,-0.84952198,-581.2059758,-198.7375896,-14.35511235,305,40,45,PA01,Wind_Near-miss,1,P,1,Experienced,1,Pivot,TRUE,FALSE,78.50596632,13.90649313,0.133333333,133.3333333,190.045298,2.797802189,0.491666667,491.6666667,1041.439265,,3.766555412,2.154293346,28.81923271,23.73405578,524.3574213,7964.859524,16.72710227
0305040UA01_f113,28.04993601,-198.8591023,157.1990679,46.41094589,-619.2633057,1542.779785,255.0358572,7.951934814,-12.37426758,3.96105957,38.60319901,-61.7902832,-21.02185059,0.52201862,-0.812330362,0.260030659,0.509076641,-0.814854484,-0.277223996,1.044712499,-0.223375397,0.905148926,-0.471416016,-0.513446045,-4.836621094,15.59707031,113,1.066666667,0305040UA01,4.081831593,21.31507799,-16.09459374,148.0051053,-32.72555536,180.7306607,148.0051053,180.7306607,-18.13225846,148.0051053,148.0051053,1.044712499,1.079671174,4.081831593,3.710642443,21.31507799,20.99617216,1066.666667,59,14.2,37,L,1,0.153125,0.166147538,-0.164371996,0.016688025,-0.017560217,-1.84177984,-8.301551759,-0.134729946,1.193122101,-1.180371754,0.119838375,-0.126101678,-13.22600538,-59.61427409,-0.967509231,24.9805253,-10.87478962,18.72994312,-3.895999464,-1896.523895,93.52249746,52.23353016,305,40,47,UA01,Wind_Uturn,1,U,1,Experienced,2,U-Turn,TRUE,FALSE,-83.83495938,,1.725,1725,83.71180703,2.574697207,1.908333333,1908.333333,457.9896387,0.009415418,4.222930686,2.388873117,28.27829233,20.53471163,524.3574213,7964.859524,16.72710227
0305040WA01_f211,-94.53204046,230.4087161,44.17374547,-76.15882111,-189.973938,1429.74585,252.9343846,-1.098480225,-14.86862183,3.866210938,58.75364685,-23.55892944,-27.94897461,-0.071319336,-0.965352141,0.251015531,0.849083752,-0.340464044,-0.403907187,1.297964575,0.236743469,-1.26684082,0.154204102,2.455444336,2.827441406,-10.7296875,211,0.25,0305040WA01,1.810119442,20.26940316,-23.82266398,111.8497076,4.225283742,107.6244238,111.8497076,107.6244238,122.4348785,111.8497076,111.8497076,1.297964575,1.330889529,1.810119442,1.574497384,20.26940316,19.58461049,250,59,14.2,37,L,1,0.0125,0.250171098,-0.116340998,0.216502751,-0.046657362,-14.88542555,-8.639213404,0.337897718,1.796503697,-0.835456349,1.554727925,-0.33505119,-106.8937307,-62.03905617,2.426477336,12.47927734,-8.80173939,6.990542859,-0.396570332,-484.0551194,-642.0292747,-51.05621167,305,40,48,WA01,Wind_success,1,W,1,Experienced,3,Head-On,TRUE,TRUE,-79.99295367,47.44887781,0.4,400,488.3642284,2.406073342,0.616666667,616.6666667,936.1840822,0.57737363,3.452145332,1.764681635,26.57074788,21.14784494,524.3574213,7964.859524,16.72710227
0305040WA02_f215,-75.3746883,189.2653208,46.51496836,-56.89808655,-231.1217346,1432.064575,208.9649435,-2.698806763,-15.1559906,1.845336914,60.68543196,-22.98434448,-21.30688477,-0.174064815,-0.977515223,0.119018609,0.888503858,-0.336516988,-0.311957066,1.235645533,0.142057343,-1.225123901,0.075571289,-8.481115723,2.490380859,-10.51875,215,0.216666667,0305040WA02,0.583423847,4.6413297,-18.17721204,110.7439652,10.09675226,100.647213,110.7439652,100.647213,117.3580714,110.7439652,110.7439652,1.235645533,1.274405107,0.583423847,1.005521097,,,216.6666667,59,14.2,37,L,1,0.042708333,0.222595072,-0.202093651,0.091896451,0.016179149,-9.001084867,-17.50341826,-1.068761782,1.598477493,-1.451254732,0.659917613,0.116184091,-64.63769136,-125.6937985,-7.674885333,13.2546884,-8.774804199,8.462627474,-0.842309665,-721.0312967,-791.5109323,-25.07883214,305,40,49,WA02,Wind_success,2,W,1,Experienced,4,Head-On,TRUE,TRUE,-46.03838712,43.26875511,0.375,375,459.1388449,2.368671088,0.575,575,860.2030567,0.703476193,4.588487491,1.626770834,25.02229755,21.37922667,524.3574213,7964.859524,16.72710227
0305040WA03_f222,-56.67640737,149.4794223,47.3765831,-38.22974777,-270.9082031,1432.935181,166.7358793,-2.327049255,-15.27545166,0.575073242,60.90094185,-16.52362061,-22.20727539,-0.150497452,-0.987910568,0.03719176,0.910378036,-0.247003426,-0.331965568,1.018359624,0.108561859,-1.012489014,-0.011689453,7.018560791,-1.616967773,-7.447851562,222,0.158333333,0305040WA03,1.250908507,20.70139683,-19.38812097,105.1800232,8.661794427,96.51822874,105.1800232,96.51822874,111.3000524,105.1800232,105.1800232,1.018359624,1.018359624,1.250908507,1.244837375,20.70139683,20.54804898,158.3333333,59,14.2,37,L,1,0.069791667,0.314243938,-0.259772227,0.166413014,-0.059785877,-14.61084395,-26.44144597,-2.004352063,2.256617171,-1.865450365,1.195028513,-0.429328366,-104.9219328,-189.8786701,-14.39345278,24.44600596,-19.00303585,11.5298625,-1.896158236,-1111.252547,-1960.905632,-124.662994,305,40,50,WA03,Wind_success,3,W,1,Experienced,5,Head-On,TRUE,TRUE,-61.03952622,44.61699288,0.325,325,406.1136491,2.392043511,0.6,600,966.3012936,0.587235546,3.264007037,1.399645221,27.29738224,21.999892,524.3574213,7964.859524,16.72710227
0305040WA04_f232,-81.45400719,121.6905715,31.50888163,-63.01338959,-298.6858826,1417.077759,149.7870491,-1.114120483,-15.1373291,2.113769531,51.46000862,-3.659729004,-44.05895996,-0.072700719,-0.987769934,0.13793173,0.758512371,-0.053943825,-0.649422087,0.86922657,0.046718445,-0.861606445,0.104912109,10.55132446,10.15004883,-2.729882812,232,0.075,0305040WA04,3.463949237,21.43414764,-40.49804385,94.06790798,4.209428812,89.85847916,94.06790798,89.85847916,97.17158837,94.06790798,94.06790798,0.86922657,0.955652361,3.463949237,3.216778131,21.43414764,21.40940041,75,59,14.2,37,L,1,0.036458333,0.309387587,-0.191336075,0.242818994,0.012252411,-18.59437323,-15.53718526,-1.465207323,2.221743231,-1.374003506,1.743707501,0.087985792,-133.5280553,-111.5740825,-10.52180044,43.15805281,-35.06084206,17.37679313,-0.479100207,-1347.964357,-2576.108393,-122.6042345,305,40,52,WA04,Wind_success,4,W,1,Experienced,6,Head-On,TRUE,TRUE,-83.07020946,40.58236909,0.316666667,316.6666667,467.8099546,2.168305573,0.608333333,608.3333333,1016.460876,0.967065859,3.730170721,2.284711679,27.49119981,23.44293133,524.3574213,7964.859524,16.72710227
0305040WA05_f235,-65.8490754,79.90041173,40.99591904,-47.44004822,-340.4751282,1426.579346,111.3590675,-3.690876007,-14.85635376,1.009155273,51.86296272,-18.93197632,-38.71618652,-0.240585981,-0.96839624,0.065780755,0.76911034,-0.280754858,-0.574148059,0.738996262,0.067598877,-0.695793457,-0.239619141,10.9772644,-2.032910156,0.230273438,235,0.05,0305040WA05,1.491730075,23.13921267,-35.03999207,110.0540269,13.95195629,96.10207063,110.0540269,96.10207063,115.6031061,110.0540269,110.0540269,0.738996262,0.738996262,1.491730075,0.734767526,23.13921267,,50,59,14.2,37,L,1,0.025,0.378203666,-0.178443211,0.324887669,-0.075126799,-28.26765643,-18.42057012,0.421912571,2.71591838,-1.28141856,2.333050868,-0.539493065,-202.9928702,-132.2799578,3.029796401,14.48427104,-7.903005064,11.38181135,-1.062920988,-1029.863746,-786.849043,4.923198481,305,40,53,WA05,Wind_success,5,W,1,Experienced,7,Head-On,TRUE,TRUE,-95.22481949,45.91970578,0.375,375,523.9349223,2.009494725,0.391666667,391.6666667,552.5208548,0.850369884,3.828076771,2.38382591,29.38878462,21.61550241,524.3574213,7964.859524,16.72710227
0305040WA06_f232,-31.34466806,97.22682126,22.94584394,-12.93446159,-323.1921692,1408.591553,104.6998316,-3.664518356,-14.89471436,2.466186523,51.97559547,-25.74230957,-33.0222168,-0.235874665,-0.958730566,0.15874144,0.778745089,-0.38569442,-0.494768533,0.790785674,-0.033727684,-0.776762695,0.144375,14.36467896,-0.909667969,8.426953125,232,0.075,0305040WA06,2.816571911,22.18152492,-29.65448832,116.3481495,13.82185796,102.5262915,116.3481495,102.5262915,113.8618807,116.3481495,116.3481495,0.790785674,0.790785674,2.816571911,2.469818208,22.18152492,22.32929702,75,59,14.2,37,L,1,0.0375,0.323739324,-0.225951809,0.231506337,-0.012559703,-27.63061061,-27.83242881,-0.895361144,2.324804491,-1.622582555,1.662470177,-0.090192487,-198.4181804,-199.8674571,-6.42967799,15.47234207,-10.59003483,10.50593774,-0.805972076,-1247.549685,-1278.20365,-32.71177612,305,40,54,WA06,Wind_success,6,W,1,Experienced,8,Head-On,TRUE,TRUE,-39.92100288,43.53509591,0.316666667,316.6666667,433.8769138,2.384236214,0.583333333,583.3333333,994.6901614,0.802483551,4.624540733,2.353456531,24.6738887,21.5273616,524.3574213,7964.859524,16.72710227
0305040WA07_f238,-67.42620666,67.17367528,-10.14759293,-48.94878769,-353.1849976,1375.405762,95.71608871,-3.200908661,-10.48370361,11.04589844,27.99373436,-19.08639526,-52.75793457,-0.205691781,-0.67368735,0.709814233,0.446468243,-0.304406309,-0.841429086,0.971556208,-0.073034363,-0.853421631,0.458540039,-6.317852783,-6.853271484,9.156445313,238,0.025,0305040WA07,0.324881809,-5.856100042,-57.29133671,124.2865391,16.97859996,107.3079392,124.2865391,107.3079392,119.395182,124.2865391,124.2865391,0.971556208,0.919504237,0.324881809,0.655328279,,,25,59,14.2,37,L,1,0.08125,0.284759176,-0.172747562,0.224033019,-0.03248499,-17.35992468,-14.6095579,-0.479740186,2.044884145,-1.240517535,1.608803531,-0.233277965,-124.6633567,-104.9126976,-3.445062291,6.550306529,-1.632565037,6.049892852,-0.509765092,-453.2597121,-146.9534584,-3.540565402,305,40,55,WA07,Wind_success,7,W,1,Experienced,9,Head-On,TRUE,TRUE,-79.26682828,43.1988335,0.325,325,448.9567284,1.69270461,0.383333333,383.3333333,537.9890657,0.971556208,4.702903151,1.821292888,27.86639777,23.79099423,524.3574213,7964.859524,16.72710227
0305040WA08_f226,-85.31130463,161.4596931,55.04889069,-66.80928802,-258.9066162,1440.598511,190.7292101,-1.646575928,-15.20803833,0.611083984,58.71125698,-17.58786011,-27.70153809,-0.107555251,-0.99339748,0.039916344,0.87291817,-0.261496065,-0.411866091,1.321440044,0.230758667,-1.296040649,-0.11503418,14.24893799,2.584643555,2.599804688,226,0.125,0305040WA08,1.208097493,20.80715424,-24.32211376,106.6763958,6.179349526,100.4970463,106.6763958,100.4970463,116.7720537,106.6763958,106.6763958,1.321440044,1.329379529,1.208097493,0.766294102,20.80715424,,125,59,14.2,37,L,1,0.023958333,0.338359367,-0.182168651,0.265585,-0.103760551,-22.83767315,-16.39162952,1.427667969,2.429792484,-1.308171315,1.907192467,-0.745114903,-163.9996167,-117.7099323,10.25222658,19.13067499,-12.24056115,12.54693326,-0.878911914,-1122.84919,-1122.021633,142.1259288,305,40,56,WA08,Wind_success,8,W,1,Experienced,10,Head-On,TRUE,TRUE,-95.97810819,45.08575429,0.325,325,502.9692877,2.083758848,0.433333333,433.3333333,701.7180161,0.927766615,4.293855583,2.039812491,26.84626482,21.02673944,524.3574213,7964.859524,16.72710227
0305040WB01_f221,-28.58859293,173.9813713,35.41584273,-10.26242447,-246.4563599,1421.091187,179.8363342,-5.133226395,-14.8347168,2.432128906,59.32751846,-19.74862671,-18.30541992,-0.323148733,-0.933880483,0.153108263,0.910594353,-0.303113773,-0.280962569,1.459978735,0.007134476,-1.44928894,0.176206055,12.42170563,-0.294213867,-0.465820312,221,0.166666667,0305040WB01,0.531653897,6.445858521,-16.31766223,108.4112928,19.08704941,89.32424339,108.4112928,89.32424339,108.6933429,108.4112928,108.4112928,1.459978735,1.461183926,0.531653897,0.70082821,,,166.6666667,59,14.2,37,L,1,0.021875,0.248644717,-0.113725852,0.220969672,-0.007939148,-25.68996634,-17.08627356,-0.349267035,1.7855426,-0.816676726,1.586805329,-0.057011814,-184.4822196,-122.6982406,-2.508121538,14.0203254,-8.703453887,9.909489161,-0.907596687,-1131.038857,-1116.639281,-38.88115177,305,40,64,WB01,Wind_success,1,W,1,Experienced,11,Head-On,TRUE,TRUE,-24.53674035,39.00627345,0.258333333,258.3333333,330.9709953,2.601934238,0.45,450,765.9702584,0.609678854,3.827136357,1.786312658,28.66528804,22.02889217,524.3574213,7964.859524,16.72710227
0305040WB02_f240,-65.7142639,64.68273608,4.306877899,-47.25408554,-355.6921692,1389.874146,92.30801712,-0.81772995,-13.64190674,7.015991211,34.90769482,-16.75134277,-55.38867188,-0.053230314,-0.888022962,0.456707513,0.516538658,-0.247874177,-0.819601249,1.536473409,0.107781372,-1.43477417,0.539033203,9.005548096,3.808740234,-13.14316406,240,0.008333333,0305040WB02,0.517179742,,-55.04489711,115.6352017,3.430347474,112.2048542,115.6352017,112.2048542,119.9312371,115.6352017,115.6352017,1.536473409,1.603858926,0.517179742,0.326219353,,,8.333333333,59,14.2,37,L,1,0.033333333,0.993972526,-0.024948495,0.986882762,-0.11585063,-86.73089694,-2.992216607,-1.257019872,7.137816197,-0.179157636,7.086903894,-0.831934972,-622.823252,-21.48740695,-9.026785521,28.5764324,-0.843871597,27.56269154,-2.544407712,-2372.221347,-125.1526749,-25.97677068,305,40,65,WB02,Wind_success,2,W,1,Experienced,12,Head-On,TRUE,TRUE,-35.9401641,28.40159907,0.15,150,319.9336008,2.440363335,0.358333333,358.3333333,767.2329872,1.603858926,4.512574648,2.212324229,31.02419117,24.02660144,524.3574213,7964.859524,16.72710227
0305040WB03_f217,-62.28417584,274.4153098,44.7364001,-43.83817291,-145.9755707,1430.336792,284.9288092,-1.46434021,-15.15597534,2.121826172,56.16463852,-13.36193848,-34.55480957,-0.095249819,-0.985839152,0.138016806,0.834748532,-0.198592189,-0.513571836,1.392592953,-0.039034424,-1.389884033,0.077548828,-1.804064941,5.43416748,-0.355078125,217,0.2,0305040WB03,1.312183894,24.05654169,-30.90204224,103.3822693,5.518674513,97.86359475,103.3822693,97.86359475,101.7735595,103.3822693,103.3822693,1.392592953,1.437625442,1.312183894,1.38920311,24.05654169,22.45795408,200,59,14.2,37,L,1,0.011458333,0.474616069,-0.303186836,0.341414775,-0.129514891,-27.42828827,-23.94038807,0.687833937,3.408265496,-2.177215013,2.451733672,-0.930059394,-196.9652834,-171.918323,4.939404349,22.23470902,-14.4454405,14.93050032,-2.207203676,-1161.897933,-1188.126095,59.4986232,305,40,66,WB03,Wind_success,3,W,1,Experienced,13,Head-On,TRUE,TRUE,-46.95165972,44.12387609,0.3,300,439.6949981,2.426951489,0.491666667,491.6666667,839.3662498,1.008018322,3.66542576,1.459660359,28.70444539,23.15438361,524.3574213,7964.859524,16.72710227
0305040WB04_f215,-42.48413582,350.5988374,1.189919027,-24.06276131,-69.80504608,1386.842407,353.1654888,-1.329748154,-14.92971802,4.471923828,35.65263367,23.16209793,-46.12756348,-0.085013014,-0.954481737,0.285897538,0.568329502,0.369221071,-0.735307676,1.878053515,-0.118162994,-1.861629181,0.217851563,6.209390259,12.17697144,-8.915625,215,0.216666667,0305040WB04,1.132267932,,-47.33322068,56.98982019,5.089743982,51.90007621,56.98982019,51.90007621,53.35796329,56.98982019,56.98982019,1.878053515,1.974531287,1.132267932,1.736916717,,,216.6666667,59,14.2,37,L,1,0.025,0.388624804,-0.222876786,0.315083553,-0.04557994,-36.50027242,-22.90347259,0.109724806,2.790753612,-1.600500508,2.26264653,-0.32731411,-262.1121096,-164.4721291,0.787944817,34.00575842,-27.19296948,15.94538747,-3.487923455,-1663.823044,-2783.734719,63.90470891,305,40,68,WB04,Wind_success,4,W,1,Experienced,14,Head-On,TRUE,TRUE,-21.74328841,15.01064837,0.216666667,216.6666667,353.1654888,2.414109484,0.45,450,831.0184072,,4.271409624,1.892028154,27.72893833,23.42601397,524.3574213,7964.859524,16.72710227
0305040WB05_f220,-66.45511007,227.407684,39.84415766,-48.01634216,-192.9644012,1425.465088,240.2459017,-3.273143768,-14.9997406,2.406616211,58.34372616,-19.38822937,-23.70300293,-0.210624444,-0.965222502,0.15486402,0.885447768,-0.294243538,-0.359726271,1.333893863,-0.017185364,-1.325429077,-0.149047852,15.38393555,11.18474121,-2.490820312,220,0.175,0305040WB05,0.363849064,17.43410426,-21.08338634,108.382186,12.3097408,96.07244518,108.382186,96.07244518,107.639337,108.382186,108.382186,1.333893863,1.431824471,0.363849064,0.371621138,17.43410426,,175,59,14.2,37,L,1,0.027083333,0.358778068,-0.181198427,0.304515519,-0.056206146,-17.08966752,-11.43590962,0.364087035,2.576421219,-1.301204041,2.186756423,-0.403621962,-122.722613,-82.12241162,2.614545437,31.85875322,-24.37816162,14.8656541,-3.660749055,-819.1394341,-1490.153733,21.08576273,305,40,69,WB05,Wind_success,5,W,1,Experienced,15,Head-On,TRUE,TRUE,-52.99732344,45.67750357,0.308333333,308.3333333,442.1421289,2.421097834,0.55,550,952.3729377,0.877509912,3.900040703,1.864869864,31.46009189,23.300755,524.3574213,7964.859524,16.72710227
0305040WB06_f217,-52.94007724,210.2090631,47.4546402,-34.44169235,-210.1407318,1433.03125,221.9063877,-2.622451782,-14.82606506,3.259399414,60.93553734,-16.59233093,-20.23803711,-0.170234122,-0.962420812,0.211581011,0.918844208,-0.250195007,-0.305168445,1.206636213,0.061218567,-1.177245483,-0.257519531,20.64907837,-17.26896973,-3.12890625,217,0.2,0305040WB06,0.863239198,33.19266116,-17.76829825,105.2319661,10.0307925,95.20117359,105.2319661,95.20117359,108.208753,105.2319661,105.2319661,1.206636213,1.077393986,0.863239198,1.091744269,33.19266116,30.14859799,200,59,14.2,37,L,1,0.017708333,0.365346681,-0.187284584,0.3105176,-0.04451407,-24.45042506,-13.3714407,0.340692325,2.623591085,-1.34490934,2.229857963,-0.319659995,-175.5809496,-96.02165402,2.446545686,33.39436166,-27.09840305,14.83848635,-2.385372913,-1150.155789,-1997.847,-109.2888816,305,40,70,WB06,Wind_success,6,W,1,Experienced,16,Head-On,TRUE,TRUE,-47.78614547,46.06540813,0.4,400,531.1533209,2.42046674,0.583333333,583.3333333,898.1644293,0.69804547,4.325564271,2.059031221,32.35128124,23.04297556,524.3574213,7964.859524,16.72710227
0305040WB07_f223,-63.84954073,187.8919424,35.38908412,-45.37985611,-232.4880829,1420.986938,201.5751303,-2.494064331,-14.74407959,3.391479492,58.60750675,-19.8135376,-22.55859375,-0.162656625,-0.961571917,0.221183792,0.890006692,-0.300886047,-0.342572147,1.283720788,-0.08841156,-1.274040527,-0.130166016,19.26491089,-0.461645508,4.83046875,223,0.15,0305040WB07,1.380607307,29.92017036,-20.03366083,108.6789385,9.601095343,99.07784312,108.6789385,99.07784312,104.7092835,108.6789385,108.6789385,1.283720788,1.294401782,1.380607307,1.669518882,29.92017036,27.78761286,150,59,14.2,37,L,1,0.041666667,0.227212365,-0.202684775,0.102682929,0.000746356,-5.451235805,-11.44721103,-0.720985342,1.631634735,-1.455499654,0.737376389,0.005359655,-39.14586993,-82.20356816,-5.177467906,23.88897903,-18.59217491,10.87596083,-3.809232706,-502.07486,-896.0843331,-21.30521393,305,40,71,WB07,Wind_success,7,W,1,Experienced,17,Head-On,TRUE,TRUE,-45.84351243,46.99700179,0.325,325,451.2526526,2.193759048,0.583333333,583.3333333,936.2758073,0.733859828,4.229317785,2.268586679,30.91849369,24.67146675,524.3574213,7964.859524,16.72710227
0305040WB08_f231,-57.07074557,88.50381171,41.51430715,-38.60289764,-331.8693848,1427.107666,113.1964327,-3.272182465,-14.96206665,1.038818359,51.55737495,-20.42422485,-38.26049805,-0.213159166,-0.974671089,0.067671549,0.765248012,-0.303149598,-0.567887138,0.816528186,-0.168177338,-0.7822229,-0.162978516,6.686773682,-1.312646484,-11.56816406,231,0.083333333,0305040WB08,1.883553525,24.38427773,-34.60302046,111.6107745,12.33627467,99.27449982,111.6107745,99.27449982,99.47693534,111.6107745,111.6107745,0.816528186,0.816528186,1.883553525,1.462964309,24.38427773,25.46094913,83.33333333,59,14.2,37,L,1,0.038541667,0.299111242,-0.283484552,0.087188919,-0.038757397,-8.637044646,-20.32287986,-2.299516609,2.147947765,-2.035730945,0.626112357,-0.278320745,-62.02348209,-145.9406344,-16.51305893,20.23507983,-16.2008389,9.420462511,-4.834578394,-690.230235,-1330.720227,-33.98432116,305,40,72,WB08,Wind_success,8,W,1,Experienced,18,Head-On,TRUE,TRUE,-63.33307281,48.21459549,0.308333333,308.3333333,408.7398254,2.058519917,0.616666667,616.6666667,960.1511633,0.696016347,4.227951481,2.334665193,28.60553764,22.49281979,524.3574213,7964.859524,16.72710227
0305040WC01_f236,-10.79062269,72.66417393,16.39725451,7.668152809,-347.5906677,1402.075073,75.26878282,-7.652405478,-12.51211548,2.377197266,50.51372814,-16.69403076,-37.10827637,-0.515032253,-0.842106844,0.159993255,0.778762483,-0.257369339,-0.572092666,1.006415456,-0.328309479,-0.905533447,0.291708984,16.14689484,-4.525048828,-2.169140625,236,0.041666667,0305040WC01,1.636509575,23.28431556,-34.89628305,108.2879471,31.44994141,76.83800574,108.2879471,76.83800574,88.35936878,108.2879471,108.2879471,1.006415456,1.031180084,1.636509575,1.721089502,23.28431556,22.48711453,41.66666667,59,14.2,37,L,1,0.028125,0.327254293,-0.103668268,0.264825866,-0.161912084,-30.49320139,-13.09960529,0.484209687,2.350045832,-0.744452211,1.901741051,-1.162706881,-218.9747313,-94.06957678,3.477158228,41.44601608,-32.75848205,15.36040188,-5.866984273,-1801.466796,-3974.278104,-127.8331646,305,40,82,WC01,Wind_success,1,W,1,Experienced,19,Head-On,TRUE,TRUE,35.66840436,30.40667825,0.233333333,233.3333333,325.1311896,2.477332612,0.466666667,466.6666667,811.3936354,0.887144772,3.646897458,1.713575355,26.47760877,21.94413521,524.3574213,7964.859524,16.72710227
0305040WC02_f232,-53.93155652,116.5373571,3.398555756,-35.53180695,-303.7251282,1389.062622,128.4566797,-1.17533493,-14.33013916,3.808227539,49.04943275,-22.05496216,-42.80236816,-0.079019243,-0.963433244,0.256031918,0.713616286,-0.320875886,-0.622728241,1.005374903,0.030321808,-0.963178711,0.286611328,12.51952515,9.167871094,2.133984375,232,0.075,0305040WC02,1.591351805,21.25592392,-38.51563998,114.2109546,4.68881243,109.5221422,114.2109546,109.5221422,116.0140863,114.2109546,114.2109546,1.005374903,1.076321208,1.591351805,1.060786932,21.25592392,21.89979469,75,59,14.2,37,L,1,0.057291667,0.334921264,-0.246962348,0.218525218,-0.058554084,-20.61451531,-24.89738459,-1.812208974,2.405103118,-1.773461338,1.569251465,-0.420482737,-148.0348977,-178.7906108,-13.01365403,19.16938065,-11.98707681,13.66774783,-2.734474801,-1251.620053,-1230.512474,-81.32100033,305,40,83,WC02,Wind_success,2,W,1,Experienced,20,Head-On,TRUE,TRUE,-57.81684115,41.57995984,0.316666667,316.6666667,474.8753013,2.392374803,0.516666667,516.6666667,900.8995192,0.985778131,3.437997812,1.856789527,28.88688354,22.24931227,524.3574213,7964.859524,16.72710227
0305040WC03_f238,-39.30958388,78.9706384,21.34973831,-20.94805527,-341.3178406,1406.974976,90.76021397,-3.682933807,-14.02996826,2.722412109,36.83567333,-17.48504639,-53.9230957,-0.249545352,-0.950631628,0.184463073,0.54487458,-0.258639423,-0.797632335,1.154223975,-0.206044464,-1.123359375,0.166860352,3.567398071,2.653417969,11.17617188,238,0.025,0305040WC03,1.810814251,22.60271697,-52.90459806,115.3926159,14.70856041,100.6840555,115.3926159,100.6840555,104.9990582,115.3926159,115.3926159,1.154223975,1.171805665,1.810814251,2.028222285,22.60271697,22.60271697,25,59,14.2,37,L,1,0.033333333,0.323201428,-0.18721642,0.253525888,-0.071650534,-26.43261749,-19.61628793,-0.961705947,2.320941802,-1.344419853,1.820594776,-0.514529658,-189.8152719,-140.866527,-6.906106662,23.73002418,-13.22045954,17.92506496,-3.666857008,-1841.711326,-1474.852737,-4.006648824,305,40,84,WC03,Wind_success,3,W,1,Experienced,21,Head-On,TRUE,TRUE,6.654619516,29.89956656,0.2,200,312.2948403,2.450475371,0.408333333,408.3333333,741.9050015,1.154223975,3.53595083,1.92102014,26.04785622,22.30546192,524.3574213,7964.859524,16.72710227
0305040WC04_f221,1.237673865,227.5597972,-1.189189535,19.63534164,-192.7023315,1384.418335,227.5662702,-4.136092186,-14.11219788,2.140136719,53.09522629,-14.68138123,-38.46740723,-0.278323447,-0.949629597,0.144012803,0.790234638,-0.218508081,-0.572523742,1.357968857,-0.053565216,-1.298219604,0.394760742,-1.491311646,-5.97722168,0.277734375,221,0.166666667,0305040WC04,1.565623183,20.68029774,-34.92640213,105.4566742,16.33513931,89.12153492,105.4566742,89.12153492,103.0939607,105.4566742,105.4566742,1.357968857,1.357968857,1.565623183,1.092415647,20.68029774,23.56608909,166.6666667,59,14.2,37,L,1,0.01875,0.365796445,-0.115829722,0.318677693,-0.137240819,-37.40815185,-13.8038732,1.112568833,2.626820883,-0.831784826,2.28845641,-0.985540061,-268.6316827,-99.12699511,7.98946815,18.87227245,-9.211489733,14.41045435,-4.805238648,-1752.910854,-1075.335167,140.9437851,305,40,85,WC04,Wind_success,4,W,1,Experienced,22,Head-On,TRUE,TRUE,18.58765309,35.58892162,0.3,300,421.2318584,2.508375965,0.541666667,541.6666667,934.5506475,1.110987367,3.944118864,1.784932851,24.2857165,20.77766,524.3574213,7964.859524,16.72710227
0305040WC05_f224,-52.34432948,115.3684564,32.93976161,-33.93756485,-304.8843079,1418.614136,130.9001049,-3.037879944,-14.62927246,0.559448242,54.12260246,-30.47140503,-26.57971191,-0.203177761,-0.97842669,0.0374167,0.801113884,-0.451032739,-0.393428536,0.619486846,-0.024526978,-0.598135986,-0.159360352,3.00267334,0.283007813,4.572070313,224,0.141666667,0305040WC05,1.601456167,20.65774104,-23.16800186,119.3798164,11.73117903,107.6486374,119.3798164,107.6486374,117.0316791,119.3798164,119.3798164,0.619486846,0.634065814,1.601456167,1.037666034,20.65774104,,141.6666667,59,14.2,37,L,1,0.017708333,0.216630104,-0.146048768,0.155868318,-0.036102998,-12.55446301,-13.75036276,-0.245028042,1.555642456,-1.048790821,1.119305996,-0.25925924,-90.15485549,-98.74273125,-1.759570897,15.43861603,-11.95035084,8.866265609,-1.655801498,-758.0189906,-1088.094366,32.18597493,305,40,86,WC05,Wind_success,5,W,1,Experienced,23,Head-On,TRUE,TRUE,-30.82418773,45.76516873,0.441666667,441.6666667,502.222543,2.336247826,0.658333333,658.3333333,926.4455792,0.593957723,4.534158079,1.823860468,27.76329015,23.72180699,524.3574213,7964.859524,16.72710227
0305040WC06_f238,-48.99790147,70.29282061,28.91047185,-30.64015579,-349.9709778,1414.576294,90.43058311,-1.48015976,-14.51495361,2.355224609,43.45801067,-13.77938843,-50.79663086,-0.100152217,-0.982126947,0.159361829,0.636699198,-0.201880515,-0.744216628,1.013470262,0.056554871,-1.004154053,0.124892578,17.94743042,5.56171875,-2.575195312,238,0.025,0305040WC06,0.832647377,23.51869526,-48.09185723,107.5924476,5.822599572,101.769848,107.5924476,101.769848,110.8159925,107.5924476,107.5924476,1.013470262,1.064717436,0.832647377,0.911758885,23.51869526,22.07808004,25,59,14.2,37,L,1,0.016666667,0.405697531,-0.101182089,0.383073399,-0.087220656,-39.13935025,-12.69620615,0.595093578,2.91335458,-0.726598706,2.750888421,-0.626340263,-281.0635916,-91.17272713,4.27342655,26.48865827,-15.52693836,18.37810677,-3.359885304,-1911.573497,-1764.513269,-63.19148556,305,40,87,WC06,Wind_success,6,W,1,Experienced,24,Head-On,TRUE,TRUE,-48.96580577,43.68272245,0.316666667,316.6666667,507.6131157,2.351411162,0.525,525,929.4861332,0.9977892,2.376410956,1.280893527,25.0505173,22.19340899,524.3574213,7964.859524,16.72710227
0305040WC07_f234,-33.23611058,112.2313404,22.34843979,-14.85859776,-308.0229797,1408.012207,119.1636084,-3.129693031,-14.33743286,2.063476563,49.29857731,-19.47427368,-40.92431641,-0.211188783,-0.96747667,0.139241484,0.736177216,-0.290809946,-0.611124113,1.121451087,0.034542732,-1.111882324,0.142045898,-0.005863953,2.640673828,10.00195313,234,0.058333333,0305040WC07,1.5026261,21.50172247,-37.67082811,111.5553627,12.31383631,99.2415264,111.5553627,99.2415264,113.3347924,111.5553627,111.5553627,1.121451087,1.135932961,1.5026261,1.143657993,21.50172247,20.52042095,58.33333333,59,14.2,37,L,1,0.027083333,0.43611758,-0.127945873,0.407521833,-0.088058801,-45.10895505,-17.56142732,0.876410049,3.131803994,-0.918792124,2.926455074,-0.632359066,-323.9319212,-126.1103674,6.29358828,26.51188839,-14.89779999,19.11718965,-2.11661491,-2157.898721,-1888.376572,50.49233496,305,40,88,WC07,Wind_success,7,W,1,Experienced,25,Head-On,TRUE,TRUE,0.454728279,37.68729499,0.275,275,425.4920251,2.211282172,0.558333333,558.3333333,975.2498406,1.127783464,3.735696087,2.071606709,24.84313851,21.49814007,524.3574213,7964.859524,16.72710227
0305040WC08_f222,-18.67548305,219.5684434,4.54900589,-0.31543991,-200.6938934,1390.1698,220.408186,-3.223259479,-14.50727844,1.69934082,47.92023727,-21.55825806,-45.6776123,-0.215489003,-0.969875058,0.113608371,0.688268235,-0.309636702,-0.656057886,1.178440356,-0.047821718,-1.170512695,0.127807617,2.318601894,2.539819336,2.216601562,222,0.158333333,0305040WC08,1.42325113,23.38143282,-40.99991326,114.2219297,12.52662415,101.6953055,114.2219297,101.6953055,111.8823911,114.2219297,114.2219297,1.178440356,1.198565266,1.42325113,1.142407117,23.38143282,23.97176255,158.3333333,59,14.2,37,L,1,0.076041667,0.282445758,-0.224224664,0.163727221,-0.051887409,-17.95800243,-27.08069336,-1.490891437,2.028271256,-1.610179754,1.175741562,-0.37260868,-128.9582129,-194.4691696,-10.70624063,60.55718507,-51.80644398,22.96162721,-0.419725672,-2777.03793,-6219.956259,-167.6296828,305,40,89,WC08,Wind_success,8,W,1,Experienced,26,Head-On,TRUE,TRUE,-3.263031306,35.13812564,0.3,300,415.8818193,2.287427785,0.466666667,466.6666667,725.9549126,0.913097517,3.422239822,1.604419539,25.718239,22.09680686,524.3574213,7964.859524,16.72710227
0305040WC09_f230,-31.66140108,125.7123771,18.86811682,-13.31772137,-294.564209,1404.449707,131.0040149,-3.510062218,-14.17068481,1.519775391,49.97653103,-21.96511841,-39.92932129,-0.239140478,-0.965448512,0.103542271,0.738917035,-0.324760439,-0.590366219,1.002489037,-0.061197052,-0.970649414,0.243061523,-5.260693359,3.098144531,6.662109375,230,0.091666667,0305040WC09,2.20888003,22.30245721,-36.18300055,113.7259049,13.91208548,99.81381941,113.7259049,99.81381941,110.1183223,113.7259049,113.7259049,1.002489037,1.01411098,2.20888003,2.393702713,22.30245721,22.14894064,91.66666667,59,14.2,37,L,1,0.028125,0.360240111,-0.165161798,0.319490002,-0.020509924,-36.22859729,-20.60457754,-0.018064251,2.586920296,-1.186043399,2.294289683,-0.14728382,-260.1611833,-147.9635337,-0.129721191,50.80087511,-41.10611368,21.46449567,-1.234935277,-2463.304351,-4599.803644,7.971696681,305,40,90,WC09,Wind_success,9,W,1,Experienced,27,Head-On,TRUE,TRUE,-14.53346037,43.45788371,0.35,350,463.2641818,2.489895811,0.575,575,922.107118,0.906466679,2.500633923,1.640217912,30.69116374,24.90873926,524.3574213,7964.859524,16.72710227
0306040MA01_f239,14.53714831,28.50569719,24.36405487,39.47995758,-391.2878723,1409.402344,40.21828717,-2.873352051,-14.96713257,-1.673828125,55.36550903,-14.74490356,-31.13208008,-0.187407751,-0.976196652,-0.109171573,0.849072558,-0.226124409,-0.477434333,1.316413959,-0.09111969,-1.309639893,0.097397461,-17.80526733,4.815527344,33.28066406,239,0.016666667,0306040MA01,1.345605814,21.86197129,-28.51796791,104.9128342,10.86727964,94.04555458,104.9128342,94.04555458,100.9328289,104.9128342,104.9128342,1.316413959,1.351648258,1.345605814,1.016707369,21.86197129,21.37834113,16.66666667,60,15.2,37,L,3,0.701041667,0.409862784,-0.245229129,-0.320537993,-0.071453276,19.44664561,-15.08864357,-2.200410212,2.749629773,-1.645158673,-2.150380189,-0.479355686,130.4609198,-101.2245689,-14.76180242,2.939669491,-0.832156456,2.314267402,-1.523793854,-275.4065503,-166.9619934,-0.543339052,306,40,37,MA01,Wind_missed,1,M,1,Experienced,2,Failure,FALSE,FALSE,7.722145725,34.73184784,0.175,175,345.9557735,2.850655626,0.283333333,283.3333333,636.1789335,1.316413959,4.338381177,2.496950464,27.64749636,22.59649248,524.3574213,8237.142857,17.34862697
0306040MA02_f237,6.886928435,81.31917896,20.95318222,31.82529831,-338.4805603,1405.976807,84.25719255,-3.152772903,-14.75897217,0.669311523,44.40408707,-19.09906006,-42.60095215,-0.208699012,-0.976975824,0.044305333,0.689174007,-0.296427122,-0.661188437,1.817143668,-0.178379059,-1.800633545,0.16706543,5.501843262,10.95688477,-25.67109375,237,0.033333333,0306040MA02,1.094646092,17.28020413,-41.39057282,113.273479,12.05814025,101.2153387,113.273479,101.2153387,107.615954,113.273479,113.273479,1.817143668,1.942903195,1.094646092,1.497302728,17.28020413,18.89718297,33.33333333,60,15.2,37,L,3,0.646875,0.359218559,-0.31109226,-0.145718493,-0.105003333,10.8124565,-23.46131107,0.221543039,2.409874928,-2.087011984,-0.977575723,-0.704431584,72.5370868,-157.3939426,1.486256765,11.81376746,1.697906755,9.989167095,0.356562913,-1447.931216,353.1190351,-57.33747188,306,40,39,MA02,Wind_missed,2,M,1,Experienced,4,Failure,FALSE,FALSE,49.37560015,30.10235507,0.158333333,158.3333333,355.3907481,2.722173425,0.283333333,283.3333333,669.1828146,1.850961414,4.088746777,2.160243534,29.54409102,23.77634159,524.3574213,8237.142857,17.34862697
0306040MA03_f224,19.93345667,131.6267284,4.080257924,45.01572418,-288.1663818,1389.126831,133.1900403,-3.267845154,-15.19348145,1.891845703,57.00218964,-10.94229126,-24.19396973,-0.208732472,-0.970478341,0.120840986,0.906473265,-0.174009008,-0.384742882,1.789589164,-0.016262054,-1.778031006,0.202412109,4.507855225,1.811865234,-4.348828125,224,0.141666667,0306040MA03,1.122835697,9.060918087,-22.627779,100.8664613,12.13837357,88.72808773,100.8664613,88.72808773,100.3424428,100.8664613,100.8664613,1.789589164,1.80974228,1.122835697,1.676111758,,,141.6666667,60,15.2,37,L,3,0.561458333,0.376576096,-0.17317639,-0.334090413,0.01425097,12.90027764,-6.328159219,-1.042013862,2.526320728,-1.161781399,-2.241298754,0.0956049,86.54356753,-42.45346417,-6.990515979,1.444288664,-1.401026377,0.268664443,0.012625914,-65.41136325,-73.05388617,3.667254268,306,40,43,MA03,Wind_missed,3,M,1,Experienced,5,Failure,FALSE,FALSE,1.767594436,37.42620479,0.258333333,258.3333333,378.1218651,2.434330542,0.258333333,258.3333333,378.1218651,0.858022104,3.936935747,2.329662107,29.81859956,23.46256917,524.3574213,8237.142857,17.34862697
0306040MA04_f235,-44.41418345,62.76056356,53.06052428,-19.24696159,-357.0054321,1438.080933,93.41802431,-3.129247665,-14.79858398,-4.115844727,57.93791008,-11.34594727,-28.55175781,-0.199622938,-0.94404059,-0.262560559,0.883469362,-0.173009292,-0.435373026,1.324354682,0.223797913,-1.297320557,-0.14418457,2.630072021,19.43173828,-10.70507812,235,0.05,0306040MA04,1.761489652,22.27763148,-25.80903249,101.0799832,11.93964845,89.14033478,101.0799832,89.14033478,110.8676208,101.0799832,101.0799832,1.324354682,1.474175587,1.761489652,1.609522253,22.27763148,23.43335958,50,60,15.2,37,L,3,0.016666667,0.550958858,-0.504195886,0.220473593,0.027084429,-33.66681781,-71.85844528,3.745620926,3.696195262,-3.382478418,1.479082216,0.181700207,-225.8592102,-482.0738269,25.12809465,18.23781506,-12.71754936,9.235063929,1.509654756,-1178.348964,-1876.217127,102.1514721,306,40,49,MA04,Wind_missed,4,M,1,Experienced,10,Failure,FALSE,FALSE,-44.54358619,45.70765079,0.258333333,258.3333333,488.9557802,2.353595855,0.175,175,304.9148643,1.122084993,3.242936335,2.087453597,31.26899607,22.61408452,524.3574213,8237.142857,17.34862697
0306040MA05_f237,1.14764218,74.72183796,27.23181484,26.10635185,-345.0926208,1412.180298,79.53767592,-3.455423355,-15.14990234,-2.025634766,37.93508339,-13.08389282,-55.60717773,-0.220505829,-0.966782197,-0.129264703,0.553197836,-0.190799138,-0.81090557,1.155714896,0.019168625,-1.141036377,0.182607422,5.656036377,4.975927734,-7.553320313,237,0.033333333,0306040MA05,0.731655654,26.74123376,-54.18450261,109.0294255,12.84836082,96.18106466,109.0294255,96.18106466,109.9918646,109.0294255,109.0294255,1.155714896,1.20805204,0.731655654,0.662769026,26.74123376,26.74123376,33.33333333,60,15.2,37,L,3,0.03125,0.993263659,-0.214383222,0.908615041,0.339162552,-109.8251803,-36.92597585,0.257064432,6.663467478,-1.438223997,6.095588743,2.275326007,-736.7797165,-247.7237912,1.724557688,1.121109027,0.238371125,-0.594450617,-0.909649256,76.13174409,40.464326,1.823440991,306,40,51,MA05,Wind_missed,5,M,1,Experienced,12,Failure,FALSE,FALSE,23.2684076,36.56544238,0.216666667,216.6666667,391.1840688,2.107334176,0.258333333,258.3333333,474.5720143,1.086939347,3.734060387,1.764752552,29.90372644,24.18307072,524.3574213,8237.142857,17.34862697
0306040MA06_f236,-45.46275267,86.95898327,14.94459407,-20.36568642,-332.7972412,1399.940674,99.2575818,-2.928462982,-15.44342041,-1.087524414,52.61203957,-16.90026855,-33.35424805,-0.185860993,-0.980148792,-0.069021999,0.81511259,-0.261834017,-0.516753726,1.405707584,-0.068619461,-1.397358398,-0.136728516,5.077908325,-1.829443359,-8.523632813,236,0.041666667,0306040MA06,2.168247795,22.45447144,-31.1147487,107.8082833,10.73724407,97.07103923,107.8082833,97.07103923,104.9969431,107.8082833,107.8082833,1.405707584,1.405707584,2.168247795,1.732754036,22.45447144,22.12955358,41.66666667,60,15.2,37,L,3,0.017708333,1.367991284,-0.236916273,1.308058626,-0.322883051,-135.8801284,-31.45954662,-0.055103408,9.177387446,-1.589390558,8.77531966,-2.166112383,-911.5734863,-211.0513799,-0.36966999,34.74433252,-7.7042996,32.57043191,-7.281135416,-3321.586304,-944.9431223,-6.411034519,306,40,52,MA06,Wind_missed,6,M,1,Experienced,13,Failure,FALSE,FALSE,1.445053006,36.55232903,0.216666667,216.6666667,402.7899812,2.356242518,0.383333333,383.3333333,777.0714347,1.521250587,3.899094963,1.710708042,24.575192,22.17206675,524.3574213,8237.142857,17.34862697
0306040PA01_f227,-28.42778017,214.2823174,0.420308249,-3.589965105,-205.4456024,1385.049438,216.160188,-0.982901335,-15.59466553,1.614501953,51.96461415,0.300430298,-40.00036621,-0.062570121,-0.992734548,0.102776931,0.792412333,0.004581284,-0.609968611,2.16163077,0.058684988,-2.126019287,0.386323242,7.632679367,7.066625977,-3.833789062,227,0.116666667,0306040PA01,1.429695671,18.21215616,-37.58723336,89.66875158,3.606470607,86.06228097,89.66875158,86.06228097,91.24989836,89.66875158,89.66875158,2.16163077,2.224589289,1.429695671,1.273032988,18.21215616,,116.6666667,60,15.2,37,L,3,0.009375,0.397886723,-0.100460624,0.372973736,-0.095457316,-50.84801765,-17.11825486,-0.350119377,2.66928646,-0.673956101,2.502153722,-0.640390608,-341.1220263,-114.8405396,-2.34883161,23.57355697,-4.622423919,20.55274841,4.120401699,-2950.126564,-781.4432582,0.326019171,306,40,38,PA01,Wind_Near-miss,1,P,1,Experienced,3,Pivot,TRUE,FALSE,-25.8680925,35.84387124,0.183333333,183.3333333,373.9676065,2.63579423,0.233333333,233.3333333,500.4489793,1.306335019,4.51954529,2.61157972,26.62971741,23.58074459,524.3574213,8237.142857,17.34862697
0306040UA01_f189,-86.34690555,28.70018463,36.09420039,-61.41264343,-391.0828247,1421.138672,97.88912093,0.905338287,-15.24078369,-1.998291016,12.51381302,-62.16040039,-23.44006348,0.058796346,-0.989798406,-0.129777136,0.18511178,-0.919513689,-0.346739389,0.02431519,-0.005916595,-0.020767822,0.011176758,0.599029541,0.503173828,0.486914063,189,0.433333333,0306040UA01,0.178582215,23.53973777,-20.28801075,168.6176468,-3.399508858,172.0171557,168.6176468,172.0171557,152.7157951,168.6176468,168.6176468,0.02431519,0.028155392,0.178582215,0.19735983,23.53973777,23.20109706,433.3333333,60,15.2,37,L,3,0.094791667,0.345453903,-0.067811473,0.304761021,-0.147853721,-30.71864506,-1.573552655,1.092655079,2.317532535,-0.45492407,2.044537859,-0.991900239,-206.0809238,-10.55642864,7.330250655,51.50260898,-20.87976896,35.74363415,-14.99793225,-3731.925744,-882.0925126,223.3952613,306,40,36,UA01,Wind_Uturn,1,U,1,Experienced,1,U-Turn,TRUE,FALSE,-44.79169492,163.2433985,1.691666667,1691.666667,225.2510064,2.729428507,1.783333333,1783.333333,450.8028609,0.02865851,1.993873581,0.736104888,29.56206019,23.96545775,524.3574213,8237.142857,17.34862697
0306040UB01_f205,-103.270941,28.00623296,38.83069687,-78.2048645,-391.7361755,1423.932495,113.8290796,4.161087036,-14.68475342,-2.220336914,21.93470383,-54.60772705,-19.8236084,0.269787535,-0.952098186,-0.143957388,0.353229558,-0.879385627,-0.319233142,0.287576535,0.256160889,0.114862061,-0.062358398,11.01785889,1.161474609,3.121875,205,0.3,0306040UB01,0.705152734,,-18.61655492,158.1157741,-15.82066357,173.9364377,158.1157741,173.9364377,-87.73285147,158.1157741,158.1157741,0.287576535,0.214202856,0.705152734,,,,300,60,15.2,37,L,3,0.008333333,0.419509515,-0.282560086,0.310070062,-0.002142009,-45.80450959,-29.82429413,0.186691147,2.814346408,-1.895599344,2.080154401,-0.01437001,-307.2868491,-200.0810281,1.2524473,9.935355607,-7.401287523,6.380628212,-0.048667281,-907.4022124,-687.0405919,5.853468761,306,40,62,UB01,Wind_Uturn,1,U,1,Experienced,17,U-Turn,TRUE,FALSE,-9.028428188,152.6020502,1.291666667,1291.666667,101.0072924,2.412706171,1.85,1850,743.6335241,0.016969271,2.312511279,0.905961645,23.80123166,20.97047747,524.3574213,8237.142857,17.34862697
0306040UB02_f202,-115.6885418,37.19237563,28.54400253,-90.5740509,-382.5524902,1413.537231,124.8273671,-4.49596405,-14.36425781,0.859985352,1.229400635,-61.06121826,-0.843994141,-0.298220353,-0.95279099,0.057043413,0.020127901,-0.999701921,-0.013817978,0.6628146,0.271965637,-0.167636719,0.580737305,-4.487695312,-5.579736328,6.618164063,202,0.325,0306040UB02,0.239328876,,-0.791737011,178.8465682,17.37994334,161.4666248,178.8465682,161.4666248,-122.8026694,178.8465682,178.8465682,0.6628146,0.621788341,0.239328876,0.257685856,,,325,60,15.2,37,L,3,0.086458333,0.646109317,0.045694063,0.528300109,-0.36914536,-51.29744158,14.58735976,0.711464156,4.334527275,0.306545901,3.544185437,-2.476470452,-344.1370583,97.86162665,4.772970623,98.93454946,-2.389502576,77.22088552,-55.68312776,-7543.458987,1968.046109,100.205693,306,40,63,UB02,Wind_Uturn,2,U,1,Experienced,18,U-Turn,TRUE,FALSE,-85.88478114,171.9605424,1.566666667,1566.666667,441.4239059,2.557924876,1.516666667,1516.666667,318.9791623,0.017363281,2.513475988,1.517428321,31.34561084,22.94188277,524.3574213,8237.142857,17.34862697
0306040UB03_f212,-138.7314621,29.59465472,33.73965988,-113.6290131,-390.172699,1418.732178,145.8102425,3.855865479,-15.21685791,0.862792969,25.14178467,-62.66366577,-24.50158691,0.245261002,-0.967902494,0.054879889,0.350030666,-0.872420354,-0.341117661,0.118207499,0.096060791,0.037987061,-0.05746582,1.071386719,-0.286523438,-1.63125,212,0.241666667,0306040UB03,0.578504977,23.90656565,-19.94498267,158.1384599,-14.21913738,172.3575973,158.1384599,172.3575973,-90.28531279,158.1384599,158.1384599,0.118207499,0.105924673,0.578504977,0.710017335,23.90656565,23.36626998,241.6666667,60,15.2,37,L,3,0.0875,0.969471587,-0.120649578,0.770030557,-0.576516937,-68.51446244,-3.362831037,0.062971711,6.503854573,-0.809396911,5.165872654,-3.867655707,-459.6401854,-22.5600877,0.422455756,131.1298697,-23.79399238,102.433689,-74.83395969,-9171.286559,-277.572042,29.14765123,306,40,64,UB03,Wind_Uturn,3,U,1,Experienced,19,U-Turn,TRUE,FALSE,-78.19592192,151.0062707,1.408333333,1408.333333,256.3610274,2.498353121,1.65,1650,798.1612263,0.012045814,2.865872163,1.440030023,29.18610152,22.75780127,524.3574213,8237.142857,17.34862697
0306040WA01_f237,-45.21721701,67.02910415,23.72471794,-20.13463593,-352.7415161,1408.745117,84.26363248,-1.80708313,-15.0927124,-2.763183594,36.82127953,-5.731201172,-59.36462402,-0.1169662,-0.976898734,-0.178851255,0.525331943,-0.081767475,-0.846959521,0.847756621,0.185885468,-0.827076416,-0.009082031,1.305450439,0.156005859,-2.877539062,237,0.033333333,0306040WA01,1.376535991,21.95218052,-57.88249413,98.84705083,6.827644955,92.01940588,98.84705083,92.01940588,111.5138027,98.84705083,98.84705083,0.847756621,0.847756621,1.376535991,1.376535991,21.95218052,21.83719537,33.33333333,60,15.2,37,L,3,0.051041667,0.419120027,-0.270339257,0.318536949,0.033354086,-33.09083925,-28.04575621,-2.686471755,2.811733464,-1.813613969,2.136955866,0.223761196,-221.9951663,-188.1494231,-18.02262371,22.29979357,-14.17042717,15.9497251,-2.446045121,-1675.088512,-1568.738588,-88.90997092,306,40,44,WA01,Wind_success,1,W,1,Experienced,6,Head-On,TRUE,TRUE,-25.17203469,38.97337143,0.266666667,266.6666667,467.532701,2.306152891,0.241666667,241.6666667,410.4497904,0.789368394,3.887694295,2.017222221,27.08542032,22.40719572,524.3574213,8237.142857,17.34862697
0306040WA02_f233,-37.07862978,97.10768396,22.83420553,-12.03809738,-322.6607361,1407.858032,106.424283,-2.649594307,-15.07192993,-2.35546875,49.96961975,-12.05044556,-43.77404785,-0.171126272,-0.973433246,-0.152129926,0.740120656,-0.178484121,-0.648355484,1.353377615,-0.092566566,-1.338325195,0.178740234,3.216398621,-2.391503906,10.97402344,233,0.066666667,0306040WA02,0.944911071,27.43753942,-40.41772686,103.558313,9.970526075,93.58778697,103.558313,93.58778697,99.60169598,103.558313,103.558313,1.353377615,1.353377615,0.944911071,0.776254132,27.43753942,,66.66666667,60,15.2,37,L,3,0.023958333,0.780785967,-0.198241686,0.754500469,-0.032496198,-87.41226087,-26.47299936,-2.593729556,5.238027035,-1.329935929,5.061686583,-0.218005921,-586.4190764,-177.5983333,-17.4004479,23.50260116,-8.37588217,20.96544917,-2.113322493,-2340.830024,-1052.461449,-81.03653186,306,40,45,WA02,Wind_success,2,W,1,Experienced,7,Head-On,TRUE,TRUE,-34.7080348,44.04313913,0.258333333,258.3333333,440.6025801,2.176872898,0.325,325,574.50784,1.090856899,4.241093939,1.935740682,28.19337805,22.7238164,524.3574213,8237.142857,17.34862697
0306040WA03_f230,30.72773055,124.9323084,5.777377326,55.76986313,-294.8656921,1390.763062,128.7852989,-6.342884064,-13.95877075,-0.252075195,52.00088882,-22.62701416,-27.01831055,-0.4136383,-0.910292881,-0.016438572,0.827806329,-0.360201257,-0.430106657,1.429664724,-0.468680878,-1.336435547,0.195498047,-8.653875732,7.805566406,-3.890039063,230,0.091666667,0306040WA03,0.938759255,18.18134639,-25.47432906,113.5151804,24.43711091,89.07806946,113.5151804,89.07806946,94.1896817,113.5151804,113.5151804,1.429664724,1.474232299,0.938759255,0.634109045,18.18134639,,91.66666667,60,15.2,37,L,3,0.028125,0.809508172,-0.290637339,0.675446275,-0.338534705,-93.23418631,-45.07283063,-1.228830807,5.430714522,-1.949786884,4.531338935,-2.271113995,-625.4763907,-302.3782642,-8.24380722,22.04068463,-8.113347727,17.91255266,-8.498685059,-2470.846093,-1246.511092,-34.75156272,306,40,46,WA03,Wind_success,3,W,1,Experienced,8,Head-On,TRUE,TRUE,84.60365834,28.39266195,0.241666667,241.6666667,390.3146706,2.273655144,0.425,425,785.8850758,0.959343843,3.684653914,1.999025147,25.86199537,21.5375476,524.3574213,8237.142857,17.34862697
0306040WA04_f228,-12.15943667,151.9815479,5.209542134,13.40133476,-267.6455078,1390.321167,152.5561606,-2.305535316,-15.66323853,-0.098754883,52.01876259,-14.33087158,-37.31359863,-0.145622097,-0.989320624,-0.006237551,0.79294405,-0.218451551,-0.568787002,1.674997137,-0.021719513,-1.63659668,0.355942383,20.2576767,11.64089355,-3.735351563,228,0.108333333,0306040WA04,2.767425147,19.02590757,-34.66568296,105.402577,8.373469161,97.02910782,105.402577,97.02910782,104.642241,105.402577,105.402577,1.674997137,1.749273099,2.767425147,2.496332627,19.02590757,18.43140165,108.3333333,60,15.2,37,L,3,0.026041667,0.775722652,-0.136868915,0.732426594,-0.215786509,-103.2661158,-24.95716287,0.192378154,5.20405898,-0.918206921,4.913600477,-1.44763817,-692.7771876,-167.4291027,1.29059949,21.12783172,-5.473534344,18.3290592,-4.29347946,-2550.040295,-908.3390108,2.849491165,306,40,48,WA04,Wind_success,4,W,1,Experienced,9,Head-On,TRUE,TRUE,11.28777142,38.53422955,0.233333333,233.3333333,383.2057791,2.362668517,0.425,425,808.9973371,1.060012247,4.225598824,2.233655571,27.00830875,21.53955451,524.3574213,8237.142857,17.34862697
0306040WA05_f223,-48.44670411,202.8919964,21.39417297,-23.38949776,-216.9323425,1406.501831,209.6901428,-1.720493317,-15.87051392,0.147705078,55.52630424,-17.60795593,-30.73852539,-0.10777209,-0.994132573,0.009252279,0.843044724,-0.267338058,-0.466696857,1.4583763,0.163823547,-1.448084106,0.055458984,-1.175976562,4.60480957,-4.4015625,223,0.15,0306040WA05,0.851814051,24.5947754,-27.82009509,107.5943509,6.187168026,101.4071829,107.5943509,101.4071829,114.0488504,107.5943509,107.5943509,1.4583763,1.499396732,0.851814051,1.012749625,24.5947754,24.55613884,150,60,15.2,37,L,3,0.059375,0.352642568,-0.11265104,0.332154721,0.036602808,-42.11973015,-13.14582301,-0.686118699,2.365758841,-0.755737446,2.228312854,0.245555768,-282.5669192,-88.19084775,-4.602936585,19.47703574,-10.17680573,14.60667194,2.319090834,-1890.79823,-1179.417543,-38.95179355,306,40,50,WA05,Wind_success,5,W,1,Experienced,11,Head-On,TRUE,TRUE,-52.95355014,49.77228352,0.341666667,341.6666667,575.9474174,2.169796594,0.283333333,283.3333333,453.6516627,0.904708202,4.945584168,2.028569307,26.11969832,21.50371392,524.3574213,8237.142857,17.34862697
0306040WA06_f222,-9.17098576,212.6101415,23.68481478,15.83470726,-207.2268524,1408.771118,214.1218105,-2.433236122,-15.453125,0.281738281,59.2494297,-13.91726685,-22.171875,-0.155517533,-0.987668996,0.018006983,0.914698488,-0.214856126,-0.342291574,1.680841745,0.200284538,-1.668786621,-0.016318359,8.114996338,-8.114501953,3.666796875,222,0.158333333,0306040WA06,0.261998385,7.962577776,-20.01655077,103.2187326,8.948275468,94.27045713,103.2187326,94.27045713,110.0625263,103.2187326,103.2187326,1.680841745,1.680841745,0.261998385,0.501611129,,,158.3333333,60,15.2,37,L,3,0.0125,0.550764797,-0.254511856,0.397381585,-0.283995514,-51.9980486,-40.13514119,1.64687733,3.694893373,-1.707433332,2.665897663,-1.905229148,-348.8371921,-269.252988,11.04833891,29.0411363,-13.17341761,16.76300305,-3.062787274,-2126.43549,-2252.997231,86.8615376,306,40,53,WA06,Wind_success,6,W,1,Experienced,14,Head-On,TRUE,TRUE,-20.24154749,43.1223939,0.3,300,482.1816889,2.177324747,0.458333333,458.3333333,802.97828,0.93734745,3.777604096,1.616967836,26.9412445,23.20213843,524.3574213,8237.142857,17.34862697
0306040WA07_f233,-20.56798661,116.3430556,26.29342838,4.655435085,-303.4078064,1411.346069,121.0375687,-3.29991734,-15.11206055,-2.092041016,55.98462534,-16.4680481,-33.28149414,-0.211411376,-0.968164103,-0.134027984,0.833354381,-0.24513373,-0.495408852,1.60269727,-0.145206528,-1.590062256,0.138764648,1.080162048,3.354785156,3.90234375,233,0.066666667,0306040WA07,0.459325788,23.51688952,-29.69671409,106.3914071,12.3179336,94.07347347,106.3914071,94.07347347,101.1735557,106.3914071,106.3914071,1.60269727,1.628819489,0.459325788,0.357063984,23.51688952,22.72872233,66.66666667,60,15.2,37,L,3,0.017708333,0.851620186,-0.286356151,0.783457779,-0.171612951,-106.9429674,-47.71157433,-0.23927992,5.713229678,-1.921065856,5.255951309,-1.151292822,-717.4439324,-320.0806966,-1.605247461,23.43294173,-8.544710505,20.83080111,-2.945393021,-2818.030118,-1380.008993,-2.705717576,306,40,54,WA07,Wind_success,7,W,1,Experienced,15,Head-On,TRUE,TRUE,22.82975167,36.69769546,0.241666667,241.6666667,429.5037457,2.147039752,0.45,450,847.1011717,1.265530696,3.874559358,2.021849125,25.01937146,21.359808,524.3574213,8237.142857,17.34862697
0306040WA08_f232,-39.70232923,108.7459557,36.49544117,-14.67709923,-311.0643005,1421.605591,121.3831746,-1.116566658,-14.95953369,-2.764282227,59.47597694,-7.298248291,-24.39306641,-0.073199685,-0.980714533,-0.181220338,0.919303004,-0.112806917,-0.377036585,1.11724128,0.119310493,-1.090762939,-0.210307617,21.89181061,22.33344727,-36.88769531,232,0.075,0306040WA08,1.450449258,22.10711955,-22.15024227,96.99574503,4.2685924,92.72715263,96.99574503,92.72715263,103.2380901,96.99574503,96.99574503,1.11724128,1.264716226,1.450449258,1.147970662,22.10711955,23.95896044,75,60,15.2,37,L,3,0.034375,0.529311004,-0.324224363,0.415144719,-0.051995804,-50.73489323,-46.31071353,0.365069761,3.550967187,-2.175110785,2.78506448,-0.348822132,-340.3631131,-310.6827988,2.449128649,27.19179694,-18.87372027,17.85283094,-2.823658587,-2279.147369,-2418.32762,96.81824284,306,40,55,WA08,Wind_success,8,W,1,Experienced,16,Head-On,TRUE,TRUE,-42.27198053,40.36083165,0.283333333,283.3333333,495.7567087,2.206832873,0.233333333,233.3333333,389.1721653,1.043278419,3.598172202,1.934052741,25.91063977,22.81946714,524.3574213,8237.142857,17.34862697
0306040WB01_f233,-38.36487251,130.4299336,43.35071184,-13.31581306,-289.3657837,1428.387207,142.6993876,-2.448257446,-15.2616272,-2.183959961,52.72852516,-6.178283691,-41.90429688,-0.156836207,-0.977665042,-0.13990522,0.779608778,-0.091347979,-0.619568963,1.887793529,-0.129339752,-1.883232422,0.021708984,5.686427307,-3.275683594,-1.8421875,233,0.066666667,0306040WB01,1.000172098,23.81834556,-38.28466472,96.68296334,9.113692135,87.5692712,96.68296334,87.5692712,92.75407862,96.68296334,96.68296334,1.887793529,1.866454842,1.000172098,0.655766849,23.81834556,24.39131637,66.66666667,60,15.2,37,L,3,0.026041667,0.838287203,-0.319400446,0.775018012,0.007474685,-96.89920851,-45.74871991,-0.783168459,5.623783235,-2.142748769,5.199331789,0.050145115,-650.0637759,-306.9125751,-5.25401036,25.00646102,-11.10500944,21.2102633,-0.346708259,-2577.60681,-1557.043848,-25.10965904,306,40,65,WB01,Wind_success,1,W,1,Experienced,20,Head-On,TRUE,TRUE,6.144905812,34.9440306,0.191666667,191.6666667,385.3563576,2.312092886,0.433333333,433.3333333,900.5080616,1.376611735,3.699139998,1.857263564,27.33215393,22.30915281,524.3574213,8237.142857,17.34862697
0306040WB02_f228,-84.82757421,185.8218278,35.71306864,-59.72906113,-233.9203339,1420.689941,207.3665651,-0.669429779,-15.58648682,-1.176269531,54.11874199,-7.971160889,-40.98937988,-0.042788361,-0.996251208,-0.075184354,0.791722007,-0.116612901,-0.599647976,1.869593504,0.09168045,-1.863138428,0.125258789,4.42567749,15.42612305,-7.484765625,228,0.108333333,0306040WB02,0.746749643,28.649692,-36.84468995,98.37886254,2.459306154,95.91955638,98.37886254,95.91955638,101.1959743,98.37886254,98.37886254,1.869593504,1.953676354,0.746749643,0.69733621,28.649692,30.84785049,108.3333333,60,15.2,37,L,3,0.041666667,0.481772162,-0.252271193,0.407099813,-0.05228196,-33.01612331,-23.14876022,0.469103923,3.232045293,-1.692401483,2.731093947,-0.350741859,-221.4939226,-155.2971454,3.147058395,27.10537055,-16.39087834,20.05272355,-0.613980741,-1672.017191,-1464.162002,33.32219853,306,40,67,WB02,Wind_success,2,W,1,Experienced,21,Head-On,TRUE,TRUE,-65.14011249,42.55057998,0.241666667,241.6666667,484.8203298,2.383577683,0.175,175,338.700961,1.24518725,3.625243803,1.912058108,30.84785049,23.98941234,524.3574213,8237.142857,17.34862697
0306040WB03_f224,-19.25446951,194.7138872,-8.757215373,5.868587494,-225.0237122,1376.252197,195.8594427,-2.856606722,-14.93716431,1.071289063,56.38000488,-12.88882446,-32.71044922,-0.187373172,-0.979772201,0.070268976,0.848534648,-0.193980369,-0.492301297,1.500205349,-0.252828999,-1.453104858,0.274189453,19.40134735,19.29111328,-14.38417969,224,0.141666667,0306040WB03,1.644243343,21.85785218,-29.4919517,102.8769005,10.82660947,92.050291,102.8769005,92.050291,93.00668806,102.8769005,102.8769005,1.500205349,1.712207586,1.644243343,1.550874526,21.85785218,22.01412251,141.6666667,60,15.2,37,L,3,0.0375,0.381464466,-0.229478514,0.291981357,-0.08718737,-27.52451914,-24.29462661,-0.033883118,2.559115134,-1.539493168,1.958803442,-0.584910361,-184.6526212,-162.9843726,-0.227310292,20.56898097,-12.7210537,14.65962043,-5.086204784,-1402.04987,-1339.482198,3.974970472,306,40,68,WB03,Wind_success,3,W,1,Experienced,22,Head-On,TRUE,TRUE,16.62552182,40.11020508,0.275,275,448.1706547,2.374921489,0.475,475,904.8353151,0.992690527,3.209050643,1.692530014,25.93215328,22.28791535,524.3574213,8237.142857,17.34862697
0306040WB04_f227,-42.42696783,198.8009012,43.14359381,-17.16145706,-220.9952087,1428.16687,207.805716,-2.664218903,-14.85420227,-2.76171875,55.49532318,-20.37283325,-27.25170898,-0.173656909,-0.968214302,-0.180012063,0.852520168,-0.312967836,-0.418641251,1.780228239,0.096602554,-1.773165894,0.125551758,12.92393188,-1.37109375,10.66816406,227,0.116666667,0306040WB04,0.942339748,19.13993684,-24.74883366,110.1586411,10.1683361,99.99030503,110.1586411,99.99030503,113.2770478,110.1586411,110.1586411,1.780228239,1.780228239,0.942339748,1.064437496,19.13993684,18.25931316,116.6666667,60,15.2,37,L,3,0.028125,0.406196352,-0.218507385,0.332625823,-0.08130228,-42.957316,-30.3020492,0.972936905,2.72503293,-1.465891599,2.231473319,-0.545429295,-288.1859973,-203.286124,6.527102214,29.62606327,-19.24317506,19.7467787,0.404178353,-2711.149917,-2709.976172,141.247958,306,40,69,WB04,Wind_success,4,W,1,Experienced,23,Head-On,TRUE,TRUE,-18.61042175,42.37476191,0.241666667,241.6666667,455.6600397,2.396999016,0.341666667,341.6666667,679.3801035,1.140991257,4.333511828,2.396031428,28.27682764,21.34958071,524.3574213,8237.142857,17.34862697
0306040WB05_f222,-94.67595236,295.7262168,5.507544963,-69.61846161,-124.025528,1390.501709,310.5605646,-0.46459198,-15.52558899,0.689941406,52.54600334,0.735237122,-38.60754395,-0.029881421,-0.998567939,0.044375345,0.805813632,0.01127515,-0.592061874,2.099842609,0.114821777,-2.06924469,0.338203125,1.058532715,13.94571533,-4.020117188,222,0.158333333,0306040WB05,0.554338189,20.03276282,-36.30346193,89.19835511,1.714023117,87.48433199,89.19835511,87.48433199,92.37442386,89.19835511,89.19835511,2.099842609,2.219376276,0.554338189,0.380770109,20.03276282,,158.3333333,60,15.2,37,L,3,0.034375,0.900533524,-0.46337324,0.771494297,-0.032286495,-60.12313075,-39.94352409,-1.901241204,6.041372596,-3.108613194,5.175692387,-0.216599095,-403.3456,-267.9674942,-12.75477948,31.11640525,-15.78246771,26.09490593,-1.529235345,-1954.574535,-1352.203762,-48.80287121,306,40,70,WB05,Wind_success,5,W,1,Experienced,24,Head-On,TRUE,TRUE,-71.11907868,39.50831047,0.241666667,241.6666667,493.7948652,2.361665012,0.191666667,191.6666667,381.393371,1.33332099,3.682318231,1.889479257,27.43718721,23.45905789,524.3574213,8237.142857,17.34862697
0306040WB06_f229,-48.94898084,167.5685291,65.25359798,-23.90800476,-252.1703796,1450.28186,186.3685776,-1.344709396,-14.63031006,-4.71496582,51.12952995,-4.757354736,-47.47351074,-0.087148981,-0.948172608,-0.305571203,0.731123813,-0.068027524,-0.678844773,1.795480155,-0.025402222,-1.793256226,-0.085649414,12.65210266,4.20534668,-5.384179688,229,0.1,0306040WB06,2.344116994,20.68831129,-42.75343539,95.3157893,5.251447571,90.06434173,95.3157893,90.06434173,94.50422498,95.3157893,95.3157893,1.795480155,1.833429852,2.344116994,2.120807625,20.68831129,21.23733476,100,60,15.2,37,L,3,0.021875,1.330130703,-0.695103121,1.033973584,0.465808937,-94.21912837,-74.81780168,-1.145820471,8.923393703,-4.663210012,6.936576493,3.124953457,-632.0840314,-501.9271407,-7.686919152,34.26772453,-19.26551917,25.33572344,7.498226409,-2328.387784,-2044.914323,-18.22394224,306,40,71,WB06,Wind_success,6,W,1,Experienced,25,Head-On,TRUE,TRUE,2.19303762,28.07660111,0.2,200,377.6814602,2.220258308,0.141666667,141.6666667,258.9463384,1.292582972,3.999530256,2.197328232,24.34555931,21.79896511,524.3574213,8237.142857,17.34862697
0306040WB07_f230,-34.42459406,150.9041349,65.60386171,-9.323553085,-268.822998,1450.670654,168.1100154,-2.226624489,-15.03268433,-2.870605469,61.14717674,-10.12353516,-15.76269531,-0.14397421,-0.972017896,-0.185614214,0.956133859,-0.158297656,-0.24647494,1.647531219,0.021747437,-1.623656616,-0.278613281,2.857571411,-7.984423828,24.43710938,230,0.091666667,0306040WB07,1.287637777,24.32067354,-14.26901484,99.40062536,8.425328547,90.97529681,99.40062536,90.97529681,100.1680055,99.40062536,99.40062536,1.647531219,1.647531219,1.287637777,1.243496409,24.32067354,24.1925805,91.66666667,60,15.2,37,L,3,0.030208333,0.864031347,-0.504423317,0.699820848,-0.048559932,-84.75797456,-65.08231547,0.626013534,5.796491928,-3.384004175,4.694859636,-0.325772037,-568.6123739,-436.6150806,4.199711514,26.82389336,-16.47099174,20.70049977,-1.49089047,-2506.816514,-2140.55574,26.74470595,306,40,72,WB07,Wind_success,7,W,1,Experienced,26,Head-On,TRUE,TRUE,-25.99993885,35.30642126,0.216666667,216.6666667,399.1674064,2.172683786,0.225,225,415.6247349,1.362220124,3.276215705,2.215393348,27.48874377,21.14751502,524.3574213,8237.142857,17.34862697
0306040WB08_f229,-80.43542605,198.4881901,49.45053126,-55.29776001,-221.2781372,1434.455811,219.8016706,-0.770542145,-15.49154663,-1.640869141,57.41055059,-7.232498169,-35.00073242,-0.049402436,-0.993222956,-0.105202465,0.84893681,-0.106947832,-0.517560097,2.032839896,0.104810944,-2.028151245,-0.089750977,9.211651611,-1.713647461,13.18710937,229,0.1,0306040WB08,1.636603335,20.60184723,-31.16872947,97.18021415,2.847518036,94.33269611,97.18021415,94.33269611,100.1385179,97.18021415,97.18021415,2.032839896,2.032839896,1.636603335,1.239500081,20.60184723,19.76431547,100,60,15.2,37,L,3,0.026041667,0.704432325,-0.258033323,0.655048709,-0.023556174,-63.25706304,-27.32548814,-0.418858829,4.725796467,-1.731057651,4.394498613,-0.158030347,-424.370084,-183.31739,-2.809981177,25.70432455,-11.00592763,21.81737006,0.620800571,-2067.97781,-1134.474668,-13.73579972,306,40,74,WB08,Wind_success,8,W,1,Experienced,27,Head-On,TRUE,TRUE,-53.21107989,38.66170989,0.216666667,216.6666667,462.6090896,2.299266022,0.3,300,638.0419247,1.183469479,4.061324209,1.878091083,30.62076252,22.32817338,524.3574213,8237.142857,17.34862697
0307040UA01_f177,-474.8206642,25.0317599,45.79263051,-449.9645691,-395.0132751,1430.528809,477.6800364,,,,29.73608398,-47.75540161,-21.25109863,,,,0.49447485,-0.79411415,-0.353379881,1.632360787,-0.595114746,1.458859863,-0.426811523,,,,177,0.533333333,0307040UA01,0.444142735,,-20.69418363,148.0905196,,,148.0905196,,-9.717390579,148.0905196,148.0905196,1.632360787,,0.444142735,0.683426584,,,533.3333333,58,14.8,37,L,3,0.15,1.062400817,0.272781458,0.901758623,-0.49103682,-90.62865137,25.08104057,0.538222622,7.319914445,1.879457267,6.213093836,-3.383231126,-624.4290889,172.8077277,3.70834009,182.9636673,46.61614912,152.7663207,-85.84228589,-15274.71336,4223.72864,25.18913248,307,40,48,UA01,Wind_Uturn,1,U,1,Experienced,1,U-Turn,TRUE,FALSE,-139.1264945,147.7798772,1.35,1350,243.7038518,2.680834989,1.658333333,1658.333333,396.5603762,,4.422875155,2.243911524,29.26180017,26.07627133,524.3574213,7697.152381,18.00155976
0307040UA02_f221,-146.4506263,-222.5438104,43.19634476,-121.6028671,-642.5682983,1427.955811,269.8878613,-3.655563354,-14.80090332,1.408569336,0.856063843,-66.66424561,-28.31677246,-0.23876056,-0.966710632,0.091999719,0.011818525,-0.920343813,-0.390931692,1.597833385,0.272640381,1.570070801,0.116689453,-4.000891113,-1.523144531,-2.213085937,221,0.166666667,0307040UA02,0.964645766,21.07123513,-23.01248444,179.264281,13.87340554,165.3908755,179.264281,165.3908755,-10.58681093,179.264281,179.264281,1.597833385,1.613795449,0.964645766,1.182908773,21.07123513,23.14232807,166.6666667,58,14.8,37,L,3,0.0125,0.845929168,-0.437750813,-0.721095726,0.063177031,42.10088552,-25.27719394,-2.063731578,5.828430324,-3.016091903,-4.9683311,0.435288126,290.0740239,-174.1592195,-14.21905777,8.940791788,-4.541306682,-7.677066699,-0.275487982,455.5033514,-251.8239441,-17.37073862,307,40,49,UA02,Wind_Uturn,2,U,1,Experienced,2,U-Turn,TRUE,FALSE,-83.30724313,-18.61606832,0.958333333,958.3333333,432.698347,2.77938378,1.158333333,1158.333333,146.0530776,1.320026236,3.78327488,1.719046989,30.48088924,23.80024171,524.3574213,7697.152381,18.00155976
0307040UA03_f213,-157.4938371,-174.1707949,145.060613,-132.6515198,-594.1891479,1529.848145,276.0115141,3.465805054,13.06060791,-7.519287109,2.791046143,-61.07598877,-16.39953613,0.224122896,0.844589127,-0.486249046,0.04409169,-0.964850958,-0.259072484,0.801492744,0.265140381,0.670166016,-0.350668945,10.49040527,-1.531054688,5.809570313,213,0.233333333,0307040UA03,1.013399418,22.68035453,-15.01503377,177.3835219,-165.1383289,342.5218508,177.3835219,342.5218508,-24.20190803,177.3835219,177.3835219,0.801492744,0.810701717,1.013399418,0.842210929,22.68035453,20.87250977,233.3333333,58,14.8,37,L,3,0.009375,0.674119126,-0.538905446,-0.390845284,0.106101275,18.40955566,-26.39016447,-0.91667123,4.644663526,-3.713044731,-2.692914003,0.731035069,126.8413674,-181.8275579,-6.315841321,8.425434563,-6.815556529,-4.758024028,1.366420991,225.7979977,-327.1354814,-10.11761785,307,40,50,UA03,Wind_Uturn,3,U,1,Experienced,3,U-Turn,TRUE,FALSE,-104.2277627,48.8209048,1.033333333,1033.333333,479.464245,2.529839262,1.066666667,1066.666667,561.6773204,1.050800237,3.231135221,1.41731033,31.06805953,24.66594842,524.3574213,7697.152381,18.00155976
0307040UA04_f218,-56.27423707,-203.2523225,101.7744456,-31.29212761,-623.2041016,1486.6604,234.1715912,1.474496841,-14.52990723,4.100219727,21.18998718,-66.74865723,-22.35876465,0.097203438,-0.957856871,0.270299292,0.288244109,-0.907971633,-0.304142808,1.273965023,-0.131451187,1.234753418,-0.284765625,0.146310425,-3.307324219,16.73085938,218,0.191666667,0307040UA04,1.088611871,26.91153783,-17.70660063,162.3874711,-5.794546193,168.1820173,162.3874711,168.1820173,-11.53573931,162.3874711,162.3874711,1.273965023,1.329223948,1.088611871,1.017244318,26.91153783,25.50091894,191.6666667,58,14.8,37,L,3,0.0125,0.596837171,-0.419089361,-0.42484586,-0.009203892,22.81878208,-22.33073411,-2.388541608,4.112192836,-2.887514973,-2.927177102,-0.063414583,157.2208247,-153.8581866,-16.45699056,6.716490412,-4.679462489,-4.811851854,0.199982399,272.2933119,-259.9523795,-20.51310742,307,40,52,UA04,Wind_Uturn,4,U,1,Experienced,4,U-Turn,TRUE,FALSE,-95.96721398,56.30610151,1.075,1075,565.1048991,2.730143115,1.025,1025,437.5914221,1.151907081,3.04409036,1.354400137,30.92382533,24.51899427,524.3574213,7697.152381,18.00155976
0307040UA05_f170,-90.21297774,22.21000277,21.74162216,-65.36397552,-397.7860107,1406.51123,95.41678946,-11.41683197,10.12701416,1.045043945,8.77677536,-41.95123291,4.793212891,-0.746353479,0.662034115,0.068317742,0.203511386,-0.972743771,0.111142573,0.312642969,0.101465149,0.047563477,0.291870117,-9.103491211,9.932519531,-1.520507812,170,0.591666667,0307040UA05,0.38987916,17.3314045,6.381184099,168.183373,131.5738239,36.60954906,168.183373,36.60954906,-76.70101067,168.183373,168.183373,0.312642969,0.333731747,0.38987916,0.38987916,17.3314045,,591.6666667,58,14.8,37,L,3,0.084375,0.99304742,0.022043838,0.826515357,-0.55002692,-75.34438791,4.172320025,-0.324016501,6.842071314,0.151881477,5.69466966,-3.789671403,-519.1209048,28.74717821,-2.232465402,148.2259574,-0.946581889,122.0197176,-78.82082665,-11035.35978,925.1176648,28.13864619,307,40,53,UA05,Wind_Uturn,5,U,1,Experienced,5,U-Turn,TRUE,FALSE,-90.92646049,162.5627602,1.591666667,1591.666667,564.9497187,2.486950783,1.525,1525,406.1635305,0.014849374,2.54828557,1.180631223,31.9861396,26.84837048,524.3574213,7697.152381,18.00155976
0307040UA06_f240,-81.65277749,-13.51494465,40.92940674,-56.75384903,-433.4781494,1425.768555,92.3311764,-4.429851532,14.39657593,-2.802001953,16.02121353,-37.24398804,-38.83740234,-0.289133982,0.939656623,-0.182885132,0.285359815,-0.663366574,-0.691747471,1.073704739,-0.466818695,0.942191162,-0.217250977,-4.219628906,-7.687353516,9.31640625,240,0.008333333,0307040UA06,1.193738051,29.02973165,-43.76859604,156.7241179,162.8967771,-6.172659151,156.7241179,6.172659151,3.080725488,156.7241179,156.7241179,1.073704739,1.094784714,1.193738051,1.513737605,29.02973165,27.92238855,8.333333333,58,14.8,37,L,3,0.013541667,0.556242474,-0.341507453,-0.424982219,-0.110310759,21.87946284,-16.65155066,-2.248352967,3.832496415,-2.35297761,-2.928116615,-0.760038306,150.7489391,-114.728758,-15.49109441,6.122490235,-3.752919874,-4.726992916,-1.026826451,280.8095118,-206.3083644,-21.55908321,307,40,57,UA06,Wind_Uturn,6,U,1,Experienced,8,U-Turn,TRUE,FALSE,-105.302473,58.62086294,1.058333333,1058.333333,550.4660892,2.486250422,0.95,950,299.8365818,1.094784714,3.116935352,1.575298712,33.22574527,25.78205357,524.3574213,7697.152381,18.00155976
0307040UA07_f225,-13.31851135,63.74418413,67.77172007,11.57734013,-356.35672,1452.65564,93.98781728,-4.582588673,-14.80450439,-0.014404297,56.23578548,-8.184326172,-10.26989746,-0.295697855,-0.955281066,-0.000929457,0.973800996,-0.141723013,-0.177837587,0.848978236,0.101724243,-0.830478516,-0.143950195,-6.029255676,4.410351562,-3.21328125,225,0.133333333,0307040UA07,1.087918828,15.11368299,-10.24383061,98.28045799,17.19939617,81.08106182,98.28045799,81.08106182,105.2637582,98.28045799,98.28045799,0.848978236,0.888208389,1.087918828,0.9069311,15.11368299,,133.3333333,58,14.8,37,L,3,0.408333333,0.483879913,-0.399534284,-0.25765917,-0.09013256,6.980766441,-10.31228593,-0.800504391,3.333920222,-2.752780996,-1.77526509,-0.621011029,48.09730215,-71.0513862,-5.515454774,0.379410009,-0.261843577,0.254267827,0.061508106,-38.8953383,-28.81933402,1.497900997,307,40,59,UA07,Wind_Uturn,7,U,1,Experienced,9,U-Turn,TRUE,FALSE,-49.12995078,42.46213497,0.383333333,383.3333333,476.0799559,2.391130542,0.491666667,491.6666667,719.5266094,0.768889397,5.039359659,2.323037624,29.81923365,24.38892539,524.3574213,7697.152381,18.00155976
0307040WA01_f210,-62.79397924,234.2371154,21.84423294,-37.8729248,-185.6859436,1406.7146,243.4897956,-2.256416321,-14.98100281,1.284912109,57.25774193,-13.21057129,-17.20666504,-0.148405778,-0.985309031,0.084509396,0.935135024,-0.215755415,-0.281019729,1.169850335,0.320814972,-1.124714355,-0.025400391,1.816809082,8.941772461,-5.2734375,210,0.258333333,0307040WA01,1.286056002,21.18487881,-16.32107474,102.9920005,8.565420663,94.42657983,102.9920005,94.42657983,118.9123379,102.9920005,102.9920005,1.169850335,1.237712225,1.286056002,0.991156265,21.18487881,19.08101178,258.3333333,58,14.8,37,L,3,0.041666667,0.378959195,-0.265846818,0.268894829,-0.025121933,-27.16918675,-27.9912677,-1.501469992,2.611019155,-1.831677773,1.852678493,-0.173089475,-187.1950015,-192.8591182,-10.34508982,21.28932463,-15.67158812,13.91763577,-1.784967038,-1377.832663,-1684.617113,-75.95178404,307,40,55,WA01,Wind_success,1,W,1,Experienced,6,Head-On,TRUE,TRUE,-68.93898123,48.0441908,0.433333333,433.3333333,547.7937068,2.384424654,0.591666667,591.6666667,892.4546133,0.801936968,4.048492199,1.864245358,28.83736162,23.24821017,524.3574213,7697.152381,18.00155976
0307040WA02_f216,-79.4655645,211.6854552,46.17086004,-54.57660675,-208.3062897,1431.012451,230.7753371,,,,52.08863163,-8.987457275,-28.48498535,,,,0.867494167,-0.149678855,-0.474394467,1.431772969,0.486027832,-1.335615234,0.172866211,19.85432739,10.3284668,6.834375,216,0.208333333,0307040WA02,0.559587265,45.79800919,-28.31993116,99.78951981,,,99.78951981,,119.7858697,99.78951981,99.78951981,1.431772969,1.431772969,0.559587265,0.962500563,,,208.3333333,58,14.8,37,L,3,0.053125,0.406392147,-0.340496177,0.220888567,-0.020619694,-25.02786986,-40.46547538,-2.008865709,2.800031495,-2.346009948,1.521916572,-0.142069162,-172.4413829,-278.80609,-13.84103333,21.89174409,-17.85255598,11.90566709,-0.566067502,-1339.040573,-2080.004939,-90.87588715,307,40,56,WA02,Wind_success,2,W,1,Experienced,7,Head-On,TRUE,TRUE,-94.34342723,45.44196445,0.391666667,391.6666667,574.1374858,2.38557606,0.591666667,591.6666667,989.9444265,0.761057905,3.199091363,1.855405376,29.02900973,23.51922012,524.3574213,7697.152381,18.00155976
0307040WA03_f216,-28.9520401,220.0652615,18.08399076,-4.033242226,-199.9704285,1402.960083,222.6970378,-3.488995075,-14.74310303,2.019165039,53.22483158,-14.98919678,-22.64123535,-0.22827344,-0.964592606,0.132107309,0.890776971,-0.25086094,-0.378926348,1.091397246,0.092517929,-1.080827637,-0.12,23.20632133,6.034350586,-5.319140625,216,0.208333333,0307040WA03,2.180928055,19.63046501,-22.26719401,105.728301,13.31425488,92.41404616,105.728301,92.41404616,110.6208449,105.728301,105.728301,1.091397246,1.138121054,2.180928055,1.93680951,19.63046501,19.63046501,208.3333333,58,14.8,37,L,3,0.048958333,0.321231929,-0.258719541,0.190397042,-0.001765658,-20.90557071,-27.84264561,-1.345900075,2.213279769,-1.782571018,1.311830747,-0.012165337,-144.0388473,-191.8351158,-9.273217074,23.36833848,-18.06718272,12.87939013,-3.320576676,-1361.084488,-1910.001272,-52.33987431,307,40,61,WA03,Wind_success,3,W,1,Experienced,10,Head-On,TRUE,TRUE,-13.44230106,46.4372723,0.366666667,366.6666667,455.5639372,2.26216936,0.6,600,926.4510023,0.70001217,3.232057505,1.332485708,33.07106874,25.8249011,524.3574213,7697.152381,18.00155976
0307040WA04_f210,-48.92204184,316.2963368,2.611661784,-24.01939774,-103.7737045,1387.499268,320.0680547,-2.767606735,-15.36562347,2.481689453,55.25206566,-3.581863403,-26.0682373,-0.175066547,-0.9719613,0.156980686,0.902843651,-0.058529262,-0.425966745,1.64398993,0.490804367,-1.525786743,0.365771484,,,,210,0.258333333,0307040WA04,0.283845282,18.63971491,-25.21187055,93.70916237,10.21045501,83.49870736,93.70916237,83.49870736,111.5407426,93.70916237,93.70916237,1.64398993,1.709293178,0.283845282,0.4596005,18.63971491,22.43089565,258.3333333,58,14.8,37,L,3,0.041666667,0.415364232,-0.305783407,0.278742278,-0.036423831,-29.7211205,-34.60408405,-1.917710778,2.861848931,-2.106839851,1.920527166,-0.250959261,-204.7777598,-238.4212536,-13.21297819,22.3908464,-15.44920527,15.15883095,-3.289289255,-1591.257884,-1790.969038,-71.64134188,307,40,62,WA04,Wind_success,4,W,1,Experienced,11,Head-On,TRUE,TRUE,-45.77800649,31.39939197,0.383333333,383.3333333,551.6867152,2.286540447,0.608333333,608.3333333,1011.722106,0.939131482,2.386120334,1.395222689,26.26187855,22.73982146,524.3574213,7697.152381,18.00155976
0307040WA05_f211,-14.52977044,292.8707735,-5.39654541,10.57569981,-127.2096176,1379.54126,293.2806282,-3.30415678,-15.09473419,2.766479492,49.86118221,-14.96361542,-31.66162109,-0.210484941,-0.961580955,0.176233245,0.818331025,-0.245585648,-0.519636433,1.554998276,0.085430145,-1.543370361,0.16949707,13.06511993,2.274829102,-19.75253906,211,0.25,0307040WA05,0.368656266,27.43227922,-31.30786728,106.7047901,12.3469972,94.35779289,106.7047901,94.35779289,109.8730489,106.7047901,106.7047901,1.554998276,1.597823539,0.368656266,0.368656266,27.43227922,26.41802279,250,58,14.8,37,L,3,0.0375,0.392033003,-0.270167713,0.277135022,-0.062413632,-35.4369097,-37.11682778,-1.832706109,2.701097358,-1.861448631,1.909453212,-0.430028329,-244.1594011,-255.7339937,-12.6272982,22.06944914,-14.81727515,14.73345367,-2.934151772,-1830.934342,-2004.390337,-80.1127415,307,40,64,WA05,Wind_success,5,W,1,Experienced,12,Head-On,TRUE,TRUE,-0.857307633,45.67070447,0.366666667,366.6666667,496.6044242,2.379397494,0.591666667,591.6666667,986.066778,0.8057515,3.76512665,1.448344323,29.63041932,23.64037224,524.3574213,7697.152381,18.00155976
0307040WA06_f212,-89.4472802,305.6062907,-31.24016495,-64.42238617,-114.3696518,1353.613403,319.9561982,-1.181922913,-14.54103851,4.89855957,45.50883102,-7.376945496,-40.75854492,-0.076800943,-0.94487166,0.318306709,0.739542939,-0.119879325,-0.662348239,1.626810006,0.173336792,-1.547722778,0.470126953,7.761401367,6.72956543,21.9234375,212,0.241666667,0307040WA06,1.334543026,25.04562104,-41.47920968,99.20751196,4.646892895,94.56061906,99.20751196,94.56061906,105.597709,99.20751196,99.20751196,1.626810006,1.632974597,1.334543026,1.638248636,25.04562104,23.28819307,241.6666667,58,14.8,37,L,3,0.035416667,0.543647984,-0.373743398,0.394225724,-0.021332637,-26.62326662,-27.13889896,-1.34388906,3.745720698,-2.575082446,2.716205154,-0.146981321,-183.4336258,-186.9863194,-9.259361233,25.32451329,-16.23944999,18.46943789,-0.523157873,-1236.151357,-1183.322125,-47.09639547,307,40,65,WA06,Wind_success,6,W,1,Experienced,13,Head-On,TRUE,TRUE,-71.79647658,46.66397863,0.391666667,391.6666667,594.7490828,2.110286597,0.525,525,854.7074426,1.066510523,3.095046689,1.762566219,31.37174824,23.97622455,524.3574213,7697.152381,18.00155976
0307040WA07_f228,-35.68047976,182.552608,13.37807423,-10.72429562,-237.4571228,1398.312622,186.4873298,-3.191979408,-15.09384155,0.600830078,51.52419949,-10.95509338,-33.25292969,-0.206743011,-0.977621048,0.038915483,0.827116331,-0.175861765,-0.53380822,1.512468156,-0.031607666,-1.511500854,0.043886719,20.76035614,18.21533203,-18.01230469,228,0.108333333,0307040WA07,2.054323021,21.746379,-32.26312384,102.0034968,11.94073047,90.06276636,102.0034968,90.06276636,100.8055339,102.0034968,102.0034968,1.512468156,1.657220944,2.054323021,1.698905307,21.746379,20.50031991,108.3333333,58,14.8,37,L,3,0.0375,0.930051974,-0.486754551,0.766327108,-0.202013479,-88.65145356,-60.49812693,-1.697623208,6.408034302,-3.3537264,5.279974162,-1.391867699,-610.8062466,-416.8305465,-11.69658046,27.93499369,-13.10847454,23.54190417,-5.193797322,-2689.233114,-1653.203967,-31.86362719,307,40,66,WA07,Wind_success,7,W,1,Experienced,14,Head-On,TRUE,TRUE,-31.53340985,45.32669407,0.308333333,308.3333333,539.5269331,2.200463799,0.391666667,391.6666667,705.2648321,1.179035796,2.538921846,1.394976292,29.79157761,24.6268503,524.3574213,7697.152381,18.00155976
0307040WA08_f221,-27.95473746,206.2316559,7.547966766,-2.97005868,-213.7446442,1392.395386,208.2544958,-3.936670065,-14.32946777,2.393554688,44.45627618,-18.79769897,-38.5748291,-0.261539496,-0.952003018,0.159019953,0.719499333,-0.304229977,-0.624311485,1.285354432,-0.121128287,-1.277570801,0.072641602,10.92721481,-8.386523438,-12.57890625,221,0.166666667,0307040WA08,2.244194971,21.5873597,-38.63167013,112.9203748,15.36162782,97.55874701,112.9203748,97.55874701,107.5042714,112.9203748,112.9203748,1.285354432,1.285354432,2.244194971,2.214666543,21.5873597,21.5873597,166.6666667,58,14.8,37,L,3,0.03125,0.488460557,-0.335498588,0.344454142,-0.085940424,-32.0053253,-33.78493542,-1.728863751,3.365480736,-2.311576688,2.373280226,-0.592127322,-220.5158724,-232.7773405,-11.911827,20.71085207,-14.74211764,12.80080488,-3.572686854,-1226.432197,-1497.164266,-74.39264484,307,40,67,WA08,Wind_success,8,W,1,Experienced,15,Head-On,TRUE,TRUE,-7.298218258,39.91121307,0.316666667,316.6666667,472.2020167,2.458736824,0.45,450,778.7404251,0.884393773,2.574497688,1.701230809,30.91313381,25.61367885,524.3574213,7697.152381,18.00155976
0307040WA09_f218,-39.50130742,283.5316551,9.085636139,-14.55201435,-136.462677,1393.946777,286.4142132,-3.281638145,-14.86775208,3.196411133,52.32628727,-7.95904541,-28.27685547,-0.210935894,-0.955663738,0.205457704,0.871987647,-0.132632939,-0.471217622,1.526345623,0.035732918,-1.525705261,0.026030273,14.54109192,4.974719238,-7.119140625,218,0.191666667,0307040WA09,0.845653578,24.94470414,-28.11336408,98.64863505,12.44686362,86.20177143,98.64863505,86.20177143,99.99029075,98.64863505,98.64863505,1.526345623,1.571808068,0.845653578,0.753494591,24.94470414,24.38951097,191.6666667,58,14.8,37,L,3,0.032291667,0.488943686,-0.326143865,0.361747825,-0.042832455,-39.41679521,-37.21650773,-0.773036724,3.368809488,-2.247122881,2.492433258,-0.295114518,-271.5807104,-256.420786,-5.32620325,29.09391785,-21.76697808,16.37228968,-2.357000862,-1819.553684,-2340.538371,32.14809861,307,40,68,WA09,Wind_success,9,W,1,Experienced,16,Head-On,TRUE,TRUE,-26.31254086,45.07763792,0.316666667,316.6666667,509.8142922,2.373953188,0.508333333,508.3333333,929.7881522,1.098592178,2.44860918,1.166242019,31.39186028,24.61044732,524.3574213,7697.152381,18.00155976
0307040WB01_f211,-73.83102766,347.1407437,-52.61123021,-48.78586578,-72.84059143,1332.199097,358.7835812,-1.464359283,-14.30075836,5.461791992,43.2799592,-3.195358276,-42.88232422,-0.095223429,-0.929940667,0.355165954,0.709387536,-0.052374064,-0.702870032,2.10060193,0.468495941,-1.985170441,0.502133789,0.005273437,14.89196777,-5.825390625,211,0.25,0307040WB01,3.162982577,25.48761537,-44.65772301,94.22248498,5.846556779,88.37592821,94.22248498,88.37592821,107.5012042,94.22248498,94.22248498,2.10060193,2.229734283,3.162982577,3.109378195,25.48761537,25.31612448,250,58,14.8,37,L,3,0.038541667,0.654276799,-0.407371081,0.510335644,-0.041042194,-56.88916919,-48.18851238,-2.439452867,4.507950401,-2.806776326,3.51619953,-0.282779666,-391.9649201,-332.0176172,-16.80776783,24.2821355,-14.91220203,18.5873244,-1.887639695,-2052.01051,-1779.401764,-82.22776449,307,40,77,WB01,Wind_success,1,W,1,Experienced,17,Head-On,TRUE,TRUE,-53.62611188,34.42128714,0.308333333,308.3333333,488.5324834,2.544226706,0.508333333,508.3333333,952.2008885,1.025308983,3.681160825,1.855736428,29.4033648,25.24313489,524.3574213,7697.152381,18.00155976
0307040WB02_f226,-54.57294657,210.3589638,-10.40998459,-29.57932472,-209.6238708,1374.445923,217.5717536,-1.988540649,-14.30445862,4.541870117,48.30522919,-0.587875366,-35.35119629,-0.131349001,-0.944851869,0.300003977,0.806944383,-0.009820525,-0.590545781,27.1471506,1.724961319,-26.56062275,5.3409375,,,,226,0.125,0307040WB02,1.818837517,23.46029794,-36.19574804,90.69725608,7.914276362,82.78297972,90.69725608,82.78297972,94.41307266,90.69725608,90.69725608,,,1.818837517,,23.46029794,,125,58,14.8,37,L,3,0.035416667,0.557316239,-0.277182667,0.483344297,-0.01222494,-47.83782425,-30.89492523,0.358752512,3.839894625,-1.909781486,3.330229841,-0.084229524,-329.601385,-212.8652443,2.471795628,25.96851118,-12.45480334,20.71285008,-1.255832395,-2044.448117,-1404.30061,-0.300068653,307,40,79,WB02,Wind_success,2,W,1,Experienced,18,Head-On,TRUE,TRUE,-36.38466541,27.48902407,0.125,125,217.5717536,2.52175177,0.458333333,458.3333333,958.2320796,1.184200335,3.468796656,1.987010431,26.40630668,24.87258904,524.3574213,7697.152381,18.00155976
0307040WB03_f210,-108.6805956,371.9632391,34.95268995,-83.49632263,-48.01106262,1419.94043,389.0884393,0.452468872,-14.87404251,2.930419922,46.65279007,-4.109527588,-43.07446289,0.029833018,-0.980703005,0.193213891,0.733188275,-0.064584721,-0.67695182,2.126819092,0.699437256,-1.987989349,0.286435547,15.72703857,19.19841614,-12.40488281,210,0.258333333,0307040WB03,1.076480362,25.54841376,-42.60590427,95.03404833,-1.742402207,96.77645054,95.03404833,96.77645054,114.4175259,95.03404833,95.03404833,2.126819092,2.255838487,1.076480362,1.076480362,25.54841376,27.11181144,258.3333333,58,14.8,37,L,3,0.023958333,0.623731944,-0.259702098,0.560718337,-0.084801562,-70.47114414,-35.41318183,1.714381717,4.297497132,-1.78934081,3.863334992,-0.584280594,-485.5443799,-243.9959167,11.81204616,23.92569258,-11.75747558,19.66766184,-1.981172612,-2513.434838,-1605.112282,72.78018301,307,40,80,WB03,Wind_success,3,W,1,Experienced,19,Head-On,TRUE,TRUE,-79.46565608,42.66545553,0.333333333,333.3333333,557.3550014,2.642840509,0.458333333,458.3333333,842.2660916,1.113685454,3.833598703,2.035662434,29.44573841,23.57293002,524.3574213,7697.152381,18.00155976
0307040WB04_f217,-75.76148054,285.4390556,27.29178467,-50.74901962,-134.4777985,1412.16272,296.5806769,-0.222145081,-15.11515808,1.86340332,51.39043087,3.082992554,-29.90466309,-0.014584865,-0.992380936,0.122341157,0.86315387,0.051781954,-0.502278833,1.767762712,0.358486633,-1.730505066,-0.042714844,7.375396729,21.16318359,-17.57285156,217,0.2,0307040WB04,1.266764855,28.13795687,-30.15088128,86.56685099,0.842006362,85.72484463,86.56685099,85.72484463,98.27054201,86.56685099,86.56685099,1.767762712,1.932645002,1.266764855,1.111363824,28.13795687,28.69339275,200,58,14.8,37,L,3,0.025,0.393698023,-0.242322081,0.303123434,-0.066289715,-27.74677461,-25.53582079,-0.396158414,2.712569306,-1.669592935,2.088512706,-0.456734442,-191.1745671,-175.9411518,-2.729521335,25.65257793,-18.18129778,16.56075858,-2.216568847,-1627.360841,-1918.85215,43.47853254,307,40,81,WB04,Wind_success,4,W,1,Experienced,20,Head-On,TRUE,TRUE,-82.20134757,40.77401326,0.316666667,316.6666667,530.2789468,2.380856676,0.566666667,566.6666667,1029.425027,1.057504328,2.327814769,1.560365092,32.20781747,26.22216665,524.3574213,7697.152381,18.00155976
0307040WB05_f222,-101.12462,239.0881308,28.09066162,-76.06384277,-180.8171997,1413.045288,261.1099545,0.667633057,-15.39228821,1.470825195,52.70336914,-0.98890686,-33.33911133,0.043137644,-0.994538916,0.095034141,0.845000398,-0.01585528,-0.534530577,1.812430679,0.545592957,-1.727913208,0.039360352,23.53227539,12.75908203,-9.1125,222,0.158333333,0307040WB05,1.392126538,20.83527389,-32.31208192,91.07495104,-2.483619988,93.55857102,91.07495104,93.55857102,108.5985943,91.07495104,91.07495104,1.812430679,1.87079385,1.392126538,0.791594095,20.83527389,,158.3333333,58,14.8,37,L,3,0.033333333,0.578688926,-0.390547758,0.422926699,0.059045151,-43.597973,-42.60122478,-0.501224249,3.987151896,-2.690864056,2.913954135,0.40681958,-300.3889184,-293.5213487,-3.453422247,25.06655421,-16.59722922,18.06381737,1.486002239,-1809.594351,-1781.37344,46.29167203,307,40,82,WB05,Wind_success,5,W,1,Experienced,21,Head-On,TRUE,TRUE,-79.58529894,38.93461765,0.283333333,283.3333333,511.5069427,2.265159368,0.566666667,566.6666667,1058.778564,0.966619465,3.185141139,1.804164099,30.94539158,24.76476978,524.3574213,7697.152381,18.00155976
0307040WB06_f238,-37.98077325,77.80314261,26.09773483,-12.92111206,-342.112854,1411.046875,90.42654422,-0.549342155,-14.66314697,2.310791016,28.86362743,-3.784057617,-57.80700684,-0.036982098,-0.987133297,0.155564065,0.44595566,-0.058465344,-0.893143523,1.057186328,0.206105118,-1.02046875,-0.183867188,1.972293091,1.049414062,-10.31660156,238,0.025,0307040WB06,0.868410736,19.25989414,-63.27095795,97.46895169,2.145533545,95.32341815,97.46895169,95.32341815,108.8874307,97.46895169,97.46895169,1.057186328,1.057186328,0.868410736,,19.25989414,,25,58,14.8,37,L,3,0.041666667,0.57250736,-0.31920048,0.475263641,-0.000449835,-56.91558475,-40.92762534,-2.458374572,3.944561061,-2.199283139,3.274554326,-0.003099354,-392.1469226,-281.9902913,-16.93813789,24.72057678,-13.12997212,20.10489857,-0.611226144,-2420.751407,-1697.391377,-78.13909646,307,40,83,WB06,Wind_success,6,W,1,Experienced,22,Head-On,TRUE,TRUE,-47.47581746,41.62998829,0.283333333,283.3333333,516.5081526,2.300854118,0.566666667,566.6666667,1129.06516,1.158922303,2.981810001,1.620124063,28.84097797,24.15616534,524.3574213,7697.152381,18.00155976
0307040WB07_f225,-25.99029442,205.8911345,17.89038622,-0.918237805,-214.0780029,1402.827026,208.2947926,-3.035588861,-14.75390625,2.517333984,49.18171513,-10.78210449,-31.67663574,-0.198770162,-0.966084825,0.164834866,0.826787337,-0.181256539,-0.532511752,1.698334897,0.020022426,-1.677661743,0.263422852,-2.009768486,18.05734863,-1.109179687,225,0.133333333,0307040WB07,2.123212398,25.68760892,-32.17532143,102.3653275,11.62625701,90.73907046,102.3653275,90.73907046,103.0491042,102.3653275,102.3653275,1.698334897,1.848727508,2.123212398,2.185841478,25.68760892,25.53393624,133.3333333,58,14.8,37,L,3,0.040625,0.294963374,-0.235884417,0.176158337,-0.0181707,-21.92720203,-32.06426948,-1.18991939,2.032290102,-1.625237595,1.213726438,-0.125195661,-151.0778609,-220.9219963,-8.198514151,26.93387257,-20.92340122,14.9607051,-3.062773227,-1868.01486,-2687.320295,21.73262814,307,40,84,WB07,Wind_success,7,W,1,Experienced,23,Head-On,TRUE,TRUE,-37.95687187,40.94853133,0.25,250,434.0583025,2.318233303,0.441666667,441.6666667,847.1434198,0.942576431,2.816345317,1.59846406,30.90408136,25.78077541,524.3574213,7697.152381,18.00155976
0307040WB08_f229,2.404545892,163.5663803,6.951877227,27.32578278,-256.4700012,1391.757935,163.7317049,-5.4348526,-14.1882019,2.592407227,41.51068115,-18.25979614,-41.87646484,-0.352612839,-0.920529502,0.168195191,0.672490652,-0.295816447,-0.678416503,1.541595799,-0.24455658,-1.509071045,0.198530273,-0.381417847,5.200927734,-11.11464844,229,0.1,0307040WB08,0.603644481,16.04596629,-42.72002661,113.7438238,20.95955597,92.78426785,113.7438238,92.78426785,104.5386294,113.7438238,113.7438238,1.541595799,1.597816144,0.603644481,0.509901251,16.04596629,,100,58,14.8,37,L,3,0.032291667,0.614943114,-0.26067398,0.551958428,-0.074471495,-74.17848855,-39.16168286,-0.073212986,4.236942319,-1.796037053,3.802979442,-0.513106694,-511.087888,-269.8229928,-0.504435601,22.72447581,-9.464444019,19.01191464,-3.733842439,-2559.190494,-1416.898045,1.787103086,307,40,85,WB08,Wind_success,8,W,1,Experienced,24,Head-On,TRUE,TRUE,43.4870019,36.33539839,0.233333333,233.3333333,426.2339819,2.433698798,0.45,450,902.4792742,1.132366287,2.331650239,1.582293224,32.34821599,24.11748923,524.3574213,7697.152381,18.00155976
0307040WC01_f227,-1.408830007,179.3909671,16.36252594,23.72642136,-240.5708923,1401.335449,180.1411561,-4.869890213,-13.92704773,2.954589844,48.83761215,-15.36647034,-28.3380127,-0.323648203,-0.925578149,0.196359189,0.834583031,-0.262596692,-0.484266603,1.75304196,-0.182236404,-1.726257935,0.244907227,10.07825317,0.194897461,-1.30078125,227,0.116666667,0307040WC01,0.17162443,43.50972283,-28.96443338,107.4658786,19.27327153,88.19260711,107.4658786,88.19260711,101.4396376,107.4658786,107.4658786,1.75304196,1.766877788,0.17162443,0.360986725,,,116.6666667,58,14.8,37,L,3,0.033333333,0.500221822,-0.340650257,0.344908099,-0.123359947,-41.93034483,-44.36612113,-0.706076716,3.446515551,-2.347071555,2.376407973,-0.84994688,-288.899003,-305.6814393,-4.864850509,35.73916435,-27.42374425,17.92492462,-6.068389415,-2219.18116,-3485.084271,52.68881741,307,40,95,WC01,Wind_success,1,W,1,Experienced,25,Head-On,TRUE,TRUE,-6.294956424,35.75509357,0.216666667,216.6666667,374.0083618,2.708435901,0.416666667,416.6666667,853.8338416,1.001570581,4.85137277,2.515815316,28.65074047,24.84005597,524.3574213,7697.152381,18.00155976
0307040WC02_f240,-70.9190986,54.15747007,30.23986308,-45.8490448,-365.7509155,1415.143921,94.21782968,-1.363201141,-14.7399292,2.111572266,22.8644104,-1.784729004,-58.85107422,-0.091167694,-0.985771886,0.141216999,0.361997335,-0.028256453,-0.931750772,1.263305016,0.075769958,-1.25671875,-0.104194336,2.615350342,-13.15327148,-14.13105469,240,0.008333333,0307040WC02,1.153205406,29.35818991,-68.70939402,94.46329085,5.283887197,89.17940365,94.46329085,89.17940365,97.91358544,94.46329085,94.46329085,1.263305016,1.263305016,1.153205406,1.277503183,29.35818991,29.00449137,8.333333333,58,14.8,37,L,3,0.027083333,0.660822184,-0.269642951,0.602534935,-0.030500656,-47.94726179,-24.72719051,0.533055251,4.553047939,-1.857833033,4.151450284,-0.21014874,-330.3554068,-170.3697099,3.672737038,24.63993864,-11.49231165,21.09542798,-0.35327507,-1701.980457,-1041.79762,50.63296709,307,40,96,WC02,Wind_success,2,W,1,Experienced,26,Head-On,TRUE,TRUE,-66.13773545,40.4282665,0.275,275,518.5413294,2.503186328,0.441666667,441.6666667,889.7006246,1.263305016,4.273356882,2.34914994,29.00449137,24.85588777,524.3574213,7697.152381,18.00155976
0307040WC03_f220,-49.01134375,215.6666683,11.91215998,-23.91269112,-204.2245331,1396.838989,221.4861692,-3.381374359,-14.69935608,2.131103516,48.47496796,4.355926514,-33.97265625,-0.221975923,-0.96496359,0.139899822,0.816704656,0.073388506,-0.572370188,1.451768716,0.110239105,-1.411948242,0.319189453,10.63819885,5.686523438,-12.01289063,220,0.175,0307040WC03,0.592653851,22.62361484,-34.91567211,84.86523249,12.95469865,71.91053384,84.86523249,71.91053384,89.32959439,84.86523249,84.86523249,1.451768716,1.518531286,0.592653851,0.301549405,22.62361484,,175,58,14.8,37,L,3,0.017708333,0.402714172,-0.185083032,0.349838328,-0.074405105,-33.31466215,-19.15572114,0.011637616,2.774690338,-1.275217353,2.410377129,-0.512649267,-229.5371697,-131.9824285,0.080182874,30.1806009,-22.90906143,15.85146436,-2.553014008,-1581.693394,-2397.44024,-152.9822005,307,40,97,WC03,Wind_success,3,W,1,Experienced,27,Head-On,TRUE,TRUE,-54.7919263,37.98592802,0.325,325,505.4457841,2.397537349,0.525,525,954.6163434,0.949412183,3.067172423,1.924458114,31.42010346,25.06888464,524.3574213,7697.152381,18.00155976
0308040MA01_f220,11.02482483,416.6608316,-8.86944046,35.95331955,-3.181182384,1376.075562,416.9010222,-1.654754639,-15.17986345,2.922363281,17.79296494,39.47296858,-40.38891602,-0.106436182,-0.976390496,0.18797058,0.300499852,0.666646693,-0.682115845,2.446597169,-0.007424011,-2.446518803,0.018120117,9.75234375,-0.14149704,11.00566406,220,0.175,0308040MA01,1.122769835,,-43.00920467,24.26410327,6.221239304,18.04286397,24.26410327,18.04286397,24.0902386,24.26410327,24.26410327,2.446597169,2.448054052,1.122769835,1.157092113,,,175,58,13.9,37,L,3,0.740625,0.134049318,-0.127728034,-0.038357648,0.013544735,3.227482213,-11.47871543,-0.252743268,0.983397573,-0.937024077,-0.281395078,0.099365362,23.67709309,-84.20886492,-1.854146818,1.532168459,-0.256839171,1.275561346,-0.286363448,-164.2302516,-27.03441101,0.267523919,308,40,37,MA01,Wind_missed,1,M,1,Experienced,2,Failure,FALSE,FALSE,-11.62839358,16.07544161,,,,2.636432649,0.316666667,316.6666667,764.6726439,2.021485067,3.578595759,1.261001915,29.706187,25.11693798,524.3574213,7697.152381,16.90687031
0308040MA02_f240,25.62393596,0.621903071,44.95328886,50.55867004,-419.2226257,1429.914917,51.74718386,-14.77245331,-5.017150879,1.669555664,47.01383972,-19.11184692,-23.53234863,-0.941504041,-0.319761906,0.106407065,0.840426381,-0.341646214,-0.420667759,0.998589083,-0.251599274,-0.887167969,0.38315918,-12.32237549,33.95302734,-0.769921875,240,0.008333333,0308040MA02,2.826596572,20.98600963,-24.87675307,112.1224962,71.24103228,40.88146396,112.1224962,40.88146396,96.2892532,112.1224962,112.1224962,0.998589083,1.242216145,2.826596572,2.852418327,20.98600963,20.73316813,8.333333333,58,13.9,37,L,3,0.423958333,0.311990756,-0.233928382,-0.199925601,-0.051434403,13.28555745,-13.78474466,-2.691621271,2.288791596,-1.716119166,-1.466671773,-0.377327298,97.4640168,-101.126098,-19.74597014,0.333494064,0.129388401,0.183942924,0.225143939,-15.77497338,4.184887158,1.160515736,308,40,38,MA02,Wind_missed,2,M,1,Experienced,3,Failure,FALSE,FALSE,12.06017198,35.88829246,0.191666667,191.6666667,318.3884253,2.43403145,0.408333333,408.3333333,797.8072635,1.242216145,3.15918536,1.655976585,30.54063816,21.12185534,524.3574213,7697.152381,16.90687031
0308040PA01_f236,33.19770233,52.64267561,27.42714307,58.15326691,-367.0132141,1412.463501,68.01166747,-12.07934952,-9.433959961,1.238037109,43.17447662,-28.98699951,-25.50427246,-0.785561694,-0.613522902,0.080513816,0.745413123,-0.50046443,-0.440334681,1.181145413,-0.311075134,-1.139190674,0.024111328,13.42177734,5.999853516,-7.998046875,236,0.041666667,0308040PA01,2.890401452,21.29016398,-26.12523703,123.8770967,52.01019895,71.86689774,123.8770967,71.86689774,108.6038737,123.8770967,123.8770967,1.181145413,1.265414298,2.890401452,2.377861302,21.29016398,20.44148676,41.66666667,58,13.9,37,L,3,0.430208333,0.23588721,-0.233583508,-0.028448702,0.016498251,1.182940147,-29.12258721,0.284340283,1.730489302,-1.713589137,-0.208702176,0.121032621,8.678152852,-213.6458586,2.085945302,8.92020946,-3.837403435,5.574177496,-3.708602383,-855.9212942,-463.904288,-18.32563591,308,40,40,PA01,Wind_Near-miss,1,P,1,Experienced,4,Pivot,TRUE,FALSE,40.768161,34.04768864,0.183333333,183.3333333,307.9042866,2.723875045,0.375,375,784.5333611,1.086097641,3.43760581,1.786734956,25.20668447,22.03634767,524.3574213,7697.152381,16.90687031
0308040UA01_f129,68.16768386,226.0984547,21.6734525,93.02947235,-193.7907562,1406.594116,237.1435912,-3.710189819,-14.78746033,1.766113281,41.43883514,14.60023499,-27.42370605,-0.2417415,-0.963493248,0.115073054,0.800102227,0.281901759,-0.529497709,2.473583304,0.01082428,-2.472328491,0.078032227,-7.279431152,2.565527344,14.71113281,129,0.933333333,0308040UA01,3.078150264,,-31.97152336,70.59099913,14.08482448,56.50617465,70.59099913,56.50617465,70.84184832,70.59099913,70.59099913,2.473583304,2.495130245,3.078150264,3.727620878,,,933.3333333,58,13.9,37,L,3,0.015625,0.390927751,-0.230137252,-0.30336006,0.088510032,19.2968586,-14.27570056,-1.532934082,2.867880328,-1.688307103,-2.225476051,0.649317369,141.5634502,-104.7277936,-11.24573912,3.458931708,-2.048972814,-2.667184982,0.80743337,163.8416129,-127.7067564,-7.981350036,308,40,36,UA01,Wind_Uturn,1,U,1,Experienced,1,U-Turn,TRUE,FALSE,55.57914031,15.00542969,0.95,950,276.6914943,2.693842437,1.191666667,1191.666667,869.5600092,1.002374582,4.116606039,1.854325734,28.91605363,21.60299522,524.3574213,7697.152381,16.90687031
0308040WA01_f230,41.66267689,83.14259338,39.05238936,66.69090271,-336.6097717,1424.060791,100.86406,-10.83402252,-10.92108154,0.414550781,48.84230042,-24.94647217,-17.18969727,-0.704015878,-0.709673143,0.026938317,0.849799909,-0.434039953,-0.299080982,1.136583583,-0.362897644,-1.07697876,0.015629883,-6.602124023,11.95664063,-0.515039063,230,0.091666667,0308040WA01,1.58766417,24.39960781,-17.40241314,117.0559218,44.77071643,72.28520535,117.0559218,72.28520535,98.43421691,117.0559218,117.0559218,1.136583583,1.170226344,1.58766417,1.293977025,24.39960781,25.05126058,91.66666667,58,13.9,37,L,3,0.046875,0.344326113,-0.174616046,0.266053421,-0.131473518,-37.29015653,-24.7966508,0.671743366,2.52600662,-1.280998655,1.951791272,-0.964501279,-273.5638648,-181.910409,4.927968358,0.342527777,-0.208201667,-0.145299583,0.220334078,5.687283873,0.918701898,-4.350451367,308,40,41,WA01,Wind_success,1,W,1,Experienced,5,Head-On,TRUE,TRUE,18.3262839,37.49257391,0.241666667,241.6666667,367.498889,2.788472811,0.383333333,383.3333333,714.4094839,0.556059017,2.825830176,1.216120968,31.95244425,24.39953375,524.3574213,7697.152381,16.90687031
0308040WA02_f232,20.64462005,100.0009794,11.90273791,45.65210724,-319.7762146,1396.910156,102.8011254,-8.796394348,-12.28268433,2.670043945,45.60932159,-19.57623291,-18.73913574,-0.573362277,-0.800603927,0.1740375,0.85969759,-0.368995628,-0.353217046,1.186556769,-0.389056091,-1.115368652,0.111826172,25.05932007,0.818701172,9.038671875,232,0.075,0308040WA02,1.027929904,21.01373233,-20.68421073,113.229765,35.60880717,77.62095784,113.229765,77.62095784,94.0002832,113.229765,113.229765,1.186556769,1.272049735,1.027929904,,21.01373233,,75,58,13.9,37,L,3,0.042708333,0.344242215,-0.189556332,0.262129408,-0.117725413,-31.20334153,-28.78401805,-0.450773372,2.525391134,-1.390601906,1.92300437,-0.863643971,-228.9104551,-211.1620855,-3.306913065,14.04831518,-7.011363741,10.57875947,-4.600447802,-1268.358814,-1160.758218,-10.2510003,308,40,42,WA02,Wind_success,2,W,1,Experienced,6,Head-On,TRUE,TRUE,49.54838051,33.90298451,0.241666667,241.6666667,400.1745563,2.694540822,0.425,425,828.9489002,0.913712968,3.210581011,1.456307593,26.38569556,21.24257672,524.3574213,7697.152381,16.90687031
0308040WA03_f222,-7.779900772,158.8387644,19.20263901,17.19599342,-260.887085,1404.192139,160.1843353,-5.693653107,-13.6053772,2.351196289,49.06799126,-18.19424438,-28.13659668,-0.381230683,-0.910977038,0.15742936,0.825825693,-0.30621336,-0.473545459,1.081501147,-0.434370117,-0.967294922,0.212856445,-2.677148437,10.41965332,7.301953125,222,0.158333333,0308040WA03,1.318483584,20.85665814,-28.26468722,110.3446092,22.70860325,87.63600596,110.3446092,87.63600596,86.16183269,110.3446092,110.3446092,1.081501147,1.141963336,1.318483584,1.00727479,20.85665814,19.78121874,158.3333333,58,13.9,37,L,3,0.020833333,0.328771211,-0.163011646,0.276221307,-0.072246121,-22.65791394,-17.04077819,0.93411806,2.411894487,-1.195867758,2.026383775,-0.530003888,-166.2204474,-125.0126461,6.852772165,38.68523424,-32.44961021,14.27211933,-2.400050847,-1288.303398,-3018.508246,31.59553759,308,40,43,WA03,Wind_success,3,W,1,Experienced,7,Head-On,TRUE,TRUE,3.35822627,38.45927208,0.3,300,384.7360341,2.591887972,0.458333333,458.3333333,735.2869376,0.819362977,3.042743422,1.701029339,26.37473753,20.26139635,524.3574213,7697.152381,16.90687031
0308040WA04_f218,-9.106672653,206.2290019,23.92427877,15.86110878,-213.4999847,1408.922363,207.8117028,-4.321538925,-14.23025513,2.147949219,50.73406029,-21.22328186,-26.80297852,-0.287598432,-0.947023534,0.142946029,0.829283304,-0.34690922,-0.438113221,1.346628044,-0.202716293,-1.326049805,0.117919922,-3.121600342,11.20297852,2.654296875,218,0.191666667,0308040WA04,2.061827282,17.0038342,-25.98355907,112.700735,16.89283712,95.80789789,112.700735,95.80789789,104.0090879,112.700735,112.700735,1.346628044,1.401804771,2.061827282,2.005845089,17.0038342,18.94260827,191.6666667,58,13.9,37,L,3,0.045833333,0.382118268,-0.268334521,0.264051697,-0.065480202,-24.84677161,-29.69062338,-0.333476628,2.803253189,-1.968525624,1.937106451,-0.480368512,-182.2780997,-217.8130218,-2.446413842,20.49226444,-15.63669017,12.3884032,-3.829748615,-1229.472764,-1570.019298,-11.92864441,308,40,44,WA04,Wind_success,4,W,1,Experienced,8,Head-On,TRUE,TRUE,-0.782291324,38.1645025,0.291666667,291.6666667,372.4230397,2.321074041,0.541666667,541.6666667,901.8145559,0.651910282,4.01864178,1.787550982,25.5661206,19.26529949,524.3574213,7697.152381,16.90687031
0308040WA05_f226,31.07835352,137.9882314,3.398070017,56.07988739,-281.7325439,1388.450928,141.4855574,-9.376426697,-11.8772583,2.391235352,49.36581421,-22.54574585,-10.7767334,-0.612035364,-0.775274243,0.156085111,0.892203614,-0.407476231,-0.194771233,1.075696528,-0.437754364,-0.981903076,0.036884766,-7.4434021,23.64301758,8.555273438,226,0.125,0308040WA05,0.279764186,16.1708428,-11.23135995,114.5465435,38.28910471,76.25743876,114.5465435,76.25743876,90.51816111,114.5465435,114.5465435,1.075696528,1.194367956,0.279764186,0.43974967,16.1708428,,125,58,13.9,37,L,3,0.064583333,0.249663867,-0.190253242,0.138880699,-0.082752049,-16.23391509,-20.21234313,-0.343751573,1.831556062,-1.3957145,1.018841012,-0.607076299,-119.0934275,-148.2795252,-2.521791746,19.91415393,-15.87259088,9.592998896,-6.497059433,-1194.443373,-1649.492466,-50.58700429,308,40,45,WA05,Wind_success,5,W,1,Experienced,9,Head-On,TRUE,TRUE,72.47029661,38.41452472,0.316666667,316.6666667,432.2906114,2.435590016,0.5,500,811.6215162,0.670731404,3.224558894,1.560024329,25.78846781,23.00585863,524.3574213,7697.152381,16.90687031
0308040WA06_f225,-33.3282275,139.8291739,30.44738846,-8.344154358,-279.8654175,1415.471924,146.9354011,-5.19116497,-14.61657715,2.234985352,51.33312607,-22.39526367,-13.17480469,-0.331254313,-0.932700897,0.142617031,0.892215437,-0.389249623,-0.228989836,1.143974609,-0.049054012,-1.135803223,-0.127368164,4.42567749,-0.447363281,-2.177929688,225,0.133333333,0308040WA06,1.757849388,17.31724807,-13.23760648,113.57035,19.55279936,94.01755062,113.57035,94.01755062,111.0973491,113.57035,113.57035,1.143974609,1.143974609,1.757849388,1.331318548,17.31724807,,133.3333333,58,13.9,37,L,3,0.69375,0.270174201,-0.257695104,-0.051070979,-0.063080009,2.385838503,-20.48119951,-0.776458293,1.982021676,-1.890473921,-0.374661186,-0.462760491,17.50272088,-150.2518791,-5.696166259,19.75417925,-13.10636753,13.38892993,-1.796976399,-1309.622943,-1513.929777,79.08814358,308,40,46,WA06,Wind_success,6,W,1,Experienced,10,Head-On,TRUE,TRUE,-31.17536989,46.13021448,0.316666667,316.6666667,458.6501886,2.176992718,0.525,525,878.1297903,0.759340741,3.366526559,1.540633789,29.17439207,22.77241938,524.3574213,7697.152381,16.90687031
0308040WA07_f227,-2.040334327,169.8196215,10.05354478,22.99317932,-249.8667908,1395.052002,170.1291879,-4.776449203,-14.22341919,3.183105469,50.89767456,-17.16067505,-9.880981445,-0.311414078,-0.927335933,0.207531539,0.931951811,-0.314217149,-0.180923758,1.569789351,-0.293957291,-1.535522461,0.141416016,-19.19544983,17.02353516,-12.45410156,227,0.116666667,0308040WA07,0.948956916,15.87678591,-10.4235707,108.6320637,18.56286584,90.06919785,108.6320637,90.06919785,97.79459908,108.6320637,108.6320637,1.569789351,1.700499674,0.948956916,0.948956916,15.87678591,,116.6666667,58,13.9,37,L,3,0.040625,0.712974891,-0.255091248,0.659703661,-0.089737009,-72.01028379,-32.73436534,-1.244814836,5.230446445,-1.871371809,4.839644017,-0.65831858,-528.273769,-240.1421803,-9.132071011,21.47363126,-9.410787587,18.32768462,-2.897195388,-1986.121474,-1159.17719,-30.15592289,308,40,47,WA07,Wind_success,7,W,1,Experienced,11,Head-On,TRUE,TRUE,-4.62694553,41.26597406,0.233333333,233.3333333,382.9003672,2.339409833,0.433333333,433.3333333,813.7258074,0.858726477,3.826051429,1.631724731,29.51842301,23.05260997,524.3574213,7697.152381,16.90687031
0308040WA08_f211,94.60373795,139.8731668,29.0564771,119.6220932,-279.838562,1414.109009,171.3436573,-12.35497284,-8.561859131,1.458618164,45.66751862,-25.76928711,-10.60961914,-0.818087508,-0.566925569,0.096582754,0.853614519,-0.481677969,-0.198314365,1.188715517,-0.556468506,-1.048795166,0.058447266,13.61524658,-18.14633789,-0.537890625,211,0.25,0308040WA08,1.179803269,,-11.43840495,119.4351868,55.27847009,64.15671669,119.4351868,64.15671669,91.48571196,119.4351868,119.4351868,1.188715517,1.188715517,1.179803269,1.115074816,,,250,58,13.9,37,L,3,0.00625,0.452512097,-0.332404771,0.241253571,-0.189923618,-22.30790906,-35.28823071,-0.748590554,3.319668499,-2.438550604,1.769857391,-1.393296347,-163.6527809,-258.8775611,-5.491726081,10.60472083,-7.869923069,4.806887086,-5.022945123,-437.8734108,-788.0741862,-23.98701492,308,40,48,WA08,Wind_success,8,W,1,Experienced,12,Head-On,TRUE,TRUE,111.0780065,33.4229718,0.358333333,358.3333333,311.8856501,2.383911773,0.666666667,666.6666667,889.3811722,0.60231408,1.882318423,0.96361351,25.02026121,21.78890639,524.3574213,7697.152381,16.90687031
0308040WB01_f238,2.252474424,61.00198262,26.67319688,27.31560516,-358.7462769,1411.696777,66.61662673,-9.033784866,-12.55288696,1.406005859,38.17230988,-12.57513428,-45.11132813,-0.581722849,-0.808332418,0.090538545,0.631807369,-0.208136802,-0.746658235,1.117281431,-0.4800634,-0.956103516,0.322060547,4.32822876,14.83417969,1.226953125,238,0.025,0308040WB01,0.340494429,23.19839028,-48.30172718,108.2334745,35.74097804,72.4924965,108.2334745,72.4924965,81.57206427,108.2334745,108.2334745,1.117281431,1.202185219,0.340494429,0.340494429,23.19839028,,25,58,13.9,37,L,3,0.040625,0.395472563,-0.202478867,0.30041135,-0.15859974,-36.16795958,-28.77601082,-0.026493808,2.901221471,-1.485402761,2.203844057,-1.163501625,-265.3313293,-211.1033437,-0.194360905,17.7172747,-7.938687569,13.25833358,-7.931086429,-1620.872371,-1064.535436,-3.638553304,308,40,59,WB01,Wind_success,1,W,1,Experienced,13,Head-On,TRUE,TRUE,81.65322298,35.73131142,0.283333333,283.3333333,437.5426881,2.37360857,0.475,475,823.1216678,1.04904089,3.97066234,1.685939749,24.25319356,19.17438249,524.3574213,7697.152381,16.90687031
0308040WB02_f203,78.99207598,135.1249563,25.95602956,104.037178,-284.5492859,1410.898926,158.6575474,-10.45021057,-11.92828369,1.443237305,47.72887421,-26.80450439,-12.55078125,-0.65625536,-0.749075825,0.090632836,0.849859185,-0.47728036,-0.223478909,1.2831239,-0.408947754,-1.208492432,0.136801758,-3.115942383,6.857666016,8.129882812,203,0.316666667,0308040WB02,2.117155922,22.81239707,-12.91344865,119.3185379,41.22117002,78.09736788,119.3185379,78.09736788,100.6229775,119.3185379,119.3185379,1.2831239,1.324117397,2.117155922,1.875454397,22.81239707,22.06406491,316.6666667,58,13.9,37,L,3,0.003125,0.278331253,-0.268903092,-0.00441917,0.071692985,-2.283103194,-30.69737153,0.745125598,2.041862526,-1.972696713,-0.032419418,0.525946037,-16.74904563,-225.1986147,5.466306853,6.229873177,-6.067976368,0.117329711,1.167702501,-62.99794864,-679.412867,20.01415062,308,40,60,WB02,Wind_success,2,W,1,Experienced,14,Head-On,TRUE,TRUE,70.1051158,44.11539305,0.458333333,458.3333333,384.7898146,2.562105045,0.65,650,812.8692234,0.427598668,2.781544759,1.417120996,26.2715556,20.05696526,524.3574213,7697.152381,16.90687031
0308040WB03_f226,46.56092039,96.68819711,18.05108246,71.59770966,-322.9893799,1403.051758,108.8226463,-11.48538208,-9.909332275,1.48034668,42.67843628,-29.34655762,-29.84729004,-0.753564737,-0.650158899,0.097126682,0.713936814,-0.490917421,-0.499293813,1.204694157,-0.64598053,-0.953781738,0.352558594,4.822009277,-5.633789063,4.18359375,226,0.125,0308040WB03,6.183387011,21.35632122,-29.95329001,124.5132018,49.21310555,75.30009621,124.5132018,75.30009621,90.40406892,124.5132018,124.5132018,1.204694157,1.204694157,,,21.35632122,21.17828969,125,58,13.9,37,L,3,0.069791667,0.317372327,-0.163458121,0.227586624,-0.149033437,-20.12781553,-13.25537154,1.793302098,2.328271277,-1.199143139,1.66959547,-1.093322386,-147.6594232,-97.2425703,13.15582176,2.501317139,-1.619319687,1.153547825,-1.102440029,-119.1644028,-198.3533091,0.952266794,308,40,61,WB03,Wind_success,3,W,1,Experienced,15,Head-On,TRUE,TRUE,97.90906005,42.3853416,0.333333333,333.3333333,428.8915019,2.523023168,0.525,525,830.6996699,0.566468537,4.120147909,1.457125123,31.48698957,22.18250289,524.3574213,7697.152381,16.90687031
0308040WB04_f218,-7.87135996,238.881737,-14.35050176,17.148592,-180.7594452,1370.638916,239.4418081,-5.382538795,-13.89819336,4.101806641,50.77165794,-21.2164917,-23.16003418,-0.348199311,-0.899081556,0.265348064,0.850422915,-0.355375252,-0.387929498,1.614211081,-0.353095322,-1.544750977,0.307807617,-4.210894775,9.362329102,7.008398437,218,0.191666667,0308040WB04,0.841733709,-10.2867794,-22.82572793,112.6791045,21.17055584,91.50854865,112.6791045,91.50854865,99.80377215,112.6791045,112.6791045,1.614211081,1.614211081,0.841733709,1.693945223,,,191.6666667,58,13.9,37,L,3,0.017708333,0.283975588,-0.122165999,0.244894933,-0.075789674,-20.53041544,-8.948025203,0.989250485,2.083269864,-0.896220506,1.796570748,-0.555999711,-150.6129315,-65.64349909,7.25722848,23.99627017,-17.79990534,12.59389011,-3.115089374,-1051.698478,-1463.156002,34.95471246,308,40,62,WB04,Wind_success,4,W,1,Experienced,16,Head-On,TRUE,TRUE,5.183393718,42.17738644,0.3,300,433.6073623,2.485102063,0.45,450,766.8395851,0.881377259,2.941160733,1.514104602,26.84388521,20.03006979,524.3574213,7697.152381,16.90687031
0308040WB05_f222,14.03249769,181.6976314,10.70116653,39.07656097,-237.9496002,1395.697266,182.5526094,-7.812156677,-13.14155579,2.452270508,48.11257935,-24.19398499,-24.86828613,-0.504541799,-0.848736716,0.158377901,0.811098575,-0.407870603,-0.419238206,1.339595442,-0.428534088,-1.26755127,0.064716797,1.639764404,-9.378369141,-3.179882813,222,0.158333333,0308040WB05,2.057870892,22.84827737,-24.78650158,116.6960826,30.72987829,85.96620432,116.6960826,85.96620432,98.01670136,116.6960826,116.6960826,1.339595442,1.339595442,2.057870892,1.745164818,22.84827737,23.40437777,158.3333333,58,13.9,37,L,3,0.033333333,0.5559554,-0.374006681,0.389797361,-0.131390362,-34.81174775,-36.76617512,-1.990452959,4.078537664,-2.74374587,2.859587691,-0.963891237,-255.3820402,-269.7198911,-14.60213779,19.28999895,-13.95097737,11.93626056,-5.316884874,-1046.143168,-1276.172042,-69.53049957,308,40,63,WB05,Wind_success,5,W,1,Experienced,17,Head-On,TRUE,TRUE,47.64321589,42.77751873,0.316666667,316.6666667,427.1707826,2.47173897,0.55,550,929.6807462,0.774057631,3.468556654,1.439765214,26.39824696,22.62758026,524.3574213,7697.152381,16.90687031
0308040WB06_f226,2.534982904,140.9518892,20.54688339,27.57211494,-278.7029419,1405.592163,142.4641555,-7.180624008,-13.3081665,1.35925293,46.81088829,-24.46484375,-26.0645752,-0.47294587,-0.876531395,0.089526072,0.794758805,-0.415365969,-0.442526331,1.274797579,-0.408872452,-1.1940271,0.17953125,-3.376400757,7.437304688,0.650390625,226,0.125,0308040WB06,0.910777425,24.62543733,-26.26518241,117.592985,28.34975655,89.24322842,117.592985,89.24322842,98.69016738,117.592985,117.592985,1.274797579,1.274797579,0.910777425,0.52026401,24.62543733,,125,58,13.9,37,L,3,0.025,0.270050184,-0.115699812,0.218879524,-0.107853648,-19.71235762,-12.67603361,1.018918614,1.981111881,-0.848783989,1.605719422,-0.791223837,-144.6115875,-92.99249629,7.474876478,25.54783881,-19.95869306,11.72003965,-5.864141135,-1089.207031,-2009.353606,31.6960002,308,40,64,WB06,Wind_success,6,W,1,Experienced,18,Head-On,TRUE,TRUE,61.51327666,43.01926079,0.366666667,366.6666667,505.8649781,2.384179244,0.55,550,888.6529577,0.856374121,2.858017978,1.108806695,26.59157071,23.30014434,524.3574213,7697.152381,16.90687031
0308040WB07_f220,-1.481386244,200.742009,-3.400900523,23.57830811,-218.8994598,1381.598511,200.7762805,-6.838005066,-13.17913818,4.138671875,49.93302155,-20.75762939,-20.37536621,-0.443636822,-0.855037533,0.268509195,0.864086934,-0.359209112,-0.352594078,1.433313658,-0.30118309,-1.401079102,0.025576172,27.43591003,-6.161572266,-17.12109375,220,0.175,0308040WB07,1.564886545,20.90387506,-20.64606287,112.5731181,27.42257312,85.15054502,112.5731181,85.15054502,100.44115,112.5731181,112.5731181,1.433313658,1.459723137,1.564886545,1.390891188,20.90387506,21.58736565,175,58,13.9,37,L,3,0.054166667,0.480569971,-0.343721502,0.322495613,-0.093806213,-22.58343018,-25.35235866,-1.814039582,3.525503528,-2.521571137,2.365856151,-0.688170623,-165.674028,-185.9871307,-13.30795376,21.37626252,-15.69266495,13.10567168,-5.036474817,-931.0141405,-1197.23967,-57.85457595,308,40,65,WB07,Wind_success,7,W,1,Experienced,19,Head-On,TRUE,TRUE,25.95055898,46.20144782,0.341666667,341.6666667,480.2731141,2.452726062,0.5,500,810.9135301,0.769662227,3.248034961,1.478541095,24.42563437,19.64763036,524.3574213,7697.152381,16.90687031
0308040WB08_f225,14.26837136,193.9265361,17.52634557,39.28623581,-225.7164307,1402.605103,195.2389833,-6.783302307,-14.00932312,1.835449219,51.07455063,-15.08596802,-20.57348633,-0.432801543,-0.89385028,0.117108927,0.894605218,-0.264240909,-0.360358496,1.568999797,-0.536397858,-1.467160034,0.146557617,0.277130127,5.723876953,12.28183594,225,0.133333333,0308040WB08,0.590492899,30.76824468,-21.12221409,106.45564,25.83622607,80.61941392,106.45564,80.61941392,86.37308483,106.45564,106.45564,1.568999797,1.608402244,0.590492899,0.78460905,30.76824468,28.51166192,133.3333333,58,13.9,37,L,3,0.032291667,0.57493307,-0.3434951,0.40971276,-0.211410989,-32.10285826,-29.40401705,-0.616443653,4.217759518,-2.519910233,3.005688803,-1.550929587,-235.5093889,-215.7104526,-4.522284798,25.37045444,-14.41534487,18.10259799,-9.544012876,-1436.553097,-1174.488898,51.88375873,308,40,66,WB08,Wind_success,8,W,1,Experienced,20,Head-On,TRUE,TRUE,35.71548535,39.80376291,0.316666667,316.6666667,531.9665112,2.463530401,0.475,475,872.2490951,1.128967275,4.208284493,1.329844054,30.0829859,22.35506824,524.3574213,7697.152381,16.90687031
0308040WC01_f233,18.15423361,82.05853297,27.59533768,43.22662735,-337.641571,1412.721069,88.45723087,-11.54856682,-10.26126099,-0.7421875,46.92483139,-26.57794189,-18.52856445,-0.74668092,-0.663449232,-0.047986668,0.82290909,-0.466090753,-0.324930824,1.237857055,-0.526945496,-1.09265625,0.246416016,10.90025024,14.18642578,9.958007812,233,0.066666667,0308040WC01,1.428835823,22.87474508,-18.96138401,119.5269545,48.37791373,71.14904078,119.5269545,71.14904078,93.78075409,119.5269545,119.5269545,1.237857055,1.346691499,1.428835823,1.215821499,22.87474508,23.55391217,66.66666667,58,13.9,37,L,3,0.028125,0.304910649,-0.143275892,0.218920806,-0.15657651,-26.90838969,-18.94220335,0.531779365,2.236851314,-1.051084531,1.606022271,-1.148659033,-197.402311,-138.9616681,3.901180147,17.5425171,-11.9827187,9.075501045,-6.216553372,-1191.901332,-1489.939621,0.954152444,308,40,76,WC01,Wind_success,1,W,1,Experienced,21,Head-On,TRUE,TRUE,100.8588696,31.85197939,0.233333333,233.3333333,355.4559672,2.534522928,0.433333333,433.3333333,781.9467229,0.801114463,2.739797298,1.400496779,24.27358455,20.37658915,524.3574213,7697.152381,16.90687031
0308040WC02_f224,19.38356092,199.5386377,-1.22193044,44.40691757,-220.138443,1383.77002,200.4816288,-7.338119507,-13.31924438,3.010131836,54.00740433,-17.83731079,-16.5032959,-0.473366814,-0.85919673,0.194177339,0.911937562,-0.301190437,-0.278665039,1.597688659,-0.333309174,-1.561933594,0.043330078,-4.727142334,7.030151367,18.51679687,224,0.141666667,0308040WC02,1.137958357,21.77943597,-16.18054621,108.2771124,28.85217659,79.42493584,108.2771124,79.42493584,96.23114545,108.2771124,108.2771124,1.597688659,1.614873351,1.137958357,1.372026368,21.77943597,23.93679606,141.6666667,58,13.9,37,L,3,0.057291667,0.372764183,-0.273465916,0.198333126,-0.157586484,-17.42968638,-26.10482752,-0.955387959,2.734630797,-2.006169988,1.454989237,-1.15606829,-127.8657107,-191.5073083,-7.008810011,22.68740491,-14.12565426,13.39003755,-9.771055922,-1220.956593,-1350.20622,-23.9282037,308,40,77,WC02,Wind_success,2,W,1,Experienced,22,Head-On,TRUE,TRUE,15.33811423,38.68144375,0.241666667,241.6666667,384.4580628,2.459331992,0.408333333,408.3333333,746.7027649,1.016219279,3.344964768,1.486894219,27.38684257,21.28595462,524.3574213,7697.152381,16.90687031
0308040WC03_f225,-2.40903494,180.2406027,6.083397675,22.61202431,-239.4155731,1391.110718,180.3593248,-5.929037094,-14.01846313,2.743286133,45.55908775,-10.84933472,-37.38549805,-0.383360039,-0.906406637,0.177375561,0.760267578,-0.181048345,-0.623870746,1.509930383,-0.456021881,-1.380230713,0.408530273,-0.947845459,-2.38293457,14.69707031,225,0.133333333,0308040WC03,2.001945837,19.66579686,-38.59935109,103.3947981,22.92568282,80.46911531,103.3947981,80.46911531,85.11148056,103.3947981,103.3947981,1.509930383,1.509930383,2.001945837,2.498398685,19.66579686,20.52260371,133.3333333,58,13.9,37,L,3,0.034375,0.364944376,-0.191368463,0.286653205,-0.119968533,-25.47819648,-17.09960619,1.109772151,2.677264007,-1.403895862,2.102913095,-0.880099702,-186.910288,-125.4442134,8.14138601,38.20942038,-30.77645473,15.49436536,-4.421237913,-1471.750432,-2787.847937,101.2758188,308,40,78,WC03,Wind_success,3,W,1,Experienced,23,Head-On,TRUE,TRUE,38.34694849,36.47056953,0.283333333,283.3333333,437.354625,2.503174556,0.483333333,483.3333333,891.6526271,0.935786095,3.22512108,1.446203262,29.41801976,21.335914,524.3574213,7697.152381,16.90687031
0308040WC04_f223,-38.44841683,208.314542,32.00172221,-13.39249706,-211.3390503,1417.064575,214.2366434,-3.197113991,-14.89941406,1.079833984,53.68678951,-13.42381287,-13.90710449,-0.209279261,-0.975297838,0.070684642,0.940878173,-0.235256618,-0.243726458,1.793579524,-0.199569397,-1.771334839,0.198676758,-15.10243835,3.265356445,9.0703125,223,0.15,0308040WC04,2.410832296,19.21115099,-14.10658387,104.0383683,12.1108688,91.92749954,104.0383683,91.92749954,97.61018361,104.0383683,104.0383683,1.793579524,1.804259845,2.410832296,1.715567448,19.21115099,,150,58,13.9,37,L,3,0.029166667,0.652638165,-0.436381422,0.472494596,-0.110709917,-44.59344348,-43.44669308,-0.585730207,4.787810922,-3.201332452,3.466261873,-0.812177677,-327.1414195,-318.7287578,-4.296968263,21.12373771,-14.68451388,14.48732494,-3.686509323,-1360.663413,-1453.921607,-13.45057071,308,40,79,WC04,Wind_success,4,W,1,Experienced,24,Head-On,TRUE,TRUE,-17.63307179,38.68202879,0.233333333,233.3333333,377.0185926,2.593802166,0.375,375,712.033066,0.93970685,3.236841753,1.620573184,26.2948305,20.81335611,524.3574213,7697.152381,16.90687031
0308040WC05_f224,5.038445459,202.6704373,-8.977978619,30.05247688,-216.9791718,1376.061401,202.9317526,-6.167901993,-13.62149048,3.573974609,50.51916313,-23.43510437,-21.71118164,-0.401189232,-0.886005535,0.232468047,0.845189124,-0.392070931,-0.363229584,1.478113684,-0.347835617,-1.395853271,0.339741211,-4.22124939,3.453442383,13.66347656,224,0.141666667,0308040WC05,1.697393021,22.01352113,-21.29866879,114.885899,24.36133565,90.52456339,114.885899,90.52456339,100.8932299,114.885899,114.885899,1.478113684,1.475924408,1.697393021,1.432142029,22.01352113,21.50886561,141.6666667,58,13.9,37,L,3,0.036458333,0.471094138,-0.223964791,0.372805995,-0.181066699,-41.12762794,-26.41675339,1.662073992,3.455987992,-1.643025387,2.734937536,-1.328321216,-301.7158922,-193.7956239,12.19312084,20.64810357,-8.909075818,16.96027399,-5.931417685,-1909.069123,-988.9809304,94.6159913,308,40,80,WC05,Wind_success,5,W,1,Experienced,25,Head-On,TRUE,TRUE,25.49468359,45.3233447,0.308333333,308.3333333,496.5171925,2.515114219,0.491666667,491.6666667,914.5411596,1.082643711,3.036838895,1.514502215,28.26321027,21.85553454,524.3574213,7697.152381,16.90687031
0308040WC06_f215,68.43916952,237.8898067,-0.307690837,93.46285248,-181.7954559,1384.712036,247.5390367,-8.840270996,-12.67054749,3.319335938,51.04944611,-17.84347534,-9.275268555,-0.5594311,-0.80181912,0.210054619,0.930409549,-0.32520901,-0.169047837,1.935478531,-0.112173157,-1.929902344,0.094716797,24.22518311,0.447143555,-2.371289062,215,0.216666667,0308040WC06,3.007575072,,-9.732462897,109.266215,34.90357274,74.36264222,109.266215,74.36264222,105.9397122,109.266215,109.266215,1.935478531,1.949934258,3.007575072,2.786826966,,,216.6666667,58,13.9,37,L,3,0.048958333,0.365901512,-0.309153183,0.151688363,-0.123688588,-16.25345394,-32.51037971,-1.200043447,2.684285643,-2.267974913,1.112799157,-0.907390347,-119.2367662,-238.499002,-8.803624165,20.64982405,-16.51779053,9.633414149,-7.233685881,-1058.764672,-1714.854777,-16.1952059,308,40,81,WC06,Wind_success,6,W,1,Experienced,26,Head-On,TRUE,TRUE,59.54439591,30.88062742,0.275,275,361.1363686,2.500375555,0.508333333,508.3333333,881.4147005,0.763705199,2.786826966,1.376230304,26.31053891,22.30096147,524.3574213,7697.152381,16.90687031
0308040WC07_f221,10.53200004,227.6099178,-13.72738724,35.54670334,-192.0361176,1371.299316,228.2665961,-6.223901749,-14.00158691,3.474731445,50.66717911,-20.25845337,-14.19396973,-0.396133558,-0.891160989,0.221156725,0.898625941,-0.359301071,-0.251742245,1.713432184,-0.243202515,-1.669310303,0.300175781,4.58036499,-0.99777832,1.086328125,221,0.166666667,0308040WC07,1.570044909,22.16880469,-14.58063324,111.7932025,23.96581794,87.82738452,111.7932025,87.82738452,103.5040756,111.7932025,111.7932025,1.713432184,1.713432184,1.570044909,,22.16880469,,166.6666667,58,13.9,37,L,3,0.044791667,0.549052259,-0.371186453,0.376369844,-0.148407346,-39.84268349,-42.1964593,-2.442778959,4.027895614,-2.723056434,2.761082247,-1.088729332,-292.2894268,-309.5569329,-17.92044108,24.14729617,-14.24233259,17.29685761,-6.581186479,-1780.943848,-1667.856916,-71.98638821,308,40,82,WC07,Wind_success,7,W,1,Experienced,27,Head-On,TRUE,TRUE,-3.450977365,32.14779455,0.275,275,423.2554062,2.517572834,0.441666667,441.6666667,800.9240109,0.872654281,2.576590952,1.172057057,24.44272621,21.71753055,524.3574213,7697.152381,16.90687031
0501040WA01_f234,-85.53542569,104.8093137,21.79170431,-62.23773956,-319.6800232,1405.199585,137.0262007,-0.402099609,-15.18417358,0.834594727,32.63729668,-1.986785889,-59.55578613,-0.026432344,-0.998143982,0.054862762,0.480374304,-0.029242645,-0.87657595,1.001623454,0.181199341,-0.980163574,0.098466797,0.566674805,6.456445312,-7.936523437,234,0.058333333,0501040WA01,1.18459668,,-61.23204099,93.48356501,1.516923346,91.96664167,93.48356501,91.96664167,103.9573832,93.48356501,93.48356501,1.001623454,1.061756627,1.18459668,1.63321366,,,58.33333333,61,17.3,39,N,1,0.03125,0.783741801,-0.327281225,0.708087169,0.075833837,-55.30145234,-28.94408844,-2.776625422,4.619619774,-1.929098098,4.173687669,0.446988397,-325.9640899,-170.6055275,-16.36630035,27.68605397,-13.53444023,23.47153833,2.268625508,-1843.128553,-1131.355814,-105.4002899,501,40,45,WA01,Wind_success,1,W,1,Experienced,1,Head-On,TRUE,TRUE,-95.59467672,38.26361549,0.258333333,258.3333333,478.5478925,2.459020561,0.291666667,291.6666667,557.483537,1.326831797,2.863453871,1.778553943,30.3876707,25.45580098,582.576799,8514.002381,19.0181382
0501040WA02_f225,-76.79141112,213.3209647,-5.329753113,-53.47216034,-211.1455994,1378.221313,226.7843933,-1.431835175,-14.95948792,2.857421875,40.63615036,-8.242355347,-50.64709473,-0.093601735,-0.977929621,0.186794996,0.620825451,-0.125923935,-0.773769295,1.741960838,0.102585297,-1.726083984,0.211040039,7.2421875,1.330004883,4.876171875,225,0.133333333,0501040WA02,1.06146805,24.42572801,-50.69358548,101.4659272,5.46736348,95.99856368,101.4659272,95.99856368,104.8671514,101.4659272,101.4659272,1.741960838,1.746016059,1.06146805,0.807967734,24.42572801,26.0056641,133.3333333,61,17.3,39,N,1,0.017708333,0.484796348,-0.145921853,0.46099978,-0.034835545,-43.52129293,-13.05462868,-0.682535755,2.857541598,-0.860109126,2.717277167,-0.205331622,-256.5281388,-76.94807237,-4.023079624,29.96842952,-15.83594517,23.66517089,2.487695134,-2330.824957,-1608.53116,-144.3934955,501,40,46,WA02,Wind_success,2,W,1,Experienced,2,Head-On,TRUE,TRUE,-46.86561505,33.90603744,0.191666667,191.6666667,336.1907552,2.693164474,0.35,350,725.4360917,1.068751997,2.958685442,1.519902998,28.04066352,24.08012662,582.576799,8514.002381,19.0181382
0501040WA03_f234,-35.56014419,109.8121054,7.52465027,-12.24755764,-314.6549683,1391.082886,115.67127,-2.616150856,-14.58627319,2.98449707,43.99800777,-10.33679199,-48.50305176,-0.173065055,-0.964919195,0.197432098,0.663655509,-0.155917718,-0.731608523,1.212349979,0.033508072,-1.146884766,0.391567383,3.087432861,-3.977929688,24.16640625,234,0.058333333,0501040WA03,1.659444468,21.40422777,-47.02141226,103.22117,10.16828723,93.05288274,103.22117,93.05288274,104.8946817,103.22117,103.22117,1.212349979,1.189868299,1.659444468,1.894284032,21.40422777,22.24751161,58.33333333,61,17.3,39,N,1,0.041666667,0.8812493,-0.236365679,0.842547134,-0.104143753,-98.15754167,-31.55888966,-1.184820255,5.194359531,-1.393213382,4.966236838,-0.613855915,-578.5713102,-186.0179852,-6.983701872,29.61958441,-8.442062448,28.07110258,-3.22883256,-3180.900921,-1153.831174,-52.59236196,501,40,48,WA03,Wind_success,3,W,1,Experienced,3,Head-On,TRUE,TRUE,-24.45404705,38.60867727,0.225,225,410.4693774,2.595487166,0.358333333,358.3333333,748.671845,1.372458195,3.002516206,1.596801136,30.49804825,25.4941054,582.576799,8514.002381,19.0181382
0501040WA04_f229,-68.82767815,145.1917112,24.72653249,-45.51630402,-279.2686462,1408.259277,162.5708575,-1.389579773,-14.96786499,0.214233398,30.5240593,-3.858642578,-60.94494629,-0.092430647,-0.99561715,0.014250158,0.447103104,-0.056519713,-0.892694985,1.18856051,0.152644501,-1.167194824,0.164414063,-0.672528076,4.277197266,-3.7828125,229,0.1,0501040WA04,2.443213295,23.07818942,-63.2138758,97.20472448,5.303996076,91.9007284,97.20472448,91.9007284,104.6555204,97.20472448,97.20472448,1.18856051,1.228923837,2.443213295,2.432652823,23.07818942,22.83243933,100,61,17.3,39,N,1,0.046875,0.64365422,-0.369343561,0.525395067,0.042849874,-53.67335462,-37.54792364,-3.207978755,3.793899672,-2.17702669,3.096843168,0.252570584,-316.3675717,-221.3192283,-18.90883207,27.65225967,-17.21285571,20.94294609,2.704547437,-2109.602723,-1700.74028,-121.0568562,501,40,49,WA04,Wind_success,4,W,1,Experienced,4,Head-On,TRUE,TRUE,-63.28964295,37.41744891,0.225,225,356.1035865,2.487526824,0.425,425,811.2074386,1.010526635,2.432652823,1.346861217,30.6055639,23.44700987,582.576799,8514.002381,19.0181382
0501040WA05_f233,-64.04926551,84.24394916,33.88366597,-40.77741623,-340.2347412,1417.426147,111.1190992,-0.799278259,-15.21185303,-0.977661133,44.895576,-1.036865234,-50.08789063,-0.052363006,-0.996572021,-0.064049378,0.66737664,-0.015413092,-0.744560848,0.94963418,0.156825256,-0.932171631,0.090922852,2.608978271,-6.653320312,21.85664062,233,0.066666667,0501040WA05,0.271703756,35.09995941,-48.12139299,91.32301327,3.007733308,88.31527996,91.32301327,88.31527996,100.8728249,91.32301327,91.32301327,0.94963418,0.94963418,0.271703756,0.385442885,,,66.66666667,61,17.3,39,N,1,0.015625,0.739866011,-0.364280804,0.641930076,0.051254151,-63.71396105,-38.4179141,-1.510463052,4.361002123,-2.147185214,3.783737031,0.302108025,-375.5500525,-226.4472247,-8.903142563,21.40136817,-11.65870829,17.45538398,1.428214144,-1721.788642,-1206.372524,-39.96666128,501,40,50,WA05,Wind_success,5,W,1,Experienced,5,Head-On,TRUE,TRUE,-99.56464309,46.41890083,0.308333333,308.3333333,503.182367,2.421916536,0.366666667,366.6666667,635.8991744,1.183907934,2.59342084,1.44210294,30.87906965,24.33866606,582.576799,8514.002381,19.0181382
0501040WA06_f224,-61.49139222,132.7117039,26.42403361,-38.25917816,-291.7571716,1409.936279,148.6331633,-1.332252502,-15.17312622,0.392944336,48.57127953,-3.340362549,-43.37756348,-0.087437823,-0.995836094,0.025789554,0.744879409,-0.051227131,-0.66522962,0.827585882,0.175057983,-0.807407227,-0.048442383,17.36136475,-2.101904297,-10.75078125,224,0.141666667,0501040WA06,2.1201241,26.99058058,-41.69994364,93.93417258,5.017897218,88.91627537,93.93417258,88.91627537,106.1674118,93.93417258,93.93417258,0.827585882,0.827585882,2.1201241,1.901848109,26.99058058,27.82436232,141.6666667,61,17.3,39,N,1,0.044791667,0.35286695,-0.31685044,0.146328736,0.052045986,-16.93964611,-35.15844202,-2.935610056,2.079908384,-1.867615783,0.862507425,0.306775348,-99.84758255,-207.2348748,-17.3034056,31.99409901,-27.47600126,14.29722199,0.305129043,-1501.073861,-2905.018898,-121.4200123,501,40,51,WA06,Wind_success,6,W,1,Experienced,6,Head-On,TRUE,TRUE,-102.5015465,48.35787309,0.4,400,568.7389594,2.259488685,0.383333333,383.3333333,531.1554731,0.742541563,2.715418204,1.560830951,28.46434436,25.3637834,582.576799,8514.002381,19.0181382
0501040WA07_f229,-30.93778662,152.9895724,10.9285746,-7.669825077,-271.4582825,1394.477905,156.4684941,-3.806387424,-14.64044189,1.318969727,47.46007013,-11.94570923,-42.43591309,-0.250674889,-0.964166476,0.086862569,0.732676817,-0.184414903,-0.655115124,1.539728779,-0.167326298,-1.508532715,0.25902832,18.61854401,2.556518555,-3.03046875,229,0.1,0501040WA07,2.000414288,25.43811007,-40.92837983,104.1278909,14.57374893,89.55414192,104.1278909,89.55414192,97.79852132,104.1278909,104.1278909,1.539728779,1.589091447,2.000414288,1.747499061,25.43811007,26.00918325,100,61,17.3,39,N,1,0.013541667,0.551495819,-0.157351488,0.50515572,-0.155582282,-56.48380587,-18.34861855,0.53057755,3.250689179,-0.927478977,2.977546112,-0.917050728,-332.9332521,-108.1525076,3.127390347,28.83241999,-13.74371511,23.00295762,-1.282950197,-2646.116096,-1750.635671,24.25372986,501,40,52,WA07,Wind_success,7,W,1,Experienced,7,Head-On,TRUE,TRUE,15.7628301,32.90018716,0.216666667,216.6666667,361.9949476,2.498206059,0.4,400,764.5392957,1.071291986,3.456860694,1.528595454,31.85009358,25.1101498,582.576799,8514.002381,19.0181382
0501040WB01_f231,-55.19849064,179.7713563,-12.42431513,-31.89189911,-244.6444397,1371.057617,188.4647912,-2.278575897,-14.71658325,3.316040039,46.73373795,-1.44493103,-43.95166016,-0.149349532,-0.964600222,0.217350244,0.728272236,-0.022516991,-0.684917904,1.941924696,0.068585358,-1.923103638,0.260844727,17.74195862,3.308642578,-20.20957031,231,0.083333333,0501040WB01,1.211530831,29.32116086,-43.22915109,91.77092799,8.801248781,82.9696792,91.77092799,82.9696792,93.81345272,91.77092799,91.77092799,1.941924696,1.998919865,1.211530831,1.294103959,29.32116086,29.32116086,83.33333333,61,17.3,39,N,1,0.03125,1.078552573,-0.187853636,1.061249585,0.041665123,-113.6606847,-25.2247733,-0.312228482,6.357326853,-1.1072682,6.255337619,0.245587291,-669.9516933,-148.6827185,-1.840372516,35.46052379,-4.589245198,34.10059191,-0.156470136,-3624.810084,-626.105952,-2.904333929,501,40,58,WB01,Wind_success,1,W,1,Experienced,8,Head-On,TRUE,TRUE,-36.45623639,31.55938276,0.183333333,183.3333333,400.5020808,2.678705488,0.283333333,283.3333333,650.1990702,1.562562394,3.391219166,2.016317809,29.32116086,23.95005845,582.576799,8514.002381,19.0181382
0501040WB02_f224,-99.64556115,204.0509128,9.772458903,-76.32595062,-220.3658447,1393.246582,227.2916933,-0.164741516,-15.276474,2.098388672,48.07805252,0.199874878,-45.94616699,-0.010683073,-0.990640906,0.136075226,0.722950496,0.003005522,-0.690893297,1.421459175,-0.068965759,-1.409928589,-0.167006836,-17.07923584,17.2166748,-30.16230469,224,0.141666667,0501040WB02,0.790109621,35.29700301,-43.7008627,89.76180564,0.617853813,89.14395183,89.76180564,89.14395183,86.96145103,89.76180564,89.76180564,1.421459175,1.557417848,0.790109621,0.996323364,,,141.6666667,61,17.3,39,N,1,0.044791667,0.468909144,-0.289876008,0.367826285,0.02348423,-28.76850339,-23.25530628,-2.213218367,2.763897437,-1.708620029,2.168083392,0.13842341,-169.5705742,-137.0740627,-13.04540261,26.78036275,-15.93513736,20.43815414,-0.035161581,-1590.737357,-1390.584252,-120.5811421,501,40,59,WB02,Wind_success,2,W,1,Experienced,9,Head-On,TRUE,TRUE,-93.13160276,41.22217849,0.275,275,491.8177465,2.439887051,0.433333333,433.3333333,850.3636726,1.192595614,2.520961368,1.191666561,32.38469667,26.23528265,582.576799,8514.002381,19.0181382
0501040WB03_f238,-83.09768687,72.45487633,27.72359873,-59.75029755,-351.9489746,1411.184692,113.6817162,-0.489215851,-15.05752563,1.413452148,27.71157455,-1.081268311,-62.04992676,-0.032330675,-0.995102617,0.093410429,0.407730692,-0.015909102,-0.912963626,1.016989827,0.157041321,-1.004714355,0.01246582,-0.160235596,-2.415234375,-10.99511719,238,0.025,0501040WB03,0.588901481,,-65.91817037,92.23447064,1.860873277,90.37359736,92.23447064,90.37359736,101.1181749,92.23447064,92.23447064,1.016989827,1.016989827,0.588901481,0.688230767,,,25,61,17.3,39,N,1,0.027083333,0.477993638,-0.262998842,0.392709179,0.071337425,-29.78702622,-19.18627361,-2.090626794,2.817444294,-1.550197592,2.314750964,0.420485139,-175.5740669,-113.089909,-12.32280946,29.77204556,-18.87559239,20.7495972,0.411236131,-1516.758677,-1382.965246,-143.5929382,501,40,60,WB03,Wind_success,3,W,1,Experienced,10,Head-On,TRUE,TRUE,-95.31200086,43.40894542,0.291666667,291.6666667,532.5731508,2.351045323,0.433333333,433.3333333,842.6856439,1.087546008,3.019992371,1.609520122,27.44276012,23.53049682,582.576799,8514.002381,19.0181382
0501040WB04_f222,-56.9863591,253.7033312,3.435375977,-33.61275864,-170.6869659,1386.836304,260.0473557,-2.130523682,-14.80436707,2.780883789,48.29164982,-3.842147827,-42.58410645,-0.140044331,-0.973125854,0.18279403,0.748707599,-0.059568171,-0.660218573,1.763162791,-0.06250946,-1.759570312,0.093530273,9.328271484,-1.421191406,-8.00859375,222,0.158333333,0501040WB04,1.05548746,33.48927661,-41.31654451,94.54894621,8.189314605,86.35963161,94.54894621,86.35963161,92.51434567,94.54894621,94.54894621,1.763162791,1.763162791,1.05548746,1.149742877,33.48927661,32.45924837,158.3333333,61,17.3,39,N,1,0.025,0.546225719,-0.290232162,0.462457536,0.016151019,-46.01010745,-30.88263442,-1.087016822,3.219625557,-1.71071931,2.725869639,0.095199169,-271.1979915,-182.031925,-6.407217788,37.17389419,-24.70769725,23.72686231,0.933954004,-2358.736348,-2608.317647,40.61781179,501,40,61,WB04,Wind_success,4,W,1,Experienced,11,Head-On,TRUE,TRUE,-35.45621064,41.34144572,0.25,250,439.6535014,2.602940465,0.416666667,416.6666667,843.161392,1.010086913,2.963950623,1.227566299,32.45924837,25.42590523,582.576799,8514.002381,19.0181382
0501040WB05_f216,-12.67089234,295.1228944,20.53441061,10.83553123,-129.2864532,1403.967896,296.1076432,-3.77409029,-14.4864502,0.824462891,55.45808601,-3.379837036,-29.05456543,-0.251728705,-0.966234262,0.054990994,0.884510187,-0.05390558,-0.46339607,1.717803684,0.02322361,-1.717386475,-0.029897461,-2.599104309,3.039477539,13.02890625,216,0.208333333,0501040WB05,1.236446801,25.56702385,-27.60646774,93.48751993,14.60241729,78.88510264,93.48751993,78.88510264,94.26226327,93.48751993,93.48751993,1.717803684,1.748784157,1.236446801,0.757046309,25.56702385,,208.3333333,61,17.3,39,N,1,0.026041667,0.397224899,-0.218196239,0.330528371,-0.030479783,-43.01686717,-31.5400005,-0.663007422,2.341368033,-1.286117011,1.948237799,-0.17965739,-253.5548953,-185.9066466,-3.907973514,57.36433352,-49.21405564,20.69408766,-0.715044902,-2789.137688,-6526.46224,-163.1415384,501,40,63,WB05,Wind_success,5,W,1,Experienced,12,Head-On,TRUE,TRUE,-14.71179686,37.93546293,0.275,275,419.9628054,2.478923925,0.458333333,458.3333333,824.1799382,0.89163724,2.558989156,1.245878605,26.21966454,22.62591216,582.576799,8514.002381,19.0181382
0501040WB06_f213,-93.55405914,327.7321859,-2.976016744,-70.16178894,-96.65709686,1380.500366,340.8366241,-1.425071716,-15.07200623,2.579101563,52.36876297,-0.215446472,-36.60327148,-0.092794162,-0.981420211,0.167939315,0.819630459,-0.003371981,-0.572882659,1.976511341,0.261538696,-1.958995056,0.023085938,17.15679932,1.804064941,-22.19589844,213,0.233333333,0501040WB06,0.607865483,37.55169531,-34.95148797,90.23571502,5.401309897,84.83440512,90.23571502,84.83440512,97.84011011,90.23571502,90.23571502,1.976511341,1.988500314,0.607865483,0.865853174,,,233.3333333,61,17.3,39,N,1,0.027083333,0.462937312,-0.295073931,0.35662439,0.007834204,-30.65157508,-25.70403589,-1.611548287,2.72869759,-1.739258217,2.102055911,0.046177252,-180.6699888,-151.5076424,-9.498970613,51.40479118,-42.4380835,24.07978465,0.563693594,-2119.6723,-3545.345453,-66.85153309,501,40,64,WB06,Wind_success,6,W,1,Experienced,13,Head-On,TRUE,TRUE,-89.431661,47.64901422,0.358333333,358.3333333,601.2885633,2.268523447,0.475,475,848.1470218,1.123395732,2.57433673,1.374231647,31.48880961,24.69149268,582.576799,8514.002381,19.0181382
0501040WB07_f238,-48.31711934,74.13183978,37.83862382,-24.97431755,-350.2561951,1421.293701,96.23842862,-1.64512825,-15.05444336,-0.110473633,33.54392719,-6.136993408,-59.55517578,-0.108628988,-0.994055598,-0.007294653,0.488785551,-0.089425239,-0.867808626,0.964531919,0.118984909,-0.941781006,-0.170917969,-0.374743652,8.983300781,-15.13300781,238,0.025,0501040WB07,0.752217724,,-60.20497778,100.3678252,6.236455354,94.13136989,100.3678252,94.13136989,107.568442,100.3678252,100.3678252,0.964531919,1.024928704,0.752217724,1.083566472,,,25,61,17.3,39,N,1,0.019791667,0.785906045,-0.32426129,0.713403435,-0.059652878,-75.39054769,-36.96231652,-0.94065131,4.63237651,-1.91129766,4.205023408,-0.351612756,-444.3755132,-217.8674764,-5.544493594,33.3288684,-19.11446705,23.96558251,-0.118827344,-2549.508971,-2131.477597,-71.85460979,501,40,65,WB07,Wind_success,7,W,1,Experienced,14,Head-On,TRUE,TRUE,-62.89832421,40.27292223,0.266666667,266.6666667,500.7178721,2.361848014,0.45,450,908.56079,1.074195577,3.195694441,1.72812479,30.79069565,24.19269053,582.576799,8514.002381,19.0181382
0501040WB08_f220,-32.00811887,232.8197217,3.090066528,-8.537932396,-191.6057129,1386.592773,235.029979,-3.154307365,-14.96368408,2.41784668,51.61799908,-9.514541626,-36.46704102,-0.203733862,-0.966490832,0.156166532,0.807637228,-0.148868576,-0.570578877,1.576317539,-0.011213379,-1.573862915,0.087216797,10.59962311,-1.495458984,-7.275585938,220,0.175,0501040WB08,1.619149111,26.43808876,-34.79060246,100.4438767,11.90353614,88.5403406,100.4438767,88.5403406,100.0356656,100.4438767,100.4438767,1.576317539,1.576317539,1.619149111,1.536549142,26.43808876,27.48164612,175,61,17.3,39,N,1,0.019791667,0.401353368,-0.20604295,0.342857547,-0.032856212,-43.45077887,-27.06223538,-0.280684779,2.365702521,-1.214481717,2.020909825,-0.193664808,-256.1125068,-159.5132958,-1.654444046,28.10436406,-19.58298619,18.46392293,-0.681036884,-2359.459824,-2675.443208,-76.63126117,501,40,66,WB08,Wind_success,8,W,1,Experienced,15,Head-On,TRUE,TRUE,-19.71479414,42.90768695,0.3,300,464.5862609,2.467962627,0.466666667,466.6666667,838.4451369,0.931002946,2.713162708,1.273000383,29.74735555,23.87761713,582.576799,8514.002381,19.0181382
0501040WC01_f234,-89.30637631,122.1634108,5.848574066,-65.90929413,-302.1838379,1389.329102,151.4388775,-0.792198181,-14.95254517,2.032226563,28.98109818,2.954559326,-61.22900391,-0.052425976,-0.989527356,0.134488393,0.427413361,0.043573854,-0.903005614,1.68058499,0.093620911,-1.625661621,0.415722656,4.529772949,13.31850586,-11.7703125,234,0.058333333,0501040WC01,1.131454201,,-64.55599808,84.1789323,3.032742194,81.1461901,84.1789323,81.1461901,87.47492249,84.1789323,84.1789323,1.68058499,1.811924772,1.131454201,1.089858651,,,58.33333333,61,17.3,39,N,1,0.026041667,0.879996394,-0.327875109,0.812842546,-0.078603824,-54.26173532,-22.16756564,-2.017288138,5.186974509,-1.932598637,4.791148688,-0.463315573,-319.8356719,-130.6625785,-11.89052844,31.75033008,-12.25546905,28.18921298,-1.413465759,-1871.071293,-880.7199325,-57.38845087,501,40,74,WC01,Wind_success,1,W,1,Experienced,16,Head-On,TRUE,TRUE,-33.65834503,29.14558357,0.2,200,421.269393,2.623776045,0.308333333,308.3333333,679.6855322,1.389835164,3.245387142,1.631221985,28.05735154,24.58670724,582.576799,8514.002381,19.0181382
0501040WC02_f222,-16.16296794,225.9305407,-27.80311559,7.247989655,-198.4341431,1355.667114,228.2079403,-4.387258291,-14.24195862,4.112426758,47.48273087,-13.6427002,-42.29406738,-0.283792022,-0.921248297,0.266014405,0.730113013,-0.209775486,-0.650330097,1.626755014,-0.238396339,-1.525717163,0.511552734,4.91819458,6.711108398,15.11015625,222,0.158333333,0501040WC02,1.130062456,27.17262032,-40.56649436,106.0303746,17.12153315,88.90884143,106.0303746,88.90884143,97.14960426,106.0303746,106.0303746,1.626755014,1.651775672,1.130062456,0.892771518,27.17262032,29.56643262,158.3333333,61,17.3,39,N,1,0.015625,0.640641239,-0.262334564,0.551869197,-0.192463407,-60.63000396,-30.94066516,1.440661423,3.77614022,-1.546282126,3.252889987,-1.134439633,-357.372243,-182.3739763,8.491709889,33.05142782,-16.48013319,25.65662856,-6.384945141,-2918.646037,-1917.789427,232.4448848,501,40,75,WC02,Wind_success,2,W,1,Experienced,17,Head-On,TRUE,TRUE,31.52116084,38.89552289,0.266666667,266.6666667,427.9695003,2.537066737,0.475,475,912.3611909,1.051298324,2.269730404,1.497400561,30.09175274,25.97934474,582.576799,8514.002381,19.0181382
0501040WC03_f220,-62.73303161,327.7296845,-11.92545212,-39.33971405,-96.61556244,1371.557983,333.8927908,-1.44965744,-14.8790741,2.115966797,55.66829491,1.445304871,-29.61889648,-0.096013138,-0.985464952,0.140143876,0.882587315,0.022914439,-0.469589779,2.068810558,0.256732635,-2.041149902,0.218569336,0.81194458,7.774255371,3.812695312,220,0.175,0501040WC03,2.317210526,26.36946453,-28.00767151,88.51277517,5.564723111,82.94805206,88.51277517,82.94805206,95.68170204,88.51277517,88.51277517,2.068810558,2.117656845,2.317210526,2.317210526,26.36946453,25.93619564,175,61,17.3,39,N,1,0.025,0.451511777,-0.131737272,0.428021612,-0.057495004,-47.04321528,-18.89893041,-0.155216135,2.661351905,-0.776500766,2.522893511,-0.338893569,-277.2874528,-111.3962182,-0.914892537,32.30658452,-12.87712765,26.77722937,0.25034583,-3078.624442,-1715.602312,44.97922716,501,40,76,WC03,Wind_success,3,W,1,Experienced,18,Head-On,TRUE,TRUE,-67.7936593,39.35551011,0.266666667,266.6666667,544.8796066,2.620564566,0.316666667,316.6666667,669.0088991,1.32175798,3.276810056,1.78284412,28.85571881,25.1664095,582.576799,8514.002381,19.0181382
0501040WC04_f234,-82.61586011,110.4108467,37.51354141,-59.27425385,-313.9306946,1420.999512,142.9097659,-0.653839111,-15.1340332,-1.238525391,41.74094009,-4.889282227,-54.32421875,-0.043019417,-0.995745392,-0.081488915,0.607734665,-0.071186377,-0.790943156,1.223721312,0.140736694,-1.214135742,0.059677734,3.504034424,-3.183398438,2.374804688,234,0.058333333,0501040WC04,2.301207666,25.1697683,-52.27373845,96.68083887,2.473824336,94.20701453,96.68083887,94.20701453,103.2927782,96.68083887,96.68083887,1.223721312,1.223721312,2.301207666,2.462167956,25.1697683,24.97763962,58.33333333,61,17.3,39,N,1,0.025,0.63987142,-0.335457151,0.541964261,-0.056379737,-43.17553101,-29.33972453,-0.261377433,3.771602668,-1.977289569,3.194507188,-0.332319836,-254.4901097,-172.9375306,-1.540640496,79.24880033,-65.14370978,31.57870923,1.89170454,-2582.051337,-5406.850946,275.7029943,501,40,77,WC04,Wind_success,4,W,1,Experienced,19,Head-On,TRUE,TRUE,-81.90456589,47.11747372,0.3,300,588.227106,2.425770828,0.383333333,383.3333333,768.2445612,1.268659187,3.227417017,1.531440799,28.64667188,23.58531416,582.576799,8514.002381,19.0181382
0501040WC05_f221,-99.60937696,185.0427317,49.75843862,-76.28646088,-239.3083344,1433.258667,215.9600489,-0.501174927,-14.94219971,-1.027587891,45.51523399,-0.949905396,-50.01379395,-0.033443154,-0.997085579,-0.068570431,0.672996138,-0.014045466,-0.739512625,1.125752241,0.091456604,-1.121612549,0.030644531,-3.750842285,0.907250977,17.325,221,0.166666667,0501040WC05,2.023715705,26.34441948,-47.68991526,91.19559245,1.921032231,89.27456022,91.19559245,89.27456022,95.85719337,91.19559245,91.19559245,1.125752241,1.141501142,2.023715705,2.109333472,26.34441948,25.88128748,166.6666667,61,17.3,39,N,1,0.021875,0.607853462,-0.413863675,0.443904775,0.033929939,-36.61414841,-31.6978585,-2.182394103,3.582878788,-2.43944219,2.616513851,0.199993691,-215.8152645,-186.8371112,-12.86371474,27.24189116,-19.5878062,17.5881364,0.916820438,-1398.885449,-1522.108092,-128.6708752,501,40,78,WC05,Wind_success,5,W,1,Experienced,20,Head-On,TRUE,TRUE,-104.9827478,46.23091563,0.341666667,341.6666667,494.2647383,2.211593248,0.6,600,995.753422,0.924135753,3.020931235,1.708934102,28.48871359,23.39731916,582.576799,8514.002381,19.0181382
0501040WC06_f234,-68.84414844,104.9483128,30.92544403,-45.45851898,-319.3701477,1414.463501,129.2673517,-1.601394653,-14.82513428,-0.234130859,31.44366264,-6.641296387,-62.49255371,-0.107380936,-0.994093989,-0.01569956,0.447457579,-0.094508659,-0.889297379,1.123379909,0.123911591,-1.103730469,0.168544922,-11.053125,-6.080273438,23.57929688,234,0.058333333,0501040WC06,0.690219624,26.10231505,-62.78508823,101.9263028,6.165122679,95.76118017,101.9263028,95.76118017,108.3318591,101.9263028,101.9263028,1.123379909,1.123379909,0.690219624,0.891067537,26.10231505,24.78921268,58.33333333,61,17.3,39,N,1,0.0375,0.593397181,-0.352063976,0.473283879,0.064602946,-48.56213439,-35.00408254,-3.756143288,3.497668936,-2.0751754,2.789683497,0.380790006,-286.240438,-206.3250317,-22.1398856,28.75778736,-16.25769763,22.69850495,2.20071159,-2205.599484,-1665.452994,-167.7782614,501,40,79,WC06,Wind_success,6,W,1,Experienced,21,Head-On,TRUE,TRUE,-54.65437297,48.60917603,0.325,325,567.3773464,2.431257002,0.408333333,408.3333333,746.8123224,1.116390569,3.314762188,1.571626863,26.6084763,23.13727695,582.576799,8514.002381,19.0181382
0501040WC07_f223,-61.31045492,181.270961,43.43155409,-37.88741684,-243.0475006,1427.008301,196.2254649,-1.517402649,-15.07447815,-0.225097656,54.85279655,-10.48776245,-35.18676758,-0.100143196,-0.994862126,-0.014855647,0.831014171,-0.158888512,-0.533075875,1.613825146,0.419959259,-1.558134155,-0.016845703,5.704925537,6.509179687,-10.17597656,223,0.15,0501040WC07,1.201031784,22.40188238,-32.21351583,100.8242189,5.748052858,95.076166,100.8242189,95.076166,115.9085327,100.8242189,100.8242189,1.613825146,1.656222722,1.201031784,0.775282108,22.40188238,22.41101255,150,61,17.3,39,N,1,0.045833333,0.311015438,-0.206738092,0.232254861,0.006902417,-26.66035343,-25.89068248,-1.345000206,1.833222453,-1.218579102,1.368982931,0.04068501,-157.1444776,-152.6077959,-7.927852699,23.40454814,-16.35288655,16.15773139,0.428342693,-1900.433879,-2057.418499,-45.99855342,501,40,80,WC07,Wind_success,7,W,1,Experienced,22,Head-On,TRUE,TRUE,-84.01586617,52.69020328,0.358333333,358.3333333,625.207438,2.353867591,0.441666667,441.6666667,798.5469198,0.797952307,3.068078848,1.481451405,24.68836644,21.73265344,582.576799,8514.002381,19.0181382
0501040WC08_f228,-98.29710094,185.3371085,31.96099192,-74.90203857,-238.9576416,1415.508789,212.2113778,-0.499450684,-15.10189819,0.349609375,55.69438362,-1.110031128,-36.74780273,-0.033045131,-0.999186153,0.023131188,0.834566203,-0.016633535,-0.550656497,1.742005263,0.142066956,-1.732510986,0.11315918,9.955041504,0.477685547,0.381445312,228,0.108333333,0501040WC08,1.886556996,22.46087221,-33.41206309,91.14179699,1.894198302,89.24759868,91.14179699,89.24759868,95.82959748,91.14179699,91.14179699,1.742005263,1.742005263,1.886556996,1.553617629,22.46087221,23.09403662,108.3333333,61,17.3,39,N,1,0.023958333,0.666755164,-0.315816,0.587154344,-0.008513511,-46.99690754,-26.55764285,0.854485926,3.930063879,-1.861518474,3.460871697,-0.050181303,-277.0145005,-156.5390693,5.036607817,66.92549548,-54.14809498,28.08414035,2.852051291,-2321.894084,-4357.383887,109.4360306,501,40,81,WC08,Wind_success,8,W,1,Experienced,23,Head-On,TRUE,TRUE,-107.197581,48.12649446,0.275,275,554.9213567,2.376884773,0.4,400,824.0357556,1.088890778,3.131904784,1.450508925,31.01767306,23.87826128,582.576799,8514.002381,19.0181382
0501040WC09_f238,-45.82484725,64.94540373,29.75068563,-22.42446899,-359.3555603,1413.263306,84.87005,-1.139930725,-14.69537354,0.222290039,40.23458481,-5.612640381,-55.07397461,-0.077329596,-0.99689154,0.015079512,0.587916742,-0.082013155,-0.804753221,1.088684024,0.10919014,-1.075795898,0.126386719,-7.263308716,6.526757812,2.983007813,238,0.025,0501040WC09,0.842591906,24.86763782,-53.58642926,97.94139367,4.435592535,93.50580113,97.94139367,93.50580113,103.7369011,97.94139367,97.94139367,1.088684024,1.128245179,0.842591906,0.987962891,24.86763782,24.3468488,25,61,17.3,39,N,1,0.0125,0.478133262,-0.082501454,0.463672864,-0.082537277,-49.69139244,-11.86342772,-0.255228125,2.81826728,-0.486289424,2.733033159,-0.486500576,-292.8966388,-69.92676065,-1.504394551,29.07566854,-11.89798722,24.44527882,2.314435426,-2822.683133,-1529.366227,-80.09454122,501,40,83,WC09,Wind_success,9,W,1,Experienced,24,Head-On,TRUE,TRUE,-49.0856518,46.02661188,0.3,300,545.8931265,2.360934866,0.483333333,483.3333333,945.9534599,1.001894066,2.870537508,1.486859866,29.97251807,23.50971316,582.576799,8514.002381,19.0181382
0501040WC10_f229,-54.90602492,181.3988032,-4.724552035,-31.47976112,-242.8958893,1378.793213,189.5851227,-2.277906418,-14.91001892,2.129760742,56.66367722,-4.358932495,-26.29248047,-0.149541118,-0.978820238,0.139815578,0.904904224,-0.069611021,-0.419884092,1.848101954,0.145423508,-1.804337769,0.372421875,5.729837036,9.410009766,13.55273438,229,0.1,0501040WC10,1.275564661,27.27663486,-24.82726994,94.39889443,8.686305241,85.71258919,94.39889443,85.71258919,99.00677993,94.39889443,94.39889443,1.848101954,1.903059662,1.275564661,1.275564661,27.27663486,29.96726858,100,61,17.3,39,N,1,0.017708333,0.545659307,-0.109613409,0.528139208,-0.082449718,-61.1928333,-14.51330529,1.312323,3.216286946,-0.646095782,3.113017997,-0.485984476,-360.6897355,-85.5459694,7.735243004,28.17710372,-11.81200741,21.88077508,1.716478596,-2692.733192,-1622.556815,2.781140991,501,40,84,WC10,Wind_success,10,W,1,Experienced,25,Head-On,TRUE,TRUE,-62.0807983,46.18394554,0.266666667,266.6666667,538.4301579,2.384090798,0.366666667,366.6666667,763.7086001,1.274901518,3.021197094,1.639065154,30.68105795,25.0057705,582.576799,8514.002381,19.0181382
0501040WC11_f236,-76.57484807,85.95380554,35.93561732,-53.09653854,-338.3139954,1419.457031,120.5949113,-0.792057037,-15.26580811,-0.618164063,40.16140366,-4.30090332,-53.97424316,-0.051772373,-0.99784116,-0.040405954,0.595742277,-0.063798316,-0.800637817,1.11078163,0.203383942,-1.090499268,-0.057290039,8.211016846,3.223388672,-33.60761719,236,0.041666667,0501040WC11,0.819698095,24.53166249,-53.19105261,96.11253567,2.970092937,93.14244273,96.11253567,93.14244273,106.677127,96.11253567,96.11253567,1.11078163,1.147317362,0.819698095,0.775178851,24.53166249,23.21411897,41.66666667,61,17.3,39,N,1,0.021875,0.52471684,-0.203289056,0.483205502,0.022666389,-41.58084582,-21.12605809,-0.357503141,3.092845486,-1.198249401,2.848164648,0.133602802,-245.0905354,-124.5236066,-2.107235547,48.7295995,-35.41316106,24.46049724,1.305515792,-2095.507251,-3100.529637,-199.8769567,501,40,85,WC11,Wind_success,11,W,1,Experienced,26,Head-On,TRUE,TRUE,-84.20753929,46.47384906,0.333333333,333.3333333,596.9770543,2.484270422,0.458333333,458.3333333,873.6633603,1.080503363,2.779899377,1.603932082,32.20846108,23.16389119,582.576799,8514.002381,19.0181382
0501040WC12_f225,-73.29288282,204.7697318,25.18620208,-49.88127518,-219.5221252,1408.669434,218.9448207,-1.323913574,-15.02262878,0.538574219,57.22363186,-9.022506714,-26.17382813,-0.087731785,-0.995504585,0.035689699,0.900181275,-0.141932473,-0.411738808,1.703502246,0.111816101,-1.697893066,0.08109375,-1.391912842,2.887207031,21.42773437,225,0.133333333,0501040WC12,2.074843984,24.72877454,-24.31411089,98.96011829,5.036348523,93.92376977,98.96011829,93.92376977,102.7279368,98.96011829,98.96011829,1.703502246,1.717548594,2.074843984,1.800606645,24.72877454,25.36879995,133.3333333,61,17.3,39,N,1,0.026041667,0.500152257,-0.254796429,0.428834652,-0.036495211,-44.7528385,-29.24602151,0.408425961,2.948054133,-1.50185,2.527685824,-0.21511421,-263.7872543,-172.3852156,2.407390604,43.8139453,-32.29721672,22.76718223,1.49276469,-2498.153548,-3685.981787,61.9482545,501,40,86,WC12,Wind_success,12,W,1,Experienced,27,Head-On,TRUE,TRUE,-74.74305405,51.24541981,0.341666667,341.6666667,636.7184509,2.386732113,0.45,450,868.9304233,0.980576802,2.487402807,1.287420269,28.95454055,23.18121377,582.576799,8514.002381,19.0181382
0502040MA01_f218,-75.81764876,252.8296605,120.3869334,-53.76180649,-172.4520264,1503.280518,290.1106114,0.935035706,-14.03530884,-4.322265625,41.21444416,35.05229187,-30.31433105,0.063540839,-0.953776733,-0.293721815,0.664554443,0.565193994,-0.488797649,2.379479242,0.243251495,-2.333770752,-0.395302734,5.493109131,14.99567871,-15.28242187,218,0.191666667,0502040MA01,1.070133172,,-29.2615851,49.61931423,-3.811426797,53.43074102,49.61931423,53.43074102,55.56982945,49.61931423,49.61931423,2.379479242,2.481163017,1.070133172,1.554153932,,,191.6666667,60,15.5,37,N,2,0.50625,0.033992289,0.03337998,0.006417091,-0.000271307,0.043191216,-0.090281464,0.092661196,0.223628958,0.219600689,0.042216851,-0.001784881,0.284146991,-0.593944983,0.609600798,0.287816571,0.111278447,0.170643161,-0.183033362,1.585441017,4.21751326,0.444362596,502,40,50,MA01,Wind_missed,1,M,1,Experienced,1,Failure,FALSE,FALSE,-152.1202713,0.044981886,,,,2.684866964,0.266666667,266.6666667,473.7106087,1.303160389,3.393440767,2.602091841,24.63906341,22.60528491,524.3574213,8237.142857,17.69103408
0502040PA01_f238,-4.858965815,81.58573398,-19.57342153,17.27284431,-343.6670532,1363.362061,84.04142056,-1.338024139,-15.07962036,4.812988281,41.42623711,-13.5177002,-46.92504883,-0.084229107,-0.949267592,0.302979365,0.64690432,-0.211089861,-0.732772728,1.438288675,0.570567513,-1.160826416,0.628974609,23.80749664,31.15854492,6.310546875,238,0.025,0502040PA01,1.896981655,28.10913194,-47.11934811,108.0719033,5.070610967,103.0012923,108.0719033,103.0012923,134.246868,108.0719033,108.0719033,1.438288675,1.577497885,1.896981655,1.841489247,28.10913194,28.83758486,25,60,15.5,37,N,2,0.430208333,0.349402905,-0.241659113,-0.206718719,-0.14474334,12.20110172,-12.76808496,-0.736231884,2.298656821,-1.589830425,-1.359964058,-0.952239552,80.2687822,-83.9988596,-4.84353283,0.383319466,-0.168823693,-0.203409467,0.221620122,7.078938723,-11.71837002,-2.257534631,502,40,51,PA01,Wind_Near-miss,1,P,1,Experienced,2,Pivot,TRUE,FALSE,-21.83471641,30.313388,0.175,175,382.3357773,2.395125666,0.2,200,439.654474,1.437920157,3.541998599,2.491400477,29.91443622,25.03972338,524.3574213,8237.142857,17.69103408
0502040UA01_f237,-40.41497905,-10.67179057,67.90840429,-18.24760246,-435.9703064,1450.876343,79.74214079,-8.376672745,9.427429199,-8.654785156,9.509986877,-44.09738159,-49.39404297,-0.547658304,0.616355688,-0.56584101,0.142165288,-0.659214049,-0.738394115,0.782894854,-0.252242203,0.593118896,-0.444418945,9.096391296,14.6887207,-28.4625,237,0.033333333,0502040UA01,1.278989517,,-47.59479788,167.8300479,138.3775451,29.45250278,167.8300479,29.45250278,10.86917589,167.8300479,167.8300479,0.782894854,0.695585151,1.278989517,1.045653313,,,33.33333333,60,15.5,37,N,2,0.010416667,0.412798087,-0.330693733,-0.239750728,-0.05969509,19.89246935,-27.05533667,-0.057422996,2.715721949,-2.175572654,-1.577275513,-0.39272291,130.8688613,-177.9920351,-0.377775225,5.28868771,-4.418865144,-2.823195729,-0.650744486,248.9938907,-387.247384,2.044413554,502,40,55,UA01,Wind_Uturn,1,U,1,Experienced,5,U-Turn,TRUE,FALSE,-62.62689599,46.81166284,0.983333333,983.3333333,512.3391146,2.269879314,0.941666667,941.6666667,428.7700739,0.734285515,4.227182822,2.27903232,31.94141864,25.11072769,524.3574213,8237.142857,17.69103408
0502040WA01_f226,-40.54755011,171.7454467,14.04055697,-18.41328049,-253.5666962,1396.981201,177.0246862,-1.414335251,-16.11457825,2.729858398,48.04189682,-0.521347046,-41.57421875,-0.086212376,-0.982282012,0.16640155,0.756147116,-0.008205652,-0.654350217,1.660718063,0.081103363,-1.615231934,0.377402344,-4.241601563,-1.210913086,3.375,226,0.125,0502040WA01,1.255635802,28.67395284,-40.87039831,90.62174508,5.0158509,85.60589418,90.62174508,85.60589418,93.49624314,90.62174508,90.62174508,1.660718063,1.660718063,1.255635802,1.307875135,28.67395284,28.67395284,125,60,15.5,37,N,2,0.032291667,0.79066081,-0.340457652,0.708804141,-0.082642567,-73.64531371,-39.84847016,-0.505298701,5.201610629,-2.23980766,4.663090805,-0.543690099,-484.4988413,-262.1556844,-3.324266308,25.09740659,-12.68194851,20.90510079,-2.85099796,-2182.965937,-1453.812056,-21.74945613,502,40,52,WA01,Wind_success,1,W,1,Experienced,3,Head-On,TRUE,TRUE,-24.51514477,37.41694824,0.233333333,233.3333333,387.8053685,2.388902534,0.258333333,258.3333333,445.2181532,1.105524367,3.148427158,2.082464088,28.67395284,24.10055618,524.3574213,8237.142857,17.69103408
0502040WA02_f214,-95.97230899,304.9544478,34.71536942,-73.82429504,-120.3174438,1417.663208,321.5790046,0.371269226,-15.22276306,0.731445313,54.85163689,0.970985413,-32.8293457,0.024353752,-0.998551366,0.047979839,0.857956852,0.015187579,-0.513497203,1.996290745,0.163292542,-1.966327515,0.303427734,0.976464844,11.22341309,-12.85488281,214,0.225,0502040WA02,1.931318085,26.41777383,-30.89705872,88.98585422,-1.397114531,90.38296875,88.98585422,90.38296875,93.73305656,88.98585422,88.98585422,1.996290745,2.087450164,1.931318085,2.109802337,26.41777383,25.62574768,225,60,15.5,37,N,2,0.016666667,0.719630877,-0.354469325,0.621149079,-0.079961982,-38.99189191,-24.85201757,1.604230316,4.734317887,-2.331987858,4.086424427,-0.526055031,-256.5204152,-163.496808,10.55393331,25.22951005,-13.58715214,20.35970996,-3.774544112,-1253.497587,-902.0769512,67.8669574,502,40,53,WA02,Wind_success,2,W,1,Experienced,4,Head-On,TRUE,TRUE,-73.38020268,40.31599138,0.316666667,316.6666667,512.0721738,2.439444339,0.333333333,333.3333333,549.8398736,1.021780877,3.859903527,2.062485477,31.39357489,24.73427637,524.3574213,8237.142857,17.69103408
0502040WA03_f218,-89.63153303,287.5474377,44.21321538,-67.4860611,-137.7579041,1427.150757,304.4210062,-0.324455261,-15.40280151,0.348022461,55.96359253,-4.791168213,-25.49743652,-0.021054648,-0.999523219,0.022583978,0.907252879,-0.077671946,-0.413351282,1.918958438,0.155793457,-1.897901917,0.236850586,-3.60703125,3.281835938,-10.09511719,218,0.191666667,0502040WA03,1.351028038,25.48849075,-24.41553167,94.89328795,1.206739452,93.6865485,94.89328795,93.6865485,99.58601667,94.89328795,94.89328795,1.918958438,1.96065209,1.351028038,1.522275705,25.48849075,24.60197797,191.6666667,60,15.5,37,N,2,0.01875,0.759245737,-0.389056165,0.633579921,-0.153837164,-47.64214413,-29.68207877,1.639587291,4.994936694,-2.559528254,4.168204631,-1.01206613,-313.428818,-195.2728836,10.78654028,32.51667359,-19.61128334,23.36033998,-0.532723867,-1824.651532,-1593.089771,92.36026907,502,40,56,WA03,Wind_success,3,W,1,Experienced,6,Head-On,TRUE,TRUE,-66.27963495,42.7240181,0.308333333,308.3333333,541.4469057,2.23001584,0.283333333,283.3333333,487.5727258,1.113080267,3.753270876,2.240088679,28.69553203,24.65682173,524.3574213,8237.142857,17.69103408
0502040WA04_f228,-63.28141605,156.4068317,26.71481171,-41.12372971,-268.9188843,1409.641846,170.8253956,-1.107128143,-15.68304443,-0.669677734,53.02748394,-9.006866455,-33.91369629,-0.070354914,-0.996613847,-0.042556157,0.833949344,-0.141648628,-0.533351814,1.327674909,-0.099423981,-1.307801514,0.206132812,-4.955822754,0.794970703,9.553710937,228,0.108333333,0502040WA04,0.870905455,23.5666968,-32.23220442,99.6398479,4.038036748,95.60181115,99.6398479,95.60181115,95.29237035,99.6398479,99.6398479,1.327674909,1.321779835,0.870905455,0.735946216,23.5666968,22.70600773,108.3333333,60,15.5,37,N,2,0.053125,0.565613047,-0.298144888,0.477841032,-0.05192006,-39.12484537,-26.95491758,-3.425937057,3.721063186,-1.961439843,3.143627403,-0.341572435,-257.3950913,-177.3313966,-22.53860362,25.66800468,-15.71505282,19.16619412,-0.647532395,-1593.43998,-1408.83925,-145.1371571,502,40,57,WA04,Wind_success,4,W,1,Experienced,7,Head-On,TRUE,TRUE,-26.6281207,42.71947105,0.258333333,258.3333333,409.5399795,2.305364848,0.3,300,499.5462526,0.885708517,3.218122449,1.939392242,29.71644368,24.10766753,524.3574213,8237.142857,17.69103408
0502040WA05_f220,-63.3884656,269.4921011,58.35393317,-41.25276184,-155.8179474,1441.288086,282.9297998,-0.27110672,-15.44546509,-1.186035156,52.10903454,7.344940186,-31.50268555,-0.017498312,-0.996912075,-0.076551451,0.849610482,0.119755398,-0.513634767,1.831629786,0.061899719,-1.830545654,0.011777344,8.999615479,5.692126465,-21.82148438,220,0.175,0502040WA05,1.41127986,22.28087038,-30.90624453,81.97682675,1.005581628,80.97124512,81.97682675,80.97124512,83.91353988,81.97682675,81.97682675,1.831629786,1.842050568,1.41127986,1.470399912,22.28087038,20.78438082,175,60,15.5,37,N,2,0.017708333,0.7962372,-0.493411973,0.617185274,-0.098084866,-61.57992516,-48.29580044,0.756628385,5.238296658,-3.246065732,4.060347292,-0.645282118,-405.1228908,-317.7291015,4.977717622,39.46595721,-29.63478865,22.23964272,-1.145443307,-2233.87644,-2970.472361,113.2504969,502,40,58,WA05,Wind_success,5,W,1,Experienced,8,Head-On,TRUE,TRUE,-47.27630884,38.15111204,0.266666667,266.6666667,451.1759123,2.120374949,0.325,325,563.8945165,1.097942538,3.049937464,1.890377531,29.34743921,23.62628997,524.3574213,8237.142857,17.69103408
0502040WA06_f217,-59.03241747,201.1324247,37.16458588,-36.91435623,-224.1743622,1420.081055,212.8856149,-2.095550537,-15.31150818,-2.24230957,57.48700142,-9.73840332,-15.93334961,-0.134191948,-0.980497048,-0.143589899,0.951080488,-0.161114776,-0.263605642,1.120665657,-0.01870697,-1.080073242,-0.298300781,11.34871216,35.16152344,-29.46796875,217,0.2,0502040WA06,1.719968666,24.98411321,-15.28411628,99.61473215,7.793148905,91.82158324,99.61473215,91.82158324,98.62246307,99.61473215,99.61473215,1.120665657,1.378759648,1.719968666,1.466964322,24.98411321,25.00380214,200,60,15.5,37,N,2,0.016666667,0.519096981,-0.344015043,0.387807579,-0.026844125,-36.85332478,-33.28268337,-2.31640395,3.415042629,-2.263211076,2.55131404,-0.176602514,-242.4511792,-218.9605925,-15.23919138,24.03209514,-18.03051314,15.07168626,0.172210599,-1402.541665,-1765.002559,-74.54639253,502,40,59,WA06,Wind_success,6,W,1,Experienced,9,Head-On,TRUE,TRUE,-45.70630124,41.00396534,0.333333333,333.3333333,453.2691578,2.197094614,0.516666667,516.6666667,824.6977271,0.912370051,2.285167627,1.710019846,27.39888591,23.77997633,524.3574213,8237.142857,17.69103408
0502040WA07_f219,-56.80887829,204.3097565,31.69335887,-34.67269135,-221.0222321,1414.628418,214.4159375,-2.474422455,-15.36288452,0.290039063,53.81523132,-12.09275818,-27.66516113,-0.158987971,-0.987104622,0.018635752,0.872118043,-0.195972633,-0.44833564,1.333879785,-0.041293488,-1.332182007,-0.053115234,11.10646362,8.546923828,-19.36933594,219,0.183333333,0502040WA07,1.478610087,23.22669016,-26.63695039,102.6645041,9.149761936,93.51474214,102.6645041,93.51474214,100.8890821,102.6645041,102.6645041,1.333879785,1.41392806,1.478610087,1.366779876,23.22669016,24.52404639,183.3333333,60,15.5,37,N,2,0.026041667,0.671878974,-0.424426568,0.508562371,-0.112462256,-35.1328891,-30.17894883,-1.754288366,4.420166988,-2.792223563,3.34573739,-0.739868294,-231.1327524,-198.5416995,-11.54113735,24.00726355,-16.52566514,16.8001225,-2.741524674,-1182.589606,-1209.974319,-59.41811964,502,40,60,WA07,Wind_success,7,W,1,Experienced,10,Head-On,TRUE,TRUE,-18.83882783,42.04449633,0.308333333,308.3333333,422.6696775,2.323592212,0.425,425,675.9887083,0.881807039,3.331662229,2.034527434,30.80123167,24.65905424,524.3574213,8237.142857,17.69103408
0502040WB01_f213,-93.37195684,317.2908696,54.55719248,-71.27261353,-108.0976486,1437.343994,335.2138206,-0.312774658,-14.87056732,-2.697631836,53.38432693,-16.11650848,-28.16833496,-0.020690933,-0.983730316,-0.178456017,0.85449566,-0.257968721,-0.450876153,1.820142855,-0.082676697,-1.817963562,-0.033061523,-1.654980469,-6.831188965,-3.125390625,213,0.233333333,0502040WB01,1.508811775,26.46156818,-26.79991095,106.7988491,1.204932234,105.5939169,106.7988491,105.5939169,104.1949663,106.7988491,106.7988491,1.820142855,1.820142855,1.508811775,1.503271849,26.46156818,26.46156818,233.3333333,60,15.5,37,N,2,0.023958333,0.576736511,-0.352851764,0.451521777,-0.065182207,-19.11708877,-15.68046789,0.004871803,3.79424239,-2.321346222,2.970477915,-0.428821634,-125.7677765,-103.1588861,0.032050687,26.55481688,-17.42413468,19.30974782,-0.486874916,-844.6079975,-814.508102,47.6706022,502,40,71,WB01,Wind_success,1,W,1,Experienced,11,Head-On,TRUE,TRUE,-69.42293299,38.67377816,0.316666667,316.6666667,480.4337534,2.257768164,0.475,475,804.1001905,1.125762916,3.951204284,2.156202464,32.27195402,25.00450598,524.3574213,8237.142857,17.69103408
0502040WB02_f229,-25.32348048,135.0377485,34.98191859,-3.24166441,-290.4122009,1417.779419,141.7751981,-1.882392883,-14.74725342,-3.769775391,57.28649855,-12.10968018,-21.05310059,-0.122732136,-0.961521865,-0.245789596,0.920674041,-0.194619474,-0.33835273,1.417119165,-0.251253905,-1.394106445,-0.03956543,18.99660072,15.90205078,-1.467773438,229,0.1,0502040WB02,2.88795109,27.68802338,-19.77654525,101.9359271,7.274105766,94.66182135,101.9359271,94.66182135,91.71942427,101.9359271,101.9359271,1.417119165,1.458464015,2.88795109,3.055902904,27.68802338,26.89404156,100,60,15.5,37,N,2,0.026041667,0.805716097,-0.40402187,0.663415882,-0.214065703,-79.81171283,-51.04336548,-2.76309058,5.300656566,-2.657984848,4.364489878,-1.408298504,-525.0664359,-335.8048216,-18.17785976,26.40292197,-13.94057751,20.63099573,-6.66210395,-2439.237353,-1778.769941,-89.01365994,502,40,74,WB02,Wind_success,2,W,1,Experienced,12,Head-On,TRUE,TRUE,-6.669036689,35.95096498,0.2,200,302.4237483,2.228673837,0.458333333,458.3333333,836.5982781,1.081055796,4.454585534,2.757684629,27.99356129,24.37704101,524.3574213,8237.142857,17.69103408
0502040WB03_f217,-64.77770855,239.1215326,70.52781398,-42.69031525,-186.2874908,1453.335449,257.5838338,-0.553321838,-13.80097961,-4.637451172,59.73437309,-11.37385559,-10.81054688,-0.037977304,-0.94723173,-0.318291963,0.967185124,-0.184159025,-0.17503825,1.438362904,-0.16486084,-1.40376709,-0.266733398,-0.395782471,-18.37792969,-9.399023438,217,0.2,0502040WB03,1.840092428,27.41525633,-10.08088402,100.7804842,2.295926548,98.4845576,100.7804842,98.4845576,94.08225132,100.7804842,100.7804842,1.438362904,1.383270094,1.840092428,1.54176668,27.41525633,30.7078683,200,60,15.5,37,N,2,0.026041667,0.371426186,-0.200988171,0.310977661,0.029224318,-22.65941254,-13.8605928,0.151112628,2.443543895,-1.322263851,2.045864279,0.192261358,-149.0720667,-91.18626583,0.994141911,28.1104471,-21.34590822,15.17009846,-0.171513363,-1056.940464,-1426.593457,-105.438909,502,40,75,WB03,Wind_success,3,W,1,Experienced,13,Head-On,TRUE,TRUE,-51.72291611,41.35917733,0.325,325,441.0512255,2.077336355,0.475,475,721.3526601,0.867684467,4.018278327,2.012074809,30.7078683,22.83010127,524.3574213,8237.142857,17.69103408
0502040WB04_f225,-12.39750568,196.5007672,45.98933911,9.72458744,-228.9007416,1428.772217,202.1911694,-4.246542454,-15.51179504,-1.537109375,56.89775753,-12.57998657,-19.4519043,-0.262848531,-0.960134648,-0.095142565,0.926178988,-0.204776422,-0.316637172,1.467490125,-0.244555664,-1.438813477,-0.153413086,6.012954712,6.273193359,-4.02890625,225,0.133333333,0502040WB04,3.397915953,24.9749039,-18.4596767,102.4674171,15.31029363,87.15712344,102.4674171,87.15712344,92.82102155,102.4674171,102.4674171,1.467490125,1.479504419,3.397915953,3.698343874,24.9749039,24.5506787,133.3333333,60,15.5,37,N,2,0.034375,0.795612408,-0.393518041,0.68040778,-0.123239228,-67.57486457,-41.37592819,-2.079440083,5.234186267,-2.588882106,4.476276419,-0.810767995,-444.5624838,-272.2045471,-13.68025011,27.88065774,-15.19806177,22.06675713,-4.946737536,-2175.203235,-1588.181242,-72.81564068,502,40,76,WB04,Wind_success,4,W,1,Experienced,14,Head-On,TRUE,TRUE,6.685774138,37.04705202,0.216666667,216.6666667,329.912969,2.266953462,0.458333333,458.3333333,822.6752769,1.133516904,4.099739374,2.597389543,28.11476801,22.99288507,524.3574213,8237.142857,17.69103408
0502040WB05_f213,-50.2358035,263.3876199,69.46956965,-28.11561012,-161.956131,1452.269043,276.9886196,-0.891292572,-15.00888062,-2.434082031,57.84737396,-13.2696991,-8.962158203,-0.058518033,-0.985411753,-0.159810255,0.963758364,-0.22107803,-0.149312827,1.451967519,-0.097907181,-1.441495972,-0.143920898,-12.33989868,-15.8666748,18.24433594,213,0.233333333,0502040WB05,0.966227677,26.36933512,-8.587105976,102.9196503,3.398481277,99.52116905,102.9196503,99.52116905,99.03405787,102.9196503,102.9196503,1.451967519,1.451967519,0.966227677,0.785021339,26.36933512,26.73748649,233.3333333,60,15.5,37,N,2,0.019791667,0.430263857,-0.318799873,0.284698114,-0.049402541,-21.05768432,-24.67137062,-1.782736599,2.830626003,-2.097325155,1.87297602,-0.325010145,-138.5345943,-162.3083653,-11.72829299,28.52480243,-23.47281989,14.89491585,-1.976754882,-1113.613722,-1792.722816,-107.1580943,502,40,77,WB05,Wind_success,5,W,1,Experienced,15,Head-On,TRUE,TRUE,-44.83617808,41.8993986,0.333333333,333.3333333,440.601087,2.362089438,0.466666667,466.6666667,721.8228,0.730399107,4.021470894,2.190251164,27.53735952,24.08925453,524.3574213,8237.142857,17.69103408
0502040WB06_f225,-64.54002379,183.4632893,74.35631282,-42.46179581,-241.9710693,1457.150635,208.2139631,0.085510254,-14.00894165,-5.035644531,57.29008007,-3.460708618,-29.08093262,0.005744049,-0.941033937,-0.338263412,0.890406155,-0.053786559,-0.451977748,1.748184628,-0.24797699,-1.7303302,-0.024785156,-1.383892822,3.050683594,3.844335937,225,0.133333333,0502040WB06,1.666081941,24.65801814,-26.87064521,93.45685233,-0.349727762,93.80658009,93.45685233,93.80658009,85.30121442,93.45685233,93.45685233,1.748184628,1.748184628,1.666081941,1.853025613,24.65801814,23.13150656,133.3333333,60,15.5,37,N,2,0.013541667,0.511951334,-0.311965117,0.396640606,-0.086302746,-33.51992122,-27.74055521,0.211832573,3.368032742,-2.052360563,2.609424878,-0.56776974,-220.5213363,-182.4999607,1.393607156,52.14668813,-45.47202855,18.19199948,-0.336221488,-1638.12982,-3763.857054,-213.0947566,502,40,78,WB06,Wind_success,6,W,1,Experienced,16,Head-On,TRUE,TRUE,-35.80240876,36.15312788,0.225,225,358.6622033,2.268350459,0.5,500,918.3895733,0.771410819,4.516400732,2.071956817,26.53632035,23.68565003,524.3574213,8237.142857,17.69103408
0502040WB07_f210,-60.59066786,329.5267471,101.4070346,-38.50835419,-95.91223907,1484.171143,350.0606987,-1.62959671,-15.70482635,-1.824462891,58.76260757,-19.72634888,-3.3046875,-0.102527713,-0.988084917,-0.114787914,0.94666488,-0.317791236,-0.053238475,1.628666957,0.280761108,-1.580061035,-0.277734375,14.04629517,2.809533691,-19.24628906,210,0.258333333,0502040WB07,2.645095424,22.65309364,-3.051782696,108.5566756,5.924042658,102.6326329,108.5566756,102.6326329,118.6324005,108.5566756,108.5566756,1.628666957,1.616075339,2.645095424,2.363771837,22.65309364,22.87333698,258.3333333,60,15.5,37,N,2,0.028125,0.78770254,-0.486062603,0.614587123,-0.08062944,-50.10075909,-42.18555769,-1.572267253,5.182148719,-3.197715594,4.043254538,-0.530446109,-329.6035892,-277.5309492,-10.34365425,27.50814329,-17.94213942,20.31005689,-2.367185118,-1666.342298,-1566.215191,-46.94849324,502,40,79,WB07,Wind_success,7,W,1,Experienced,17,Head-On,TRUE,TRUE,-55.20917257,46.90155589,0.341666667,341.6666667,489.0136495,2.180661168,0.458333333,458.3333333,716.2905051,1.077414507,3.802608061,2.047036128,31.22855033,23.47395418,524.3574213,8237.142857,17.69103408
0502040WB08_f219,-43.09711943,247.8295775,70.86414541,-20.92910576,-177.5879364,1453.688965,261.339986,-0.994316101,-13.94723511,-4.408203125,58.26787758,-17.90472412,-2.985351563,-0.067820268,-0.95131238,-0.300674519,0.954744622,-0.293376725,-0.048916289,1.696902533,-0.171327667,-1.68355957,-0.125507813,-17.44145508,-8.686889648,13.01484375,219,0.183333333,0502040WB08,3.110987883,24.66184441,-2.803815843,107.0812995,4.077789833,103.0035096,107.0812995,103.0035096,101.2705905,107.0812995,107.0812995,1.696902533,1.692843416,3.110987883,2.545985104,24.66184441,24.66184441,183.3333333,60,15.5,37,N,2,0.022916667,0.441293994,-0.309116786,0.308448433,-0.0636142,-24.27630756,-24.00040932,-1.639458501,2.903191229,-2.033621924,2.029224952,-0.418506004,-159.7093188,-157.8942355,-10.785693,28.84705223,-23.16736423,15.71691313,-3.975700326,-1173.930333,-1802.478954,-170.8744709,502,40,80,WB08,Wind_success,8,W,1,Experienced,18,Head-On,TRUE,TRUE,-37.1907672,40.2612018,0.258333333,258.3333333,390.8206979,2.416776837,0.416666667,416.6666667,726.3911621,0.951628953,3.612014365,2.239738122,28.76286051,24.06199662,524.3574213,8237.142857,17.69103408
0502040WC01_f226,-44.05880469,194.2674566,50.26877819,-21.90029335,-231.1820068,1432.991943,205.4457909,-0.838964462,-14.47329712,-2.11315918,57.51450157,-2.691665649,-20.32617188,-0.057264113,-0.987885133,-0.144235175,0.941935121,-0.04408235,-0.332888831,1.670574409,-0.139076385,-1.647453003,-0.23953125,5.634036255,7.694824219,-10.79824219,226,0.125,0502040WC01,3.065559154,23.6446157,-19.44420985,92.67947444,3.317515817,89.36195862,92.67947444,89.36195862,87.85406145,92.67947444,92.67947444,1.670574409,1.693051769,3.065559154,2.795113244,23.6446157,23.04213788,125,60,15.5,37,N,2,0.039583333,0.72992573,-0.469391878,0.555350919,-0.063625406,-51.60693694,-45.55784972,-3.605188074,4.802045812,-3.088041989,3.653550556,-0.418579731,-339.5124536,-299.7166322,-23.71786277,29.29225619,-18.38783789,21.81634015,-3.605540515,-2097.153894,-1814.309927,-118.2297199,502,40,86,WC01,Wind_success,1,W,1,Experienced,19,Head-On,TRUE,TRUE,-32.83931271,29.1393004,0.183333333,183.3333333,302.802305,2.244336604,0.4,400,752.2459102,1.13777334,3.701742941,2.009346043,27.11650557,23.67801568,524.3574213,8237.142857,17.69103408
0502040WC02_f222,-70.82951182,193.6506546,79.97098363,-48.64902496,-231.765152,1462.751099,221.1622798,-0.159198761,-13.82246399,-6.200073242,57.44074821,-11.58239746,-7.573852539,-0.010508071,-0.912365388,-0.409241958,0.972182905,-0.196031722,-0.128187222,1.501830832,-0.065480804,-1.436500854,-0.433212891,9.725537109,-21.27260742,3.00234375,222,0.158333333,0502040WC02,1.52037726,25.77122481,-7.36485136,101.4002981,0.659868879,100.7404292,101.4002981,100.7404292,98.7903599,101.4002981,101.4002981,1.501830832,1.460514484,1.52037726,0.960767628,25.77122481,,158.3333333,60,15.5,37,N,2,0.016666667,0.575009574,-0.366137932,0.437814707,-0.069980759,-31.60931594,-26.32803152,0.924314129,3.782881193,-2.408753456,2.880301646,-0.460390414,-207.951819,-173.2072296,6.080890985,24.15533148,-16.53203428,16.4286929,-3.139220339,-1153.106945,-1180.360433,43.92585964,502,40,87,WC02,Wind_success,2,W,1,Experienced,20,Head-On,TRUE,TRUE,-50.4855002,40.29756564,0.283333333,283.3333333,426.3976118,2.335183315,0.541666667,541.6666667,954.6684137,1.030942519,3.863890173,2.15064699,25.77122481,22.828726,524.3574213,8237.142857,17.69103408
0502040WC03_f220,-63.76889634,197.9681463,96.32074992,-41.54082108,-227.4388275,1479.047485,229.2063392,-0.107883453,-13.7341156,-6.553466797,62.34737015,-5.903289795,-3.323730469,-0.007089232,-0.902495446,-0.430641048,0.994148279,-0.094129799,-0.05299792,1.355469795,-0.072879181,-1.282040405,-0.434003906,-4.889135742,11.58859863,3.556054688,220,0.175,0502040WC03,1.213517153,29.33986423,-3.037980434,95.40886061,0.450057332,94.95880327,95.40886061,94.95880327,92.15531237,95.40886061,95.40886061,1.355469795,1.454841529,1.213517153,1.172201548,29.33986423,29.33986423,175,60,15.5,37,N,2,0.027083333,0.411556592,-0.357238376,0.201230801,0.03557718,-16.72008582,-29.7643446,-3.495072692,2.70755438,-2.350204926,1.323860066,0.23405566,-109.9983393,-195.8140952,-22.99343413,27.85048534,-23.67302968,12.8681368,-1.424436556,-979.9208489,-1904.525188,-194.7729565,502,40,88,WC03,Wind_success,3,W,1,Experienced,21,Head-On,TRUE,TRUE,-54.43674778,42.21409251,0.325,325,460.9641723,2.030630456,0.566666667,566.6666667,893.5199125,0.866176608,3.378342434,2.104725327,29.33986423,23.34620082,524.3574213,8237.142857,17.69103408
0502040WC04_f218,-47.32512089,286.671031,84.55744985,-25.18905067,-138.7636108,1467.323853,302.6052039,-0.868616104,-14.40853882,-3.674926758,56.90375137,-0.577041626,-26.91809082,-0.058315354,-0.967330728,-0.246719644,0.903922942,-0.009166376,-0.427597114,1.761748419,-0.17942894,-1.736068726,-0.240058594,-6.208044434,-0.423083496,9.038671875,218,0.191666667,0502040WC04,2.7615762,23.68699531,-25.31516333,90.58099714,3.449890274,87.13110686,90.58099714,87.13110686,84.68022358,90.58099714,90.58099714,1.761748419,1.765637706,2.7615762,2.698357542,23.68699531,24.24069055,191.6666667,60,15.5,37,N,2,0.01875,0.565613331,-0.300086265,0.462510922,-0.126294578,-47.9503147,-33.29543293,1.630872408,3.721065055,-1.974211807,3.042773456,-0.830868572,-315.456215,-219.0444695,10.72920668,20.99314706,-12.67965888,15.59999709,-2.754358229,-1588.411198,-1405.310201,64.72496966,502,40,89,WC04,Wind_success,4,W,1,Experienced,22,Head-On,TRUE,TRUE,-45.73182359,39.85950462,0.25,250,407.5926245,2.205153659,0.483333333,483.3333333,860.9143263,0.900618523,3.323682143,1.801471165,26.68324186,23.19905175,524.3574213,8237.142857,17.69103408
0502040WC05_f226,-35.60355262,167.7488204,64.39775976,-13.33095169,-257.6218567,1447.175049,183.178468,-1.548023224,-15.1852417,-4.034179688,55.92256165,-12.50579834,-28.12670898,-0.098050307,-0.961818651,-0.255521074,0.876055852,-0.195909799,-0.440619444,1.381652532,-0.107357025,-1.330786743,-0.35559082,25.79359131,28.02194824,-18.04921875,226,0.125,0502040WC05,2.776587616,24.30876479,-26.14341077,102.6054886,5.820773343,96.78471524,102.6054886,96.78471524,97.99332015,102.6054886,102.6054886,1.381652532,1.472141077,2.776587616,2.520864582,24.30876479,24.14068542,125,60,15.5,37,N,2,0.047916667,0.606504526,-0.479576571,0.363058223,-0.077735318,-38.46443571,-51.68992339,-3.683372899,3.990080638,-3.155045192,2.388492623,-0.511406221,-253.0503788,-340.058406,-24.23222622,27.73706098,-20.67060287,17.37375927,-2.998028997,-1845.317267,-2223.062043,-140.5536206,502,40,90,WC05,Wind_success,5,W,1,Experienced,23,Head-On,TRUE,TRUE,-9.742122793,36.0172026,0.241666667,241.6666667,368.2636813,2.343285463,0.45,450,790.1430263,0.928529249,3.931874716,2.146330802,27.28602887,23.8946233,524.3574213,8237.142857,17.69103408
0502040WC06_f222,-43.46385594,205.3499906,82.26327744,-21.19842148,-220.0312653,1465.03833,225.4439447,-0.831315994,-13.91635132,-4.993286133,58.76184464,-20.08227539,-17.98681641,-0.056138123,-0.939760381,-0.337192729,0.908905699,-0.310624941,-0.278213185,1.592221197,-0.172881546,-1.539968262,-0.365756836,-10.86083679,-8.927050781,21.46289063,222,0.158333333,0502040WC06,2.627043171,25.82834029,-16.1535909,108.8682253,3.418594531,105.4496308,108.8682253,105.4496308,102.462845,108.8682253,108.8682253,1.592221197,1.592221197,2.627043171,2.40629001,25.82834029,25.36702899,158.3333333,60,15.5,37,N,2,0.04375,0.36609188,-0.315549313,0.185502677,-0.006375921,-17.68402368,-31.10882269,-3.616805534,2.408450487,-2.075940328,1.220387658,-0.041946003,-116.3399074,-204.6591669,-23.79429189,28.07020466,-24.13124085,12.7891747,-4.094190404,-1203.417145,-2256.939699,-112.8113592,502,40,91,WC06,Wind_success,6,W,1,Experienced,24,Head-On,TRUE,TRUE,-18.22314133,42.34809061,0.283333333,283.3333333,436.8750883,2.052705259,0.508333333,508.3333333,847.6956921,0.832246484,3.746953914,2.217394257,30.53689628,24.23933995,524.3574213,8237.142857,17.69103408
0502040WC07_f220,-62.74341458,222.4212545,66.26280238,-40.5288887,-202.9790039,1449.008423,240.4136217,-1.235164642,-14.46183777,-3.947509766,61.27309227,-7.322143555,-9.520874023,-0.08211594,-0.961448673,-0.262437464,0.981324238,-0.117268391,-0.152482339,1.47223698,-0.103213348,-1.40628479,-0.423310547,23.52178345,0.583813477,-26.48496094,220,0.175,0502040WC07,2.122691588,22.46890032,-8.770809265,96.81453885,4.881702586,91.93283627,96.81453885,91.93283627,92.61687917,96.81453885,96.81453885,1.47223698,1.456684371,2.122691588,1.720818196,22.46890032,23.3608931,175,60,15.5,37,N,2,0.030208333,0.411345868,-0.334084566,0.239984286,-0.000683954,-16.7068654,-24.64410377,-2.404750406,2.706168068,-2.197880315,1.578812049,-0.004499605,-109.9113646,-162.1289818,-15.8204063,28.7286478,-20.96210042,18.44158969,-3.021231544,-1271.177441,-1464.568619,17.2481426,502,40,92,WC07,Wind_success,7,W,1,Experienced,25,Head-On,TRUE,TRUE,-27.23660206,40.91182105,0.325,325,475.4600861,2.304447087,0.55,550,940.4451045,0.969067728,4.15524692,2.169330265,26.3803326,23.10955901,524.3574213,8237.142857,17.69103408
0502040WC08_f217,-47.31669,263.026595,73.44309184,-25.09214783,-162.3881836,1456.180664,277.156538,-1.961433411,-14.99424744,-1.706176758,60.53441238,-7.506607056,-8.361816406,-0.128889543,-0.985300694,-0.11211614,0.983203754,-0.121922787,-0.135813151,1.682176,-0.109535294,-1.643598633,-0.341030273,-9.012496948,-1.877124023,6.169921875,217,0.2,0502040WC08,2.09732289,21.0932408,-7.805643081,97.06891198,7.452680573,89.61623141,97.06891198,89.61623141,93.25615418,97.06891198,97.06891198,1.682176,1.682176,2.09732289,2.227695476,21.0932408,22.35563283,200,60,15.5,37,N,2,0.017708333,0.384756145,-0.2698058,0.2646475,-0.07213752,-19.84523565,-21.54390263,-1.282437691,2.531239218,-1.775002251,1.741066751,-0.474579349,-130.5581196,-141.7333342,-8.43691939,40.36550932,-35.16212577,16.38606255,-3.479320877,-1286.926213,-2797.180247,-37.22045,502,40,94,WC08,Wind_success,8,W,1,Experienced,26,Head-On,TRUE,TRUE,-27.63963805,41.22028453,0.266666667,266.6666667,388.8901862,2.20187633,0.5,500,841.8684429,0.837466603,3.637181246,2.295401809,27.8167482,22.2383473,524.3574213,8237.142857,17.69103408
0502040WC09_f225,-15.20724484,183.8205251,67.89654324,7.022706032,-241.6122894,1450.704102,196.5481781,-2.566721439,-14.06785583,-5.227783203,54.87926006,-11.84318542,-28.54504395,-0.168578076,-0.923953814,-0.34335227,0.871339379,-0.188038866,-0.453220776,1.654002302,-0.413036156,-1.599173584,-0.088139648,-27.1742569,-24.56960449,35.21074219,225,0.133333333,0502040WC09,3.984059655,21.73536305,-26.95051416,102.1779249,10.34004683,91.83787809,102.1779249,91.83787809,87.69600218,102.1779249,102.1779249,1.654002302,1.65222404,3.984059655,3.79842554,21.73536305,21.59771507,133.3333333,60,15.5,37,N,2,0.021875,0.502640669,-0.271745694,0.386463559,-0.171603721,-46.23376142,-31.19631329,-0.070525624,3.306779608,-1.787764449,2.542471981,-1.128949013,-304.1633297,-205.2347513,-0.463974984,35.77208739,-28.30040978,16.23177861,-3.92950014,-1956.00316,-3404.065237,-175.6960038,502,40,95,WC09,Wind_success,9,W,1,Experienced,27,Head-On,TRUE,TRUE,33.58800912,36.38255656,0.216666667,216.6666667,337.0559522,2.270089229,0.425,425,749.0508495,0.915429847,4.284213191,2.664114827,25.26503401,22.08374754,524.3574213,8237.142857,17.69103408
0601040UC01_f128,-103.9343853,30.75643578,31.77705841,-83.08717346,-386.349823,1418.373901,112.9517429,10.0069046,-10.8059082,-4.209350586,0.516738892,-60.93057251,-18.40405273,0.653300739,-0.705463687,-0.274807441,0.008118254,-0.957253044,-0.289137863,0.548103994,-0.398199463,-0.179036865,0.331362305,8.872338867,2.52421875,9.1125,128,0.941666667,0601040UC01,0.207322011,,-16.80634816,179.5140986,-42.80149542,222.3155941,179.5140986,222.3155941,113.7235467,179.5140986,179.5140986,0.548103994,0.548103994,0.207322011,,,,941.6666667,61,16.8,38,I,1,0.063541667,0.969039352,0.199116892,0.843296157,-0.433867861,-73.3240914,10.69523351,1.659487111,5.881816297,1.20858764,5.118587876,-2.633464832,-445.0581238,64.91727985,10.07265424,116.4173693,42.70823721,84.51939198,-40.14470112,-7642.857841,1967.682136,281.8253083,601,40,80,UC01,Wind_Uturn,1,U,1,Experienced,16,U-Turn,TRUE,FALSE,-107.3220472,128.3102815,2,2000,261.3243924,1.633857835,0.216666667,216.6666667,162.042731,1.387102085,4.430926972,0.833372751,31.0487275,24.52243829,553.0840879,8514.002381,18.52855386
0601040WA01_f235,-38.05606645,123.7127022,-7.390418498,-17.2048111,-293.3553772,1379.146851,129.6445724,-2.926633835,-14.20715332,5.986572266,33.63900566,-7.052093506,-58.84887695,-0.186501586,-0.905359799,0.38149809,0.493598045,-0.103478075,-0.863512165,1.696883333,0.028643646,-1.557773438,0.672260742,3.466049194,5.643017578,0.207421875,235,0.05,0601040WA01,1.189507109,27.1485242,-59.71324567,101.8400426,11.63994665,90.20009593,101.8400426,90.20009593,102.8934532,101.8400426,101.8400426,1.696883333,1.739250419,1.189507109,1.398819617,27.1485242,25.89579224,50,61,16.8,38,I,1,0.036458333,0.916544308,-0.329900821,0.853393575,-0.054206297,-100.8511557,-44.50371178,-1.325933637,5.563185064,-2.002412001,5.179876575,-0.329018093,-612.1402297,-270.1259312,-8.048071587,35.03442827,-7.674936472,31.67322738,-2.228303195,-3722.209655,-1110.615798,-13.34629675,601,40,48,WA01,Wind_success,1,W,1,Experienced,1,Head-On,TRUE,TRUE,-3.67095785,24.2268711,0.125,125,264.1788431,2.716877167,0.316666667,316.6666667,734.0752211,1.546140035,4.305885951,2.290313623,31.91230336,26.46742722,553.0840879,8514.002381,18.52855386
0601040WA02_f235,-65.58221509,118.0762632,12.71307882,-44.6958313,-298.9421997,1399.282349,135.6637507,-0.523200989,-14.71386719,4.266113281,28.53091812,-1.677642822,-63.65478516,-0.03413195,-0.959885378,0.278307511,0.408890093,-0.024043093,-0.912266859,1.563523712,0.394290619,-1.446661377,0.443071289,2.181390381,12.09287109,-0.087890625,235,0.05,0601040WA02,1.964635929,25.23200795,-65.82051866,93.36516688,2.036485944,91.32868094,93.36516688,91.32868094,108.6109442,93.36516688,93.36516688,1.563523712,1.653172181,1.964635929,1.754898723,25.23200795,25.98368678,50,61,16.8,38,I,1,0.04375,0.632071149,-0.397855124,0.491093927,0.007210615,-53.05990828,-46.73437775,-1.63480433,3.836507133,-2.414876906,2.980812138,0.043766555,-322.0598139,-283.6654922,-9.922836193,30.68542898,-13.13041932,25.66863685,3.593653369,-2793.996951,-1619.246858,-36.7194919,601,40,49,WA02,Wind_success,2,W,1,Experienced,2,Head-On,TRUE,TRUE,-71.86245808,31.3895544,0.166666667,166.6666667,349.915488,2.633690358,0.425,425,956.9084084,1.42816535,4.807844102,1.980646164,29.59779019,25.08116207,553.0840879,8514.002381,18.52855386
0601040WA03_f234,-50.62283774,107.9511166,22.46206131,-29.77389526,-309.1054993,1408.992676,121.3287248,-0.378885269,-15.04794312,3.376342773,39.5581274,2.694244385,-55.67687988,-0.024560318,-0.975446399,0.218863228,0.578739878,0.0394171,-0.81455905,1.266625477,0.182240982,-1.192763672,0.385283203,-12.99160767,1.437451172,5.67421875,234,0.058333333,0601040WA03,2.198788511,25.27003829,-54.54378505,86.10368815,1.442319457,84.66136869,86.10368815,84.66136869,94.79066229,86.10368815,86.10368815,1.266625477,1.28453875,2.198788511,1.830153202,25.27003829,25.95801088,58.33333333,61,16.8,38,I,1,0.021875,0.532139006,-0.236018455,0.4764969,-0.020442966,-50.91015336,-28.95798813,0.381000495,3.229945072,-1.43257051,2.89221199,-0.124083474,-309.0113618,-175.7674404,2.312573704,35.19639471,-24.04794256,21.1803521,-2.863267159,-2287.094351,-2665.019172,52.00088776,601,40,50,WA03,Wind_success,3,W,1,Experienced,3,Head-On,TRUE,TRUE,-111.9119973,32.0123391,0.258333333,258.3333333,498.1602082,2.32922555,0.266666667,266.6666667,517.1132867,1.161621953,3.086871346,1.927194923,31.82882564,26.27916925,553.0840879,8514.002381,18.52855386
0601040WA04_f234,-49.06779942,115.4315008,1.511698405,-28.15502167,-301.5663452,1388.039063,125.4366993,-3.079311371,-14.05172729,5.890136719,24.06796026,-9.101287842,-63.7902832,-0.198098395,-0.90397634,0.378924535,0.349904095,-0.132316069,-0.927393974,1.373353002,-0.025630875,-1.259055176,0.547924805,6.36880188,0.3515625,3.29765625,234,0.058333333,0601040WA04,1.769237566,23.9644579,-68.03215989,110.7140881,12.36047214,98.35361592,110.7140881,98.35361592,109.5478658,110.7140881,110.7140881,1.373353002,1.373353002,1.769237566,1.671502023,23.9644579,24.04841345,58.33333333,61,16.8,38,I,1,0.022916667,0.654206509,-0.209873671,0.609816908,-0.109829581,-55.33192402,-21.95042096,-1.056248279,3.970862998,-1.273878482,3.701429692,-0.666636931,-335.8503572,-133.2333341,-6.411151758,28.33527621,-11.99257107,23.18010972,-2.07097902,-2168.17404,-1212.550588,61.13984632,601,40,51,WA04,Wind_success,4,W,1,Experienced,4,Head-On,TRUE,TRUE,3.325346925,30.44997827,0.183333333,183.3333333,330.820358,2.860590905,0.383333333,383.3333333,832.6996877,1.362827027,4.977854849,1.830874057,31.30922102,25.91376172,553.0840879,8514.002381,18.52855386
0601040WA05_f233,-54.1366162,129.6854755,13.09057872,-33.23518372,-287.3027344,1399.660645,141.1398563,-1.951198578,-14.64245605,4.217041016,25.67814016,-0.934448242,-63.79223633,-0.127014327,-0.953158596,0.274510566,0.373376732,-0.013587481,-0.927580291,1.450307463,0.075831299,-1.419521484,0.287402344,3.253381348,2.373046875,-10.28144531,233,0.066666667,0601040WA05,1.219828311,28.73950965,-68.06071428,92.08411998,7.590303125,84.49381686,92.08411998,84.49381686,95.14197259,92.08411998,92.08411998,1.450307463,1.487662121,1.219828311,1.422040156,28.73950965,27.15571681,66.66666667,61,16.8,38,I,1,0.016666667,0.753984082,-0.218492458,0.7184306,-0.067900767,-64.72269475,-24.97668262,0.421680391,4.576486859,-1.326192273,4.360686492,-0.412139957,-392.849888,-151.6019537,2.559490069,32.63841033,-16.12736078,25.3080805,-3.450277083,-2247.391245,-1623.877523,25.91386485,601,40,52,WA05,Wind_success,5,W,1,Experienced,5,Head-On,TRUE,TRUE,-21.67849813,31.0158753,0.2,200,385.3700458,2.734078656,0.341666667,341.6666667,734.5244224,1.483126288,4.669773669,1.970162015,30.16498267,26.54569364,553.0840879,8514.002381,18.52855386
0601040WA06_f224,-78.17077757,216.6222073,16.30307515,-57.25590134,-200.3629303,1402.866089,230.8714824,-1.098834991,-15.13005066,2.946899414,42.78976345,-4.242080688,-55.30310059,-0.071105983,-0.979070687,0.190694856,0.610821772,-0.060555494,-0.789449045,1.60928172,0.101586914,-1.574428711,0.317241211,2.716149902,-0.511303711,-2.724609375,224,0.141666667,0601040WA06,1.045346734,29.95242951,-52.13405369,95.66167459,4.153870026,91.50780456,95.66167459,91.50780456,99.35345444,95.66167459,95.66167459,1.60928172,1.60928172,1.045346734,1.2450479,29.95242951,28.17497257,141.6666667,61,16.8,38,I,1,0.021875,0.560630364,-0.2872312,0.480790392,-0.025401621,-41.66380589,-26.27488303,1.446801786,3.402880191,-1.743418524,2.918272365,-0.154181217,-252.8884426,-159.4816918,8.781709752,45.83031436,-35.88157459,22.35261421,-1.538886391,-1954.005917,-3175.927311,194.0147446,601,40,53,WA06,Wind_success,6,W,1,Experienced,6,Head-On,TRUE,TRUE,-51.78283597,43.0914861,0.283333333,283.3333333,485.6572645,2.477380983,0.433333333,433.3333333,821.275439,1.150317798,2.819678006,1.540948911,30.25438165,26.18117252,553.0840879,8514.002381,18.52855386
0601040WA07_f230,-54.31446738,142.6791682,36.79874598,-33.37800598,-274.3236084,1423.370728,157.0399761,-2.353427887,-14.90206909,2.595092773,47.04035282,-3.125457764,-51.02600098,-0.153735173,-0.973461811,0.169521675,0.677122415,-0.044989405,-0.734493832,1.316713617,-0.022812195,-1.308171387,0.147993164,2.835076904,0.58425293,-7.521679688,230,0.091666667,0601040WA07,0.744534114,28.6163241,-47.26446284,93.80126235,8.974388251,84.8268741,93.80126235,84.8268741,92.80222657,93.80126235,93.80126235,1.316713617,1.330644355,0.744534114,1.105537846,28.6163241,26.15941629,91.66666667,61,16.8,38,I,1,0.023958333,0.60065583,-0.363841982,0.453866483,-0.149705224,-38.93531384,-33.43058303,-0.323847046,3.645824336,-2.208426001,2.754851257,-0.90867169,-236.327207,-202.9149257,-1.96566716,39.31627929,-30.37706294,20.63286968,-4.081234249,-1871.865553,-2796.750029,51.79364476,601,40,54,WA07,Wind_success,7,W,1,Experienced,7,Head-On,TRUE,TRUE,-22.24777176,37.54176569,0.233333333,233.3333333,406.9751236,2.728360124,0.375,375,757.6783803,1.1816607,4.237295708,1.761647652,29.96792789,24.83551796,553.0840879,8514.002381,18.52855386
0601040WB01_f240,9.661259585,49.33084389,26.23140703,30.25663757,-367.9300232,1412.709229,56.70060679,-9.492212296,-11.14279175,4.309204102,36.3115921,-15.73184204,-53.36193848,-0.622078287,-0.730250082,0.282406485,0.546578807,-0.236802931,-0.803228473,1.249961052,-0.576973572,-0.995024414,0.489316406,-12.28117676,12.69448242,1.710351563,240,0.008333333,0601040WB01,0.553493107,21.37885827,-53.43951423,113.4244666,40.42668812,72.99777852,113.4244666,72.99777852,83.31679147,113.4244666,113.4244666,1.249961052,1.289475049,0.553493107,0.539351356,21.37885827,,8.333333333,61,16.8,38,I,1,0.033333333,0.674078453,-0.18708894,0.476937185,-0.438075806,-65.48482692,-27.80256082,1.844735123,4.09148052,-1.135581101,2.894884404,-2.659005961,-397.4758316,-168.7542978,11.19706139,23.066957,-6.041678518,16.42770735,-13.02611853,-2278.214807,-860.2572322,79.89766515,601,40,63,WB01,Wind_success,1,W,1,Experienced,8,Head-On,TRUE,TRUE,115.490811,22.80788528,0.191666667,191.6666667,326.9177116,2.706485874,0.333333333,333.3333333,652.8301096,1.289475049,4.153765526,2.084345316,28.06403782,24.13886674,553.0840879,8514.002381,18.52855386
0601040WB02_f234,-45.96024655,100.367062,29.54797338,-25.0718956,-316.7593689,1416.11145,114.2758685,-3.596399307,-14.59750366,3.713256836,39.17181492,-3.85559082,-54.23461914,-0.232238776,-0.942639038,0.239784893,0.584543893,-0.057535299,-0.809319545,1.082993522,-0.108335037,-1.025701904,0.330263672,-1.399713135,2.790087891,10.35703125,234,0.058333333,0601040WB02,0.763143515,28.8343296,-54.02950231,95.62138391,13.84037318,81.78101074,95.62138391,81.78101074,89.59213501,95.62138391,95.62138391,1.082993522,1.082993522,0.763143515,0.729038636,28.8343296,30.97998875,58.33333333,61,16.8,38,I,1,0.017708333,0.572146539,-0.245402334,0.506362394,-0.103568736,-48.85856933,-25.20592587,0.772924447,3.472780372,-1.489528205,3.073487756,-0.628635233,-296.5587815,-152.9934004,4.691449943,68.46586927,-57.04394878,26.48494059,-2.660589983,-2687.157384,-5580.762302,124.4252945,601,40,64,WB02,Wind_success,2,W,1,Experienced,9,Head-On,TRUE,TRUE,-31.08704268,36.21740429,0.241666667,241.6666667,409.5539409,2.613140138,0.433333333,433.3333333,886.418516,1.261268659,3.686773517,1.759114435,30.97998875,25.25486377,553.0840879,8514.002381,18.52855386
0601040WB03_f223,-45.71707606,228.0739552,-0.041262817,-24.87652588,-189.0621948,1386.505127,232.6107947,-2.730997086,-15.08532715,3.423339844,50.69238281,-2.805755615,-45.84399414,-0.173859059,-0.960352829,0.217934558,0.741061134,-0.041016743,-0.670183574,1.701869687,0.008269501,-1.674464722,0.304072266,-3.593792725,10.89536133,8.576367188,223,0.15,0601040WB03,2.179438224,27.61050553,-42.0812347,93.16801239,10.26149493,82.90651746,93.16801239,82.90651746,93.45097066,93.16801239,93.16801239,1.701869687,1.780928209,2.179438224,2.336586879,27.61050553,26.39913157,150,61,16.8,38,I,1,0.019791667,0.670260089,-0.31164457,0.582062559,-0.115453139,-51.79123508,-31.77494511,0.892693725,4.068304048,-1.891601311,3.532968025,-0.700770463,-314.3592982,-192.8656351,5.418418244,38.77298788,-26.34977331,22.6928179,-3.736940227,-2099.79339,-2496.589465,148.1424605,601,40,65,WB03,Wind_success,3,W,1,Experienced,10,Head-On,TRUE,TRUE,-30.9127835,34.55483322,0.241666667,241.6666667,408.3208357,2.54406077,0.416666667,416.6666667,803.7232166,1.315432269,4.129740229,2.083395829,29.27101846,24.11273349,553.0840879,8514.002381,18.52855386
0601040WB04_f220,-63.257753,326.0719022,-38.7694575,-42.41753006,-91.05516052,1347.780396,334.4061895,-1.669910431,-14.57722473,5.493896484,47.01528549,-8.351516724,-49.59240723,-0.106585134,-0.93041844,0.350658146,0.682918079,-0.121309521,-0.720351926,1.957607552,0.106766052,-1.935560303,0.272827148,4.803497314,-6.594818115,-0.5203125,220,0.175,0601040WB04,1.20007658,25.91892251,-46.08354377,100.0726164,6.535095127,93.53752132,100.0726164,93.53752132,103.2298683,100.0726164,100.0726164,1.957607552,1.954816529,1.20007658,0.854312276,25.91892251,26.93028025,175,61,16.8,38,I,1,0.025,0.552261004,-0.07594457,0.538548706,-0.095864121,-57.72664802,-11.89748731,0.246050854,3.352080354,-0.460963747,3.268850281,-0.581870229,-350.3857078,-72.21464704,1.493464552,29.1741032,-11.55249915,23.96923976,-0.130739913,-2729.987605,-1494.504974,-31.02925895,601,40,66,WB04,Wind_success,4,W,1,Experienced,11,Head-On,TRUE,TRUE,-39.24524446,40.65259484,0.275,275,534.2790771,2.378127151,0.408333333,408.3333333,822.9511004,1.35447251,3.202714172,1.721163612,31.2722544,26.44747604,553.0840879,8514.002381,18.52855386
0601040WB05_f231,-45.07254281,124.8151731,23.33719508,-24.24017143,-292.328064,1409.940063,134.7404402,-3.311134338,-14.80172729,2.885498047,40.96836472,-9.758758545,-54.67260742,-0.214457445,-0.95868675,0.18688959,0.593636305,-0.141405531,-0.792212354,1.049264386,-0.01966095,-1.030561523,0.196245117,-0.615921021,-0.138427734,-4.763671875,231,0.083333333,0601040WB05,2.054991015,24.61913339,-52.39274271,103.3983025,12.6094239,90.78887861,103.3983025,90.78887861,102.3053519,103.3983025,103.3983025,1.049264386,1.056201034,2.054991015,1.442497426,24.61913339,25.67028419,83.33333333,61,16.8,38,I,1,0.026041667,0.403262556,-0.270382897,0.295068955,-0.049478175,-26.75340835,-28.5557378,-1.922411995,2.447698607,-1.641153711,1.79099165,-0.300319626,-162.3862157,-173.3258858,-11.66853976,50.33927978,-42.19599821,20.63803316,-4.457717835,-1951.671342,-4054.642771,-175.7960805,601,40,67,WB05,Wind_success,5,W,1,Experienced,12,Head-On,TRUE,TRUE,-25.27724832,41.02675262,0.291666667,291.6666667,492.3085113,2.482441039,0.425,425,801.1378354,1.24389009,3.555277141,1.721864148,26.75250328,23.83068964,553.0840879,8514.002381,18.52855386
0601040WB06_f218,-91.75298337,318.3650259,0.088767497,-70.9417038,-98.76628876,1386.673584,331.3229656,-0.305389404,-15.27190399,3.471435547,41.19175529,0.707077026,-55.1661377,-0.019495692,-0.974939958,0.221612265,0.598267373,0.010269558,-0.801230733,2.021113449,0.170087585,-2.007065735,0.166303711,-0.972729492,-1.462609863,-7.061132813,218,0.191666667,0601040WB06,1.422226995,24.8296103,-53.24778989,89.01658595,1.145580295,87.87100565,89.01658595,87.87100565,93.86050891,89.01658595,89.01658595,2.021113449,2.021113449,1.422226995,1.352413039,24.8296103,24.59433982,191.6666667,61,16.8,38,I,1,0.025,0.68728282,-0.250242161,0.64010239,0.002337905,-54.89856329,-23.57797896,0.944976872,4.171627584,-1.518904693,3.885254672,0.014190472,-333.2199706,-143.112187,5.73576332,25.72371392,-12.70975245,20.99043995,-0.685829714,-1798.019835,-1124.735669,14.00661445,601,40,68,WB06,Wind_success,6,W,1,Experienced,13,Head-On,TRUE,TRUE,-48.13971089,36.71257042,0.275,275,499.2234199,2.519785267,0.4,400,787.7805989,1.234628313,2.999317102,1.575399929,30.79884026,26.1424324,553.0840879,8514.002381,18.52855386
0601040WB07_f236,-50.84382232,101.010689,22.96398443,-30.03091431,-316.1146851,1409.547119,115.3932326,-2.976425171,-15.00140381,2.528076172,34.86636543,-11.74780273,-60.6829834,-0.192010491,-0.967747128,0.163087301,0.491314473,-0.165542506,-0.855105705,1.180199451,0.032334595,-1.15232666,0.252919922,-6.926275635,6.347021484,10.42382813,236,0.041666667,0601040WB07,1.844807838,28.248818,-58.77141462,108.6206253,11.22229698,97.39832834,108.6206253,97.39832834,110.2279385,108.6206253,108.6206253,1.180199451,1.219932559,1.844807838,1.805745308,28.248818,28.78742787,41.66666667,61,16.8,38,I,1,0.028125,0.423604172,-0.203800963,0.369311921,-0.038914864,-34.10829111,-22.42769775,-1.461756629,2.571166915,-1.237018725,2.241627107,-0.236203081,-207.0284372,-136.1302799,-8.872481749,29.42483097,-18.54133166,21.02068576,-2.990193059,-2054.588181,-1980.394211,-146.5437496,601,40,69,WB07,Wind_success,7,W,1,Experienced,14,Head-On,TRUE,TRUE,-49.43097951,41.62477439,0.266666667,266.6666667,503.2101943,2.290056305,0.216666667,216.6666667,394.2560258,1.138130793,2.951434237,1.763652813,30.63261114,25.7368858,553.0840879,8514.002381,18.52855386
0601040WB08_f222,-32.44253549,255.6060552,6.177921041,-11.6245079,-161.5317535,1392.807129,257.7307515,-2.682534218,-15.02194214,2.340454102,54.63193893,-12.13046265,-40.64624023,-0.173761546,-0.973048497,0.151603256,0.789868774,-0.175382274,-0.587663491,1.906463429,0.029102783,-1.892140503,0.231430664,-4.533755493,15.61245117,3.244921875,222,0.158333333,0601040WB08,1.878324182,22.07194353,-35.99137713,102.518845,10.12483633,92.39400869,102.518845,92.39400869,103.400035,102.518845,102.518845,1.906463429,2.033647085,1.878324182,1.595767325,22.07194353,21.5539995,158.3333333,61,16.8,38,I,1,0.025,0.704308085,-0.326061482,0.599568588,-0.173929002,-59.81707354,-36.60389789,1.83806302,4.27496651,-1.979108213,3.639225057,-1.05570371,-363.0740458,-222.1761198,11.15656347,26.58863766,-14.65065646,20.22352176,-5.851624724,-2068.306099,-1603.277195,106.6894852,601,40,70,WB08,Wind_success,8,W,1,Experienced,15,Head-On,TRUE,TRUE,-4.546718165,39.1342816,0.241666667,241.6666667,437.4773561,2.708535272,0.366666667,366.6666667,747.794776,1.166235409,3.89996149,2.006424677,26.8347761,22.56323012,553.0840879,8514.002381,18.52855386
0601040WC01_f234,-58.50115672,116.1140191,-3.593835958,-37.56442261,-300.9394531,1383.038086,130.0683145,-2.942119598,-14.11029053,5.820556641,29.70435381,-10.37649536,-60.95800781,-0.189269302,-0.907728172,0.374441847,0.433010879,-0.151261846,-0.888606455,1.205329843,-0.131229401,-1.073477783,0.532207031,3.096331787,8.117138672,11.83183594,234,0.058333333,0601040WC01,1.947994649,26.64633294,-62.69865371,109.2556227,11.77792332,97.47769938,109.2556227,97.47769938,102.2859692,109.2556227,109.2556227,1.205329843,1.230784945,1.947994649,1.843236804,26.64633294,26.64633294,58.33333333,61,16.8,38,I,1,0.041666667,0.829512693,-0.338342018,0.751136379,-0.097005804,-60.95352138,-31.19116212,-3.748947192,5.034925843,-2.053647865,4.559202048,-0.588799949,-369.9719881,-189.3222245,-22.75513234,26.10609755,-9.933066842,23.36761666,-3.16578465,-1889.351393,-923.4809478,-103.8123807,601,40,81,WC01,Wind_success,1,W,1,Experienced,17,Head-On,TRUE,TRUE,-6.385245615,34.7383837,0.208333333,208.3333333,366.4319197,2.81397074,0.333333333,333.3333333,679.6287576,1.213820537,4.236888651,2.079629836,30.64860755,24.77861888,553.0840879,8514.002381,18.52855386
0601040WC02_f238,-54.68676958,84.84408175,9.978069051,-33.80358505,-332.2330017,1396.589722,101.4333418,-2.563655853,-14.14639282,5.059448242,28.38780499,-7.681213379,-61.15698242,-0.168206874,-0.928174707,0.331961084,0.418326015,-0.113191259,-0.901216447,1.645674285,-0.026256409,-1.593409424,0.410610352,-2.51449585,-6.584765625,-2.835351562,238,0.025,0601040WC02,1.070526826,29.52769273,-64.3184273,105.1406215,10.27184896,94.86877253,105.1406215,94.86877253,104.1965796,105.1406215,105.1406215,1.645674285,1.645674285,1.070526826,1.196700038,29.52769273,28.90241602,25,61,16.8,38,I,1,0.030208333,0.892309127,-0.266247017,0.844902151,-0.107090893,-78.98484553,-26.97030516,-0.451475447,5.416083831,-1.61605,5.128335842,-0.650013806,-479.417426,-163.7027229,-2.740338291,35.40063114,-7.532166548,32.53211067,-2.817467454,-3069.656038,-871.5634962,0.430280856,601,40,82,WC02,Wind_success,2,W,1,Experienced,18,Head-On,TRUE,TRUE,-2.904732955,32.48009417,0.183333333,183.3333333,389.7170618,2.722692741,0.325,325,739.0583262,1.577422486,4.342955217,2.261969999,29.36484198,25.1712829,553.0840879,8514.002381,18.52855386
0601040WC03_f235,-69.9765075,122.4024176,11.28144353,-49.07696152,-294.650177,1397.911987,141.4437499,-2.118396759,-14.80874634,4.025634766,40.91283798,-8.246398926,-55.55163574,-0.136744114,-0.955915784,0.259857771,0.588820373,-0.118682739,-0.799502955,1.551460926,0.006912231,-1.488596191,0.437109375,-6.762030029,14.46635742,2.08125,235,0.05,0601040WC03,1.883371154,25.43367544,-53.08266427,101.3958601,8.140952179,93.25490795,101.3958601,93.25490795,101.6619087,101.3958601,101.3958601,1.551460926,1.664201422,1.883371154,2.001676045,25.43367544,25.43367544,50,61,16.8,38,I,1,0.025,0.685196434,-0.176817887,0.656977638,-0.081301732,-56.12151748,-16.97910446,1.30387949,4.158963769,-1.073238492,3.987683029,-0.493480323,-340.6429837,-103.0587387,7.914208668,32.62041287,-14.86571801,26.69663509,-1.082617132,-2322.849825,-1428.380141,121.7090115,601,40,83,WC03,Wind_success,3,W,1,Experienced,19,Head-On,TRUE,TRUE,-39.77648005,35.06854662,0.2,200,430.636668,2.709757712,0.325,325,747.6859914,1.463782643,4.077872057,2.121518354,29.04162385,26.35987587,553.0840879,8514.002381,18.52855386
0601040WC04_f235,-18.22842187,116.47518,8.094099935,2.648155689,-300.6320801,1394.755249,118.170459,-5.114474773,-14.0826416,4.125610352,39.51285887,-11.1914978,-53.92773438,-0.329111529,-0.906204432,0.265479055,0.582920205,-0.165104484,-0.79557812,1.473940562,-0.062136154,-1.390704346,0.484335938,3.843302536,0.300146484,-2.420507813,235,0.05,0601040WC04,1.609811829,22.07416411,-52.70989464,105.8140767,19.95979709,85.85427961,105.8140767,85.85427961,103.2558239,105.8140767,105.8140767,1.473940562,1.484727482,1.609811829,1.533043956,22.07416411,21.80852381,50,61,16.8,38,I,1,0.028125,0.78465751,-0.246027894,0.713449358,-0.214820148,-87.21501648,-35.2005693,0.036688538,4.762666574,-1.493325191,4.330451655,-1.30390231,-529.3724186,-213.6582811,0.222689862,28.80453913,-10.50791974,24.64849071,-6.413576944,-3046.480695,-1471.88208,30.28614993,601,40,84,WC04,Wind_success,4,W,1,Experienced,20,Head-On,TRUE,TRUE,30.76922488,34.64339071,0.225,225,441.0315958,2.650600156,0.333333333,333.3333333,711.1285609,1.400679321,3.686508884,2.078408826,27.11290895,24.03978191,553.0840879,8514.002381,18.52855386
0601040WC05_f238,-0.223751267,76.39882965,33.83401896,20.57355881,-340.7201843,1420.55481,83.55580217,-7.683129311,-13.21133423,2.65234375,44.77867508,-25.6105957,-46.07543945,-0.4953202,-0.85171555,0.170992753,0.647405867,-0.370275581,-0.666154364,0.895384125,-0.234900055,-0.815588379,0.285219727,-6.274237061,13.57646484,13.03945313,238,0.025,0601040WC05,0.937513549,24.04787353,-41.77094614,119.7668507,30.18039438,89.58645635,119.7668507,89.58645635,103.6997625,119.7668507,119.7668507,0.895384125,0.924838251,0.937513549,1.070621211,24.04787353,24.73695171,25,61,16.8,38,I,1,0.041666667,0.289862221,-0.176879241,0.219660463,-0.066956122,-30.98412293,-26.62901635,-0.555689058,1.759388131,-1.073610889,1.333281758,-0.40640621,-188.0655506,-161.6311887,-3.372887747,13.93496819,-8.669658173,9.904577671,-2.697450831,-1405.649412,-1305.920097,-21.69688187,601,40,85,WC05,Wind_success,5,W,1,Experienced,21,Head-On,TRUE,TRUE,67.99926645,38.6285021,0.241666667,241.6666667,426.3586223,2.59895453,0.4,400,805.6050942,0.839292327,4.159506488,2.01779302,29.89884948,24.13537924,553.0840879,8514.002381,18.52855386
0601040WC06_f236,-73.62413644,107.0023659,25.55971018,-52.69984436,-310.0344849,1412.300903,132.3756721,-1.29529953,-14.85958862,3.020996094,39.03973389,-2.999237061,-57.10681152,-0.085111856,-0.976397458,0.198504345,0.563825823,-0.043316056,-0.824757031,1.422951494,0.070193939,-1.414790039,0.135029297,6.44831543,-5.71640625,5.44921875,236,0.041666667,0601040WC06,1.367486311,26.01616184,-55.56386574,94.39313284,4.981838747,89.4112941,94.39313284,89.4112941,97.23349869,94.39313284,94.39313284,1.422951494,1.41821608,1.367486311,1.6222773,26.01616184,26.07919083,41.66666667,61,16.8,38,I,1,0.023958333,0.548161582,-0.25540928,0.484571969,-0.020909977,-40.67728576,-22.56359531,-1.554971867,3.327197934,-1.55026776,2.941225554,-0.126918109,-246.9005225,-136.9551426,-9.438273949,33.00328941,-18.44771194,25.93936618,-2.868496495,-2178.39396,-1603.728651,-93.64764217,601,40,86,WC06,Wind_success,6,W,1,Experienced,22,Head-On,TRUE,TRUE,-47.64369024,33.05981834,0.216666667,216.6666667,441.7836069,2.476572405,0.416666667,416.6666667,884.9413219,1.392324496,4.066908607,1.621060257,32.11769979,24.98747799,553.0840879,8514.002381,18.52855386
0601040WC07_f221,-58.52974612,271.1996325,9.751988729,-37.64422989,-145.8551788,1396.414795,277.6149728,-2.097816467,-15.32403564,2.428344727,53.374856,-8.04901123,-40.91870117,-0.13399074,-0.978769546,0.155102084,0.787997646,-0.11883127,-0.60410168,2.017148033,0.000718231,-2.016815186,0.036635742,10.1616394,1.870532227,-12.45058594,221,0.166666667,0601040WC07,1.54190089,26.24238138,-37.16422713,98.57567539,7.79517267,90.78050272,98.57567539,90.78050272,98.59607965,98.57567539,98.57567539,2.017148033,2.038191939,1.54190089,1.317163138,26.24238138,25.53106908,166.6666667,61,16.8,38,I,1,0.025,0.621600743,-0.291372751,0.54360763,-0.077331417,-49.48923704,-28.78359591,0.459862376,3.772954498,-1.768556655,3.299556632,-0.469381544,-300.3867701,-174.7089251,2.791244763,39.27132225,-27.79561642,23.22063354,-2.265403764,-2149.648054,-2603.80726,61.64241463,601,40,87,WC07,Wind_success,7,W,1,Experienced,23,Head-On,TRUE,TRUE,-30.65941929,40.82299451,0.266666667,266.6666667,484.0665292,2.655317244,0.4,400,806.6880783,1.169399979,3.865712963,1.802565265,29.32212787,24.42234086,553.0840879,8514.002381,18.52855386
0601040WC08_f237,-66.50092422,94.28543631,25.77546158,-45.69565201,-322.800354,1412.45874,118.2222096,-1.348514557,-14.88851929,3.539306641,36.26550579,-8.118469238,-58.35546875,-0.087778368,-0.969132975,0.230382801,0.524187487,-0.117345668,-0.843479385,1.501234439,0.046838379,-1.47428833,0.279257812,-5.11237793,-3.508154297,9.240820312,237,0.033333333,0601040WC08,0.629683335,32.82575985,-57.50937873,102.6183085,5.175393322,97.44291517,102.6183085,97.44291517,104.4379926,102.6183085,102.6183085,1.501234439,1.501234439,0.629683335,0.81037106,32.82575985,31.47767941,33.33333333,61,16.8,38,I,1,0.01875,0.746892386,-0.18632172,0.720394167,-0.064534472,-65.43910194,-19.57132854,1.61563373,4.533442118,-1.130924277,4.372604831,-0.391707425,-397.1982929,-118.7928632,9.806475648,35.56390593,-17.86538865,26.63654542,-0.799750667,-2469.742165,-1736.085979,36.96822209,601,40,88,WC08,Wind_success,8,W,1,Experienced,24,Head-On,TRUE,TRUE,-30.51079241,40.52087322,0.241666667,241.6666667,503.2675037,2.713743793,0.341666667,341.6666667,748.7320379,1.367018403,4.623860746,1.806323606,31.47767941,26.43116047,553.0840879,8514.002381,18.52855386
0601040WC09_f229,-60.12343587,180.136183,-0.865379588,-39.30882645,-236.9329681,1385.829346,189.9068742,-3.007377625,-14.85812378,3.995849609,51.93030834,-16.1438446,-42.28112793,-0.191831151,-0.94775294,0.254882667,0.753875079,-0.23436106,-0.613797408,1.473290101,-0.127091675,-1.439569702,0.286479492,1.544512939,5.429003906,20.57871094,229,0.1,0601040WC09,0.666132515,23.95885749,-37.86458971,107.2691733,11.44243816,95.82673512,107.2691733,95.82673512,102.2239254,107.2691733,107.2691733,1.473290101,1.495819904,0.666132515,0.439866701,23.95885749,,100,61,16.8,38,I,1,0.028125,0.572226294,-0.249273331,0.507807228,-0.086241272,-40.46573952,-23.38182831,-1.092222575,3.473264459,-1.51302415,3.082257519,-0.523462043,-245.616492,-141.9216036,-6.629506355,37.30980201,-23.78395824,23.90293742,-2.613125864,-1910.690535,-2082.692398,-75.55132131,601,40,89,WC09,Wind_success,9,W,1,Experienced,25,Head-On,TRUE,TRUE,-28.45860994,38.51781832,0.25,250,463.0842911,2.578758194,0.375,375,751.9536723,1.321544049,4.104066186,1.884604767,29.55800721,24.89656564,553.0840879,8514.002381,18.52855386
0601040WC10_f233,11.65479547,66.18458732,55.85688785,32.37961197,-350.9560242,1442.551758,87.38550095,-10.56772041,-10.70495605,-2.936401367,49.69828415,-26.45513916,-38.84741211,-0.689515758,-0.69847002,-0.191592409,0.726555517,-0.386756357,-0.567923059,0.888796581,-0.339331055,-0.814837646,-0.104179687,4.331524658,14.95634766,7.9171875,233,0.066666667,0601040WC10,1.915067193,27.3206029,-34.605521,118.0270398,44.63037496,73.39666486,118.0270398,73.39666486,95.41823774,118.0270398,118.0270398,0.888796581,1.025919011,1.915067193,1.878439167,27.3206029,27.657632,66.66666667,61,16.8,38,I,1,0.066666667,0.203169289,-0.183210532,0.061017633,-0.063154647,-9.24623542,-24.00186635,0.324835217,1.233184631,-1.112040177,0.370361129,-0.383332249,-56.12223909,-145.685073,1.971665105,21.53123246,-19.2005611,7.158611865,-4.394004068,-1057.007866,-2678.754015,58.50515952,601,40,90,WC10,Wind_success,10,W,1,Experienced,26,Head-On,TRUE,TRUE,110.4118853,31.55122552,0.25,250,366.0880835,2.026046544,0.241666667,241.6666667,349.5341955,0.573221745,3.271578256,1.374582475,29.88629781,24.01874867,553.0840879,8514.002381,18.52855386
0601040WC11_f237,-39.97996386,93.16105429,7.030606333,-19.09785461,-323.8759155,1393.696899,101.6209081,-2.18744278,-14.62548828,5.063964844,34.58593273,-7.593994141,-57.99975586,-0.139941056,-0.935661627,0.323965771,0.508956488,-0.111751001,-0.853507473,1.534704861,0.035265198,-1.407099609,0.611674805,-7.682821655,4.673144531,10.98105469,237,0.033333333,0601040WC11,0.66169604,26.73498945,-58.59523596,102.3838548,8.506318424,93.87753638,102.3838548,93.87753638,103.8195201,102.3838548,102.3838548,1.534704861,1.539957723,0.66169604,0.686877349,26.73498945,27.01363304,33.33333333,61,16.8,38,I,1,0.027083333,0.762795543,-0.177012146,0.735259655,-0.099584037,-82.20725598,-23.87747923,0.064270316,4.629970132,-1.07441759,4.462834468,-0.604449151,-498.9766176,-144.9300755,0.390104064,32.37176566,-8.708691344,28.91521087,-1.855071078,-3290.807838,-1183.316131,4.253986523,601,40,91,WC11,Wind_success,11,W,1,Experienced,27,Head-On,TRUE,TRUE,3.430122432,33.12253427,0.216666667,216.6666667,430.1542506,2.666036182,0.4,400,880.669222,1.391679396,4.433551887,2.043061267,28.26702016,24.3030949,553.0840879,8514.002381,18.52855386
0602040PA01_f238,-36.58093084,76.50160447,48.143724,-21.92744064,-332.5597534,1437.275391,97.51142573,-9.162097931,-13.15335083,0.552368164,37.42879486,7.676605225,-50.98742676,-0.571227328,-0.820069105,0.034438378,0.587443659,0.120484057,-0.800245924,1.680019014,-0.343195953,-1.640526123,0.115561523,-0.045071411,10.36845703,7.16484375,238,0.025,0602040PA01,2.087668236,24.17503759,-53.15359282,78.40943502,34.85952576,43.54990926,78.40943502,43.54990926,66.59363422,78.40943502,78.40943502,1.680019014,1.761514267,2.087668236,2.224019518,24.17503759,24.08142636,25,62,17.6,39,I,2,0.023958333,0.487655634,-0.130170858,0.440809454,-0.162943518,-45.36394209,-14.84629374,2.598141413,2.825399749,-0.754189397,2.55398038,-0.94406902,-262.8315184,-86.01708197,15.05322115,45.08711362,-10.03729896,40.87953265,-1.927341487,-4149.761036,-1257.363196,371.5501046,602,40,41,PA01,Wind_Near-miss,1,P,1,Experienced,1,Pivot,TRUE,FALSE,54.14938817,13.82751964,0.1,100,214.1223689,2.45834311,0.341666667,341.6666667,719.2454513,1.644992939,2.402332231,1.426047294,30.7605949,24.26393887,582.576799,8795.438095,18.76729798
0602040UB01_f145,-59.33909714,33.36640177,31.52506068,-44.71965027,-375.762085,1420.772461,75.02182794,5.217830658,-14.31411743,-2.221557617,2.672187805,-55.87509155,-7.611450195,0.338895178,-0.929693909,-0.144288923,0.047333551,-0.989738263,-0.134824719,0.406621124,-0.39641922,-0.089985352,0.009755859,10.75325317,0.610400391,-2.851171875,145,0.8,0602040UB01,0.029215705,,-7.748484344,177.261955,-20.02798124,197.2899362,177.261955,197.2899362,100.0511125,177.261955,177.261955,0.406621124,0.482473026,0.029215705,,,,800,62,17.6,39,I,2,0.209375,3.93548125,0.761963452,3.563593529,-1.486009935,-306.3717085,53.90259912,4.832754072,22.80155703,4.414695941,20.64689828,-8.609706953,-1775.069309,312.3031491,28.00021409,7.067184123,-2.516869339,5.365176875,-3.273120246,-743.4261911,-201.6515264,22.20846938,602,40,58,UB01,Wind_Uturn,1,U,1,Experienced,11,U-Turn,TRUE,FALSE,-56.63774497,57.76321068,2,2000,205.2266568,1.9029689,1.958333333,1958.333333,119.8239994,0.140400398,,,,,582.576799,8795.438095,18.76729798
0602040WA01_f236,-62.92400297,93.17638147,39.65936802,-48.41743469,-315.9179077,1428.771606,119.2230418,-4.197929382,-14.85809326,0.646362305,38.92237949,7.921905518,-50.83215332,-0.271653271,-0.961485834,0.041826915,0.603348697,0.122800081,-0.787966046,1.269711194,0.02611084,-1.266654053,-0.08409668,3.375384521,-0.079541016,-2.248242188,236,0.041666667,0602040WA01,1.793562166,25.57842555,-51.99583954,78.49567758,15.77683595,62.71884164,78.49567758,62.71884164,79.67660703,78.49567758,78.49567758,1.269711194,1.269711194,1.793562166,,25.57842555,,41.66666667,62,17.6,39,I,2,0.030208333,0.462530672,-0.247220489,0.390844837,0.007547525,-35.85338776,-24.79797821,-0.900656432,2.679829687,-1.432356481,2.264493281,0.043729169,-207.7288681,-143.6755706,-5.218261172,35.60703704,-23.21613481,22.81072496,-0.537534102,-2121.244747,-2172.780034,-34.72286483,602,40,43,WA01,Wind_success,1,W,1,Experienced,2,Head-On,TRUE,TRUE,-91.36536405,21.40693125,0.125,125,234.8974274,2.2498161,0.4,400,806.7981967,1.271604801,2.859771582,1.507147162,30.26730655,25.55466768,582.576799,8795.438095,18.76729798
0602040WA02_f233,-65.28381591,149.0103344,31.14486809,-50.66240692,-260.0565796,1420.30896,165.6383385,-5.453456879,-14.72177124,1.087280273,50.22572812,-2.771453857,-36.67492676,-0.346537436,-0.935488256,0.06909073,0.806808559,-0.044519667,-0.589133218,1.701841277,0.061179199,-1.700148926,-0.044882812,-5.19208374,2.969604492,-1.107421875,233,0.066666667,0602040WA02,1.184001568,27.89568281,-36.09552279,93.15837606,20.3263847,72.83199137,93.15837606,72.83199137,95.21925322,93.15837606,93.15837606,1.701841277,1.728422763,1.184001568,0.97472682,27.89568281,29.24100021,66.66666667,62,17.6,39,I,2,0.041666667,0.756008062,-0.346304388,0.665107502,0.096194967,-68.15481637,-38.86771366,-0.359061496,4.380191355,-2.00643295,3.853527861,0.557338451,-394.8782457,-225.1933965,-2.080345619,33.90689796,-12.60720123,28.9343455,1.459579817,-2905.60936,-1393.640511,25.20153199,602,40,44,WA02,Wind_success,2,W,1,Experienced,3,Head-On,TRUE,TRUE,-83.38324998,22.5951683,0.158333333,158.3333333,325.7666722,2.259743465,0.483333333,483.3333333,1014.46376,1.478938811,2.498866858,1.371317961,30.72073225,24.66253622,582.576799,8795.438095,18.76729798
0602040WA03_f222,-31.29270309,207.7453744,36.21249237,-16.6702137,-201.2813873,1425.317505,213.1870504,-9.201087952,-13.2525177,0.096069336,52.79621315,-12.20184326,-28.24853516,-0.570299999,-0.82141491,0.00595455,0.863968463,-0.199673559,-0.462265038,1.365725028,-0.122515411,-1.359470215,-0.045117187,11.76803284,1.915136719,-11.02675781,222,0.158333333,0602040WA03,2.538059568,24.56694815,-27.53336313,103.0132666,34.77185348,68.24141314,103.0132666,68.24141314,97.86368374,103.0132666,103.0132666,1.365725028,1.393790179,2.538059568,2.493071625,24.56694815,24.6765762,158.3333333,62,17.6,39,I,2,0.071875,0.430066444,-0.369812985,0.208660626,-0.068236685,-15.56362676,-27.2636538,-2.544732086,2.491737076,-2.14263805,1.208946723,-0.395352582,-90.17319627,-157.9613057,-14.74377594,30.93251621,-25.35585796,15.25850681,-5.468839378,-1136.882606,-1976.463401,-143.6567879,602,40,45,WA03,Wind_success,3,W,1,Experienced,4,Head-On,TRUE,TRUE,-21.32404645,37.46921593,0.266666667,266.6666667,373.0675915,2.515045077,0.516666667,516.6666667,907.5792033,0.810414364,2.493071625,1.378191986,32.10116759,24.53954029,582.576799,8795.438095,18.76729798
0602040WA04_f228,-49.22930874,156.5777108,39.25894572,-34.59478378,-252.4283142,1428.364868,168.7642414,-8.348735809,-13.31951904,0.67175293,50.84914017,-3.030792236,-36.40161133,-0.530613782,-0.846537791,0.042694052,0.81216866,-0.048408183,-0.58141097,1.411152733,-0.305896912,-1.377572021,-0.00862793,-7.712896729,9.700927734,1.01953125,228,0.108333333,0602040WA04,1.576919409,26.95374388,-35.54984404,93.41099973,32.07967508,61.33132465,93.41099973,61.33132465,80.89131639,93.41099973,93.41099973,1.411152733,1.47839221,1.576919409,1.597537911,26.95374388,26.98494333,108.3333333,62,17.6,39,I,2,0.028125,0.375033238,-0.198091094,0.314735427,-0.048491841,-23.7540775,-16.70909284,0.145910445,2.172883368,-1.147708526,1.823527373,-0.280954068,-137.6273747,-96.8098459,0.845382084,30.51695844,-22.35417179,17.76740837,-4.45650315,-1304.171749,-1704.33492,-7.061986175,602,40,46,WA04,Wind_success,4,W,1,Experienced,5,Head-On,TRUE,TRUE,-6.497803906,35.46370722,0.25,250,385.8300215,2.562764544,0.458333333,458.3333333,840.2239703,0.985942708,2.880012436,1.537901789,28.50169235,25.4577828,582.576799,8795.438095,18.76729798
0602040WA05_f214,-79.65239727,212.6516925,63.1655098,-65.02269745,-196.3718414,1452.310303,235.7013542,-6.671867371,-14.646698,-0.772216797,54.60537529,-12.76698303,-21.48608398,-0.414061677,-0.908986346,-0.047924421,0.909282368,-0.212594319,-0.357783775,1.341070118,0.172898254,-1.324528198,-0.119165039,-4.015942383,-0.141723633,11.21132813,214,0.225,0602040WA05,0.983228276,34.45208321,-20.96415232,103.1596222,24.49022527,78.6693969,103.1596222,78.6693969,110.5967171,103.1596222,103.1596222,1.341070118,1.356108291,0.983228276,1.184294802,,,225,62,17.6,39,I,2,0.072916667,0.422061588,-0.393516664,0.15257076,-0.001667976,-12.04244686,-29.20908354,-1.873293319,2.445358205,-2.279973424,0.883970896,-0.009663989,-69.77203584,-169.2328185,-10.85356573,32.37195738,-27.20812847,14.66653255,-0.877591924,-1054.168569,-2110.919233,-119.4214471,602,40,47,WA05,Wind_success,5,W,1,Experienced,6,Head-On,TRUE,TRUE,-96.57596218,35.69620744,0.366666667,366.6666667,444.5525214,2.063610998,0.683333333,683.3333333,1016.799357,0.776995256,2.811659205,1.677486246,32.92791793,25.63639919,582.576799,8795.438095,18.76729798
0602040WA06_f234,-16.51171132,88.83590322,33.74167623,-1.891064286,-320.2001953,1422.910522,96.45182749,-8.362717986,-12.92349243,0.412353516,50.99736083,-11.56253052,-36.98449707,-0.543077439,-0.839255512,0.026778362,0.796224004,-0.18052629,-0.577440555,0.83625072,-0.155367894,-0.789411621,-0.228046875,4.713256645,4.458691406,-0.346289063,234,0.058333333,0602040WA06,1.372332518,,-35.27072553,102.7745859,32.90667473,69.86791116,102.7745859,69.86791116,91.64023949,102.7745859,102.7745859,0.83625072,0.878520269,1.372332518,1.51854746,,,58.33333333,62,17.6,39,I,2,0.044791667,0.463717077,-0.357159304,0.295523059,-0.011699583,-37.29969742,-45.64688663,-1.609597544,2.68670353,-2.069324621,1.712213945,-0.067785539,-216.1085579,-264.4708543,-9.325754046,22.09596518,-16.66792479,13.60991656,-1.05074265,-1680.604989,-2134.852522,-82.77890556,602,40,48,WA06,Wind_success,6,W,1,Experienced,7,Head-On,TRUE,TRUE,-2.273276788,33.8903462,0.258333333,258.3333333,381.3370308,2.636648279,0.483333333,483.3333333,877.2910179,0.989445746,2.158989581,1.347784885,27.88026276,26.09093949,582.576799,8795.438095,18.76729798
0602040WA07_f228,-62.78278029,146.3484804,39.60521037,-48.03930283,-262.6429138,1428.758301,164.0979217,-6.939334869,-14.29217529,0.862548828,52.22241879,-6.163879395,-30.29833984,-0.436130368,-0.898249153,0.054210345,0.860491262,-0.101564893,-0.499238781,1.272305853,0.044334412,-1.271026611,-0.035888672,22.22715454,13.2543457,-12.88476562,228,0.108333333,0602040WA07,0.983379412,29.79454579,-29.94965092,96.73155005,25.89814253,70.83340753,96.73155005,70.83340753,98.72926215,96.73155005,96.73155005,1.272305853,1.365889977,0.983379412,0.898033147,29.79454579,,108.3333333,62,17.6,39,I,2,0.061458333,0.621353655,-0.507678342,0.341202849,-0.10919561,-26.18259213,-40.8051858,-4.123744527,3.600024978,-2.941408162,1.976875439,-0.632662127,-151.697805,-236.4188042,-23.89232473,29.60717225,-24.03789362,15.94566643,-4.66688723,-1208.579506,-1964.390921,-186.9647136,602,40,49,WA07,Wind_success,7,W,1,Experienced,8,Head-On,TRUE,TRUE,-53.93614398,35.42111483,0.25,250,379.0736196,2.465262854,0.491666667,491.6666667,884.6413232,0.812195674,2.539227411,1.274164476,30.3221314,26.54399834,582.576799,8795.438095,18.76729798
0602040WA08_f238,-67.37063115,56.53461507,49.83578847,-52.65764999,-352.4677124,1438.995605,101.086945,-6.579845428,-13.68460083,-2.565307617,45.98064899,0.296844482,-46.84814453,-0.427277582,-0.888641415,-0.166584223,0.700461041,0.004522076,-0.713676314,1.021079326,0.01057251,-1.001330566,-0.199570313,2.973834229,6.556201172,-3.752929688,238,0.025,0602040WA08,2.420690245,24.75514834,-45.53482305,89.63011179,25.67923162,63.95088017,89.63011179,63.95088017,90.23504457,89.63011179,89.63011179,1.021079326,1.069387075,2.420690245,2.000210738,24.75514834,25.59900032,25,62,17.6,39,I,2,0.017708333,0.62307846,-0.342459074,0.517057159,-0.060003699,-44.9064589,-33.5769344,0.101368272,3.610018223,-1.984153805,2.995747547,-0.347651958,-260.180933,-194.5394568,0.587311767,24.57482393,-16.22041222,16.93081882,-0.684806275,-1493.368639,-1602.064177,-0.780763274,602,40,50,WA08,Wind_success,8,W,1,Experienced,9,Head-On,TRUE,TRUE,-62.20019404,29.20945586,0.208333333,208.3333333,338.6304001,2.272908885,0.516666667,516.6666667,952.7600385,1.020739387,3.369775555,1.519667161,32.00737983,23.65344189,582.576799,8795.438095,18.76729798
0602040WA09_f233,-31.71533145,116.1999988,26.11387318,-16.99884033,-292.8486938,1415.30603,123.2486768,-8.79990387,-12.771698,0.758300781,51.79429245,-15.27856445,-29.24169922,-0.566699288,-0.822476276,0.048833319,0.843421003,-0.248796953,-0.47617338,1.484085649,-0.061272354,-1.48279541,0.008583984,6.934584045,-1.148291016,-6.590039063,233,0.066666667,0602040WA09,0.692792651,44.91166521,-28.43577619,106.4352941,34.56746217,71.86783196,106.4352941,71.86783196,104.0690532,106.4352941,106.4352941,1.484085649,1.484085649,0.692792651,1.121792407,,,66.66666667,62,17.6,39,I,2,0.016666667,0.585869462,-0.202843743,0.546197398,-0.061366487,-61.91715637,-28.16243356,0.39595771,3.394435167,-1.17524462,3.164581487,-0.355547739,-358.7382285,-163.1686938,2.294116456,31.26879098,-14.97845384,25.6827143,-5.053613819,-2739.677502,-1790.109917,223.9989108,602,40,51,WA09,Wind_success,9,W,1,Experienced,10,Head-On,TRUE,TRUE,-28.05348339,32.22142549,0.208333333,208.3333333,361.6847042,2.598729984,0.4,400,798.0741899,1.355494958,3.31685005,1.479882596,31.07251691,25.13645686,582.576799,8795.438095,18.76729798
0602040WB01_f223,-24.17632044,182.9172913,37.20791194,-9.579342842,-226.139801,1426.348022,188.2223648,-8.088770866,-13.00689697,-0.677856445,53.51337528,-18.58061218,-21.8104248,-0.527577948,-0.848355346,-0.04421217,0.881589238,-0.30610044,-0.35930897,1.366732616,0.003685684,-1.348861084,-0.220268555,8.845614624,5.315625,-6.633984375,223,0.15,0602040WB01,1.675505112,26.60627102,-21.05776361,109.1477353,31.87678707,77.27094822,109.1477353,77.27094822,109.3042923,109.1477353,109.1477353,1.366732616,1.386235265,1.675505112,1.91387673,26.60627102,25.76977352,150,62,17.6,39,I,2,0.041666667,0.39349299,-0.369974678,0.127822296,-0.040211086,-15.18679148,-43.91023587,-3.214036931,2.279836258,-2.143574872,0.740582201,-0.232976682,-87.98987212,-254.408974,-18.62162255,30.53133666,-23.78675464,15.01079898,-2.682469649,-1743.183865,-2785.325144,-82.36414266,602,40,60,WB01,Wind_success,1,W,1,Experienced,12,Head-On,TRUE,TRUE,-24.89425919,43.97940238,0.258333333,258.3333333,354.9109778,2.53753247,0.483333333,483.3333333,843.701524,0.842408221,2.942056324,1.568336225,31.24419499,25.45673121,582.576799,8795.438095,18.76729798
0602040WB02_f230,-36.77702787,149.9206697,8.463055166,-22.16068649,-259.1098328,1397.746094,154.5974782,-3.644817352,-14.91784668,3.530395508,56.71193695,-15.32611084,-23.73254395,-0.231310681,-0.94672982,0.224049139,0.895088418,-0.241893066,-0.37457238,1.433926879,-0.044982605,-1.426018066,0.143510742,18.86039429,10.86657715,-4.6265625,230,0.091666667,0602040WB02,1.903762935,25.55098728,-21.99788581,105.1226518,13.72986276,91.39278905,105.1226518,91.39278905,103.3159011,105.1226518,105.1226518,1.433926879,1.540781219,1.903762935,1.836983933,25.55098728,25.56008413,91.66666667,62,17.6,39,I,2,0.047916667,0.519432346,-0.423672004,0.299983649,-0.017938929,-29.89998594,-44.3530675,-2.813598815,3.009509002,-2.454688699,1.738057903,-0.103935324,-173.2357979,-256.9746706,-16.30154732,26.90963813,-18.00895388,17.41483815,-4.158588559,-1727.321109,-1839.702255,-80.82384827,602,40,65,WB02,Wind_success,2,W,1,Experienced,13,Head-On,TRUE,TRUE,-11.84810285,38.08746531,0.225,225,381.410694,2.369327164,0.466666667,466.6666667,894.727865,1.008931038,3.269480918,1.470588878,31.04670184,26.6259078,582.576799,8795.438095,18.76729798
0602040WB03_f233,5.722742518,105.3951248,27.06615982,20.33847618,-303.6551514,1416.324097,108.9654033,-7.006780624,-13.70254517,1.17175293,54.1450367,-21.26641846,-27.43334961,-0.453964999,-0.887779458,0.07591715,0.841860904,-0.330655723,-0.426540749,1.183682622,-0.37335022,-1.123260498,0.000131836,21.3046051,-7.597265625,19.11972656,233,0.066666667,0602040WB03,1.835144205,24.35617298,-25.24822684,111.4432939,27.08287899,84.36041487,111.4432939,84.36041487,93.05747774,111.4432939,111.4432939,1.183682622,1.205120963,1.835144205,1.835144205,24.35617298,23.856884,66.66666667,62,17.6,39,I,2,0.077083333,0.407329243,-0.321341548,0.189169535,-0.163925619,-19.0519356,-34.61882832,-2.048269471,2.360001326,-1.861802197,1.096018422,-0.949759156,-110.3839069,-200.5760256,-11.86734993,14.78047414,-8.386695996,9.990400745,-3.7387969,-1137.944776,-1035.060825,-23.77414375,602,40,67,WB03,Wind_success,3,W,1,Experienced,14,Head-On,TRUE,TRUE,116.7218261,31.63419981,0.183333333,183.3333333,277.0734171,2.424742763,0.466666667,466.6666667,841.7914523,1.02943563,3.034563353,1.268274086,28.01313123,24.38470381,582.576799,8795.438095,18.76729798
0602040WB04_f219,-58.18306153,204.3147214,49.5581248,-43.49543762,-204.6882935,1438.765869,218.1416552,-1.995601654,-15.49700928,0.694580078,58.93058777,-19.69754028,-7.415527344,-0.127592737,-0.990831925,0.04440935,0.941739248,-0.314776205,-0.118503708,1.071811363,0.180898132,-0.986499023,-0.377988281,28.89349365,-2.605737305,11.7,219,0.183333333,0602040WB04,1.053229656,28.11695708,-6.805755165,108.4821972,7.337786949,101.1444103,108.4821972,101.1444103,118.8733015,108.4821972,108.4821972,1.071811363,1.071811363,1.053229656,,28.11695708,,183.3333333,62,17.6,39,I,2,0.020833333,0.473540469,-0.218272667,0.419178137,-0.029787725,-29.87530605,-16.76604404,2.179014206,2.743618717,-1.264637372,2.428651945,-0.172585378,-173.0928065,-97.13981216,12.62486429,36.54876459,-27.00117578,19.4770641,-3.762055882,-1370.500273,-1827.889509,158.2680404,602,40,68,WB04,Wind_success,4,W,1,Experienced,15,Head-On,TRUE,TRUE,-67.49221347,46.98849385,0.316666667,316.6666667,413.2116497,2.382594385,0.575,575,944.3024323,1.0496545,2.800947534,1.700161992,30.96890581,25.49577012,582.576799,8795.438095,18.76729798
0602040WB05_f215,-57.16365975,281.840086,51.65413971,-42.44356155,-127.1428604,1440.82666,292.1808828,-1.286125183,-15.3610611,-0.119506836,58.71960831,1.291648865,-29.76501465,-0.083431886,-0.996483326,-0.007752496,0.891779946,0.019616387,-0.452043941,1.475158425,-0.16579422,-1.464394226,-0.064453125,-6.399371338,5.718493652,10.45898437,215,0.216666667,0602040WB05,0.718583043,,-26.87489691,88.73987416,4.786002399,83.95387176,88.73987416,83.95387176,82.28052693,88.73987416,88.73987416,1.475158425,1.523786339,0.718583043,0.659821708,,,216.6666667,62,17.6,39,I,2,0.055208333,0.411023861,-0.333815022,0.22012978,-0.095136879,-15.1191577,-24.76412521,-1.259128919,2.38140736,-1.934071534,1.27539719,-0.551208059,-87.59801266,-143.4794317,-7.295194162,27.33296084,-21.44968874,15.69920989,-3.282244918,-1198.488281,-1683.819568,-59.10262018,602,40,69,WB05,Wind_success,5,W,1,Experienced,16,Head-On,TRUE,TRUE,-56.90683718,34.77589994,0.291666667,291.6666667,410.5566514,2.394947938,0.533333333,533.3333333,887.9345911,0.934792248,2.193423756,1.194399007,27.63902165,24.18340693,582.576799,8795.438095,18.76729798
0602040WB06_f221,-21.76956202,195.1970315,40.31883825,-7.060158253,-213.7909241,1429.544067,200.5028769,-3.747954845,-15.16879272,1.01965332,59.59501314,-14.5997467,-14.30615234,-0.239360564,-0.968744536,0.065119459,0.94590681,-0.231730796,-0.227070794,1.233399508,-0.135474644,-1.218132935,-0.138105469,19.35009613,-2.451708984,4.426171875,221,0.166666667,0602040WB06,1.851152478,25.88775385,-13.12467821,103.7653651,13.87884967,89.88651545,103.7653651,89.88651545,97.41929413,103.7653651,103.7653651,1.233399508,1.246257484,1.851152478,1.770567282,25.88775385,26.63547663,166.6666667,62,17.6,39,I,2,0.01875,0.43678993,-0.222676914,0.362215662,-0.100001246,-28.11312732,-18.42394621,2.099019239,2.530691894,-1.290154881,2.09862036,-0.579391428,-162.8830212,-106.7454356,12.16138607,53.05505373,-45.12493896,19.56382524,-5.076713951,-1555.291596,-3492.300445,193.719806,602,40,70,WB06,Wind_success,6,W,1,Experienced,17,Head-On,TRUE,TRUE,-34.6138226,46.54612451,0.308333333,308.3333333,412.6885899,2.607155139,0.508333333,508.3333333,855.7180956,0.860956103,3.465224511,1.556954803,28.14598257,23.02884968,582.576799,8795.438095,18.76729798
0602040WB07_f232,-50.86092923,122.1784344,47.94799042,-36.29386139,-286.8472595,1437.197144,140.7601284,-2.288131714,-15.40164185,-1.184936523,57.90138435,-5.621582031,-33.07067871,-0.146527611,-0.986291904,-0.075881085,0.865275786,-0.084008679,-0.494206794,1.186218257,-0.032799225,-1.182583008,-0.086806641,11.13134766,4.862548828,-6.1875,232,0.075,0602040WB07,2.592638618,24.98605284,-29.61745903,95.54540397,8.450290448,87.09511352,95.54540397,87.09511352,93.956699,95.54540397,95.54540397,1.186218257,1.230037227,2.592638618,2.516397857,24.98605284,23.91199172,75,62,17.6,39,I,2,0.030208333,0.440890749,-0.253885969,0.359974069,-0.018580553,-36.32772274,-26.35092653,0.573736654,2.554451391,-1.470975221,2.085632922,-0.10765279,-210.4770901,-152.673108,3.32413959,32.06427351,-23.55984559,19.71778058,-3.895825558,-1947.750222,-2352.451053,81.58675059,602,40,71,WB07,Wind_success,7,W,1,Experienced,18,Head-On,TRUE,TRUE,-18.10876327,47.18999124,0.316666667,316.6666667,491.5322804,2.415170086,0.516666667,516.6666667,899.3402032,1.00778751,2.565010117,1.34020209,29.52389335,24.24531809,582.576799,8795.438095,18.76729798
0602040WB08_f223,-49.33762291,208.7776588,61.59883957,-34.6770134,-200.207077,1450.773926,223.1966148,-3.290931702,-14.95901489,-0.043334961,60.02420044,-10.60519409,-19.30212402,-0.214857711,-0.976641264,-0.002829245,0.938801484,-0.165869297,-0.301892612,1.379551517,-0.030701752,-1.374451904,-0.114462891,24.09252319,-1.200146484,13.44199219,223,0.15,0602040WB08,0.718170841,31.61570331,-17.57131333,100.019725,12.40723011,87.61249488,100.019725,87.61249488,98.74009613,100.019725,100.019725,1.379551517,1.402354547,0.718170841,0.931056272,31.61570331,28.55188989,150,62,17.6,39,I,2,0.023958333,0.387719849,-0.244999846,0.295747647,-0.053245528,-23.41932666,-20.67505528,-0.220919104,2.246387594,-1.419490429,1.713515173,-0.308496183,-135.6878812,-119.7880061,-1.279970411,36.14040366,-29.57932286,16.57520614,-5.016445903,-1284.659191,-2357.821313,-105.8208139,602,40,72,WB08,Wind_success,8,W,1,Experienced,19,Head-On,TRUE,TRUE,-29.04558812,48.5320109,0.316666667,316.6666667,457.0399175,2.343465979,0.575,575,954.5773002,1.031840581,3.101891828,1.549769529,28.55188989,24.50724613,582.576799,8795.438095,18.76729798
0602040WB09_f233,-21.50846273,110.6040914,36.31287104,-6.944010258,-298.4362793,1425.547485,118.3828687,-3.83536768,-14.9765625,0.282348633,56.47347116,-23.65591431,-21.50793457,-0.248044071,-0.968576637,0.018260284,0.870219558,-0.364522295,-0.33142332,1.052059248,-0.170748653,-1.029759521,-0.131411133,23.51903,6.345263672,-14.61269531,233,0.066666667,0602040WB09,0.789295133,24.12800027,-19.35518802,112.7280998,14.36424695,98.36385285,112.7280998,98.36385285,103.3133121,112.7280998,112.7280998,1.052059248,1.143107088,0.789295133,0.608874452,24.12800027,26.10309968,66.66666667,62,17.6,39,I,2,0.098958333,0.268444415,-0.25731673,0.072805812,-0.023448208,-7.447070097,-29.86999974,-1.869776613,1.55532456,-1.490852507,0.42182538,-0.135855216,-43.14714839,-173.0620626,-10.8331905,29.65236157,-23.00276099,14.33932807,-3.003077558,-1710.937508,-2740.213213,-79.78731872,602,40,73,WB09,Wind_success,9,W,1,Experienced,20,Head-On,TRUE,TRUE,-17.71501547,48.64974626,0.275,275,418.5138167,2.491081238,0.5,500,888.0683218,0.931115268,2.609085287,1.203713458,31.08222225,25.19050094,582.576799,8795.438095,18.76729798
0602040WC01_f225,-42.64826279,207.3672958,15.32934316,-27.81863594,-201.5806732,1404.56604,212.2617687,-0.511383057,-15.46516418,0.595825195,61.05640221,-9.799346924,-24.22241211,-0.033024235,-0.998713619,0.038477363,0.919349335,-0.147552472,-0.364726018,1.573441213,-0.072935715,-1.566119385,-0.132919922,20.8796814,13.08911133,-25.84511719,225,0.133333333,0602040WC01,1.984804921,24.47353385,-21.39072237,99.11801943,1.893896404,97.22412303,99.11801943,97.22412303,96.45162538,99.11801943,99.11801943,1.573441213,1.695303593,1.984804921,2.039174846,24.47353385,24.39386033,133.3333333,62,17.6,39,I,2,0.023958333,0.606575727,-0.371297669,0.461030548,-0.132374421,-45.51095009,-37.84301528,0.413427297,3.514403995,-2.151240072,2.671138207,-0.766956498,-263.6832595,-219.2564558,2.395332485,47.67452408,-33.83565746,26.07311791,-6.322212705,-2572.606903,-3147.305838,400.5015082,602,40,91,WC01,Wind_success,1,W,1,Experienced,21,Head-On,TRUE,TRUE,-26.15963541,37.28448468,0.216666667,216.6666667,355.1108439,2.445097164,0.4,400,757.3350187,1.068884193,2.039174846,1.354375457,31.69323935,25.86106958,582.576799,8795.438095,18.76729798
0602040WC02_f212,-40.32339098,271.2896833,72.39858042,-25.45874977,-137.6625061,1461.648682,283.6646304,-3.394281387,-14.98959351,-2.177124023,58.74448967,-8.787277222,-30.61132813,-0.218668055,-0.965666923,-0.140255749,0.879118502,-0.131502683,-0.458102285,1.211590624,-0.058381577,-1.168330078,-0.315512695,-2.408944702,-6.274511719,5.4140625,212,0.241666667,0602040WC02,1.469097295,22.46228291,-27.26471904,98.5074932,12.75902712,85.74846608,98.5074932,85.74846608,95.64679657,98.5074932,98.5074932,1.211590624,1.196655613,1.469097295,1.087509261,22.46228291,21.52493254,241.6666667,62,17.6,39,I,2,0.023958333,0.28287141,-0.153673944,0.237176518,0.012159479,-20.759005,-13.69889895,1.804407955,1.63891229,-0.89036257,1.374163298,0.0704501,-120.2743975,-79.36925772,10.45445481,18.2171282,-13.27017651,10.59251308,-2.015796706,-848.6523312,-1104.236134,79.5844137,602,40,92,WC02,Wind_success,2,W,1,Experienced,22,Head-On,TRUE,TRUE,-26.16667351,54.5190665,0.441666667,441.6666667,527.8934778,2.24165182,0.666666667,666.6666667,947.8281696,0.804339957,2.523123481,1.249756827,26.52275616,22.62375406,582.576799,8795.438095,18.76729798
0602040WC03_f219,-26.63496227,201.297066,61.11737645,-11.78818321,-207.6452484,1450.4375,212.0501443,-6.165643692,-14.20896912,-2.437988281,60.65924644,-11.02018738,-21.2010498,-0.393223988,-0.906200192,-0.155486681,0.930418568,-0.169032547,-0.325191155,1.199985483,-0.113342171,-1.19460022,0.007001953,0.151693726,-6.704077148,23.2171875,219,0.183333333,0602040WC03,0.367202517,27.75821206,-18.97715643,100.2968308,23.45728424,76.83954657,100.2968308,76.83954657,94.8769036,100.2968308,100.2968308,1.199985483,1.194435797,0.367202517,0.354950267,27.75821206,27.75821206,183.3333333,62,17.6,39,I,2,0.063541667,0.361063542,-0.351888047,0.068589253,-0.042862554,-5.664104627,-33.17286057,-3.063953486,2.091945159,-2.038783787,0.397395302,-0.248338868,-32.81692796,-192.1983168,-17.75206276,22.56573888,-18.84104103,9.318096804,-1.406218149,-878.8820977,-1834.080725,-92.55302604,602,40,93,WC03,Wind_success,3,W,1,Experienced,23,Head-On,TRUE,TRUE,-24.16338184,51.52070113,0.341666667,341.6666667,423.4970543,2.381525858,0.633333333,633.3333333,990.6231209,0.721968586,2.227271134,0.893985745,28.24239455,23.41919607,582.576799,8795.438095,18.76729798
0602040WC04_f213,-51.97241365,258.2073701,73.53689658,-37.21100235,-150.8022003,1462.827759,273.4590516,-2.129405975,-15.18458557,-2.151367188,55.89638901,-17.01312256,-30.62036133,-0.137528688,-0.980703612,-0.138947063,0.847356756,-0.257909045,-0.464186873,1.341513025,0.159186859,-1.300488281,-0.288178711,23.53381348,13.88078613,-35.08417969,213,0.233333333,0602040WC04,1.583576987,25.03510199,-27.65761056,106.9286183,7.982799428,98.94581883,106.9286183,98.94581883,113.9072187,106.9286183,106.9286183,1.341513025,1.416649088,1.583576987,1.950077344,25.03510199,24.5332726,233.3333333,62,17.6,39,I,2,0.080208333,0.295640981,-0.267172481,0.126284525,-0.008641429,-14.57231208,-32.41569688,-0.56912183,1.71289717,-1.547955171,0.731672598,-0.050067075,-84.4296755,-187.8114299,-3.297402028,38.57170663,-33.26536945,15.38955864,0.661067136,-1848.61619,-3929.908907,-2.682470524,602,40,94,WC04,Wind_success,4,W,1,Experienced,24,Head-On,TRUE,TRUE,-50.55720827,50.18462617,0.35,350,435.7445235,2.027897085,0.675,675,1009.765317,0.637708438,2.81300894,1.659164898,31.75926605,23.30580242,582.576799,8795.438095,18.76729798
0602040WC05_f206,-57.75487143,275.1042642,69.45978826,-42.9403038,-133.86203,1458.730713,289.555942,-1.365886688,-15.31526184,-1.67578125,60.10548019,-16.75428772,-23.28601074,-0.088309174,-0.990183252,-0.108344901,0.902479275,-0.251564373,-0.349637704,1.413966367,-0.010524902,-1.397382202,-0.215668945,25.75063477,10.36439209,-23.70585938,206,0.291666667,0602040WC05,1.163840007,22.80946737,-20.46515708,105.5757104,5.096422004,100.4792884,105.5757104,100.4792884,105.1441741,105.5757104,105.5757104,1.413966367,1.500841377,1.163840007,1.284110496,22.80946737,21.54023003,291.6666667,62,17.6,39,I,2,0.044791667,0.38017356,-0.353269038,0.117788021,-0.076543483,-7.256810686,-24.15066513,-2.122035677,2.202665586,-2.046785032,0.682445197,-0.443480858,-42.0448154,-139.9251408,-12.29473968,31.00876532,-27.71505332,10.77077534,-4.625363083,-700.9776105,-1958.488022,-78.35098196,602,40,95,WC05,Wind_success,5,W,1,Experienced,25,Head-On,TRUE,TRUE,-42.8673152,60.03095386,0.45,450,537.6186129,2.393510676,0.625,625,899.6275532,0.752617469,2.295520199,1.300440797,29.79707815,24.19744871,582.576799,8795.438095,18.76729798
0602040WC06_f202,-18.28837101,284.6448779,57.99054235,-3.465843678,-124.3134766,1447.289307,291.0671297,-4.651884556,-14.96040344,-1.504272461,57.83638048,-17.95967102,-22.45056152,-0.295563927,-0.95052995,-0.095576034,0.895464775,-0.278064648,-0.34759587,1.152399581,0.016632586,-1.15131134,-0.047226563,14.48492088,-14.43867188,26.5359375,202,0.325,0602040WC06,1.171108636,,-20.34033813,107.2509013,17.2728969,89.9780044,107.2509013,89.9780044,108.0785755,107.2509013,107.2509013,1.152399581,1.147966328,1.171108636,1.118447029,,,325,62,17.6,39,I,2,0.053125,0.259737118,-0.252313241,0.057917989,0.021140138,-3.616354659,-17.9306409,-0.609868829,1.504875854,-1.461863084,0.335567682,0.12248262,-20.95258794,-103.8873025,-3.533483711,18.25824409,-16.29622233,7.23457183,1.516795539,-588.5804245,-1333.019419,-28.96677043,602,40,96,WC06,Wind_success,6,W,1,Experienced,26,Head-On,TRUE,TRUE,-15.52608357,52.44041889,0.441666667,441.6666667,432.3010512,2.326510201,0.691666667,691.6666667,894.6824384,0.766991641,1.815312151,1.073709682,27.23859109,23.56745762,582.576799,8795.438095,18.76729798
0602040WC07_f215,17.7387956,162.2566789,43.55387166,32.53787994,-246.7371216,1432.890503,168.9344087,-4.660650253,-14.69143677,-0.577514648,56.52826691,-18.72485352,-25.6697998,-0.302172701,-0.952517545,-0.037443093,0.871730976,-0.288758806,-0.395857875,1.091481478,-0.195357513,-1.064126587,-0.144228516,19.44107666,-4.677539063,-9.0421875,215,0.216666667,0602040WC07,1.541739456,21.60435854,-23.3194883,108.327329,17.6008929,90.72643607,108.327329,90.72643607,97.92452988,108.327329,108.327329,1.091481478,1.091481478,1.541739456,,21.60435854,,216.6666667,62,17.6,39,I,2,0.68125,0.270285765,-0.264141529,0.003002574,0.057224399,0.004979982,-26.37192612,0.957129173,1.565993049,-1.530394317,0.017396437,0.331549135,0.02885323,-152.7947763,5.545455314,8.585867982,-7.11494072,4.401433437,-1.40803685,-466.3110837,-777.0440061,36.34915479,602,40,97,WC07,Wind_success,7,W,1,Experienced,27,Head-On,TRUE,TRUE,66.13502322,48.3050624,0.391666667,391.6666667,429.032369,2.541473514,0.591666667,591.6666667,860.7701543,0.634199936,2.268374242,1.257544009,29.30718582,22.18435799,582.576799,8795.438095,18.76729798
0702040MA01_f240,-42.09547526,46.45971564,30.3946304,-11.01394558,-364.3179321,1418.23584,69.6732931,-0.025741577,-13.71575928,-3.945068359,22.05412102,21.01080322,-62.05529785,-0.001803658,-0.961034473,-0.276422662,0.319032521,0.303939999,-0.897685205,2.307272098,0.083995285,-2.304298096,-0.081606445,-27.54472961,5.73046875,-30.90585937,240,0.008333333,0702040MA01,1.298580002,20.26161477,-63.85544644,46.38781192,0.107531925,46.28028,46.38781192,46.28028,48.4754088,46.38781192,46.38781192,2.307272098,2.379371419,1.298580002,,20.26161477,,8.333333333,60,14.9,37,D,1,0.020833333,2.275706682,-0.26864033,1.86338887,1.278458131,-150.635863,-48.95561857,-3.718021231,15.57432886,-1.838502682,12.75253585,8.749426068,-1030.911623,-335.039181,-25.44514449,56.37187309,-7.934417608,45.59997634,24.6742286,-3814.885875,-1377.764378,-73.64799805,702,40,43,MA01,Wind_missed,1,M,1,Experienced,1,Failure,FALSE,FALSE,-52.30602379,16.02511524,0,0,57.78845781,2.958411167,0.266666667,266.6666667,742.8025617,2.379371419,4.143463997,1.749700307,28.16939379,24.27009693,524.3574213,8237.142857,17.00621986
0702040MA02_f240,-51.44063439,50.27354007,33.92448588,-20.43078613,-360.6230469,1421.762329,79.52633803,1.332864761,-13.57315063,-3.723999023,49.62187386,8.495147705,-39.52429199,0.09427721,-0.960066476,-0.263408748,0.775278605,0.132725868,-0.617516744,1.885098527,0.037050934,-1.882338867,-0.094995117,0.9800354,7.545410156,-10.48007813,240,0.008333333,0702040MA02,3.661291722,23.27950546,-38.13501985,80.28527559,-5.608385859,85.89366145,80.28527559,85.89366145,81.41290892,80.28527559,80.28527559,1.885098527,1.945446803,3.661291722,3.143978248,23.27950546,24.64118011,8.333333333,60,14.9,37,D,1,0.021875,0.415087819,-0.291009502,0.295991743,0.000505294,-35.56196685,-33.80076461,0.928777328,2.840750196,-1.991591326,2.025688453,0.003458098,-243.3766051,-231.3234073,6.356304026,12.85275098,-9.233837905,8.375589483,-0.389947695,-1028.425847,-1086.945061,28.03650585,702,40,45,MA02,Wind_missed,2,M,1,Experienced,2,Failure,FALSE,FALSE,-63.29007965,16.93448472,0.066666667,66.66666667,185.7831873,2.704538119,0.333333333,333.3333333,837.7102893,1.945446803,3.494036601,1.635805087,32.59599032,23.76744037,524.3574213,8237.142857,17.00621986
0702040MA03_f239,-39.59960925,6.14406133,39.86015988,-8.514204025,-404.694397,1427.719849,56.52177358,-0.777257919,-13.19796753,-5.337890625,58.63437843,-34.00219727,-11.06225586,-0.054514751,-0.925669457,-0.374385094,0.85377178,-0.49510402,-0.161076865,3.240464359,0.008676224,-3.004936523,-1.212802734,-2.326066589,-256.9091309,-54.78222656,239,0.016666667,0702040MA03,1.59741286,17.69986678,-9.269406851,120.1095343,3.370384107,116.7391502,120.1095343,116.7391502,120.2749653,120.1095343,120.1095343,3.240464359,1.148606094,1.59741286,1.920273828,17.69986678,20.72691933,16.66666667,60,14.9,37,D,1,0.561458333,0.315126058,-0.296207285,-0.075954388,0.076135453,2.086090456,-8.527720857,0.289252593,2.156638591,-2.027163565,-0.51981155,0.521050712,14.27664604,-58.36144441,1.979567508,3.407174626,-0.806096913,2.663972632,-0.327451573,-277.4246891,-94.82068532,6.154744665,702,40,47,MA03,Wind_missed,3,M,1,Experienced,3,Failure,FALSE,FALSE,-37.27480415,22.18662166,0.15,150,229.8781036,2.502029529,0.3,300,561.329878,1.148606094,2.435601273,1.098063317,30.98347347,23.91583214,524.3574213,8237.142857,17.00621986
0702040MA04_f233,-25.81378367,117.4041253,25.34796567,5.285461426,-293.4363098,1413.171875,122.8519411,,,,62.68695831,-5.15512085,-24.99902344,,,,0.92616521,-0.076164065,-0.369346773,1.746257414,-0.279590206,-1.722268066,0.07097168,,,,233,0.066666667,0702040MA04,2.05734621,,-21.67533676,94.70119358,,,94.70119358,,85.48032953,94.70119358,94.70119358,1.746257414,,2.05734621,2.281218305,,,66.66666667,60,14.9,37,D,1,0.01875,0.814038906,-0.286938273,0.740879287,-0.177267174,-101.4276412,-44.25858997,5.960090852,5.571064902,-1.963728918,5.070380003,-1.213169201,-694.1436927,-302.8939715,40.78927029,19.52806032,-6.561072449,17.70915766,-3.327338108,-2411.021969,-1059.845825,137.7683271,702,40,51,MA04,Wind_missed,4,M,1,Experienced,6,Failure,FALSE,FALSE,-21.80173853,16.88113974,0.133333333,133.3333333,244.2076646,2.914297811,0.325,325,728.0728144,0.868306025,3.005522359,1.656729805,30.64107251,25.64824622,524.3574213,8237.142857,17.00621986
0702040MB01_f235,10.38595662,20.65284627,23.43038101,41.53232574,-390.0793762,1411.44519,32.91490405,-6.693099976,-12.63903809,0.171386719,51.93328094,-31.34671021,-16.15100098,-0.467954855,-0.883671132,0.011982676,0.827309611,-0.499360606,-0.257289316,1.03971812,-0.252463989,-0.946651611,-0.348032227,19.50501709,4.966699219,-7.859179687,235,0.05,0702040MB01,3.460812574,21.6186133,-14.90928034,121.1150046,27.90380176,93.2112028,121.1150046,93.2112028,106.1822561,121.1150046,121.1150046,1.03971812,1.108279162,3.460812574,2.635010992,21.6186133,,50,60,14.9,37,D,1,0.541666667,0.273055772,-0.260069283,-0.077787505,0.029538571,5.863682448,-25.78274328,0.601957322,1.868720794,-1.779844724,-0.532356916,0.202154089,40.12947691,-176.4502103,4.11963517,0.660847678,-0.118586902,-0.176568301,0.623486637,-11.32530135,13.15593378,1.119099363,702,40,71,MB01,Wind_missed,1,M,1,Experienced,14,Failure,FALSE,FALSE,35.96523919,45.75737958,0.191666667,191.6666667,246.9367395,2.614346247,0.283333333,283.3333333,457.1379307,1.007074222,3.902901375,2.752875,30.24874714,24.51504617,524.3574213,8237.142857,17.00621986
0702040MB02_f237,-26.9551423,81.58476012,20.34024691,3.847509861,-329.1494446,1408.246094,88.29710315,-5.225506902,-12.69458008,2.987182617,51.48240805,-21.99627686,-25.67773438,-0.371941941,-0.90357679,0.212622148,0.835856851,-0.357126626,-0.416897946,1.60819734,-0.197149715,-1.567250977,0.301918945,9.652354431,7.388964844,-2.344921875,237,0.033333333,0702040MB02,1.800243209,21.52184096,-24.6388962,113.1349895,22.37367798,90.76131152,113.1349895,90.76131152,105.9652225,113.1349895,113.1349895,1.60819734,1.683289518,1.800243209,1.800243209,21.52184096,22.91134532,33.33333333,60,14.9,37,D,1,0.027083333,0.103635787,-0.078865709,0.06709162,0.004392136,-6.234112516,-8.984080771,0.209290215,0.709255655,-0.539735853,0.459157134,0.030058604,-42.66460139,-61.4846498,1.432326345,5.233110078,-3.898513139,3.231320097,0.031938007,-343.8611324,-451.4770666,15.10357165,702,40,76,MB02,Wind_missed,2,M,1,Experienced,16,Failure,FALSE,FALSE,-43.0384748,25.36814719,0.141666667,141.6666667,289.8678279,2.683153283,0.35,350,790.8117359,1.488436837,5.024980776,1.74594524,30.09380672,23.36431825,524.3574213,8237.142857,17.00621986
0702040MB03_f240,-23.02228948,44.40528912,42.1342711,7.97033453,-366.3356323,1430.072144,65.39994125,-5.869831085,-13.09085083,-0.719116211,45.20566034,-24.03970337,-38.07080078,-0.408631031,-0.911325691,-0.050061611,0.708517428,-0.376779117,-0.596691336,1.192997443,-0.211767826,-1.170267334,-0.094189453,-4.491135406,7.444775391,-10.55390625,240,0.008333333,0702040MB03,1.364830939,18.61746705,-36.63329775,118.0033865,24.15107631,93.85231019,118.0033865,93.85231019,107.7463218,118.0033865,118.0033865,1.192997443,1.199120922,1.364830939,1.393217279,18.61746705,18.58200973,8.333333333,60,14.9,37,D,1,0.025,0.932803498,-0.633662202,0.680071611,0.078084462,-93.5378899,-85.96747409,6.551116173,6.383858055,-4.336614907,4.654228506,0.534389209,-640.1483414,-588.338437,44.83408976,23.11094176,-14.80899174,15.23065987,2.585411367,-2142.62011,-1993.501334,153.5113688,702,40,83,MB03,Wind_missed,3,M,1,Experienced,21,Failure,FALSE,FALSE,32.59351683,39.41126811,0.141666667,141.6666667,253.2880788,2.864699481,0.641666667,641.6666667,1295.573086,1.199120922,3.64883038,1.709963802,26.34962854,21.68627941,524.3574213,8237.142857,17.00621986
0702040UA01_f203,-53.42836179,-236.7615365,157.8007886,-22.30520248,-647.609375,1545.627686,289.502511,-2.355178833,12.43389893,-5.871948242,15.50776911,-55.8793335,1.182495117,-0.168818753,0.891259415,-0.420900088,0.267359867,-0.96338107,0.020386668,0.985201694,0.209960632,0.861430664,-0.429506836,-13.05348816,21.93222656,22.72675781,203,0.316666667,0702040UA01,1.910409242,21.17187573,1.168150952,164.4894716,169.2743338,-4.784862202,164.4894716,4.784862202,-29.20842349,164.4894716,164.4894716,0.985201694,0.985201694,1.910409242,1.754373354,21.17187573,20.86814434,316.6666667,60,14.9,37,D,1,0.010416667,0.358545553,-0.307814369,-0.183107578,-0.016638584,17.07268376,-29.79530832,-1.147085727,2.453790023,-2.106599347,-1.253139372,-0.113870026,116.8408888,-203.911134,-7.850348416,4.414336604,-3.861153332,-2.110263129,-0.327621955,208.346326,-370.2745707,-10.71573452,702,40,48,UA01,Wind_Uturn,1,U,1,Experienced,4,U-Turn,TRUE,FALSE,-82.54038905,63.48112221,1.083333333,1083.333333,218.2877048,2.626001938,1.366666667,1366.666667,851.3984053,0.687346351,2.49772955,1.280785781,31.9784076,25.31314629,524.3574213,8237.142857,17.00621986
0702040WA01_f237,-34.63101729,74.32598163,33.82204278,-3.512261152,-336.4762268,1421.686035,88.69943338,0.554121256,-12.94812012,-5.641479492,53.50000453,-29.94735718,-33.58129883,0.039203156,-0.916057928,-0.399125276,0.765317441,-0.428396875,-0.480380402,1.038691061,0.033367882,-0.966386719,-0.379291992,11.34087067,17.60976563,-18.33046875,237,0.033333333,0702040WA01,3.148499541,24.5156797,-28.71024963,119.2385158,-2.450506183,121.689022,119.2385158,121.689022,121.2160674,119.2385158,119.2385158,1.038691061,1.137596824,3.148499541,3.148499541,24.5156797,22.77204121,33.33333333,60,14.9,37,D,1,0.034375,0.629809131,-0.165217488,0.594831696,0.12465142,-87.37511646,-24.78592943,0.24795369,4.310245516,-1.13070437,4.070869291,0.853081033,-597.9719656,-169.6282825,1.696928847,18.80039593,-5.636209746,17.26013169,2.645999094,-2379.096627,-818.17278,-3.622103868,702,40,49,WA01,Wind_success,1,W,1,Experienced,5,Head-On,TRUE,TRUE,-30.87149279,32.79749763,0.191666667,191.6666667,318.7460446,2.589968061,0.441666667,441.6666667,883.6505215,1.064564112,3.148499541,1.648005855,29.96549882,24.06000516,524.3574213,8237.142857,17.00621986
0702040WA02_f240,-45.10670531,50.32062886,28.57301579,-13.92341328,-360.5824585,1416.53125,73.37027862,0.764164925,-12.73242188,-6.014892578,58.80949116,-25.47903442,-28.19763184,0.054186903,-0.902855507,-0.426515783,0.839891893,-0.363880626,-0.402706466,0.812454764,0.055222893,-0.796032715,-0.152856445,16.12003326,8.654589844,7.006640625,240,0.008333333,0702040WA02,0.446541694,13.71567147,-23.74748216,113.4245272,-3.434615069,116.8591422,113.4245272,116.8591422,117.3929289,113.4245272,113.4245272,0.812454764,0.896980986,0.446541694,0.614208375,,,8.333333333,60,14.9,37,D,1,0.026041667,0.553451294,-0.218283873,0.506951654,-0.040749314,-64.75810347,-33.05238625,-0.085779572,3.78767287,-1.493876539,3.469441748,-0.278877421,-443.187168,-226.2017056,-0.587052484,26.42672629,-12.10069043,20.756908,0.293176862,-2584.214266,-1697.278095,-23.38652812,702,40,52,WA02,Wind_success,2,W,1,Experienced,7,Head-On,TRUE,TRUE,-31.14448667,35.16066185,0.15,150,260.8440398,2.582926589,0.416666667,416.6666667,872.5037442,0.896980986,2.477629012,1.068947598,26.9495139,22.70841931,524.3574213,8237.142857,17.00621986
0702040WA03_f234,-56.0471342,99.88762039,25.95289742,-24.93174744,-310.8850098,1413.88562,117.4409249,1.075119019,-12.66818237,-6.162719727,53.08117104,-24.04006958,-34.75,0.076095131,-0.896632819,-0.436187023,0.782375743,-0.354332185,-0.512188344,1.289462612,-0.092833557,-1.216014404,0.418813477,12.3576416,-3.420263672,24.46875,234,0.058333333,0702040WA03,1.16075484,18.64432468,-30.80970446,114.3654204,-4.850934811,119.2163552,114.3654204,119.2163552,109.9997865,114.3654204,114.3654204,1.289462612,1.289462612,1.16075484,0.763959029,18.64432468,,58.33333333,60,14.9,37,D,1,0.029166667,0.54488208,-0.235982805,0.472874118,-0.13265996,-48.66698356,-26.56228867,1.332413479,3.729027457,-1.615003302,3.236224196,-0.907889345,-333.0638401,-181.7852108,9.118682057,21.36687817,-9.021089771,17.55933017,-0.861091273,-1838.104771,-1005.860757,54.56210618,702,40,56,WA03,Wind_success,3,W,1,Experienced,8,Head-On,TRUE,TRUE,-12.94544151,42.28600875,0.191666667,191.6666667,326.5835904,2.848437309,0.366666667,366.6666667,754.3751828,1.04012948,2.734654144,1.251201201,29.63246631,24.27251238,524.3574213,8237.142857,17.00621986
0702040WA04_f230,-64.68751838,120.2736621,51.15685067,-33.55588913,-290.5140686,1439.075439,145.83296,,,,61.24606705,-14.96801758,-25.25048828,,,,0.90177908,-0.220387133,-0.371784887,0.951508823,-0.089796295,-0.941678467,-0.102700195,4.758261108,3.568359375,26.03144531,230,0.091666667,0702040WA04,1.160431106,6.322832196,-21.82573805,103.7334053,,,103.7334053,,98.28628192,103.7334053,103.7334053,0.951508823,1.030808541,1.160431106,1.928474849,,,91.66666667,60,14.9,37,D,1,0.035416667,0.35831021,-0.258751822,0.244802305,-0.038801196,-24.02172952,-25.83649836,-0.409046901,2.452179398,-1.770828374,1.675361606,-0.265545027,-164.3983024,-176.8180958,-2.799407764,24.41041677,-18.37276965,14.18781248,2.560246065,-1543.568668,-1855.89857,-24.80056238,702,40,58,WA04,Wind_success,4,W,1,Experienced,9,Head-On,TRUE,TRUE,-43.44668568,37.97014947,0.233333333,233.3333333,341.5582108,2.552945405,0.508333333,508.3333333,920.9012383,0.712376409,2.448384301,1.468823909,26.75896672,23.52341336,524.3574213,8237.142857,17.00621986
0702040WA05_f227,-55.27412309,119.1816199,42.65589066,-24.19605637,-291.5982056,1430.616577,138.1267976,,,,60.26473618,-24.94842529,-16.14257813,,,,0.896895466,-0.371297229,-0.2402434,1.03073949,0.020399094,-1.026295166,-0.093413086,3.160327148,1.155761719,16.41445313,227,0.116666667,0702040WA05,1.238533548,5.889409679,-13.90090648,112.4886009,,,112.4886009,,113.627287,112.4886009,112.4886009,1.03073949,1.03073949,1.238533548,1.999082747,,,116.6666667,60,14.9,37,D,1,0.042708333,0.588862538,-0.2887288,0.513202342,0.004257407,-56.47102529,-33.66121388,-3.395180564,4.03001797,-1.975982811,3.512219787,0.029136558,-386.4726178,-230.3683594,-23.23570917,22.03916465,-12.9797925,16.46904712,0.963294724,-1802.116414,-1510.456877,-103.8717671,702,40,59,WA05,Wind_success,5,W,1,Experienced,10,Head-On,TRUE,TRUE,-61.55635568,42.74057949,0.258333333,258.3333333,338.8617055,2.405252966,0.558333333,558.3333333,1002.327441,0.875151911,4.391685631,2.007091471,27.94322253,22.35911208,524.3574213,8237.142857,17.00621986
0702040WA06_f223,-3.268607159,166.6572969,82.28378983,27.8558712,-244.1079407,1470.196777,185.8923357,-2.616966248,-12.6104126,-5.646728516,58.98498726,-22.87658691,-14.61376953,-0.186094128,-0.896734432,-0.401542443,0.908415496,-0.352317547,-0.225063619,1.367863316,-0.413647156,-1.199443359,-0.511157227,-8.467904663,-4.821679688,-0.870117188,223,0.15,0702040WA06,0.979527348,15.6782378,-13.00661921,111.1981578,11.7238523,99.47430547,111.1981578,99.47430547,92.17058802,111.1981578,111.1981578,1.367863316,,0.979527348,1.433100086,15.6782378,19.47172167,150,60,14.9,37,D,1,0.042708333,0.257289181,-0.108736421,0.214629314,-0.091150266,-21.48393691,-13.12257133,0.796210551,1.760818453,-0.744163032,1.468865714,-0.623808079,-147.0303274,-89.80737411,5.449052403,64.8186016,-57.47486019,19.51221499,1.032461878,-2176.850472,-6587.928181,-261.7511685,702,40,60,WA06,Wind_success,6,W,1,Experienced,11,Head-On,TRUE,TRUE,26.20566602,40.32061572,0.291666667,291.6666667,372.1638852,2.37998274,0.616666667,616.6666667,993.6627892,0.742547223,3.035926753,1.559043971,31.08187344,24.32698907,524.3574213,8237.142857,17.00621986
0702040WA07_f230,-14.89081807,118.6757897,55.58810122,16.333004,-292.082489,1443.507324,131.8928221,-0.146619797,-12.15359497,-7.291381836,59.90227127,-19.44030762,-22.24169922,-0.010344449,-0.857471172,-0.514428014,0.896875178,-0.291066248,-0.333009542,1.295080319,-0.470480118,-0.999147949,-0.676450195,-4.768395996,12.96386719,-20.9953125,230,0.091666667,0702040WA07,0.869425655,22.95839076,-19.45154461,107.9799953,0.691177225,107.2888181,107.9799953,107.2888181,82.76512463,107.9799953,107.9799953,1.295080319,1.295080319,0.869425655,0.738006312,22.95839076,,91.66666667,60,14.9,37,D,1,0.040625,0.402859503,-0.287650349,0.278792722,-0.042751301,-36.01310787,-37.35519431,0.463525723,2.757062861,-1.968602175,1.907982946,-0.292578489,-246.4640938,-255.648975,3.172246276,40.59423524,-29.70555222,22.3184215,0.004347528,-2762.126622,-3873.812426,224.3860382,702,40,61,WA07,Wind_success,7,W,1,Experienced,12,Head-On,TRUE,TRUE,11.48560463,36.72490875,0.216666667,216.6666667,321.1116945,2.112480421,0.391666667,391.6666667,652.5190921,0.97988181,2.577619893,1.709558377,31.49469567,23.0763584,524.3574213,8237.142857,17.00621986
0702040WA08_f234,-45.65690144,80.82400093,44.41529694,-14.42559814,-329.8988953,1432.377808,102.9067072,3.532052994,-10.87640381,-8.365966797,59.97813416,-16.49584961,-27.28991699,0.249280083,-0.76761896,-0.590440999,0.882964758,-0.24284273,-0.401746991,0.909105641,-0.106073341,-0.900428467,-0.066708984,16.69107513,-10.06523438,28.50292969,234,0.058333333,0702040WA08,3.07938109,21.8024456,-23.68743686,105.3779055,-17.9909233,123.3688288,105.3779055,123.3688288,98.65924564,105.3779055,105.3779055,0.909105641,0.909105641,3.07938109,2.653227713,21.8024456,22.34161389,58.33333333,60,14.9,37,D,1,0.041666667,0.478000191,-0.364281005,0.307100277,-0.038379049,-30.98793813,-37.88241405,-1.661335266,3.271305666,-2.493041925,2.101712294,-0.262655966,-212.0731739,-259.2571261,-11.36973494,69.97454395,-64.5361778,20.27321747,-2.697311558,-2056.371794,-6211.958706,-33.0736398,702,40,62,WA08,Wind_success,8,W,1,Experienced,13,Head-On,TRUE,TRUE,-18.49179676,50.05673259,0.233333333,233.3333333,364.5907116,2.470103289,0.675,675,1281.546816,0.885868802,3.07938109,1.583314157,28.16803191,24.02080751,524.3574213,8237.142857,17.00621986
0702040WB01_f227,10.13212322,70.76611975,65.83559348,41.24718857,-340.0639954,1453.807617,97.18451006,-3.005458832,-10.50109863,-8.893554688,50.02490616,-25.87515259,-40.2532959,-0.21337261,-0.745525706,-0.631398092,0.722623955,-0.373773916,-0.581470274,0.794856821,-0.329155426,-0.677563477,-0.253696289,-2.822772217,16.89125977,-5.340234375,227,0.116666667,0702040WB01,3.55857105,21.98055629,-35.55402044,117.3500575,15.97134558,101.3787119,117.3500575,101.3787119,91.43991202,117.3500575,117.3500575,0.794856821,0.898235779,3.55857105,,21.98055629,,116.6666667,60,14.9,37,D,1,0.032291667,0.537806742,-0.282343948,0.418996556,-0.184282047,-59.75114076,-38.35168155,2.700815934,3.680605735,-1.932286584,2.867500549,-1.261177122,-408.9208522,-262.4686676,18.48366306,14.82204774,-8.402343717,10.94047703,-3.455466508,-1558.454085,-1124.25529,69.17861179,702,40,73,WB01,Wind_success,1,W,1,Experienced,15,Head-On,TRUE,TRUE,88.54837451,30.70255197,0.308333333,308.3333333,335.2449515,2.792752658,0.208333333,208.3333333,184.9056192,1.049285572,3.355773697,2.136974623,25.47205966,23.988844,524.3574213,8237.142857,17.00621986
0702040WB02_f227,53.56173437,136.2895741,38.20596674,84.48666382,-274.4729614,1426.099487,151.3387039,-8.935112,-11.11254883,-0.333129883,55.81958008,-12.4418335,-13.51501465,-0.62644963,-0.779111902,-0.023356069,0.94988416,-0.211723208,-0.229985577,1.205964396,-0.543803101,-1.050765381,-0.233496094,14.73640137,3.071777344,4.99921875,227,0.116666667,0702040WB02,1.756697667,,-13.29622261,102.5654656,38.80123178,63.76423381,102.5654656,63.76423381,75.2025238,102.5654656,102.5654656,1.205964396,1.295620914,1.756697667,2.08767516,,,116.6666667,60,14.9,37,D,1,0.334375,0.420449205,-0.409363649,0.065701991,0.069872636,-9.396299377,-58.9325528,0.82882059,2.877442089,-2.801575503,0.449646882,0.478189666,-64.30576387,-403.3186548,5.6722268,19.58235999,-13.95274034,10.96471674,-4.063634345,-1610.7787,-2081.164531,-9.733990359,702,40,78,WB02,Wind_success,2,W,1,Experienced,17,Head-On,TRUE,TRUE,95.90387815,19.03826619,0.233333333,233.3333333,330.5491506,2.609628534,0.433333333,433.3333333,781.0335843,0.762946354,2.688581973,1.231589757,32.60405523,26.06460767,524.3574213,8237.142857,17.00621986
0702040WB03_f224,56.30777434,110.3708277,42.52372394,87.42546844,-300.323761,1430.400635,130.9982907,,,,44.62799835,-34.73098755,-21.8848877,,,,0.735986024,-0.572768719,-0.360916288,0.87842306,-0.555908203,-0.673769531,-0.092885742,9.988000488,8.927490234,-15.69375,224,0.141666667,0702040WB03,2.67591148,22.81975502,-21.15647904,127.8912366,,,127.8912366,,88.36615943,127.8912366,127.8912366,0.87842306,0.984728018,2.67591148,2.149550534,22.81975502,22.99423101,141.6666667,60,14.9,37,D,1,0.052083333,0.237102291,-0.132161849,0.158531056,-0.116698957,-18.6798659,-16.08170179,1.14148529,1.622664768,-0.904480401,1.084944214,-0.7986565,-127.8400142,-110.0588728,7.812020517,28.49603791,-22.21664473,12.9753585,-5.374576805,-1608.180686,-2962.177789,28.56751147,702,40,79,WB03,Wind_success,3,W,1,Experienced,18,Head-On,TRUE,TRUE,90.00602464,38.74136536,0.3,300,367.3207599,2.858725355,0.483333333,483.3333333,790.0129358,0.68138826,4.074128981,2.058604174,24.43753699,21.42098545,524.3574213,8237.142857,17.00621986
0702040WB04_f231,8.076679154,98.46307329,48.1003095,39.23366165,-312.3056335,1436.079346,109.881069,-7.286687851,-12.04608154,-2.029663086,53.14791489,-27.61453247,-16.80895996,-0.512279613,-0.846881618,-0.142692406,0.854361607,-0.443908221,-0.270206838,1.046594133,-0.2216922,-0.936262207,-0.411855469,20.14892578,5.615332031,-16.15429688,231,0.083333333,0702040WB04,1.952490914,22.71532232,-15.67657531,117.4554342,31.16978938,86.28564484,117.4554342,86.28564484,104.1340386,117.4554342,117.4554342,1.046594133,1.093182708,1.952490914,1.62879235,22.71532232,21.82824024,83.33333333,60,14.9,37,D,1,0.028125,0.441246207,-0.254171433,0.34493513,-0.105427008,-48.15738011,-38.16332961,-0.155711174,3.019771215,-1.739481415,2.360643923,-0.721514291,-329.5762501,-261.1796372,-1.065645698,16.7808979,-10.71342313,12.12554289,-3.561690922,-1710.49951,-1539.77668,-9.749331432,702,40,81,WB04,Wind_success,4,W,1,Experienced,19,Head-On,TRUE,TRUE,19.63923478,43.09407816,0.25,250,373.5271155,3.038074547,0.141666667,141.6666667,182.8937666,0.65828169,3.027637728,1.19786916,28.77886085,22.17582771,524.3574213,8237.142857,17.00621986
0702040WB05_f191,58.0128182,744.2102446,7.049020976,89.06319427,333.4544678,1394.981323,746.5012149,-1.942359924,-13.80361938,2.116455078,8.582221985,47.45272827,-31.26123047,-0.137762241,-0.97902429,0.150109973,0.14933667,0.825710689,-0.543967293,2.568234299,0.160230103,-2.438598633,0.789550781,6.194970703,-10.06567383,13.32597656,191,0.416666667,0702040WB05,0.648136331,,-32.95412029,10.25160282,8.009718759,2.241884057,10.25160282,2.241884057,14.01086483,10.25160282,10.25160282,2.568234299,2.452927973,0.648136331,0.906075447,,,416.6666667,60,14.9,37,D,1,0.034375,0.496610593,-0.237202088,0.409132736,-0.151550833,-58.68161899,-32.45468801,3.031221778,3.398670289,-1.623347751,2.799995194,-1.03717343,-401.6013308,-222.1112185,20.74487243,17.05034224,-9.585870471,13.0418822,-1.987210385,-1867.708452,-1270.445863,98.90324448,702,40,82,WB05,Wind_success,5,W,1,Experienced,20,Head-On,TRUE,TRUE,44.73460804,10.6665192,,,,2.491498905,0.45,450,824.7728082,,2.343722435,1.832978675,28.32861903,27.33224904,524.3574213,8237.142857,17.00621986
0702040WB06_f226,-14.11182088,90.4690841,47.70319468,17.25994873,-320.2851868,1435.848145,103.2443386,,,,48.18206787,-32.89794922,-27.36889648,,,,0.747674669,-0.510500366,-0.424702208,0.868850214,-0.09416153,-0.815874023,-0.283520508,10.45530396,-1.099951172,1.014257813,226,0.125,0702040WB06,1.075481883,29.29180347,-25.13181562,124.3246395,,,124.3246395,,117.741155,124.3246395,124.3246395,0.868850214,0.876864398,1.075481883,0.69669104,29.29180347,,125,60,14.9,37,D,1,0.08125,0.261738316,-0.182624435,0.187347976,-0.007483186,-25.24297234,-23.45154341,-0.401628582,1.791267146,-1.249832866,1.282159519,-0.051212925,-172.7561621,-160.4961009,-2.748638772,6.139557958,-5.117315417,2.682421075,-0.938539148,-297.3221824,-610.6542777,-28.34473699,702,40,84,WB06,Wind_success,6,W,1,Experienced,22,Head-On,TRUE,TRUE,29.65109597,51.95326755,0.358333333,358.3333333,430.2289921,2.38382627,0.533333333,533.3333333,807.4003504,0.432800106,3.553343084,1.578450599,32.23585205,24.80554516,524.3574213,8237.142857,17.00621986
0702040WB07_f225,9.876921026,132.1089669,47.55906601,41.2007103,-278.6213074,1435.592163,140.7558079,-8.315391541,-11.26031494,-1.601806641,49.96651077,-31.02236938,-9.638793945,-0.590195169,-0.79921474,-0.113690202,0.838389535,-0.520525237,-0.161729604,1.120466677,-0.367261505,-1.053511963,-0.103330078,3.65256958,-0.544921875,-4.528125,225,0.133333333,0702040WB07,0.537850794,26.36594854,-9.307302869,121.8346254,36.44471191,85.38991346,121.8346254,85.38991346,102.6157197,121.8346254,121.8346254,1.120466677,1.123747216,0.537850794,0.383843597,26.36594854,,133.3333333,60,14.9,37,D,1,0.058333333,0.258777553,-0.252888539,0.054406388,-0.007290653,-6.645481774,-32.67040701,-2.267089655,1.771004472,-1.730701634,0.372342794,-0.04989528,-45.47990274,-223.5875417,-15.51535623,27.47669734,-24.40039453,8.108395716,-4.678039805,-1017.438507,-3100.320535,-170.1074042,702,40,85,WB07,Wind_success,7,W,1,Experienced,23,Head-On,TRUE,TRUE,25.27844206,49.45829647,0.291666667,291.6666667,380.4585431,2.65610029,0.458333333,458.3333333,769.7654985,0.691075777,2.77335806,1.178104524,31.82398259,23.81908464,524.3574213,8237.142857,17.00621986
0702040WB08_f233,-17.74909305,90.2204531,50.35329451,13.36893749,-320.5712585,1438.286255,104.834225,-5.897211552,-12.71432495,-2.219482422,50.81141376,-27.50085449,-24.71716309,-0.415588054,-0.896003394,-0.156411276,0.808566589,-0.437623567,-0.393326435,1.086585235,-0.162190704,-1.058206787,-0.18590332,27.7367569,7.676367188,-15.13828125,233,0.066666667,0702040WB08,1.330308606,27.06101827,-23.16163892,118.4237498,24.88301121,93.54073855,118.4237498,93.54073855,109.7098726,118.4237498,118.4237498,1.086585235,1.165761038,1.330308606,1.236780525,27.06101827,24.7072308,66.66666667,60,14.9,37,D,1,0.019791667,0.303474394,-0.245459782,0.160744418,-0.077507646,-19.85840563,-29.99830439,-0.744211333,2.076897716,-1.679861202,1.100091876,-0.530441633,-135.9056254,-205.3003849,-5.093183637,17.9895827,-15.10400312,7.94315214,-2.53423628,-1071.247279,-2008.889515,13.65147925,702,40,86,WB08,Wind_success,8,W,1,Experienced,24,Head-On,TRUE,TRUE,39.09770441,41.85454214,0.266666667,266.6666667,413.532621,2.532188183,0.483333333,483.3333333,910.9245623,1.041752223,2.943042729,1.180721493,27.06101827,24.38188821,524.3574213,8237.142857,17.00621986
0702040WB09_f228,-14.90523497,101.0115942,50.0149999,16.18766975,-309.7010803,1437.993042,113.6970026,-6.166752815,-12.67999268,-1.1640625,46.73977852,-34.62768555,-20.01635742,-0.435874318,-0.896238804,-0.082277491,0.7597867,-0.56289644,-0.325379423,0.873334419,-0.159709625,-0.76072998,-0.398115234,1.385568237,-0.206103516,-10.84570312,228,0.108333333,0702040WB09,1.585971942,29.92992588,-18.98856377,126.5333094,25.93538102,100.5979284,126.5333094,100.5979284,114.6766805,126.5333094,126.5333094,0.873334419,0.873334419,1.585971942,1.5284575,29.92992588,29.92992588,108.3333333,60,14.9,37,D,1,0.059375,0.374466541,-0.343309292,0.138537036,-0.056315269,-15.72103039,-40.1017128,-2.455267561,2.562749013,-2.349517124,0.948110484,-0.385406664,-107.5905341,-274.4454141,-16.80319556,23.49054481,-21.20803858,8.959853797,-3.250547726,-987.9343166,-2435.647417,-122.0366541,702,40,87,WB09,Wind_success,9,W,1,Experienced,25,Head-On,TRUE,TRUE,35.35777757,42.49912215,0.291666667,291.6666667,362.5407908,2.67193035,0.183333333,183.3333333,189.6752906,1.282920267,2.929692991,1.640172811,30.21592839,25.12991423,524.3574213,8237.142857,17.00621986
0702040WC01_f235,-8.383159459,72.18753179,41.58960775,22.67422485,-338.5158081,1429.629395,83.73178955,-6.820296288,-12.49249268,-2.063476563,52.91598511,-24.97668457,-24.27087402,-0.474230398,-0.868630852,-0.143478123,0.835317691,-0.394275311,-0.383133573,0.876336656,-0.333089447,-0.775609131,-0.235473633,8.905050659,2.756689453,1.023046875,235,0.05,0702040WC01,1.567184576,19.40304629,-22.52791897,115.2676112,28.63240369,86.63520752,115.2676112,86.63520752,92.02625086,115.2676112,115.2676112,0.876336656,0.929063954,1.567184576,1.44204861,19.40304629,19.05908573,50,60,14.9,37,D,1,0.0375,0.355519666,-0.274361906,0.216629122,-0.064742573,-27.96469239,-35.5601322,-1.04406581,2.43308166,-1.877659622,1.482551868,-0.443080884,-191.3828874,-243.3640492,-7.145307613,19.79383431,-16.00235487,9.249032573,-4.804692402,-1221.130969,-2021.071,-65.02332051,702,40,99,WC01,Wind_success,1,W,1,Experienced,26,Head-On,TRUE,TRUE,84.02322223,34.81524711,0.225,225,321.2962265,2.364183923,0.366666667,366.6666667,629.4596111,0.89211176,2.589283354,1.488765914,32.01626469,22.57820207,524.3574213,8237.142857,17.00621986
0702040WC02_f239,-25.35332549,53.40509565,47.16858167,5.939884186,-357.3704529,1435.211182,75.62916403,-3.451009989,-13.19793701,-3.375244141,46.55876541,-15.65344238,-49.15515137,-0.245570756,-0.939153286,-0.240179327,0.669998532,-0.225259053,-0.707361524,1.003505118,-0.230825272,-0.962640381,-0.164516602,0.995237732,2.932910156,-10.72265625,239,0.016666667,0702040WC02,1.213326117,20.92766123,-45.02064515,108.5830708,14.65367045,93.92940031,108.5830708,93.92940031,95.09906746,108.5830708,108.5830708,1.003505118,1.018408829,1.213326117,1.140171216,20.92766123,22.91004218,16.66666667,60,14.9,37,D,1,0.027083333,0.469039674,-0.265809286,0.369180098,-0.114235258,-48.68836117,-35.91172058,0.602518623,3.209982282,-1.819127778,2.526570011,-0.781795599,-333.2101428,-245.7702263,4.12347657,21.78690621,-14.05023863,14.20714207,-3.409509064,-1846.729251,-1984.364711,46.12593062,702,40,101,WC02,Wind_success,2,W,1,Experienced,27,Head-On,TRUE,TRUE,35.02065393,37.49245156,0.225,225,361.6521666,2.670590621,0.391666667,391.6666667,757.9703789,1.018035937,3.120520882,1.304372007,29.20587307,25.1500113,524.3574213,8237.142857,17.00621986
0703040MA01_f238,-18.68715626,-29.26170673,50.3982666,12.15807343,-439.9973145,1438.424927,61.20002097,-10.36871886,-8.931304932,-4.554443359,58.75038147,-21.32489014,-20.27294922,-0.718904157,-0.619242582,-0.315777514,0.894132797,-0.324547402,-0.308537721,0.986467209,-0.424166565,-0.884406738,0.105,-0.009558105,1.197949219,11.60507813,238,0.025,0703040MA01,1.527603906,23.23794244,-17.97112883,109.9496061,49.25937198,60.69023411,109.9496061,60.69023411,84.32696162,109.9496061,109.9496061,0.986467209,0.989874383,1.527603906,1.953712805,23.23794244,23.14036565,25,60,14.1,38,D,1,0.542708333,0.494301675,-0.442771423,-0.216815248,-0.035759774,9.841950539,-21.00563778,-0.234367074,3.574804482,-3.202136158,-1.568014349,-0.258615752,71.17728037,-151.9134,-1.694949683,0.343259404,0.065732031,0.01426417,0.308425435,-3.901184329,-13.1137584,4.650571677,703,40,39,MA01,Wind_missed,1,M,1,Experienced,1,Failure,FALSE,FALSE,-149.9720627,-8.679554557,0.216666667,216.6666667,237.3472972,2.218433675,0.483333333,483.3333333,726.7444025,0.986467209,4.124810349,2.387024222,25.03003788,23.27239891,553.0840879,8237.142857,16.04054149
0703040MA02_f237,-30.4200379,45.70009016,52.76695424,0.508986294,-365.0879517,1440.725098,76.14609909,-4.476599753,-13.25073242,-2.595214844,52.13273352,-14.6008606,-32.10852051,-0.314694502,-0.931495526,-0.182437539,0.828238144,-0.231965387,-0.510111395,1.282512306,-0.048509059,-1.229663086,-0.36112793,5.302361584,16.70888672,-9.135351562,237,0.033333333,0703040MA02,1.777128009,24.24259871,-30.67125002,105.6460123,18.66691801,86.9790943,105.6460123,86.9790943,103.3869188,105.6460123,105.6460123,1.282512306,1.401326185,1.777128009,1.65678531,24.24259871,25.88146788,33.33333333,60,14.1,38,D,1,0.016666667,0.095735164,-0.070479641,0.050386927,-0.040730817,-7.113122755,-7.450715225,0.279567302,0.692359569,-0.50971087,0.364399764,-0.294566484,-51.4423163,-53.88379513,2.021839083,3.464761884,-1.771635791,1.821764244,-0.047573517,-236.5354914,-282.236992,17.27921654,703,40,43,MA02,Wind_missed,2,M,1,Experienced,4,Failure,FALSE,FALSE,18.84584949,24.77722217,0.125,125,199.5855434,2.081816855,0.15,150,244.6318436,1.306111296,4.750649971,1.678214758,30.87372709,22.88449484,553.0840879,8237.142857,16.04054149
0703040PA01_f240,-24.80271369,37.62781057,32.62306816,6.11283493,-373.1211243,1420.627319,55.63534228,-5.461942315,-12.59713745,-2.064819336,44.64216614,2.095794678,-46.8548584,-0.393379234,-0.907269245,-0.148712125,0.689443564,0.032366981,-0.723615886,1.271670608,-0.395361557,-1.208323975,-0.028081055,-2.117175293,-7.577490234,10.93183594,240,0.008333333,0703040PA01,1.656862271,25.30674677,-46.3538273,87.31213562,23.44087929,63.87125632,87.31213562,63.87125632,69.19412698,87.31213562,87.31213562,1.271670608,1.257068808,1.656862271,1.656862271,25.30674677,25.85100476,8.333333333,60,14.1,38,D,1,0.029166667,0.646752181,-0.2440977,0.597173857,-0.045695522,-77.45853519,-36.30386168,2.118964823,4.677331098,-1.765321858,4.31877918,-0.330471381,-560.1824409,-262.5506124,15.32441692,33.75760213,-11.4688487,25.72452143,-6.825936835,-3080.279259,-1479.498016,113.6180548,703,40,40,PA01,Wind_Near-miss,1,P,1,Experienced,2,Pivot,TRUE,FALSE,75.07814385,22.31357034,0.108333333,108.3333333,186.6299218,2.027428564,0.316666667,316.6666667,577.3440938,1.257068808,3.625236534,2.096859584,28.95000213,22.80058519,553.0840879,8237.142857,16.04054149
0703040PA02_f227,-17.33511485,105.9087171,50.98125397,13.60160637,-304.8576965,1438.961426,118.8118295,-5.619234562,-12.68331909,-2.880615234,53.60733986,-13.1072998,-31.62915039,-0.396606521,-0.895190795,-0.203314308,0.842779433,-0.20606437,-0.497252755,1.367105657,-0.385049973,-1.311225586,0.037441406,4.322872925,3.309521484,12.70195313,227,0.116666667,0703040PA02,1.230084299,26.51331117,-29.81840958,103.7395797,23.89532213,79.84425757,103.7395797,79.84425757,87.37435827,103.7395797,103.7395797,1.367105657,1.405126887,1.230084299,1.241552129,26.51331117,29.21153104,116.6666667,60,14.1,38,D,1,0.284375,0.253532698,-0.237004486,-0.089826491,-0.006237299,6.709491884,-20.85678258,-0.840294249,1.833556044,-1.714023522,-0.649627869,-0.045108336,48.52324578,-150.8368748,-6.077033113,4.143675601,-1.554847121,3.565214526,-0.021987941,-392.3230929,-191.5114457,23.39466603,703,40,42,PA02,Wind_Near-miss,2,P,1,Experienced,3,Pivot,TRUE,FALSE,29.30075262,30.46572691,0.225,225,284.2866286,2.222996646,0.391666667,391.6666667,633.7876404,0.914433348,2.931562368,1.314386464,30.17183159,25.03117877,553.0840879,8237.142857,16.04054149
,,,,,,,,,,,,,,,,,,,,,,,,,,,,,0703040UB01,,,,,,,,,,,,,,,,,,,60,14.1,38,D,1,0.013541667,0.64488116,-0.465226281,-0.433665731,0.106631384,17.69059289,-19.17921214,-0.931239476,4.66379982,-3.364530364,-3.136283527,0.771161353,127.9388963,-138.7046353,-6.734751714,6.854403638,-4.585213191,-4.866805406,1.487958274,201.6091166,-178.3412865,-11.44488463,703,40,65,UB01,Wind_Uturn,1,U,1,Experienced,12,U-Turn,TRUE,FALSE,163.6823217,,,,,2.566830858,1.591666667,1591.666667,1046.179122,,,,,,553.0840879,8237.142857,16.04054149
,,,,,,,,,,,,,,,,,,,,,,,,,,,,,0703040UC01,,,,,,,,,,,,,,,,,,,60,14.1,38,D,1,0.013541667,0.410053278,-0.34778208,-0.216938568,0.011356623,17.39430538,-29.50678274,-1.334474417,2.965517556,-2.515170396,-1.568906206,0.082131433,125.7961362,-213.3939344,-9.650958854,4.281092228,-3.593847369,-2.318493561,0.182766486,185.4717619,-293.3686715,-13.67269058,703,40,99,UC01,Wind_Uturn,1,U,1,Experienced,24,U-Turn,TRUE,FALSE,142.2980991,,,,,2.137899359,1.791666667,1791.666667,858.2873884,,,,,,553.0840879,8237.142857,16.04054149
0703040WA01_f238,-30.77449305,47.53561696,47.08311271,0.762112021,-363.2039185,1435.23999,73.64457757,-4.921718955,-12.48132324,-4.231933594,51.84791911,-8.687347412,-42.00793457,-0.349845545,-0.887197211,-0.300814233,0.770480514,-0.129097407,-0.624254465,0.876709317,-0.063578153,-0.873248291,0.044882813,13.86547222,19.02392578,-1.689257812,238,0.025,0703040WA01,2.673828227,23.28448876,-38.62748808,99.51180423,21.52064144,77.99116278,99.51180423,77.99116278,95.34764639,99.51180423,99.51180423,0.876709317,0.915362004,2.673828227,2.528292402,23.28448876,23.19951905,25,60,14.1,38,D,1,0.021875,0.346553061,-0.133150529,0.308258625,-0.0857122,-38.14372134,-16.6948244,1.433457524,2.506282095,-0.962948602,2.229335587,-0.619873189,-275.8565325,-120.7374689,10.36680764,22.36498504,-10.12099636,18.28947052,-1.744169725,-2259.169201,-1441.723363,93.93309733,703,40,44,WA01,Wind_success,1,W,1,Experienced,5,Head-On,TRUE,TRUE,7.230357012,32.08405494,0.175,175,239.6477585,2.011137787,0.541666667,541.6666667,929.5224425,0.876709317,3.527415684,1.604804663,30.74998792,24.08810432,553.0840879,8237.142857,16.04054149
0703040WA02_f224,-12.60133394,114.9265719,71.32178192,18.37748528,-295.8518372,1459.230835,135.8444225,-5.70265007,-11.50772095,-5.609130859,57.44320869,-18.47039795,-17.59484863,-0.406906563,-0.821121255,-0.400233599,0.913934449,-0.293868211,-0.279938023,1.028039341,-0.569793091,-0.822081299,-0.237451172,9.391525269,1.570605469,16.17714844,224,0.141666667,0703040WA02,1.274155077,24.14435631,-16.25650578,107.8247735,26.36071117,81.46406229,107.8247735,81.46406229,73.09854151,107.8247735,107.8247735,1.028039341,1.120742063,1.274155077,1.728618735,24.14435631,23.4520758,141.6666667,60,14.1,38,D,1,0.038541667,0.393280043,-0.342521053,0.164980703,-0.100647342,-11.75273111,-21.97382057,-0.756724982,2.844213018,-2.47712249,1.193145377,-0.727884587,-84.99610257,-158.9153269,-5.472657684,23.72698971,-20.12490613,9.7404766,-5.831730499,-648.6398751,-1285.333611,-84.72908921,703,40,48,WA02,Wind_success,2,W,1,Experienced,6,Head-On,TRUE,TRUE,38.02527716,31.9682463,0.25,250,268.7100677,2.184297546,0.558333333,558.3333333,828.1341234,0.661447738,2.678132131,1.349845059,27.4553889,22.63189902,553.0840879,8237.142857,16.04054149
0703040WA03_f231,-87.31542826,133.8533792,47.57198868,-56.31380844,-276.9307861,1435.445068,166.7447308,0.322994232,-13.89041138,-3.532104492,49.49098301,-0.704040527,-45.43725586,0.022530141,-0.968911794,-0.246378427,0.736590633,-0.010478468,-0.676257674,1.199649821,0.043230743,-1.194180908,-0.1059375,-1.875421143,25.16220703,-8.087695313,231,0.083333333,0703040WA03,1.489945487,21.86958857,-42.55189211,90.81501372,-1.33206076,92.14707448,90.81501372,92.14707448,92.88828247,90.81501372,90.81501372,1.199649821,1.396057189,1.489945487,1.827368889,21.86958857,23.3664835,83.33333333,60,14.1,38,D,1,0.05,0.477403961,-0.315529367,0.343580891,-0.101527985,-32.90290293,-28.2731755,-0.446788535,3.452599709,-2.281917807,2.484787272,-0.734253419,-237.9547771,-204.47245,-3.231188036,33.14475413,-17.08464479,23.09874094,-0.677143003,-2044.010164,-1697.915954,-5.677292928,703,40,49,WA03,Wind_success,3,W,1,Experienced,7,Head-On,TRUE,TRUE,-50.05748331,46.06735617,0.166666667,166.6666667,278.8902372,2.095979245,0.241666667,241.6666667,414.9225367,1.124096931,4.747770675,1.798189117,28.8617785,24.07688062,553.0840879,8237.142857,16.04054149
0703040WA04_f180,11.94803384,997.8798917,7.102583405,42.95862198,587.1368408,1395.026245,997.9766934,-1.300285339,-14.03442383,1.802368164,12.73083496,48.64831543,-24.90722656,-0.091509431,-0.987692547,0.126844224,0.226862899,0.866910763,-0.443845642,2.173813575,-0.113333588,-2.142275391,0.351108398,-14.75013428,-209.9496094,32.69355469,180,0.508333333,0703040WA04,3.390142312,25.5732682,-26.3495069,14.6649406,5.293326125,9.371614479,14.6649406,9.371614479,11.63662386,14.6649406,14.6649406,2.173813575,1.996477387,3.390142312,3.500215359,25.5732682,25.61838642,508.3333333,60,14.1,38,D,1,0.019791667,0.369436719,-0.130302111,0.334921598,-0.085629271,-30.35154927,-14.15732082,0.016830756,2.671777387,-0.942348761,2.422163005,-0.619273443,-219.5033112,-102.3861672,0.121720533,21.83891976,-11.9705685,17.00904537,-3.316027004,-1550.292097,-1240.879734,-22.2475676,703,40,50,WA04,Wind_success,4,W,1,Experienced,8,Head-On,TRUE,TRUE,28.12569955,9.594635498,,,,2.240704528,0.466666667,466.6666667,908.4687024,,3.500215359,2.886763187,25.61838642,24.44371165,553.0840879,8237.142857,16.04054149
0703040WA05_f220,-21.09767584,172.1502556,74.10205027,9.872882843,-238.6159058,1462.046875,188.6052393,-4.129474163,-13.02407837,-2.944091797,57.25350571,-10.21005249,-26.08483887,-0.295455138,-0.931845246,-0.210643538,0.898252761,-0.160185961,-0.40924618,1.252964214,-0.246099586,-1.22413147,-0.104194336,5.469406128,-0.729711914,-7.289648437,220,0.175,0703040WA05,2.087655565,23.79286849,-24.15748982,100.1112995,17.59197821,82.51932128,100.1112995,82.51932128,88.74407391,100.1112995,100.1112995,1.252964214,1.252964214,2.087655565,2.087655565,23.79286849,24.16131283,175,60,14.1,38,D,1,0.039583333,0.321512019,-0.300384225,0.108839018,-0.035963368,-9.96795489,-24.80305352,-1.144020842,2.325184527,-2.172387689,0.787127033,-0.26008815,-72.0885476,-179.3764242,-8.273592915,33.83903769,-30.68919229,10.66757913,-4.290248924,-907.915148,-2546.858746,-111.0806514,703,40,51,WA05,Wind_success,5,W,1,Experienced,9,Head-On,TRUE,TRUE,1.984390588,36.42750011,0.3,300,367.6147548,2.207449326,0.533333333,533.3333333,834.0046881,0.820059427,3.295293301,1.544426625,25.96362157,22.83250145,553.0840879,8237.142857,16.04054149
0703040WA06_f214,-70.05890153,218.550315,57.7037735,-39.07812119,-192.2373352,1445.58374,236.6478721,-2.295898438,-13.55335999,-2.365966797,52.87740898,-11.46644592,-36.8347168,-0.164597444,-0.971666852,-0.169620781,0.807849436,-0.175181841,-0.562752709,1.280322298,-0.190157776,-1.24789856,-0.214042969,2.871331787,6.089501953,-2.149804687,214,0.225,0703040WA06,1.419242966,28.36242316,-34.24638052,102.2351346,9.614462705,92.62067189,102.2351346,92.62067189,93.57091817,102.2351346,102.2351346,1.280322298,1.330705108,1.419242966,1.598619723,28.36242316,27.47107166,225,60,14.1,38,D,1,0.015625,0.378036938,-0.271433567,0.263026409,-0.007270023,-19.49173475,-21.23588135,0.179373605,2.73397443,-1.96301567,1.902214846,-0.052577025,-140.9648081,-153.5785285,1.297235268,21.1543399,-16.61391145,12.33961175,-1.445963345,-917.3265878,-1282.844291,-29.68569967,703,40,52,WA06,Wind_success,6,W,1,Experienced,10,Head-On,TRUE,TRUE,-17.26752699,35.58049345,0.3,300,332.9788032,1.935544064,0.6,600,858.5747955,1.062115843,3.922749722,2.079277108,30.79401598,25.89288148,553.0840879,8237.142857,16.04054149
0703040WA07_f230,-50.09832342,112.9713128,55.53208313,-19.12090492,-297.8057861,1443.442505,135.4849504,-3.42846489,-12.88299561,-4.341552734,46.99193192,-8.163116455,-48.10290527,-0.244531906,-0.918867067,-0.309657004,0.693705706,-0.120505802,-0.71010615,1.011275391,-0.186655655,-0.991289062,-0.07199707,7.976815796,0.033398438,-7.553320312,230,0.091666667,0703040WA07,1.172272644,28.97513528,-45.24355267,99.85468968,14.9023458,84.95234387,99.85468968,84.95234387,89.19098842,99.85468968,99.85468968,1.011275391,1.023407142,1.172272644,1.288806996,28.97513528,27.9403635,91.66666667,60,14.1,38,D,1,0.027083333,0.365238385,-0.217535723,0.287456125,-0.058704883,-23.73781007,-18.05771641,0.671095947,2.641414913,-1.573224852,2.078891282,-0.42455547,-171.6725517,-130.5939446,4.853385942,28.22203526,-22.95952628,12.09402697,-4.557678459,-1014.593962,-1925.202009,-75.15184865,703,40,53,WA07,Wind_success,7,W,1,Experienced,11,Head-On,TRUE,TRUE,14.69900304,38.38085261,0.283333333,283.3333333,370.8055108,2.042519951,0.508333333,508.3333333,788.7181066,0.848454291,2.509348116,1.389053988,32.748345,24.88229194,553.0840879,8237.142857,16.04054149
0703040WB01_f236,-48.53990323,81.484365,37.5606325,-17.54200172,-329.2167358,1425.494751,102.0128671,-3.686086655,-12.82479858,-4.759887695,52.05558586,-6.687103271,-41.60083008,-0.26017829,-0.905224017,-0.335971332,0.777284129,-0.099850557,-0.621175699,1.370236872,-0.338913231,-1.326170654,0.062915039,2.058123779,8.952978516,-4.640625,236,0.041666667,0703040WB01,1.042623408,18.25502482,-38.4020412,97.32017225,16.03563953,81.28453272,97.32017225,81.28453272,82.98461709,97.32017225,97.32017225,1.370236872,1.43888965,1.042623408,1.042623408,18.25502482,17.79691395,41.66666667,60,14.1,38,D,1,0.030208333,0.67888844,-0.397688526,0.512361564,-0.200546695,-50.94124498,-41.54117048,-1.819402027,4.90974148,-2.876095306,3.705414142,-1.450359687,-368.4086058,-300.4269861,-13.15796982,27.17499905,-15.11137086,19.67430452,-7.70748478,-1948.573729,-1558.334789,-54.3201015,703,40,71,WB01,Wind_success,1,W,1,Experienced,13,Head-On,TRUE,TRUE,-18.48220236,25.53392686,0.15,150,254.8498847,2.404646827,0.4,400,793.0688124,1.159305999,3.550130762,1.51145364,27.82872434,23.17627839,553.0840879,8237.142857,16.04054149
0703040WB02_f229,-60.30931881,138.1577452,46.67466965,-29.33276558,-272.5490112,1434.636108,157.8077985,-2.022638321,-14.10372925,-3.047973633,51.5663929,-16.77017212,-34.63293457,-0.138818366,-0.967971699,-0.20918951,0.80145392,-0.260644955,-0.538271141,1.05628193,-0.094146194,-1.023189697,-0.244848633,11.48494263,17.79741211,-9.827929688,229,0.1,0703040WB02,1.046908825,23.70267339,-32.56602533,108.0153103,8.161232403,99.85407793,108.0153103,99.85407793,102.7581879,108.0153103,108.0153103,1.05628193,1.197920152,1.046908825,0.83773661,23.70267339,23.70267339,100,60,14.1,38,D,1,0.034375,0.404059238,-0.29251585,0.255725505,-0.110918038,-19.76787156,-20.55151192,-1.092571936,2.922168481,-2.11548337,1.84941449,-0.802162568,-142.9618378,-148.6291483,-7.901512889,24.23712668,-17.55021635,15.6637629,-4.246854702,-1190.21106,-1379.121722,-76.60511526,703,40,73,WB02,Wind_success,2,W,1,Experienced,14,Head-On,TRUE,TRUE,-66.8100182,23.48136318,0.191666667,191.6666667,268.2137433,2.037062048,0.525,525,865.5706074,1.077771238,3.402775955,1.511113753,30.13973131,24.82351492,553.0840879,8237.142857,16.04054149
0703040WB03_f222,-68.7873617,160.1976035,73.1999265,-37.79894638,-250.5167694,1461.127686,189.0851727,-0.669338226,-12.80204773,-6.193359375,52.29193878,-5.935501099,-41.68676758,-0.047013301,-0.899196401,-0.435012162,0.77887655,-0.088407941,-0.620914934,1.051702307,-0.256733093,-1.014937134,-0.100341797,9.907580566,8.882006836,-8.971875,222,0.158333333,0703040WB03,1.558339279,21.81661598,-38.38297864,96.47575609,2.99290933,93.48284676,96.47575609,93.48284676,82.28029156,96.47575609,96.47575609,1.051702307,1.140875365,1.558339279,1.558339279,21.81661598,22.53354985,158.3333333,60,14.1,38,D,1,0.025,0.389475998,-0.305073616,0.23643916,-0.052136029,-13.52524093,-16.77534286,-1.086163091,2.816702056,-2.206301507,1.709935071,-0.37704932,-97.81494652,-121.3197808,-7.85516393,26.27061728,-21.47845451,11.73067164,-5.224499348,-611.28609,-1121.580226,-120.0469302,703,40,74,WB03,Wind_success,3,W,1,Experienced,15,Head-On,TRUE,TRUE,-20.0257276,36.33276357,0.325,325,380.0461462,1.90009349,0.591666667,591.6666667,814.2230683,0.762254306,3.309513918,1.740697716,29.40687078,23.85971967,553.0840879,8237.142857,16.04054149
0703040WB05_f228,-10.04896418,117.4077493,68.46191533,20.9642334,-293.3166504,1456.371216,136.2813088,-4.304037094,-11.97909546,-6.068359375,50.09526825,-4.796844482,-38.50976563,-0.305221345,-0.849499098,-0.430338487,0.790540845,-0.075697798,-0.607712938,1.151153948,-0.406962204,-1.054870605,-0.216298828,-9.055096436,-2.67890625,7.117382813,228,0.108333333,0703040WB05,1.373414508,30.2133903,-37.4243166,95.46964919,19.76314303,75.70650615,95.46964919,75.70650615,74.37335983,95.46964919,95.46964919,1.151153948,1.11997003,1.373414508,1.736552126,30.2133903,27.42109751,108.3333333,60,14.1,38,D,1,0.017708333,0.423450567,-0.220530488,0.329116899,-0.149528435,-33.20319008,-24.16723947,1.360254148,3.062407152,-1.59488308,2.38018325,-1.081394113,-240.1264628,-174.778198,9.837398644,24.74535602,-18.00774202,13.56218804,-6.491986102,-1432.516075,-1877.683504,98.70828258,703,40,76,WB05,Wind_success,5,W,1,Experienced,16,Head-On,TRUE,TRUE,20.15901609,23.73200316,0.3,300,379.2956082,1.98853312,0.5,500,739.6763568,0.897810017,2.017732039,1.100659261,30.2133903,22.72651626,553.0840879,8237.142857,16.04054149
0703040WB06_f229,-29.39523644,123.731612,54.31782633,1.605461836,-286.9789429,1442.244141,138.2896163,-4.011029243,-13.15808105,-3.882446289,53.76198888,-20.75064087,-28.41625977,-0.280624123,-0.920580414,-0.271628059,0.8367258,-0.322953018,-0.442257033,1.134918419,-0.429285936,-1.017191162,-0.262822266,3.255410385,-1.08984375,-1.386914063,229,0.1,0703040WB06,0.861735281,24.00297614,-26.24797763,111.1052092,16.95299893,94.15221026,111.1052092,94.15221026,88.22396949,111.1052092,111.1052092,1.134918419,1.134918419,0.861735281,0.327132609,24.00297614,,100,60,14.1,38,D,1,0.045833333,0.378016425,-0.269364743,0.22807747,-0.135350363,-18.37791456,-22.55341718,-0.277049797,2.733826081,-1.948053869,1.649463076,-0.978857867,-132.9096272,-163.1069869,-2.003632407,27.08002801,-20.1095788,14.67813755,-6.484963126,-1223.82847,-1769.937672,-7.885601675,703,40,77,WB06,Wind_success,6,W,1,Experienced,17,Head-On,TRUE,TRUE,32.60300964,31.6845787,0.233333333,233.3333333,305.1056645,1.886674431,0.708333333,708.3333333,1081.121492,0.856095601,3.81563794,1.878098344,26.70079724,23.41452535,553.0840879,8237.142857,16.04054149
0703040WB07_f201,50.61478179,323.8373591,69.06725718,81.61157227,-86.86647797,1456.990845,334.9668302,-5.254394531,-13.33466339,-1.368530273,26.708992,36.11840439,-45.19946289,-0.364945902,-0.926163943,-0.095051773,0.419127644,0.566783716,-0.709287134,1.59406579,-0.259332275,-1.570742798,-0.080991211,-16.23702393,9.974871826,-15.3,201,0.333333333,0703040WB07,0.353083156,,-45.17694413,36.48234298,21.50643809,14.97590489,36.48234298,14.97590489,27.10728653,36.48234298,36.48234298,1.59406579,1.659162474,0.353083156,0.966920561,,,333.3333333,60,14.1,38,D,1,0.029166667,0.377697544,-0.24508258,0.280864554,-0.060869256,-23.66104931,-20.69094102,0.952205378,2.731519923,-1.772444539,2.031220844,-0.44020828,-171.1174155,-149.6375037,6.886377742,17.72775067,-12.5803444,10.94815353,-3.5429275,-968.3479042,-1057.709836,27.44179767,703,40,78,WB07,Wind_success,7,W,1,Experienced,18,Head-On,TRUE,TRUE,47.17400763,14.93890483,,,,1.741891382,0.475,475,565.943777,,2.844301459,2.122597288,26.13854688,23.82391356,553.0840879,8237.142857,16.04054149
0703040WB08_f227,-47.09944978,149.7040675,40.78376948,-16.11027336,-260.9995728,1428.734009,162.1511081,-2.203731537,-13.53533936,-3.290405273,53.00977898,-18.86273193,-31.63098145,-0.156262126,-0.959763416,-0.233315953,0.821254354,-0.292231,-0.490043191,1.248052912,-0.278319855,-1.214474487,-0.072290039,7.538735962,-0.153149414,-3.990234375,227,0.116666667,0703040WB08,1.06256391,21.97751001,-29.34342042,109.587336,9.247367191,100.3399688,109.587336,100.3399688,96.67980248,109.587336,109.587336,1.248052912,1.251594637,1.06256391,0.857462592,21.97751001,21.80734677,116.6666667,60,14.1,38,D,1,0.051041667,0.522480436,-0.342048447,0.381940601,-0.10054871,-36.80101929,-23.6422487,-0.490244437,3.778594122,-2.473704589,2.762205838,-0.727171272,-266.1460711,-170.981449,-3.545462413,23.17059053,-16.05049232,15.06732914,-5.897119083,-1329.970489,-1069.121387,-59.0958158,703,40,79,WB08,Wind_success,8,W,1,Experienced,19,Head-On,TRUE,TRUE,-28.92159304,29.31772532,0.233333333,233.3333333,310.3734546,2.064070359,0.5,500,783.618726,0.89313748,4.843048725,1.665448944,29.46938825,23.64908739,553.0840879,8237.142857,16.04054149
0703040WB09_f225,-41.61162783,143.5337871,63.51397324,-10.62187481,-267.1780701,1451.450073,162.3807267,-2.426194191,-13.70492554,-3.186645508,56.25492382,-21.68469238,-22.37658691,-0.169923341,-0.959851748,-0.223183063,0.874769624,-0.337199109,-0.347958138,1.338526467,-0.195211372,-1.268188477,-0.381108398,4.008251953,-6.006665039,-3.294140625,225,0.133333333,0703040WB09,1.868828866,24.21945705,-20.36247644,111.0802494,10.03910624,101.0411432,111.0802494,101.0411432,102.3294331,111.0802494,111.0802494,1.338526467,1.338526467,1.868828866,1.418822786,24.21945705,24.7840715,133.3333333,60,14.1,38,D,1,0.029166667,0.590493413,-0.4763269,0.335607908,-0.09572088,-30.22538441,-41.66031228,-1.646447371,4.270466006,-3.444810374,2.42712642,-0.692256263,-218.5908832,-301.2886232,-11.90715658,20.42068147,-16.19924148,11.21196019,-3.489996007,-998.7146367,-1405.182432,-45.43301713,703,40,80,WB09,Wind_success,9,W,1,Experienced,20,Head-On,TRUE,TRUE,-38.37773345,26.71558549,0.233333333,233.3333333,305.5514558,2.225409495,0.525,525,881.5094891,0.783189908,3.310483344,1.710456817,30.90907003,23.87330086,553.0840879,8237.142857,16.04054149
0703040WC01_f226,-34.03005952,154.3110451,56.04636332,-3.01531148,-256.2783203,1444.04248,167.663766,-3.588258505,-13.0664978,-3.725219727,55.47498631,-24.81533813,-17.47668457,-0.255337921,-0.929802682,-0.265083984,0.877278064,-0.39242825,-0.276375228,1.36635355,-0.379028855,-1.27149353,-0.32644043,4.583330011,4.438916016,2.4890625,226,0.125,0703040WC01,1.966738291,19.00514931,-16.04398556,114.1001528,15.35575028,98.74440251,114.1001528,98.74440251,97.50097341,114.1001528,114.1001528,1.36635355,1.386724381,1.966738291,1.389654947,19.00514931,,125,60,14.1,38,D,1,0.017708333,0.283032366,-0.178129191,0.204145138,-0.081866195,-15.46616153,-14.71063341,-0.16916591,2.046898526,-1.288235631,1.47638374,-0.59205877,-111.8517423,-106.3877404,-1.223412915,37.32627525,-30.53062956,16.81449936,-5.632956861,-1315.238677,-2421.242821,-60.63317235,703,40,92,WC01,Wind_success,1,W,1,Experienced,21,Head-On,TRUE,TRUE,-8.917941816,35.61590697,0.25,250,354.5909364,2.287935641,0.466666667,466.6666667,783.0694612,0.878836238,3.796382774,1.722547135,29.19700229,22.39947601,553.0840879,8237.142857,16.04054149
0703040WC02_f212,32.48608297,93.25831153,49.28472799,63.57039261,-317.3319092,1437.221924,110.3695731,-10.26091003,-9.329833984,-3.67199707,49.06785965,-18.60528564,-32.64819336,-0.715231599,-0.650331409,-0.255954718,0.793928835,-0.301037642,-0.528254998,0.897445522,-0.739008636,-0.507945557,0.035581055,-4.161785889,1.653222656,1.928320313,212,0.241666667,0703040WC02,1.841839273,25.95751106,-31.88762774,110.7654546,47.72101032,63.04444429,110.7654546,63.04444429,55.26750782,110.7654546,110.7654546,0.897445522,0.897445522,1.841839273,1.699638803,25.95751106,27.69873087,241.6666667,60,14.1,38,D,1,-0.040625,0.275331044,-0.233891119,0.112623593,-0.091749959,-9.160341539,-19.04821918,-0.669069047,1.99120234,-1.69150756,0.814497186,-0.663538443,-66.24786371,-137.7572903,-4.83872734,34.81793868,-33.48909257,6.781972135,1.24442547,-637.9953231,-2855.106604,62.28301515,703,40,96,WC02,Wind_success,2,W,1,Experienced,22,Head-On,TRUE,TRUE,125.8044101,39.27071077,0.466666667,466.6666667,363.3237033,2.051641516,0.825,825,984.25563,0.249978608,3.220470321,2.070570384,27.78274513,22.78446669,553.0840879,8237.142857,16.04054149
0703040WC03_f226,15.13982405,124.4306772,26.10085246,46.21681213,-286.1579285,1414.051025,128.0369564,-7.596466064,-11.70141602,-1.435058594,44.71566772,-18.5105896,-39.59448242,-0.541653754,-0.834350586,-0.102324537,0.715120692,-0.296032829,-0.63321952,0.988049495,-0.576268158,-0.8002771,0.0609375,6.597454834,4.865625,-13.26621094,226,0.125,0703040WC03,2.110441485,23.12799956,-39.28805433,112.4876988,32.9913121,79.49638672,112.4876988,79.49638672,76.73057492,112.4876988,112.4876988,0.988049495,1.065301005,2.110441485,1.689835795,23.12799956,24.68020088,125,60,14.1,38,D,1,0.016666667,0.33735244,-0.11484158,0.282426735,-0.14440644,-27.50231729,-12.1256331,0.725984926,2.439742929,-0.830537734,2.042518589,-1.044351687,-198.8975804,-87.69294087,5.250344678,39.61759412,-30.52505471,16.80511068,-4.559550426,-1674.690666,-3106.635696,-16.0347753,703,40,97,WC03,Wind_success,3,W,1,Experienced,23,Head-On,TRUE,TRUE,93.43573685,27.052672,0.308333333,308.3333333,351.0223254,2.060428562,0.641666667,641.6666667,920.7046732,0.674000868,2.896022592,1.811289631,26.82609387,21.76633884,553.0840879,8237.142857,16.04054149
0703040WC04_f215,-61.42655691,204.8175983,44.45168025,-30.36616325,-205.7387848,1432.45752,218.4019743,-0.725469589,-13.6754303,-3.663696289,54.4760704,-28.07365417,-21.91137695,-0.051174961,-0.964671184,-0.258438832,0.83701629,-0.431347299,-0.336664875,0.955320537,-0.25472374,-0.839787598,-0.377504883,19.76344299,12.51606445,-17.68710938,215,0.216666667,0703040WC04,2.792790132,20.81173882,-19.67380998,117.2638257,3.036644427,114.2271813,117.2638257,114.2271813,100.3902654,117.2638257,117.2638257,0.955320537,1.058379166,2.792790132,2.591329238,20.81173882,20.10420818,216.6666667,60,14.1,38,D,1,0.026041667,0.467585225,-0.289214456,0.3494094,-0.113595829,-20.46159133,-17.23295599,-0.228931141,3.381590319,-2.091607591,2.526939218,-0.82152843,-147.9788399,-124.6292526,-1.65563685,25.89038794,-19.18144095,14.60883158,-0.863025429,-916.4786836,-1218.235496,-43.05845419,703,40,100,WC04,Wind_success,4,W,1,Experienced,25,Head-On,TRUE,TRUE,-32.61088152,44.04343292,0.358333333,358.3333333,404.2282684,2.17008288,0.608333333,608.3333333,882.6664586,0.906231778,3.593749514,1.929239018,29.78674571,23.31359406,553.0840879,8237.142857,16.04054149
0703040WC05_f221,-4.776332188,120.1390563,52.53269831,26.28570938,-290.416626,1440.539307,131.2093388,-7.418600082,-11.31970215,-4.045166016,48.73129654,-21.97714233,-32.80334473,-0.525185583,-0.801356632,-0.28636978,0.776966312,-0.350401086,-0.523012839,0.834823399,-0.468017807,-0.688956299,-0.056821289,5.890429687,9.721582031,-3.21328125,221,0.166666667,0703040WC05,2.319059836,22.88564352,-31.53456464,114.2747177,33.23965556,81.03506218,114.2747177,81.03506218,80.08589276,114.2747177,114.2747177,0.834823399,0.927983262,2.319059836,1.989142772,22.88564352,22.79083935,166.6666667,60,14.1,38,D,1,0.042708333,0.362909533,-0.320706068,0.141404874,-0.094104244,-16.51774387,-22.44315951,-0.00485974,2.624572588,-2.319355868,1.022644274,-0.680564704,-119.4568172,-162.3096002,-0.035145784,21.87644313,-14.72161649,12.92934108,-4.739782304,-1056.826658,-1466.220643,52.55648125,703,40,101,WC05,Wind_success,5,W,1,Experienced,26,Head-On,TRUE,TRUE,35.8732619,32.6266711,0.425,425,401.9110002,2.091853235,0.775,775,1005.400339,0.637123993,4.222299633,1.727686002,25.27089527,21.70072563,553.0840879,8237.142857,16.04054149
0703040WC06_f219,-60.15562363,170.7142975,87.68808594,-36.45562363,-242.9857025,1474.788086,201.125013,-1.551334381,-12.5300293,-6.657958984,56.57520676,-21.2381134,-20.42419434,-0.108685296,-0.877844238,-0.466451498,0.88692007,-0.332946358,-0.320186684,0.980240451,-0.138888702,-0.627339478,-0.740288086,23.93778076,9.656762695,-9.465820313,219,0.183333333,0703040WC06,2.482971952,22.41612643,-18.67421513,110.5759408,7.057835033,103.5181057,110.5759408,103.5181057,98.0924045,110.5759408,110.5759408,0.980240451,1.026134085,2.482971952,1.761001513,22.41612643,22.64899715,183.3333333,60,14.1,38,D,1,0.016666667,0.546374591,-0.497380751,0.186847629,-0.127379531,-18.6377911,-32.42663307,-0.192395889,3.951397365,-3.597072455,1.351287637,-0.921212575,-134.7890621,-234.5103793,-1.391412815,19.60495931,-18.02408682,5.842374868,-4.727389975,-639.112608,-1060.700349,4.041444929,703,40,102,WC06,Wind_success,6,W,1,Experienced,27,Head-On,TRUE,TRUE,-23.50701633,40.49450312,0.325,325,351.2614617,1.829366282,0.775,775,921.3619517,0.674786389,4.774798029,2.329415857,29.25266859,22.86726676,553.0840879,8237.142857,16.04054149
0704040MC01_f239,-6.278785965,63.83669875,38.86676441,20.37738991,-342.2416382,1426.990845,75.0011509,-5.500387192,-13.12741089,-2.719970703,44.84602928,-23.0289917,-40.09472656,-0.379579572,-0.905917498,-0.187704116,0.696221897,-0.357518571,-0.622459269,1.370169391,-0.314090652,-1.321801758,-0.177626953,22.06675415,13.33037109,-19.81230469,239,0.016666667,0704040MC01,2.059929075,26.56985933,-38.49594656,117.1810602,22.73369155,94.44736862,117.1810602,94.44736862,103.8141645,117.1810602,117.1810602,1.370169391,1.517006842,2.059929075,1.91784311,26.56985933,27.0725232,16.66666667,59,14.5,36,D,3,0.023958333,1.046443773,-0.230939575,0.935105207,-0.409010679,-119.6702831,-41.21252452,5.640369424,7.359142632,-1.624088477,6.576151313,-2.876378071,-841.5843301,-289.828134,39.6660424,27.33236783,-6.663512879,23.68444633,-10.3515821,-3016.15603,-1156.930293,148.4539048,704,40,113,MC01,Wind_missed,1,M,1,Experienced,27,Failure,FALSE,FALSE,43.9741379,34.95287971,0.225,225,442.8052731,2.818430532,0.366666667,366.6666667,803.2718948,1.517006842,4.615718584,1.690594957,28.07003343,25.5394684,496.3967991,7964.859524,17.13693504
0704040UA01_f240,-23.9465101,37.60944508,43.50428365,2.58467865,-368.6673889,1431.463623,62.29388735,,,,44.58627701,-9.253997803,-50.7401123,,,,0.653976291,-0.135734481,-0.744238646,1.089753689,-0.10877924,-1.08416748,0.017636719,2.036274719,14.89526367,-9.066796875,240,0.008333333,0704040UA01,1.529825976,22.36914189,-48.093746,101.7254104,,,101.7254104,,95.99585071,101.7254104,101.7254104,1.089753689,1.218389773,1.529825976,1.529825976,22.36914189,23.27335596,8.333333333,59,14.5,36,D,3,0.023958333,0.924642121,-0.391358791,0.811400885,-0.208398541,-111.2241962,-59.73247412,6.700195297,6.50256939,-2.752240719,5.706197501,-1.465568074,-782.1870079,-420.0701538,47.119295,26.25172342,-11.64077816,22.37711666,-3.978214225,-3025.44867,-1765.313332,177.1119215,704,40,56,UA01,Wind_Uturn,1,U,1,Experienced,2,U-Turn,TRUE,FALSE,25.18393142,38.01748473,0.141666667,141.6666667,243.39189,2.719356679,0.341666667,341.6666667,718.7764835,1.218389773,3.625935473,2.015577545,32.13213979,25.55436648,496.3967991,7964.859524,17.13693504
0704040WA01_f240,-22.63424575,50.83277873,21.87088183,3.734170198,-355.4372559,1409.813354,59.78809201,-2.624285936,-14.21810913,0.614624023,30.02643847,2.686676025,-59.12390137,-0.181343852,-0.982502188,0.042471853,0.452437325,0.04048274,-0.890876879,1.903563692,0.159087181,-1.854873047,0.397104492,6.785068703,17.64008789,12.14648438,240,0.008333333,0704040WA01,1.266670084,44.5017875,-62.98364279,84.88696101,10.45758747,74.42937354,84.88696101,74.42937354,89.78906045,84.88696101,84.88696101,1.903563692,2.026218475,1.266670084,2.010906637,,,8.333333333,59,14.5,36,D,3,0.027083333,1.828779765,-0.132155855,1.382264534,1.190090341,-154.1051959,-27.67942582,0.780350034,12.86094053,-0.929389431,9.720810728,8.369340796,-1083.748736,-194.6562709,5.487831598,46.52416202,-3.040814423,35.28957075,24.11510884,-4085.003522,-621.1775775,33.3110026,704,40,54,WA01,Wind_success,1,W,1,Experienced,1,Head-On,TRUE,TRUE,-23.83885647,21.7363584,0.083333333,83.33333333,208.3016928,2.969097329,0.325,325,860.6136507,2.026218475,5.046561284,2.319115698,28.07994968,25.77587101,496.3967991,7964.859524,17.13693504
0704040WA02_f240,-72.45754158,72.19898504,29.9415891,-45.94339752,-334.0246887,1418.024414,106.5799584,0.783977509,-14.59179688,0.237060547,35.19776535,-12.79983521,-57.37573242,0.053642841,-0.998428434,0.01622062,0.513702272,-0.186810281,-0.837383959,1.545378245,0.229720917,-1.528161621,0.012011719,0.410668945,9.270703125,-14.51074219,240,0.008333333,0704040WA02,0.741147261,26.31844581,-56.86489449,109.9840379,-3.075389315,113.0594272,109.9840379,113.0594272,118.5330148,109.9840379,109.9840379,1.545378245,1.626729227,0.741147261,0.757451267,26.31844581,26.31844581,8.333333333,59,14.5,36,D,3,0.023958333,0.589047871,-0.075774873,0.583594867,-0.025545917,-52.48462328,-8.521750405,0.692548816,4.142494235,-0.532888733,4.104145847,-0.179652318,-369.0994572,-59.92942794,4.870367283,34.62669068,-14.54463526,28.58509968,3.30425796,-2651.998606,-1553.841698,-48.54649683,704,40,58,WA02,Wind_success,2,W,1,Experienced,3,Head-On,TRUE,TRUE,-76.75185582,21.6197836,0.116666667,116.6666667,293.3597144,2.69936543,0.283333333,283.3333333,708.4613735,1.626729227,4.609330691,2.399187311,28.3288681,25.03833625,496.3967991,7964.859524,17.13693504
0704040WA03_f238,-54.56280747,62.43916186,10.96179199,-27.97287369,-343.7920532,1398.988525,83.64155532,-2.620483398,13.75244141,-3.907470703,29.23308909,12.16040039,-61.45581055,-0.180288379,0.946163355,-0.268832673,0.422857592,0.17590059,-0.888960314,1.72994186,0.382958908,-1.559758301,0.642802734,-23.04525146,2.054003906,20.57871094,238,0.025,0704040WA03,0.568668254,32.13471136,-62.74288975,67.41363294,169.2117994,-101.7981665,67.41363294,101.7981665,81.2082812,67.41363294,67.41363294,1.72994186,1.743358606,0.568668254,0.568668254,32.13471136,,25,59,14.5,36,D,3,0.027083333,1.122389056,-0.042437126,1.117970207,0.089993878,-126.7887065,-11.40497314,-0.524535656,7.893229775,-0.298440172,7.862154111,0.632884249,-891.6448251,-80.20576565,-3.68881043,33.29029461,-1.425715108,31.78976693,3.751108329,-3525.156175,-370.5830707,-12.33612027,704,40,59,WA03,Wind_success,3,W,1,Experienced,4,Head-On,TRUE,TRUE,-79.26257962,26.51893708,0.125,125,283.0970064,2.647700768,0.216666667,216.6666667,504.4477438,1.738309045,4.387083201,2.440103231,30.03407262,26.16861095,496.3967991,7964.859524,17.13693504
0704040WA04_f236,-28.05006055,83.79244995,36.58664138,-1.311706901,-322.4290161,1424.754883,95.63766462,2.931082726,13.98925781,-0.458496094,41.50571477,-8.88772583,-50.23657227,0.204965408,0.978243948,-0.032061817,0.631092897,-0.135137551,-0.763845271,1.048398006,0.000700607,-1.034245605,0.171679688,-8.936962509,8.509570312,10.81054688,236,0.041666667,0704040WA04,1.371895339,27.06740873,-49.8043713,102.0863681,-168.1663542,270.2527223,102.0863681,270.2527223,102.1251808,102.0863681,102.0863681,1.048398006,1.11071341,1.371895339,1.367119249,27.06740873,27.53503336,41.66666667,59,14.5,36,D,3,0.058333333,0.343030601,-0.282973579,0.193798309,-0.006177571,-26.78586251,-39.3644533,-1.705502898,2.412371486,-1.990018941,1.362891569,-0.043443923,-188.372264,-276.8315258,-11.9939928,22.10348081,-14.44722926,14.99105566,-0.496016939,-1968.337611,-1976.812581,-67.35659992,704,40,60,WA04,Wind_success,4,W,1,Experienced,5,Head-On,TRUE,TRUE,3.921959439,32.40060107,0.15,150,230.330666,2.740170715,0.375,375,738.576343,1.037489386,4.211926877,1.719544009,31.01593109,27.20516142,496.3967991,7964.859524,17.13693504
0704040WA05_f235,-56.73180847,107.4571955,19.58089048,-30.1804924,-298.7568665,1407.717896,123.0811043,-0.93567276,-14.51321411,0.839355469,47.9591713,-18.14151001,-42.46630859,-0.064229952,-0.996270374,0.05761818,0.720349385,-0.272486476,-0.637846286,1.415136102,0.163112183,-1.405125732,0.040327148,21.99839172,11.27504883,-23.41757813,235,0.05,0704040WA05,2.430171299,24.41017277,-39.63140927,110.7201208,3.68877692,107.0313438,110.7201208,107.0313438,117.3415901,110.7201208,110.7201208,1.415136102,1.517600224,2.430171299,2.005506156,24.41017277,24.02193896,50,59,14.5,36,D,3,0.033333333,0.849648551,-0.271714104,0.805030243,0.000643835,-84.98517567,-32.49762301,-0.740187757,5.975175194,-1.910836395,5.661395797,0.004527784,-597.6604241,-228.540366,-5.205389353,24.82203702,-9.78030007,21.77258552,-0.246238557,-2294.822952,-1152.919639,-27.09079314,704,40,62,WA05,Wind_success,5,W,1,Experienced,6,Head-On,TRUE,TRUE,-48.04724652,36.74057547,0.183333333,183.3333333,365.3352074,2.889594295,0.3,300,672.6250624,1.306678199,5.009564593,2.493091083,28.68569706,25.29050214,496.3967991,7964.859524,17.13693504
0704040WA06_f235,-45.71873844,110.1578621,39.71556468,-19.11571121,-296.0766602,1427.782837,125.7071346,-0.872690201,-14.54046631,-1.2578125,50.11511803,-22.7258606,-38.671875,-0.05968812,-0.994503082,-0.086028768,0.745128684,-0.337895854,-0.57498664,1.176477865,0.061932678,-1.170457764,-0.101455078,15.81432495,11.62529297,-14.25410156,235,0.05,0704040WA06,0.299607417,56.10091164,-35.09869659,114.3930161,3.434659925,110.9583562,114.3930161,110.9583562,117.4218951,114.3930161,114.3930161,1.176477865,1.269377135,0.299607417,0.807593083,,,50,59,14.5,36,D,3,0.051041667,0.35954814,-0.248078097,0.239601504,-0.10160336,-25.48044095,-29.23973114,-0.014891698,2.528531505,-1.744615567,1.68500371,-0.71452823,-179.1918534,-205.629158,-0.104726245,26.6593033,-16.88249876,19.23989754,-4.299182789,-2077.41949,-1910.152567,56.48832079,704,40,63,WA06,Wind_success,6,W,1,Experienced,7,Head-On,TRUE,TRUE,-55.71364225,37.99269144,0.191666667,191.6666667,347.4309793,2.749591216,0.383333333,383.3333333,815.6264216,1.221523878,4.952241886,1.860779043,28.77125238,25.9582715,496.3967991,7964.859524,17.13693504
0704040WA07_f232,8.996562896,67.97870447,49.27481624,35.55470657,-338.2516785,1437.249756,84.43962293,-11.85454941,-8.309844971,-0.562988281,49.17110825,-25.63842773,-27.125,-0.818234868,-0.573569241,-0.03885906,0.796519933,-0.415315405,-0.439396303,0.867688801,-0.204307709,-0.838718262,0.087714844,25.94344482,-11.51411133,0.384960938,232,0.075,0704040WA07,2.207746746,28.00865851,-26.06536924,117.5380968,54.97017356,62.56792329,117.5380968,62.56792329,103.8477543,117.5380968,117.5380968,0.867688801,0.867688801,2.207746746,2.133163112,28.00865851,28.46322119,75,59,14.5,36,D,3,0.683333333,0.21630688,-0.20427774,-0.050713743,-0.049873716,4.28783078,-22.82372085,-0.537340204,1.521183672,-1.436588436,-0.356645699,-0.350738186,30.15427976,-160.5084013,-3.778858747,12.35739166,-3.450228276,7.476364101,-1.438680287,-978.4445908,-540.7570462,76.12771356,704,40,64,WA07,Wind_success,7,W,1,Experienced,8,Head-On,TRUE,TRUE,21.72445673,39.1488419,0.25,250,305.5121207,2.797225832,0.425,425,716.2743675,0.530411637,3.949497016,1.859734353,30.52014729,24.78649531,496.3967991,7964.859524,17.13693504
0704040WA08_f234,-40.29005521,94.99224188,38.68669132,-13.60480976,-311.2322693,1426.758545,110.1974349,2.841561317,14.25201416,2.112792969,53.95488834,-4.827575684,-33.02087402,0.193496882,0.970494736,0.143871205,0.850467874,-0.076095015,-0.520493942,1.027181089,-0.073473244,-1.021677246,-0.076669922,6.007365417,2.108935547,-3.352148438,234,0.058333333,0704040WA08,1.274659214,30.12411555,-31.36538999,95.11288459,-168.7242491,263.8371336,95.11288459,263.8371336,90.99957762,95.11288459,95.11288459,1.027181089,1.047702273,1.274659214,1.758460965,30.12411555,25.55878264,58.33333333,59,14.5,36,D,3,0.034375,0.401532043,-0.219855128,0.333340704,-0.04213881,-37.69654969,-26.01202424,0.053481733,2.823784372,-1.546136814,2.344227036,-0.296342263,-265.101951,-182.9302265,0.376111657,26.6833489,-16.96769394,19.59220058,-1.650324267,-2202.511002,-1927.335733,86.13912912,704,40,68,WA08,Wind_success,8,W,1,Experienced,9,Head-On,TRUE,TRUE,0.544529091,41.75642938,0.266666667,266.6666667,431.1978912,2.585801369,0.483333333,483.3333333,947.5383897,1.008886856,3.964112642,2.226013752,27.46337445,24.03527068,496.3967991,7964.859524,17.13693504
0704040WA09_f232,-53.90860946,116.7717219,43.26426107,-27.21427155,-289.4451294,1431.332397,135.6966083,1.513502121,14.34918213,0.498535156,44.81182671,-4.822021484,-44.76965332,0.104832108,0.993890261,0.034530835,0.705398664,-0.07590513,-0.704734798,1.336460618,0.026527863,-1.336083984,0.017402344,2.789840698,5.932177734,2.534765625,232,0.075,0704040WA09,2.245272813,28.65227877,-44.80812278,96.14173732,-173.9789022,270.1206396,96.14173732,270.1206396,97.27919192,96.14173732,96.14173732,1.336460618,1.385527675,2.245272813,2.245272813,28.65227877,29.2775339,75,59,14.5,36,D,3,0.022916667,0.325855378,-0.178147983,0.271971242,0.021832709,-29.08725834,-21.66096792,-0.340189768,2.291586293,-1.252830253,1.912644725,0.153539088,-204.5568891,-152.3313116,-2.392393256,24.25089594,-16.68711203,16.60111382,-0.280122223,-1833.785661,-1945.454866,-24.65634377,704,40,69,WA09,Wind_success,9,W,1,Experienced,10,Head-On,TRUE,TRUE,-40.05417157,33.691233,0.216666667,216.6666667,374.5268289,2.525892741,0.408333333,408.3333333,793.0083236,1.186832359,3.611836675,2.003115324,29.76429534,25.84532276,496.3967991,7964.859524,17.13693504
0704040WA10_f235,-64.26174273,99.55309077,47.60240884,-37.59846115,-306.6513367,1435.690552,127.6964322,-0.245227814,14.37841797,2.378173828,45.98843193,-2.567382813,-44.63806152,-0.016824281,0.986456368,0.163158751,0.716988239,-0.040027094,-0.695935125,1.41943694,0.205779419,-1.38815918,-0.213237305,10.3336853,6.882275391,-4.283789062,235,0.05,0704040WA10,1.545038014,23.3583483,-44.10178146,93.19531804,179.0228997,-85.82758165,93.19531804,85.82758165,101.6273843,93.19531804,93.19531804,1.41943694,1.461281405,1.545038014,1.404629887,23.3583483,24.31183568,50,59,14.5,36,D,3,0.017708333,0.59116899,-0.213129165,0.540564732,-0.108841646,-55.99395995,-22.4157985,0.762108868,4.157411057,-1.498836311,3.801535319,-0.765431663,-393.7789572,-157.639677,5.359550129,31.72002371,-20.10804047,19.6235438,0.519513812,-2093.799865,-2127.449852,-72.62548294,704,40,70,WA10,Wind_success,10,W,1,Experienced,11,Head-On,TRUE,TRUE,-63.0228231,33.96755633,0.183333333,183.3333333,366.4130652,2.68404764,0.325,325,703.6307634,1.388144566,4.533040623,2.129513334,27.93629277,24.74573193,496.3967991,7964.859524,17.13693504
0704040WB01_f235,-23.46784505,83.80465622,32.42241211,3.161075354,-322.3669434,1420.541748,92.8718093,-7.231105566,-12.52999878,0.497558594,40.86611962,-20.14877319,-46.57336426,-0.4995443,-0.865606152,0.034372691,0.627219998,-0.309246721,-0.714815738,0.821088451,-0.119467535,-0.808978271,0.073945313,1.009386063,3.739306641,-5.155664063,235,0.05,0704040WB01,1.268377196,23.67258419,-45.62810025,116.2453006,29.98939274,86.2559079,116.2453006,86.2559079,107.8447449,116.2453006,116.2453006,0.821088451,0.857819693,1.268377196,1.268377196,23.67258419,24.62476957,50,59,14.5,36,D,3,0.05625,0.3216415,-0.24844347,0.194031761,-0.063880925,-21.24686014,-29.76060919,-1.649059073,2.261952086,-1.747185063,1.364533329,-0.449244244,-149.419088,-209.2922462,-11.59705016,22.10921137,-15.57578137,13.88317618,-3.725067556,-1508.808045,-1911.743134,-114.9700703,704,40,83,WB01,Wind_success,1,W,1,Experienced,12,Head-On,TRUE,TRUE,36.58747384,42.65732001,0.3,300,426.8628329,2.753452039,0.441666667,441.6666667,769.4124951,0.935061928,3.560019928,1.634914832,28.96610852,25.39114366,496.3967991,7964.859524,17.13693504
0704040WB02_f230,-27.86539058,113.3538163,32.18923676,-1.138555527,-292.8426514,1420.202148,121.0855673,4.628985167,13.78872681,-0.680419922,51.93645287,-15.5838623,-32.81079102,0.317905415,0.94697018,-0.046729287,0.819468352,-0.24588668,-0.517698136,1.023492549,-0.176711755,-1.004685059,0.083173828,3.465266418,14.12885742,2.986523437,230,0.091666667,0704040WB02,2.885842663,21.1587851,-31.1779733,106.702206,-161.4426887,268.1448948,106.702206,268.1448948,96.72661729,106.702206,106.702206,1.023492549,1.142586183,2.885842663,2.800043996,21.1587851,22.54926581,91.66666667,59,14.5,36,D,3,0.077083333,0.461976772,-0.368378433,0.278778241,0.001600322,-30.06367157,-41.44576052,-0.890736002,3.248863481,-2.59063076,1.960515118,0.011254307,-211.4235402,-291.4683721,-6.264123744,20.5384541,-16.1854437,11.14782244,-1.578995683,-1205.772882,-1814.201243,-48.7492276,704,40,87,WB02,Wind_success,2,W,1,Experienced,13,Head-On,TRUE,TRUE,20.88195071,36.07623013,0.241666667,241.6666667,360.0130802,2.644117223,0.45,450,839.3498985,0.769733267,3.960318666,1.92097856,31.17579441,24.03410854,496.3967991,7964.859524,17.13693504
0704040WB03_f229,-9.585082793,153.5606545,22.75895599,17.17247391,-252.6291504,1410.83374,155.5336571,,,,46.60352707,-23.28625488,-36.24536133,,,,0.734313232,-0.366912252,-0.571103736,1.296411141,-0.181101151,-1.271782837,0.174506836,22.68663025,12.32094727,-15.40019531,229,0.1,0704040WB03,2.666967842,27.76579791,-34.82722852,116.5497957,,,116.5497957,,108.4453955,116.5497957,116.5497957,1.296411141,1.455287619,2.666967842,2.976755564,27.76579791,27.25697541,100,59,14.5,36,D,3,0.027083333,0.561147382,-0.209380372,0.514899682,-0.076971178,-62.13918925,-28.78349734,-0.018880363,3.946283333,-1.472472825,3.621045196,-0.541301777,-436.9954396,-202.4206821,-0.132776635,22.78153313,-11.27280041,17.54256991,-2.166185306,-2167.778496,-1479.861549,-32.76583554,704,40,88,WB03,Wind_success,3,W,1,Experienced,14,Head-On,TRUE,TRUE,31.55147211,39.13870477,0.25,250,377.8760385,2.670638328,0.408333333,408.3333333,759.4334989,0.989307719,3.658332097,1.946580785,28.77248688,24.57561346,496.3967991,7964.859524,17.13693504
0704040WB04_f224,7.343249815,150.4936524,23.79996028,34.09687424,-255.6916962,1411.86084,152.540817,-7.527292252,-12.35762024,1.092529297,52.40291214,-26.82286072,-14.75402832,-0.518735743,-0.851612918,0.075290553,0.863459634,-0.441968901,-0.243106869,1.190964705,-0.228746796,-1.167191162,-0.06112793,13.99048462,0.487133789,-7.915429687,224,0.141666667,0704040WB04,2.106782493,25.05539121,-14.06998313,117.1060093,31.34649282,85.75951652,117.1060093,85.75951652,106.0176856,117.1060093,117.1060093,1.190964705,1.221108941,2.106782493,1.329202895,25.05539121,23.94399025,141.6666667,59,14.5,36,D,3,0.025,0.26012519,-0.133597643,0.209519863,-0.076929912,-23.69014249,-15.22918852,0.412249023,1.829337057,-0.939528843,1.473453799,-0.541011574,-166.6015337,-107.0996582,2.899151812,24.66409781,-19.74953365,11.26464859,-4.030035226,-1228.716975,-2337.446419,-96.14780997,704,40,89,WB04,Wind_success,4,W,1,Experienced,15,Head-On,TRUE,TRUE,15.79122023,43.71731162,0.3,300,412.5750629,2.721094444,0.458333333,458.3333333,795.9566284,0.806913042,3.655592741,1.756877091,26.22783879,23.65597302,496.3967991,7964.859524,17.13693504
0704040WB05_f225,-22.84156753,169.7875873,25.2555662,3.938019991,-236.3884735,1413.272705,173.1687201,-3.892711997,-13.80380249,1.007324219,53.91457248,-22.07795715,-22.27832031,-0.27075003,-0.960096698,0.070062481,0.864372964,-0.353959762,-0.357172039,1.463891267,0.095935421,-1.458539429,-0.080229492,11.45232353,-1.106103516,-7.504101563,225,0.133333333,0704040WB05,1.385001965,26.61513784,-20.92662247,112.2690448,15.74860453,96.52044027,112.2690448,96.52044027,116.0322536,112.2690448,112.2690448,1.463891267,1.463891267,1.385001965,0.917181826,26.61513784,,133.3333333,59,14.5,36,D,3,0.004166667,0.650597427,-0.292538637,0.576613651,-0.07221396,-75.39795384,-42.70578982,-0.358370061,4.575343066,-2.057285454,4.055050265,-0.50784652,-530.2380411,-300.3295604,-2.520246631,14.02644372,-6.535084522,11.51691658,0.657581179,-1498.027989,-965.000864,4.450402149,704,40,90,WB05,Wind_success,5,W,1,Experienced,16,Head-On,TRUE,TRUE,-18.77241655,48.04544718,0.291666667,291.6666667,443.4229312,2.675520832,0.4,400,703.4024189,1.056014888,3.578211738,1.837269799,28.94397404,24.60615822,496.3967991,7964.859524,17.13693504
0704040WB06_f225,-22.84156753,169.7875873,25.2555662,3.938019991,-236.3884735,1413.272705,173.1687201,-3.892711997,-13.80380249,1.007324219,53.91457248,-22.07795715,-22.27832031,-0.27075003,-0.960096698,0.070062481,0.864372964,-0.353959762,-0.357172039,1.463891267,0.095935421,-1.458539429,-0.080229492,11.45232353,-1.106103516,-7.504101563,225,0.133333333,0704040WB06,1.385001965,26.61513784,-20.92662247,112.2690448,15.74860453,96.52044027,112.2690448,96.52044027,116.0322536,112.2690448,112.2690448,1.463891267,1.463891267,1.385001965,0.917181826,26.61513784,,133.3333333,59,14.5,36,D,3,0.004166667,0.650597427,-0.292538637,0.576613651,-0.07221396,-75.39795384,-42.70578982,-0.358370061,4.575343066,-2.057285454,4.055050265,-0.50784652,-530.2380411,-300.3295604,-2.520246631,14.02644372,-6.535084522,11.51691658,0.657581179,-1498.027989,-965.000864,4.450402149,704,40,91,WB06,Wind_success,6,W,1,Experienced,17,Head-On,TRUE,TRUE,-18.77241655,48.04544718,0.291666667,291.6666667,443.4229312,2.675520832,0.4,400,703.4024189,1.056014888,3.578211738,1.837269799,28.94397404,24.60615822,496.3967991,7964.859524,17.13693504
0704040WB07_f225,-22.84156753,169.7875873,25.2555662,3.938019991,-236.3884735,1413.272705,173.1687201,-3.892711997,-13.80380249,1.007324219,53.91457248,-22.07795715,-22.27832031,-0.27075003,-0.960096698,0.070062481,0.864372964,-0.353959762,-0.357172039,1.463891267,0.095935421,-1.458539429,-0.080229492,11.45232353,-1.106103516,-7.504101563,225,0.133333333,0704040WB07,1.385001965,26.61513784,-20.92662247,112.2690448,15.74860453,96.52044027,112.2690448,96.52044027,116.0322536,112.2690448,112.2690448,1.463891267,1.463891267,1.385001965,0.917181826,26.61513784,,133.3333333,59,14.5,36,D,3,0.004166667,0.650597427,-0.292538637,0.576613651,-0.07221396,-75.39795384,-42.70578982,-0.358370061,4.575343066,-2.057285454,4.055050265,-0.50784652,-530.2380411,-300.3295604,-2.520246631,14.02644372,-6.535084522,11.51691658,0.657581179,-1498.027989,-965.000864,4.450402149,704,40,92,WB07,Wind_success,7,W,1,Experienced,18,Head-On,TRUE,TRUE,-18.77241655,48.04544718,0.291666667,291.6666667,443.4229312,2.675520832,0.4,400,703.4024189,1.056014888,3.578211738,1.837269799,28.94397404,24.60615822,496.3967991,7964.859524,17.13693504
0704040WB08_f218,50.92175886,175.4962831,23.08621067,77.81549072,-230.6782227,1411.123169,184.1872527,-9.855438232,-10.52955627,0.943725586,52.44642639,-23.84753418,-21.18408203,-0.68189139,-0.728533181,0.065295762,0.85438736,-0.38849228,-0.345102864,1.385480292,-0.575537109,-1.259117432,0.05418457,1.113134766,-3.253491211,-1.288476563,218,0.191666667,0704040WB08,1.983079943,30.41943566,-20.18807506,114.4514234,43.10595738,71.34546599,114.4514234,71.34546599,89.88648901,114.4514234,114.4514234,1.385480292,1.385480292,1.983079943,2.195909348,30.41943566,29.32217286,191.6666667,59,14.5,36,D,3,-0.00625,0.361856064,-0.240615553,0.240757478,-0.12279985,-29.86131437,-30.24866067,0.82781893,2.544762036,-1.692135038,1.693133131,-0.863593093,-210.000458,-212.7244807,5.821657823,22.56946176,-17.8456813,9.669860489,0.148550891,-1154.175117,-2104.876386,140.0734699,704,40,93,WB08,Wind_success,8,W,1,Experienced,19,Head-On,TRUE,TRUE,82.39921192,44.44053717,0.341666667,341.6666667,433.7762766,2.618512892,0.466666667,466.6666667,726.1999896,0.843308079,3.305926177,1.716843112,30.91488563,26.0160904,496.3967991,7964.859524,17.13693504
0704040WB09_f227,4.675918931,148.8838796,33.26740288,31.48313141,-257.3229065,1421.308716,152.6269763,-6.424600601,-12.9052124,0.278198242,52.95702362,-25.95373535,-17.46081543,-0.445575816,-0.895036268,0.019294337,0.861013238,-0.421974427,-0.283890449,1.187675976,-0.073631287,-1.184987183,-0.030952148,19.09259033,8.290942383,-7.321289063,227,0.116666667,0704040WB09,2.358979109,25.27844154,-16.49253682,116.1090362,26.46549481,89.6435414,116.1090362,89.6435414,112.5534324,116.1090362,116.1090362,1.187675976,1.275845687,2.358979109,2.358979109,25.27844154,23.68149936,116.6666667,59,14.5,36,D,3,0.026041667,0.333389903,-0.13777125,0.28279874,-0.110420935,-36.81182541,-18.50458479,0.941662269,2.344573031,-0.968879846,1.98878938,-0.77653805,-258.8801048,-130.1339664,6.622264018,21.28411727,-12.46619707,15.30856804,-3.280941682,-2033.151661,-1619.114683,126.4430667,704,40,94,WB09,Wind_success,9,W,1,Experienced,20,Head-On,TRUE,TRUE,21.92132428,39.32643385,0.225,225,316.023857,2.456586217,0.491666667,491.6666667,892.1536809,1.045368538,3.49332864,2.159225181,32.42733922,24.72265229,496.3967991,7964.859524,17.13693504
0704040WB10_f234,-22.58884312,94.90234016,20.84252289,4.164876938,-311.2702637,1408.86853,99.75530443,-7.175093412,-12.31918335,1.900268555,51.43650246,-29.18310547,-23.55297852,-0.498877906,-0.856541934,0.132123994,0.808036176,-0.458448841,-0.37000297,0.821140692,0.042909994,-0.819986572,0.007265625,21.59322968,6.828222656,-10.40976562,234,0.058333333,0704040WB10,1.624935618,25.19866131,-21.71580047,119.5689198,30.21791445,89.35100535,119.5689198,89.35100535,122.5644823,119.5689198,119.5689198,0.821140692,0.892496548,1.624935618,2.133709923,25.19866131,24.62644822,58.33333333,59,14.5,36,D,3,0.042708333,0.282427344,-0.183462151,0.214710168,-0.002527316,-26.53617963,-23.39356188,-1.150747405,1.986177526,-1.290202273,1.509954756,-0.017773413,-186.6163627,-164.5158229,-8.092660589,17.10895645,-11.67412218,11.64031322,-0.221104876,-1462.03874,-1485.780888,-65.14821209,704,40,95,WB10,Wind_success,10,W,1,Experienced,21,Head-On,TRUE,TRUE,-16.8270145,44.81496285,0.258333333,258.3333333,401.0380072,2.78631191,0.441666667,441.6666667,853.6419269,0.808108804,3.960187797,1.75536921,28.1657994,23.91525471,496.3967991,7964.859524,17.13693504
0704040WB11_f234,-14.15673466,111.896262,36.25099415,12.72285652,-294.2952576,1424.310303,118.4707608,-6.084052563,-13.21392822,-0.739624023,44.46780968,-23.62423706,-40.2947998,-0.417686382,-0.9071713,-0.050777155,0.68951361,-0.366315163,-0.624807317,1.292341071,-0.12699131,-1.282023926,0.102143555,2.112739563,10.75605469,3.274804688,234,0.058333333,0704040WB11,2.245627023,27.55733788,-38.66804643,117.980191,24.72263107,93.25755996,117.980191,93.25755996,112.3231923,117.980191,117.980191,1.292341071,1.381287937,2.245627023,2.327642216,27.55733788,27.47575888,58.33333333,59,14.5,36,D,3,0.021875,0.601569002,-0.21038873,0.54804791,-0.131397623,-70.4551408,-31.28513727,1.255368742,4.230549414,-1.479564134,3.854160959,-0.924057151,-495.4775818,-220.0135289,8.828412826,21.08130964,-9.301702784,17.66687655,-4.012768169,-2307.686781,-1339.773298,39.86503334,704,40,96,WB11,Wind_success,11,W,1,Experienced,22,Head-On,TRUE,TRUE,26.37591415,40.92682153,0.258333333,258.3333333,452.5250622,2.805463153,0.375,375,728.0035301,1.187210919,4.802686657,2.064398997,30.61960805,25.20320283,496.3967991,7964.859524,17.13693504
0704040WC01_f222,-34.52041635,240.724989,17.03166733,-7.862455368,-165.3041382,1405.296875,243.7832176,-3.670777321,-13.96017456,2.484863281,56.01581764,-17.95295715,-21.71765137,-0.250615732,-0.953105857,0.16964958,0.893343448,-0.286314783,-0.34635434,1.607894496,-0.228247833,-1.588890381,0.093032227,3.569869995,4.266430664,-4.11328125,222,0.158333333,0704040WC01,2.008267906,28.85203621,-20.26449166,107.7705504,14.73222808,93.03832235,107.7705504,93.03832235,99.59580242,107.7705504,107.7705504,1.607894496,1.649723692,2.008267906,1.759183127,28.85203621,31.19691218,158.3333333,59,14.5,36,D,3,0.03125,0.417645255,-0.28975482,0.297250085,-0.045957474,-26.22159725,-26.58453264,-2.169845779,2.937100947,-2.037708194,2.090418837,-0.323197113,-184.4040541,-186.9564065,-15.25949601,35.10936045,-27.10820479,19.40181269,-2.963677273,-1766.09314,-2459.110143,-55.0698645,704,40,108,WC01,Wind_success,1,W,1,Experienced,23,Head-On,TRUE,TRUE,-8.457519623,40.90731029,0.275,275,454.9868401,2.621125909,0.425,425,822.3289264,1.070847096,2.993973054,1.695271572,31.75097266,26.41048514,496.3967991,7964.859524,17.13693504
0704040WC02_f221,-14.26113138,246.6070752,-8.958511704,12.37898922,-159.4561157,1379.29187,247.1814806,-4.06509304,-13.29396057,3.792724609,53.75696659,-21.90496826,-12.90527344,-0.282108317,-0.922570975,0.263206561,0.903997553,-0.36836226,-0.217019976,1.626572533,0.075384064,-1.624517212,0.031611328,15.20528412,-3.239868164,-1.590820312,221,0.166666667,0704040WC02,1.885730744,28.76683362,-12.5340619,112.1699856,17.00284341,95.16714217,112.1699856,95.16714217,114.8268318,112.1699856,112.1699856,1.626572533,1.626572533,1.885730744,1.883448257,28.76683362,28.84503889,166.6666667,59,14.5,36,D,3,0.023958333,0.867724938,-0.280275896,0.815977701,-0.092587153,-93.06882712,-36.63039851,-0.772465137,6.102297844,-1.971047414,5.738384078,-0.651121526,-654.5089099,-257.6042155,-5.432380859,23.72286529,-8.86713461,21.19609015,-2.433364905,-2425.731697,-1158.008889,-21.47069843,704,40,109,WC02,Wind_success,2,W,1,Experienced,24,Head-On,TRUE,TRUE,-17.8655507,41.86876861,0.25,250,394.3801042,2.680960007,0.416666667,416.6666667,799.9136634,1.035782938,4.764063555,2.217789279,28.84503889,24.54305806,496.3967991,7964.859524,17.13693504
0704040WC03_f228,-22.7349215,195.7190928,11.01426341,3.949528694,-210.344223,1399.214722,197.3427321,,,,53.35747433,-20.85617065,-27.98291016,,,,0.836879024,-0.327116153,-0.43889466,1.646322876,-0.155278244,-1.636292725,0.093881836,11.19477997,-2.689672852,-6.816796875,228,0.108333333,0704040WC03,0.880135998,35.06893599,-26.03337732,111.3493491,,,111.3493491,,105.928421,111.3493491,111.3493491,1.646322876,1.646322876,0.880135998,0.964344798,,,108.3333333,59,14.5,36,D,3,0.020833333,0.433268626,-0.151016685,0.396284731,-0.088735983,-46.98441389,-17.28073195,1.469845876,3.046972704,-1.062028701,2.786882519,-0.624038076,-330.4190938,-121.52719,10.33672876,30.03245808,-19.3915209,19.32001615,-3.956366247,-2287.527862,-2328.743393,110.3559376,704,40,110,WC03,Wind_success,3,W,1,Experienced,25,Head-On,TRUE,TRUE,-1.20618308,33.74178996,0.225,225,408.2379757,2.728699138,0.383333333,383.3333333,795.6456064,,4.800357313,2.043909848,25.80045223,23.11934936,496.3967991,7964.859524,17.13693504
0704040WC04_f232,-18.00146542,125.4902912,18.07801185,8.784430504,-280.5776978,1406.25708,128.0573327,-3.602134705,-14.01623535,0.609008789,48.21161747,-23.97494507,-36.09960938,-0.248688698,-0.967670453,0.042045513,0.743714273,-0.369838429,-0.556873968,1.258617073,-0.160303345,-1.248365479,-0.001845703,21.80106354,0.270703125,-32.72167969,232,0.075,0704040WC04,2.669611669,27.23569394,-33.83988632,116.4404991,14.41295053,102.0275485,116.4404991,102.0275485,109.1231582,116.4404991,116.4404991,1.258617073,1.324520614,2.669611669,2.095797193,27.23569394,29.36849744,75,59,14.5,36,D,3,0.022916667,0.421263071,-0.101002477,0.378046761,-0.156018336,-41.80497901,-13.18042266,1.716712484,2.962543333,-0.710302504,2.658623526,-1.097202944,-293.9945854,-92.6916599,12.0728245,44.93414667,-31.58039892,23.85502987,-4.107554393,-2879.389206,-3847.388977,179.5337613,704,40,111,WC04,Wind_success,4,W,1,Experienced,26,Head-On,TRUE,TRUE,11.73584177,39.20006985,0.258333333,258.3333333,430.8294404,2.843506541,0.425,425,848.7953329,1.252975329,4.964933871,2.355594783,31.6234801,25.21841234,496.3967991,7964.859524,17.13693504
,,,,,,,,,,,,,,,,,,,,,,,,,,,,,1001040MA01,,,,,,,,,,,,,,,,,,,59,14.2,34,G,1,0.025,0.012016671,0.005121257,0.000702172,0.010848045,0.922316325,0.005724982,-0.116370483,0.08629292,0.036776257,0.005042365,0.077900896,6.623245849,0.041111671,-0.835668083,1.907786758,0.122376963,0.893886279,1.311018481,-7.076825967,-13.15274084,1.183855454,1001,40,52,MA01,Wind_missed,1,M,0,Naive,1,Failure,FALSE,FALSE,76.80321747,,,,,2.41260039,0.441666667,441.6666667,899.540757,,,,,,442.7736881,7964.859524,16.88941423
,,,,,,,,,,,,,,,,,,,,,,,,,,,,,1001040MA02,,,,,,,,,,,,,,,,,,,59,14.2,34,G,1,0.666666667,0.623300232,-0.469085869,-0.408723854,0.037502502,32.84588406,-37.57409967,-0.94067916,4.47598135,-3.368552575,-2.935086905,0.269309223,235.8695811,-269.8233706,-6.7551112,13.35921861,0.028713425,12.69189201,-1.202714135,-1727.182448,-53.15808294,-20.77157135,1001,40,53,MA02,Wind_missed,2,M,0,Naive,2,Failure,FALSE,FALSE,18.99558655,,,,,2.633065007,0.291666667,291.6666667,700.5776895,,,,,,442.7736881,7964.859524,16.88941423
,,,,,,,,,,,,,,,,,,,,,,,,,,,,,1001040MA03,,,,,,,,,,,,,,,,,,,59,14.2,34,G,1,0.01875,0.558218206,-0.204264845,0.511409151,-0.091346151,-70.01987821,-32.53405547,2.461318994,4.008620812,-1.4668463,3.672480298,-0.655965856,-502.8197538,-233.6303087,17.67497805,24.07495748,-8.928950484,20.69493891,0.240891762,-2857.705131,-1409.263579,130.0300623,1001,40,55,MA03,Wind_missed,3,M,0,Naive,3,Failure,FALSE,FALSE,-54.2398589,,,,,2.629481204,0.166666667,166.6666667,415.9276038,,,,,,442.7736881,7964.859524,16.88941423
,,,,,,,,,,,,,,,,,,,,,,,,,,,,,1001040MA04,,,,,,,,,,,,,,,,,,,59,14.2,34,G,1,0.740625,0.467322626,-0.303944487,-0.353331253,0.034135191,19.13439658,-16.6300321,-0.204431483,3.355890553,-2.182655786,-2.537307092,0.245128223,137.406017,-119.4219251,-1.46804294,10.33221216,-1.786741894,9.633988245,-1.838886096,-1222.352833,-371.0611031,51.26551571,1001,40,57,MA04,Wind_missed,4,M,0,Naive,4,Failure,FALSE,FALSE,15.41624163,,,,,2.382426707,0.258333333,258.3333333,577.9678656,,,,,,442.7736881,7964.859524,16.88941423
,,,,,,,,,,,,,,,,,,,,,,,,,,,,,1001040MA05,,,,,,,,,,,,,,,,,,,59,14.2,34,G,1,0.559375,0.532811066,-0.30479253,-0.434773653,-0.044283364,30.76035737,-19.74935143,-2.758203949,3.826169596,-2.188745666,-3.12215312,-0.318003269,220.8932051,-141.8220694,-19.80693863,13.63668198,-3.832283441,11.93527955,-3.873419152,-1560.322383,-662.6893887,24.84655303,1001,40,58,MA05,Wind_missed,5,M,0,Naive,5,Failure,FALSE,FALSE,-22.91355232,,,,,2.296850184,0.375,375,778.2541283,,,,,,442.7736881,7964.859524,16.88941423
,,,,,,,,,,,,,,,,,,,,,,,,,,,,,1001040MA06,,,,,,,,,,,,,,,,,,,59,14.2,34,G,1,0.559375,0.618810069,-0.502926225,-0.360400713,-0.010121221,34.55465208,-51.51181438,-0.051004812,4.44373704,-3.61156356,-2.588073594,-0.072681504,248.1404152,-369.9114949,-0.366270661,8.892577925,-1.070272074,7.356611233,1.166317255,-1113.110924,-292.5920735,4.589336967,1001,40,59,MA06,Wind_missed,6,M,0,Naive,6,Failure,FALSE,FALSE,31.28183459,,,,,2.425555763,0.358333333,358.3333333,758.5959812,,,,,,442.7736881,7964.859524,16.88941423
,,,,,,,,,,,,,,,,,,,,,,,,,,,,,1001040MA07,,,,,,,,,,,,,,,,,,,59,14.2,34,G,1,0.65625,0.473551611,-0.33491548,-0.333541205,-0.02886198,21.52137002,-20.31697292,-1.639549349,3.400621519,-2.405061587,-2.395192779,-0.207260768,154.5471122,-145.8982161,-11.77376798,6.500072595,-3.101232702,4.884394507,-0.867961271,-736.1981094,-446.3011946,24.82206195,1001,40,60,MA07,Wind_missed,7,M,0,Naive,7,Failure,FALSE,FALSE,-23.57591128,,,,,2.483222447,0.175,175,398.9943464,,,,,,442.7736881,7964.859524,16.88941423
,,,,,,,,,,,,,,,,,,,,,,,,,,,,,1001040MA08,,,,,,,,,,,,,,,,,,,59,14.2,34,G,1,0.609375,0.610963046,-0.470965054,-0.388542699,0.022412789,32.88041143,-42.82761622,-0.101222758,4.387386788,-3.38204719,-2.790164013,0.160948482,236.1175255,-307.5493987,-0.726890754,6.612271783,-2.683366719,3.364559753,-0.629532053,-540.3453881,-358.88313,31.39701935,1001,40,64,MA08,Wind_missed,8,M,0,Naive,10,Failure,FALSE,FALSE,-154.6347971,,,,,2.39025928,0.291666667,291.6666667,592.1663567,,,,,,442.7736881,7964.859524,16.88941423
,,,,,,,,,,,,,,,,,,,,,,,,,,,,,1001040MA09,,,,,,,,,,,,,,,,,,,59,14.2,34,G,1,0.534375,0.44639321,-0.282238717,-0.341744825,-0.053091237,27.00961041,-21.56257961,-2.14028479,3.205594323,-2.026784474,-2.454103796,-0.381253486,193.9587158,-154.8430424,-15.3695993,14.94401469,-6.390260311,12.59971347,-3.669499277,-1845.891945,-954.7726238,30.53772524,1001,40,69,MA09,Wind_missed,9,M,0,Naive,14,Failure,FALSE,FALSE,-78.64659277,,,,,2.313717583,0.291666667,291.6666667,560.1903633,,,,,,442.7736881,7964.859524,16.88941423
,,,,,,,,,,,,,,,,,,,,,,,,,,,,,1001040MB01,,,,,,,,,,,,,,,,,,,59,14.2,34,G,1,0.017708333,0.775379109,-0.443731794,0.627781346,-0.101021972,-87.52073259,-68.34387492,2.790249593,5.568074992,-3.186482428,4.508160684,-0.725448895,-628.4951408,-490.7842064,20.03706161,21.07728369,-12.2924525,16.45905706,-1.756371005,-2270.366381,-1895.921819,74.50653683,1001,40,87,MB01,Wind_missed,1,M,0,Naive,21,Failure,FALSE,FALSE,-42.28202914,,,,,2.268092398,0.216666667,216.6666667,417.8978625,,,,,,442.7736881,7964.859524,16.88941423
,,,,,,,,,,,,,,,,,,,,,,,,,,,,,1001040PA01,,,,,,,,,,,,,,,,,,,59,14.2,34,G,1,0.01875,1.075381651,-0.581639905,0.866660548,-0.258921245,-124.1743477,-78.90025914,9.21053009,7.722423275,-4.176814372,6.223576143,-1.859339379,-891.7084194,-566.5906581,66.14173847,27.99040414,-14.49729957,22.8011637,-4.925977882,-3246.991163,-2026.94886,243.1539236,1001,40,61,PA01,Wind_Near-miss,1,P,0,Naive,8,Pivot,TRUE,FALSE,-51.59456262,,,,,2.310267753,0.216666667,216.6666667,490.6296287,,,,,,442.7736881,7964.859524,16.88941423
,,,,,,,,,,,,,,,,,,,,,,,,,,,,,1001040PA02,,,,,,,,,,,,,,,,,,,59,14.2,34,G,1,0.016666667,0.932326311,-0.440485758,0.782291304,-0.251445746,-107.8004955,-64.99201107,8.136994504,6.695128559,-3.163172314,5.617712158,-1.805657066,-774.126148,-466.7141366,58.43257198,25.44520099,-12.44938288,21.27598404,-5.172108407,-2869.960694,-1847.589475,221.4782772,1001,40,70,PA02,Wind_Near-miss,2,P,0,Naive,15,Pivot,TRUE,FALSE,-13.43263417,,,,,2.291606061,0.358333333,358.3333333,698.7628526,,,,,,442.7736881,7964.859524,16.88941423
,,,,,,,,,,,,,,,,,,,,,,,,,,,,,1001040WA01,,,,,,,,,,,,,,,,,,,59,14.2,34,G,1,0.017708333,0.27683556,-0.153802426,0.229451294,-0.018298766,-35.59930641,-17.39687271,-0.095102049,1.987983864,-1.104470613,1.647712707,-0.131405268,-255.6421825,-124.9286842,-0.68293733,19.09298077,-11.25863688,14.26919062,-1.500114111,-2157.241798,-1196.641491,-36.84383191,1001,40,63,WA01,Wind_success,1,W,0,Naive,9,Head-On,TRUE,TRUE,-39.02391657,,,,,2.14606262,0.266666667,266.6666667,461.6639892,,,,,,442.7736881,7964.859524,16.88941423
,,,,,,,,,,,,,,,,,,,,,,,,,,,,,1001040WA02,,,,,,,,,,,,,,,,,,,59,14.2,34,G,1,0.034375,0.589855067,-0.296519489,0.456644675,-0.226893883,-65.09381529,-46.08761709,2.928454514,4.235808279,-2.129336127,3.279211117,-1.629347687,-467.4452029,-330.9597913,21.02952498,25.73553774,-10.61568449,17.91021227,-0.139244121,-2558.468454,-1688.991051,110.7354699,1001,40,66,WA02,Wind_success,2,W,0,Naive,11,Head-On,TRUE,TRUE,-29.49044991,,,,,2.404025235,0.225,225,432.7451996,,,,,,442.7736881,7964.859524,16.88941423
,,,,,,,,,,,,,,,,,,,,,,,,,,,,,1001040WA03,,,,,,,,,,,,,,,,,,,59,14.2,34,G,1,0.019791667,0.885918673,-0.33103957,0.793960667,-0.211875334,-108.3186099,-51.26946293,0.546700755,6.361870665,-2.377228285,5.701511022,-1.521497979,-777.8467795,-368.1711449,3.925912842,23.53055324,-7.870209514,21.23035408,-5.09445797,-2870.624003,-1209.236435,17.15110301,1001,40,67,WA03,Wind_success,3,W,0,Naive,12,Head-On,TRUE,TRUE,-46.84127959,,,,,2.583999559,0.25,250,501.6263144,,,,,,442.7736881,7964.859524,16.88941423
,,,,,,,,,,,,,,,,,,,,,,,,,,,,,1001040WA04,,,,,,,,,,,,,,,,,,,59,14.2,34,G,1,0.025,0.81519297,-0.479609375,0.656208526,-0.062488374,-87.45646651,-75.98058577,0.869790293,5.853982312,-3.444122923,4.712299105,-0.448735268,-628.0336396,-545.6241914,6.246051154,23.83468555,-14.00864076,18.58821847,-0.792755913,-2505.980616,-2141.311973,39.40448543,1001,40,68,WA04,Wind_success,4,W,0,Naive,13,Head-On,TRUE,TRUE,-30.29903069,,,,,2.189703283,0.283333333,283.3333333,531.7561325,,,,,,442.7736881,7964.859524,16.88941423
,,,,,,,,,,,,,,,,,,,,,,,,,,,,,1001040WA05,,,,,,,,,,,,,,,,,,,59,14.2,34,G,1,0.016666667,0.697062324,-0.326598385,0.601636419,-0.13138873,-80.19777351,-48.55529408,1.629141075,5.005674319,-2.345335691,4.320411341,-0.943515622,-575.9082387,-348.6804268,11.69902512,20.2891792,-9.945442379,16.78696404,-1.527549448,-2244.894616,-1530.94271,45.98580401,1001,40,71,WA05,Wind_success,5,W,0,Naive,16,Head-On,TRUE,TRUE,-1.683552471,,,,,2.15940565,0.233333333,233.3333333,410.9573566,,,,,,442.7736881,7964.859524,16.88941423
,,,,,,,,,,,,,,,,,,,,,,,,,,,,,1001040WA06,,,,,,,,,,,,,,,,,,,59,14.2,34,G,1,0.025,0.38381752,-0.175446927,0.340932689,-0.017296403,-45.44097561,-26.96261252,-0.331747746,2.756232027,-1.259901947,2.448271766,-0.124207202,-326.3161941,-193.6212192,-2.382313769,18.83489723,-10.111503,14.86071967,0.6453708,-2033.485973,-1504.981303,-30.51943392,1001,40,72,WA06,Wind_success,6,W,0,Naive,17,Head-On,TRUE,TRUE,-49.86244105,,,,,1.970390607,0.483333333,483.3333333,790.9702668,,,,,,442.7736881,7964.859524,16.88941423
,,,,,,,,,,,,,,,,,,,,,,,,,,,,,1001040WA07,,,,,,,,,,,,,,,,,,,59,14.2,34,G,1,0.028125,0.40804977,-0.153791796,0.36589438,-0.094731203,-39.20646504,-17.6471992,1.653111141,2.93024624,-1.104394277,2.627524167,-0.680274253,-281.5455497,-126.7263038,11.87115656,24.13439246,-10.4503911,20.07040352,-0.221322992,-2289.771869,-1409.032691,151.911672,1001,40,73,WA07,Wind_success,7,W,0,Naive,18,Head-On,TRUE,TRUE,-81.5865025,,,,,2.0487797,0.208333333,208.3333333,406.2643512,,,,,,442.7736881,7964.859524,16.88941423
,,,,,,,,,,,,,,,,,,,,,,,,,,,,,1001040WB01,,,,,,,,,,,,,,,,,,,59,14.2,34,G,1,0.021875,0.136565331,-0.089738793,0.094748765,-0.040245623,-12.70939482,-13.24633773,-0.25075557,0.980689312,-0.644423257,0.680400366,-0.289007845,-91.26743633,-95.12327706,-1.800700849,15.64266211,-10.0151896,10.82731036,-4.181286707,-1446.538947,-1391.187761,-22.59307867,1001,40,85,WB01,Wind_success,1,W,0,Naive,19,Head-On,TRUE,TRUE,46.59743195,,,,,2.484838444,0.475,475,915.6770483,,,,,,442.7736881,7964.859524,16.88941423
,,,,,,,,,,,,,,,,,,,,,,,,,,,,,1001040WB02,,,,,,,,,,,,,,,,,,,59,14.2,34,G,1,0.01875,0.692773979,-0.105968497,0.559047244,-0.395186847,-78.945185,-18.92147448,1.457798676,4.974879287,-0.760970381,4.014574212,-2.837876301,-566.9132752,-135.8770021,10.4685982,18.29538564,-3.517316091,14.86391629,-9.394110412,-2085.434267,-602.8721631,35.20237814,1001,40,86,WB02,Wind_success,2,W,0,Naive,20,Head-On,TRUE,TRUE,102.9930621,,,,,2.409401984,0.458333333,458.3333333,796.0021505,,,,,,442.7736881,7964.859524,16.88941423
,,,,,,,,,,,,,,,,,,,,,,,,,,,,,1001040WB03,,,,,,,,,,,,,,,,,,,59,14.2,34,G,1,0.026041667,0.535117793,-0.193492466,0.448678116,-0.218173479,-62.5871238,-30.42500932,1.437033039,3.842734434,-1.389488767,3.222002457,-1.566725588,-449.4444005,-218.4850372,10.31947809,18.3882269,-6.591093096,15.19116932,-5.724519355,-2095.612612,-1064.639487,53.9931519,1001,40,88,WB03,Wind_success,3,W,0,Naive,22,Head-On,TRUE,TRUE,-20.47353229,,,,,2.245430481,0.316666667,316.6666667,585.8424766,,,,,,442.7736881,7964.859524,16.88941423
,,,,,,,,,,,,,,,,,,,,,,,,,,,,,1001040WB04,,,,,,,,,,,,,,,,,,,59,14.2,34,G,1,0.041666667,0.460284831,-0.301746755,0.310315052,-0.15657455,-42.56199239,-43.16540424,3.628017352,3.305351439,-2.166873652,2.228403445,-1.124377516,-305.6419275,-309.9750884,26.05315574,16.06631874,-9.530005695,11.56306157,-4.858139289,-1561.511627,-1382.282812,127.367584,1001,40,89,WB04,Wind_success,4,W,0,Naive,23,Head-On,TRUE,TRUE,-1.058188105,,,,,2.376970815,0.441666667,441.6666667,817.6015826,,,,,,442.7736881,7964.859524,16.88941423
,,,,,,,,,,,,,,,,,,,,,,,,,,,,,1001040WB05,,,,,,,,,,,,,,,,,,,59,14.2,34,G,1,0.051041667,0.416532555,-0.241253791,0.335905416,-0.049633951,-41.82161917,-29.46729676,-1.082769862,2.991161967,-1.732467622,2.412170412,-0.356426371,-300.3252333,-211.6076075,-7.775478754,19.92913586,-10.82977871,15.80079486,-2.818141187,-1851.57979,-1319.417105,-31.42393738,1001,40,90,WB05,Wind_success,5,W,0,Naive,24,Head-On,TRUE,TRUE,6.043188364,,,,,2.341786976,0.558333333,558.3333333,931.083594,,,,,,442.7736881,7964.859524,16.88941423
,,,,,,,,,,,,,,,,,,,,,,,,,,,,,1001040WB06,,,,,,,,,,,,,,,,,,,59,14.2,34,G,1,0.038541667,0.457828149,-0.323267855,0.205342855,-0.250876105,-30.70812364,-47.06490415,1.870478027,3.287709763,-2.321418823,1.474587593,-1.80156642,-220.5181095,-337.9777875,13.43208993,15.77006932,-8.211887441,9.479082855,-3.618674877,-1296.153106,-1228.157596,85.00388604,1001,40,91,WB06,Wind_success,6,W,0,Naive,25,Head-On,TRUE,TRUE,38.07110021,,,,,2.290882157,0.5,500,901.1881317,,,,,,442.7736881,7964.859524,16.88941423
,,,,,,,,,,,,,,,,,,,,,,,,,,,,,1001040WB07,,,,,,,,,,,,,,,,,,,59,14.2,34,G,1,0.011458333,0.735884774,-0.390807846,0.620969114,-0.056506528,-86.23183854,-57.28305602,4.470752816,5.284462221,-2.806430261,4.459241364,-0.40577903,-619.2394636,-411.3553589,32.10492345,17.51136082,-9.380616802,14.4304222,-0.252235411,-1969.651262,-1380.089781,111.1233268,1001,40,92,WB07,Wind_success,7,W,0,Naive,26,Head-On,TRUE,TRUE,-19.40245212,,,,,2.341574321,0.225,225,410.8052807,,,,,,442.7736881,7964.859524,16.88941423
,,,,,,,,,,,,,,,,,,,,,,,,,,,,,1001040WB08,,,,,,,,,,,,,,,,,,,59,14.2,34,G,1,0.001041667,0.348641592,-0.113419867,0.295038848,-0.14710191,-34.80791968,-13.54665962,1.055471528,2.503630169,-0.814479415,2.118703495,-1.056353542,-249.9591552,-97.2799186,7.579446688,17.01636646,-12.54760646,9.186251453,-3.374373924,-1106.981492,-1581.194225,13.63542409,1001,40,94,WB08,Wind_success,8,W,0,Naive,27,Head-On,TRUE,TRUE,43.5195812,,,,,2.245558046,0.5,500,814.5872603,,,,,,442.7736881,7964.859524,16.88941423
1002040MA01_f221,7.457128716,414.7027366,60.57281443,30.08338547,1.681419373,1448.035034,419.1694578,-1.179811478,-14.7450304,-0.213256836,16.12489319,49.12262726,-24.15124512,-0.079750977,-0.996710579,-0.014415389,0.282574403,0.860830328,-0.423229078,2.545059664,-0.258533478,-2.475682526,-0.530551758,0.453186035,10.28776245,-11.39941406,221,0.166666667,1002040MA01,0.397404754,,-25.03862122,18.17283359,4.574728395,13.59810519,18.17283359,13.59810519,12.2110919,18.17283359,18.17283359,2.545059664,2.586567879,0.397404754,0.35851695,,,166.6666667,60,16,35,G,1,0.017708333,0.399538728,0.033418173,0.398001579,-0.010448186,-52.88120301,0.6980317,-1.098743602,2.546350744,0.212981578,2.536554141,-0.066588654,-337.0238755,4.448714008,-7.002541657,13.77261502,-0.305885269,12.74100607,-0.330049906,-1809.885085,-3.57722343,-37.08571542,1002,40,51,MA01,Wind_missed,1,M,0,Naive,1,Failure,FALSE,FALSE,44.13375451,6.101318796,,,,2.635710022,0.091666667,91.66666667,228.5317431,2.050991566,2.439339636,1.20223742,27.72531881,23.36497965,469.2022214,8237.142857,18.3774016
1002040MA02_f239,-44.35524956,62.57911507,-6.09890626,-21.68922615,-350.4864807,1381.409668,76.94628297,-1.140003204,-13.43624878,5.650756836,26.62051487,14.02389526,-48.60571289,-0.077972122,-0.918991131,0.386491461,0.465678592,0.245323121,-0.850270554,2.435713092,0.164866333,-2.401069336,0.374677734,-2.8265625,-0.181494141,-1.647070313,239,0.016666667,1002040MA02,0.74946284,17.56887742,-58.24110855,62.21938809,4.849665462,57.36972262,62.21938809,57.36972262,66.14736364,62.21938809,62.21938809,2.435713092,2.438079749,0.74946284,,17.56887742,,16.66666667,60,16,35,G,1,0.017708333,3.444817243,0.907086596,2.300800113,-2.39797385,-165.5956698,39.65686532,-3.718558075,21.95459996,5.781068181,14.66351986,-15.28283008,-1055.378683,252.7421783,-23.69921224,79.15099497,18.33293648,54.44176392,-51.3968692,-3937.289134,695.5234759,-96.10676772,1002,40,53,MA02,Wind_missed,2,M,0,Naive,3,Failure,FALSE,FALSE,-27.21091369,19.59455078,0.05,50,152.5227209,2.799302636,0.1,100,280.3026779,2.435713092,3.491945401,2.042899289,27.14990563,24.58122567,469.2022214,8237.142857,18.3774016
1002040PA01_f240,-34.87600524,50.116625,4.737170894,-12.18303776,-362.9267578,1392.232178,61.24093917,-1.118477821,-13.34768677,5.938720703,24.41239738,8.419921875,-51.92785645,-0.076336359,-0.910982582,0.405319005,0.42094329,0.145184824,-0.895392714,2.182464089,0.457034683,-2.064085693,0.542050781,3.965034485,13.15458984,-3.826757812,240,0.008333333,1002040PA01,1.272141755,23.16014483,-63.55891736,70.97050554,4.789945655,66.18055988,70.97050554,66.18055988,83.45563265,70.97050554,70.97050554,2.182464089,2.27627098,1.272141755,0.731175088,23.16014483,22.83003858,8.333333333,60,16,35,G,1,0.01875,2.114060732,0.476580635,2.028874075,-0.354674022,-151.5745321,13.5365113,-4.281097407,13.47338752,3.037356252,12.93047368,-2.260417817,-966.0187992,86.27125025,-27.28440272,53.3214044,10.99546848,50.64578596,-9.11186268,-3929.912259,327.6165322,-89.9627506,1002,40,52,PA01,Wind_Near-miss,1,P,0,Naive,2,Pivot,TRUE,FALSE,-41.81126715,21.26404155,0.05,50,149.9331657,2.600380989,0.125,125,333.1855117,2.27627098,2.94195327,1.985754047,28.4683003,25.3465176,469.2022214,8237.142857,18.3774016
1002040PA02_f240,-61.63244098,58.14850089,32.10597941,-38.87197495,-354.7653809,1419.654297,90.61236036,-1.599632263,-13.75891113,3.395629883,39.33168933,-8.446136475,-45.18164063,-0.112162618,-0.964743917,0.238093934,0.650159447,-0.139616058,-0.746860127,1.478785618,0.264720612,-1.449931641,-0.120117188,-1.7296875,12.61186523,10.84746094,240,0.008333333,1002040PA02,1.599557789,26.05158956,-48.31911952,102.1197096,6.631523902,95.48818573,102.1197096,95.48818573,112.4665002,102.1197096,102.1197096,1.478785618,1.59384807,1.599557789,1.599557789,26.05158956,26.06722924,8.333333333,60,16,35,G,1,0.022916667,1.618401872,-0.550249463,1.129268352,1.020393619,-91.09574332,-62.17204467,-0.674440837,10.31444143,-3.506864368,7.197082794,6.50319948,-580.5737899,-396.2365121,-4.298364101,40.66434485,-14.01659663,27.56898002,20.70624298,-2256.840816,-1589.761536,-0.710418285,1002,40,55,PA02,Wind_Near-miss,2,P,0,Naive,5,Pivot,TRUE,FALSE,-39.17331532,24.07394279,0.133333333,133.3333333,312.0921343,2.432930897,0.325,325,756.6752323,1.59384807,3.336258389,1.739926302,32.12995648,25.00362323,469.2022214,8237.142857,18.3774016
1002040PA03_f240,-41.32621461,50.59732722,43.13025342,-18.51073647,-362.3049316,1430.699463,78.28259254,-2.939241409,-13.93945313,2.393188477,40.56614304,-12.91921997,-43.82373047,-0.203469917,-0.964963056,0.16566923,0.663945662,-0.211448746,-0.717262564,1.110194169,0.114977646,-1.094146729,-0.148842773,-8.65645752,13.96318359,25.42148437,240,0.008333333,1002040PA03,1.05781777,25.02764528,-45.82893265,107.665271,11.90683944,95.75843157,107.665271,95.75843157,113.6641414,107.665271,107.665271,1.110194169,1.276884619,1.05781777,1.111139145,25.02764528,25.28465687,8.333333333,60,16,35,G,1,0.022916667,0.722518604,-0.501102734,0.51886833,0.041289694,-63.1351064,-67.20400511,0.1884091,4.60477459,-3.193641136,3.306865305,0.263148564,-402.3743225,-428.3063349,1.200773837,32.11440943,-17.83158725,21.60170904,-0.941453593,-2407.029948,-2371.448039,82.49870401,1002,40,61,PA03,Wind_Near-miss,3,P,0,Naive,11,Pivot,TRUE,FALSE,6.062188944,29.94208333,0.208333333,208.3333333,422.5613482,2.310034366,0.183333333,183.3333333,367.0754947,1.276884619,3.521183433,1.404196992,25.52424831,23.85943911,469.2022214,8237.142857,18.3774016
1002040PB01_f240,-13.1235797,68.39048356,21.34359302,9.762479782,-344.4757385,1408.96228,72.83567497,-3.893425941,-12.68783569,4.732910156,39.07312202,-15.44680786,-40.87573242,-0.27631693,-0.900457299,0.335895231,0.666565451,-0.263513841,-0.697316969,1.483620356,0.057300911,-1.447199707,0.321650391,12.3588913,2.247802734,6.315820313,240,0.008333333,1002040PB01,1.348130291,22.20111297,-44.21213845,111.5704125,17.0593068,94.51110571,111.5704125,94.51110571,113.8378164,111.5704125,111.5704125,1.483620356,1.491111466,1.348130291,1.464823797,22.20111297,23.27303791,8.333333333,60,16,35,G,1,0.033333333,0.928069651,-0.205344668,0.864156052,-0.269037473,-116.8051419,-36.34682103,-0.056551112,5.914797936,-1.308708045,5.507462105,-1.714636705,-744.4256058,-231.6465168,-0.360413033,32.4186591,-6.123772128,29.13766502,-8.544722938,-3801.830828,-1027.246311,8.817344794,1002,40,85,PB01,Wind_Near-miss,1,P,0,Naive,19,Pivot,TRUE,FALSE,36.11154198,19.60716733,0.158333333,158.3333333,353.6787439,2.218676276,0.408333333,408.3333333,885.9729738,1.491111466,3.016801577,1.527123032,26.21989302,23.44408811,469.2022214,8237.142857,18.3774016
1002040WA01_f240,-25.324717,68.25517381,27.6045428,-2.593189955,-344.68927,1415.113647,77.85962256,-3.644601107,-13.10870361,4.453125,39.41933513,-17.14987183,-42.46520996,-0.254580069,-0.915659785,0.311056501,0.652357659,-0.28381631,-0.702764389,1.51050208,0.236617785,-1.486688232,-0.124042969,-1.830099106,4.910009766,-21.48574219,240,0.008333333,1002040WA01,0.498600297,34.18698114,-44.64921424,113.5120481,15.53747849,97.9745696,113.5120481,97.9745696,122.5552597,113.5120481,113.5120481,1.51050208,1.51706686,0.498600297,0.66995737,,,8.333333333,60,16,35,G,1,0.021875,1.170356801,-0.223017032,1.146465537,-0.074934755,-150.210506,-37.22358733,-0.019824202,7.45894878,-1.421338022,7.306684347,-0.477576154,-957.3255522,-237.2343469,-0.126344123,34.35593138,-8.288317104,31.72507062,-1.645661077,-4147.780429,-1290.298938,1.908356434,1002,40,54,WA01,Wind_success,1,W,0,Naive,4,Head-On,TRUE,TRUE,-12.61913467,22.09576467,0.141666667,141.6666667,330.0988391,2.42159697,0.358333333,358.3333333,826.6118677,1.51706686,3.418187219,1.853952974,31.11886106,26.13272134,469.2022214,8237.142857,18.3774016
1002040WA02_f238,-75.0317452,84.76928698,22.8629481,-52.27222824,-328.137146,1410.384888,115.491598,-1.558952332,-13.5793457,3.519897461,41.98997879,-3.411132813,-41.28625488,-0.110450542,-0.96208592,0.249381956,0.711863391,-0.057829526,-0.699933038,1.55441078,0.176751251,-1.53166626,-0.197358398,5.37489624,4.713134766,-21.35390625,238,0.025,1002040WA02,0.759192537,27.32613582,-44.42163188,94.64432885,6.549067481,88.09526137,94.64432885,88.09526137,101.2270313,94.64432885,94.64432885,1.55441078,1.576594509,0.759192537,0.5531276,27.32613582,,25,60,16,35,G,1,0.034375,0.97528332,-0.359925989,0.905669211,0.037337898,-83.70827347,-34.08794972,-2.259311572,6.215701338,-2.29388979,5.77203486,0.237962872,-533.4917726,-217.2502187,-14.399104,35.72285421,-11.3432547,32.46217878,-1.282750427,-2776.63391,-1117.643669,-47.96503685,1002,40,56,WA02,Wind_success,2,W,0,Naive,6,Head-On,TRUE,TRUE,-70.67655826,26.1599405,0.133333333,133.3333333,297.8067769,2.335573173,0.175,175,389.9658155,1.55441078,3.027086504,1.439641471,28.59651736,23.97522681,469.2022214,8237.142857,18.3774016
1002040WA03_f227,-88.50792238,184.6783777,31.58131638,-65.78579712,-228.2302399,1419.082397,207.2127772,-1.513374329,-13.97961426,2.126708984,49.91667557,1.570724487,-27.88305664,-0.106416708,-0.983011605,0.149544871,0.872700292,0.027461198,-0.487483419,1.693068775,0.197827148,-1.670960083,-0.187719727,5.422521973,9.268286133,-14.23300781,227,0.116666667,1002040WA03,0.466897074,4.485193887,-29.17530778,88.19767248,6.178539342,82.01913314,88.19767248,82.01913314,94.94956579,88.19767248,88.19767248,1.693068775,1.756207203,0.466897074,0.714649982,,,116.6666667,60,16,35,G,1,0.0375,0.643747011,-0.419633718,0.480645708,0.085425174,-38.3594237,-33.45975975,-2.083282952,4.102745402,-2.674420662,3.063263883,0.544433966,-244.4732891,-213.2466219,-13.27723377,26.55948783,-15.96410239,20.24970443,0.947229505,-1527.054357,-1274.140561,-56.78692782,1002,40,57,WA03,Wind_success,3,W,0,Naive,7,Head-On,TRUE,TRUE,-75.92767757,31.57301906,0.225,225,420.6089469,2.476240643,0.308333333,308.3333333,610.0228919,1.077097244,4.702091214,2.197366726,24.92863274,21.18303254,469.2022214,8237.142857,18.3774016
1002040WA04_f240,-58.47504044,59.41566035,36.34058889,-35.76219177,-353.4951172,1423.852295,90.94058197,-1.968582153,-13.90762329,2.991333008,44.92335033,-7.496124268,-40.40576172,-0.137076004,-0.968413444,0.208292031,0.737845183,-0.123120363,-0.663645886,1.591103534,0.186807404,-1.579420166,-0.046318359,13.84458618,12.53320312,-18.13886719,240,0.008333333,1002040WA04,0.691196567,27.2072115,-41.57852516,99.47336525,8.056523745,91.41684151,99.47336525,91.41684151,106.2187397,99.47336525,99.47336525,1.591103534,1.688635734,0.691196567,0.849584348,27.2072115,25.54901278,8.333333333,60,16,35,G,1,0.026041667,0.864161438,-0.472456485,0.723554292,-0.005389522,-77.51858986,-59.33515285,1.703920414,5.507496429,-3.011072112,4.611375263,-0.034348644,-494.0435181,-378.1563585,10.85947045,29.60696617,-14.6587244,24.25618991,-0.640528392,-2554.769594,-1848.991786,77.54417484,1002,40,58,WA04,Wind_success,4,W,0,Naive,8,Head-On,TRUE,TRUE,-38.34086206,23.04166665,0.133333333,133.3333333,333.3493803,2.678154683,0.141666667,141.6666667,354.8882503,1.688635734,3.973042003,2.255205219,29.0552046,24.25354688,469.2022214,8237.142857,18.3774016
1002040WA05_f238,-58.45161796,77.24555184,18.0380558,-35.69304276,-335.6925354,1405.57605,98.53343787,-2.855373383,-13.39263916,3.93371582,43.71996975,-0.677185059,-35.36364746,-0.20041283,-0.940002007,0.276099484,0.777438115,-0.012041854,-0.628844155,1.796135237,-0.046431885,-1.79350708,0.0853125,3.147583008,12.5925293,-5.851757812,238,0.025,1002040WA05,0.56146479,23.70232228,-38.96489776,90.88739182,12.03552468,78.85186713,90.88739182,78.85186713,89.40439967,90.88739182,90.88739182,1.796135237,1.904560097,0.56146479,0.252226281,23.70232228,,25,60,16,35,G,1,0.020833333,1.306082308,-0.481780855,1.136792328,-0.425959395,-105.3128312,-48.68461815,-0.937934752,8.323958154,-3.070498431,7.245034795,-2.714735631,-671.1825087,-310.2780903,-5.977670455,34.35662904,-12.94554539,29.34343467,-10.52075583,-2723.282241,-1279.716782,-16.44683538,1002,40,59,WA05,Wind_success,5,W,0,Naive,9,Head-On,TRUE,TRUE,-17.18598656,25.84907834,0.15,150,341.2421192,2.567025596,0.175,175,401.2932024,1.724131469,3.540779539,1.966081072,28.03809087,23.69330403,469.2022214,8237.142857,18.3774016
1002040WA06_f239,-17.57552485,62.11203016,36.84246775,5.250815868,-350.8130188,1424.397705,74.32476568,-4.787447512,-13.23693848,1.572021484,46.39273119,-0.389312744,-36.14453125,-0.338010741,-0.934574714,0.110990282,0.788829574,-0.006619602,-0.614576345,1.258685008,-0.182273827,-1.238660889,0.129550781,-11.92659988,15.47402344,27.01582031,239,0.016666667,1002040WA06,1.518556862,20.73375733,-37.92114323,90.4807963,19.8837056,70.5970907,90.4807963,70.5970907,82.109576,90.4807963,90.4807963,1.258685008,1.373450334,1.518556862,1.378026277,20.73375733,21.53803761,16.66666667,60,16,35,G,1,0.021875,0.84436124,-0.346046562,0.737593694,-0.221705263,-100.5337261,-53.01854357,0.936752089,5.381305288,-2.205433059,4.700851552,-1.412977817,-640.7241902,-337.8991779,5.970133081,40.63111797,-21.2945225,27.7243357,-3.068486396,-3764.945924,-3270.029984,183.4581266,1002,40,60,WA06,Wind_success,6,W,0,Naive,10,Head-On,TRUE,TRUE,39.92675029,18.09918123,0.158333333,158.3333333,321.3577895,2.310225583,0.208333333,208.3333333,433.4629136,1.258685008,3.135355519,1.690916848,27.713023,22.97721303,469.2022214,8237.142857,18.3774016
1002040WA07_f239,-84.83496373,64.38845965,24.11422628,-62.12365723,-348.5326843,1411.640015,109.1986296,-0.846691132,-13.56365967,3.653198242,37.30272484,2.734924316,-42.50073242,-0.060166309,-0.963840658,0.259598153,0.658881339,0.048307211,-0.750694208,1.182678955,0.016071167,-1.174951172,-0.134018555,-0.06361084,4.22578125,-14.86230469,239,0.016666667,1002040WA07,1.049853315,21.67824802,-48.65054819,85.80674737,3.571968376,82.23477899,85.80674737,82.23477899,86.59039918,85.80674737,85.80674737,1.182678955,1.210322575,1.049853315,,21.67824802,,16.66666667,60,16,35,G,1,0.025,0.428700571,-0.196184246,0.37563008,-0.064791701,-22.57469401,-13.44421205,0.276767125,2.73220577,-1.250326605,2.393975515,-0.412932178,-143.8736343,-85.68300624,1.763899529,25.4766463,-16.33631544,17.87112877,-1.666059457,-1100.160446,-1133.425909,-25.59938298,1002,40,62,WA07,Wind_success,7,W,0,Naive,12,Head-On,TRUE,TRUE,-53.56622431,13.4537476,0.016666667,16.66666667,109.1986296,2.350503203,0.241666667,241.6666667,466.0795246,1.210322575,2.259285876,2.034692623,24.92379211,24.92379211,469.2022214,8237.142857,18.3774016
1002040WA08_f233,-88.93765005,137.5766398,20.19773916,-66.21735382,-275.346283,1407.699951,165.0611586,-1.229675293,-13.7588501,3.172485352,48.29533577,2.589385986,-33.58679199,-0.086759923,-0.970757709,0.223835175,0.820190396,0.043975044,-0.570398027,1.611399168,-0.087996826,-1.589915771,0.247045898,-9.110302734,10.29067383,9.45703125,233,0.066666667,1002040WA08,0.96704657,,-34.77798605,86.93098786,5.10714983,81.82383803,86.93098786,81.82383803,83.76307916,86.93098786,86.93098786,1.611399168,,0.96704657,1.940280607,,,66.66666667,60,16,35,G,1,0.029166667,0.592928557,-0.24950961,0.536868946,-0.03287801,-36.91181656,-19.93933085,0.729444569,3.778867893,-1.590181216,3.421587301,-0.209539,-235.2473612,-127.0778684,4.648915337,27.91543434,-13.40551282,22.61944302,0.119367177,-1620.197575,-1027.137448,42.94648175,1002,40,63,WA08,Wind_success,8,W,0,Naive,13,Head-On,TRUE,TRUE,-36.32381598,21.53950647,0.208333333,208.3333333,428.333991,2.395279402,0.191666667,191.6666667,389.6059009,,3.554596284,2.477890649,27.07142467,21.74193991,469.2022214,8237.142857,18.3774016
1002040WA09_f233,-69.4910445,139.5409935,10.79707591,-46.73220444,-273.375885,1398.312012,156.2602668,-1.664215088,-13.4810791,3.713134766,49.80255532,-5.646911621,-28.08874512,-0.118182169,-0.957342104,0.263683658,0.866798912,-0.098282845,-0.488876395,1.796338799,-0.05520813,-1.794942627,0.04434082,8.769781494,6.160913086,-18.9984375,233,0.066666667,1002040WA09,1.067174704,19.47718062,-29.26675698,96.46891035,7.037456555,89.4314538,96.46891035,89.4314538,94.70718501,96.46891035,96.46891035,1.796338799,1.861798267,1.067174704,0.716777994,19.47718062,,66.66666667,60,16,35,G,1,0.033333333,0.923694287,-0.269537497,0.883409403,-0.012186079,-79.56347961,-26.39568297,-2.422137779,5.886912751,-1.717823475,5.630168066,-0.077664637,-507.0760632,-168.2256618,-15.43683227,30.14483679,-9.302936169,27.06250318,-2.454622122,-2386.752989,-933.5348336,-48.86048937,1002,40,64,WA09,Wind_success,9,W,0,Naive,14,Head-On,TRUE,TRUE,-37.45340875,30.49770036,0.191666667,191.6666667,405.701519,2.345712172,0.183333333,183.3333333,386.3399118,1.275452572,3.089519162,2.118531748,26.07631573,22.01413076,469.2022214,8237.142857,18.3774016
1002040WB01_f240,2.377447828,67.30591095,21.62258444,25.25283241,-345.6451721,1409.23877,70.73382547,-5.346311569,-12.94039917,3.807128906,42.7160244,-12.68621826,-37.59875488,-0.368464815,-0.891845102,0.262385203,0.732652944,-0.217590361,-0.644883012,1.285003908,-0.251450043,-1.260146484,0.006225586,7.641018677,12.13945312,18.72949219,240,0.008333333,1002040WB01,1.51472996,19.22317528,-40.15690464,106.540876,22.44791266,84.0929633,106.540876,84.0929633,95.25627002,106.540876,106.540876,1.285003908,1.405318844,1.51472996,1.51472996,19.22317528,22.01587207,8.333333333,60,16,35,G,1,0.0375,0.965529533,-0.083289191,0.935591541,-0.22355907,-122.8041099,-17.80140286,0.401145027,6.153538245,-0.530820868,5.962736647,-1.424792552,-782.6583868,-113.4523694,2.556588046,30.73539269,-5.870800741,27.62375019,-7.703562213,-3660.550868,-961.3687279,15.93361839,1002,40,82,WB01,Wind_success,1,W,0,Naive,16,Head-On,TRUE,TRUE,128.0847801,13.11074558,0.125,125,273.6029732,2.212443743,0.108333333,108.3333333,237.0905446,1.405318844,2.227488147,1.240418653,31.89971272,24.38883772,469.2022214,8237.142857,18.3774016
1002040WB02_f240,-42.56286189,65.3281739,11.90328124,-19.715662,-347.5525208,1399.543945,78.87366875,-2.383323669,-12.33007813,6.659667969,38.03082085,-9.243743896,-39.98730469,-0.167664242,-0.867407657,0.468500437,0.679688299,-0.165204548,-0.714654654,1.263142292,0.00509285,-1.249116211,0.187646484,5.912594604,3.530566406,-10.50820312,240,0.008333333,1002040WB02,1.713229545,22.25683143,-45.61490391,103.6613551,10.93998406,92.72137109,103.6613551,92.72137109,103.8949581,103.6613551,103.6613551,1.263142292,1.308569204,1.713229545,1.668488346,22.25683143,24.10635369,8.333333333,60,16,35,G,1,0.0375,0.854930597,-0.250270248,0.816320004,-0.04350608,-90.01198457,-31.42949634,-2.828559999,5.448666192,-1.595028935,5.202592147,-0.277274095,-573.6667502,-200.3072937,-18.02705307,31.19293479,-7.149937322,28.56457458,-4.201863519,-3084.476443,-950.1912183,-76.54034297,1002,40,83,WB02,Wind_success,2,W,0,Naive,17,Head-On,TRUE,TRUE,18.05950913,17.31946885,0.141666667,141.6666667,303.5155715,2.386196596,0.158333333,158.3333333,341.8051835,1.308569204,2.636066987,1.617539723,30.9319386,25.91973456,469.2022214,8237.142857,18.3774016
1002040WB03_f235,-45.1540948,110.8951558,15.86993663,-22.31891632,-301.9960938,1403.413696,120.7827916,-3.884132385,-13.03253174,4.374633789,48.41775894,-4.069885254,-27.15637207,-0.271896491,-0.91230146,0.306232501,0.869845492,-0.073117208,-0.487875696,1.334510871,-0.196761703,-1.318601074,0.059121094,5.812234497,5.360449219,9.3375,235,0.05,1002040WB03,1.360791863,18.89030654,-29.20105258,94.8048559,16.59582482,78.20903108,94.8048559,78.20903108,86.3178004,94.8048559,94.8048559,1.334510871,1.385272563,1.360791863,1.135585455,18.89030654,17.11800545,50,60,16,35,G,1,0.033333333,0.89992061,-0.325676125,0.824785964,-0.153363227,-76.57438982,-36.028982,-0.486465223,5.735397729,-2.075607653,5.256547626,-0.977418558,-488.0259175,-229.6208567,-3.100352969,31.82182208,-11.97592598,27.39054517,-6.334397749,-2473.601102,-1324.69642,-15.68736837,1002,40,84,WB03,Wind_success,3,W,0,Naive,18,Head-On,TRUE,TRUE,-1.026244005,27.09736776,0.175,175,324.2635875,2.323446268,0.233333333,233.3333333,449.6201407,1.348062733,3.351736075,1.720171325,26.7642364,22.47225629,469.2022214,8237.142857,18.3774016
1002040WB04_f238,-33.96563596,75.02429167,1.938527745,-11.12556267,-337.8154297,1389.57959,82.37758589,-3.610601425,-12.59463501,5.715454102,48.08451653,-6.734832764,-29.53100586,-0.252589875,-0.881093453,0.39984082,0.846123275,-0.118510056,-0.51964485,1.598913435,-0.11240387,-1.587993164,0.148886719,0.872795105,5.293652344,-7.479492187,238,0.025,1002040WB04,0.504906106,22.72222203,-31.30843177,97.97311687,15.99641827,81.97669859,97.97311687,81.97669859,93.92426844,97.97311687,97.97311687,1.598913435,1.650062965,0.504906106,0.547125617,22.72222203,22.47102688,25,60,16,35,G,1,0.027083333,1.40822838,-0.039801204,1.403770609,-0.104647556,-149.7453257,-14.07098848,-4.202969155,8.974958189,-0.253662083,8.946547807,-0.666942562,-954.3608529,-89.67759431,-26.78647369,36.14595558,-1.526819317,34.58054799,-5.470989949,-3688.038687,-407.5834422,-89.22364171,1002,40,86,WB04,Wind_success,4,W,0,Naive,20,Head-On,TRUE,TRUE,17.98037757,18.66199444,0.158333333,158.3333333,335.9493243,2.423783967,0.175,175,375.0465129,1.511854168,2.997142559,1.871934216,26.85838261,23.79044928,469.2022214,8237.142857,18.3774016
1002040WB05_f222,-69.43313106,194.646016,9.267602793,-46.63405609,-218.2011414,1396.854736,206.866913,-1.677402496,-13.64479065,3.82434082,53.36294651,-8.152435303,-20.88391113,-0.117551323,-0.956218441,0.268007426,0.92194322,-0.14084834,-0.360808043,1.324949688,-0.029333038,-1.316374512,0.147612305,4.532409668,13.70874023,0.648632812,222,0.158333333,1002040WB05,0.619171797,34.8204017,-21.14982898,98.68610583,7.008409274,91.67769656,98.68610583,91.67769656,97.40958369,98.68610583,98.68610583,1.324949688,1.439229698,0.619171797,0.849306215,,,158.3333333,60,16,35,G,1,0.05,0.422693369,-0.317717784,0.261743228,-0.095997793,-15.9710303,-19.83549287,-2.092398714,2.69392051,-2.024887347,1.668148836,-0.611815663,-101.7869909,-126.4160855,-13.33533058,22.72243022,-16.11731909,13.98938561,-6.023345355,-790.8993093,-1035.012851,-77.9791188,1002,40,87,WB05,Wind_success,5,W,0,Naive,21,Head-On,TRUE,TRUE,-28.83736006,35.00835326,0.316666667,316.6666667,468.9248645,2.105149453,0.508333333,508.3333333,849.2498486,0.756924875,2.246327444,1.247518967,31.00555603,25.05062873,469.2022214,8237.142857,18.3774016
1002040WB06_f235,-50.04639835,124.358275,8.789208221,-27.16960335,-288.4527893,1396.454468,134.3386494,-2.451015472,-13.25991821,4.107055664,49.99329185,-5.631561279,-27.49645996,-0.173878638,-0.940678076,0.291360562,0.871977624,-0.098225087,-0.4795903,1.673186586,-0.213396149,-1.649432373,0.182724609,12.74298706,0.367382813,-8.296875,235,0.05,1002040WB06,0.956838697,12.49310918,-28.65864726,96.42706639,10.472572,85.95449439,96.42706639,85.95449439,89.05534326,96.42706639,96.42706639,1.673186586,1.701854423,0.956838697,1.281742505,,,50,60,16,35,G,1,0.034375,0.897059415,-0.377993947,0.779254402,-0.23366375,-71.96521117,-36.51054998,-1.39330065,5.717162687,-2.409040977,4.966364671,-1.489191966,-458.6505788,-232.6899985,-8.879820392,31.38609411,-11.34200888,26.99553993,-8.019789932,-2414.627897,-1109.927292,-21.742415,1002,40,89,WB06,Wind_success,6,W,0,Naive,22,Head-On,TRUE,TRUE,16.72047532,22.22514595,0.175,175,365.8106827,2.281412103,0.2,200,421.5474794,1.488748617,2.807997209,1.831931901,26.38168077,23.07110885,469.2022214,8237.142857,18.3774016
1002040WB07_f204,-4.099408442,421.825273,-5.653007619,18.78357315,9.001803398,1381.946289,421.8830675,-2.339134216,-13.49953556,3.694458008,29.88944244,30.78772068,-34.69116211,-0.164843059,-0.95133692,0.260355202,0.541679951,0.557959255,-0.628700486,1.820930791,-0.117835236,-1.817072182,-0.012348633,12.85716248,-3.232905579,-12.571875,204,0.308333333,1002040WB07,0.859597116,,-38.95431169,44.15184248,9.830328198,34.32151428,44.15184248,34.32151428,40.44146631,44.15184248,44.15184248,1.820930791,1.806578588,0.859597116,1.046935565,,,308.3333333,60,16,35,G,1,0.740625,0.423277548,-0.35063048,-0.023660744,0.23592863,2.873536301,-33.94752876,0.47076031,2.697643615,-2.234647406,-0.150795277,1.50362656,18.31369722,-216.3552842,3.000262005,22.53426551,-18.68213698,9.86257803,-3.054283325,-987.0450186,-1896.345899,-73.05202328,1002,40,90,WB07,Wind_success,7,W,0,Naive,23,Head-On,TRUE,TRUE,17.61294728,4.407669049,,,,1.983823705,0.483333333,483.3333333,740.6284159,0.626899077,1.831364622,1.341409251,24.93503165,22.75924986,469.2022214,8237.142857,18.3774016
1002040WB08_f229,-74.36400934,175.80369,23.4819636,-51.54898453,-237.0157471,1411.068359,192.3235448,-1.420051575,-14.00778198,2.747314453,53.05914152,-11.43385315,-22.78234863,-0.098992017,-0.976484669,0.19151572,0.901376095,-0.194239892,-0.387029715,1.453023241,0.014906158,-1.449805298,0.095493164,2.402380371,10.25310059,11.05136719,229,0.1,1002040WB08,1.364833381,,-22.76980541,102.1608551,5.788635474,96.37221967,102.1608551,96.37221967,102.7499204,102.1608551,102.1608551,1.453023241,1.535260081,1.364833381,1.364833381,,,100,60,16,35,G,1,0.047916667,0.51154955,-0.314805383,0.39542604,-0.078859115,-31.65686379,-26.68565729,-0.082480501,3.260221061,-2.006325953,2.520139651,-0.502586988,-201.7563579,-170.0737337,-0.525666898,25.60890599,-12.85034405,20.89213437,-4.695522272,-1649.628598,-1117.447953,17.73918151,1002,40,91,WB08,Wind_success,8,W,0,Naive,24,Head-On,TRUE,TRUE,-43.57026153,32.93815744,0.25,250,465.827617,2.120215469,0.208333333,208.3333333,380.1612933,1.234964512,2.559602664,1.464874375,28.77527508,23.04069554,469.2022214,8237.142857,18.3774016
1002040WB09_f229,-71.60713405,175.7413373,23.66095022,-48.86414337,-237.1000824,1411.251709,191.2392216,-2.16178894,-13.89781189,3.095214844,51.54909563,-10.90696716,-19.61315918,-0.150108719,-0.965026095,0.214923264,0.916879852,-0.193997165,-0.348850164,1.726255052,0.003296814,-1.725679321,-0.044458008,4.27565918,-0.395727539,-1.712109375,229,0.1,1002040WB09,1.289765957,13.80411912,-20.41700215,101.9466781,8.841440578,93.10523752,101.9466781,93.10523752,102.0561384,101.9466781,101.9466781,1.726255052,1.726255052,1.289765957,1.304721978,,,100,60,16,35,G,1,0.026041667,0.643409614,-0.307546097,0.5506517,-0.12717718,-44.39861113,-25.15572668,0.857608827,4.100595096,-1.960060886,3.509427914,-0.810528952,-282.9623975,-160.3231397,5.465735161,25.49388777,-13.31058083,20.65123786,-1.490693504,-1713.957684,-1158.779054,48.91822951,1002,40,92,WB09,Wind_success,9,W,0,Naive,25,Head-On,TRUE,TRUE,-44.02785573,33.25050252,0.241666667,241.6666667,471.6494951,2.337335211,0.225,225,433.3520673,1.271363945,3.056026043,1.982162984,27.25385322,22.89864028,469.2022214,8237.142857,18.3774016
1002040WC01_f239,-23.10378226,71.82255077,15.09396413,-0.371236265,-341.0475464,1402.653931,76.9421296,-4.771573126,-12.0199585,5.551635742,41.0536589,-13.11273193,-39.19677734,-0.339042746,-0.854074668,0.394469869,0.704714114,-0.225089006,-0.672839473,1.270730264,-0.360415757,-1.193140869,0.247529297,,,,239,0.016666667,1002040WC01,0.829626472,20.20433489,-42.28659679,107.7137268,21.65163478,86.06209199,107.7137268,86.06209199,90.90557263,107.7137268,107.7137268,1.270730264,1.339268953,0.829626472,0.627646627,20.20433489,21.99696487,16.66666667,60,16,35,G,1,0.025,0.503187269,-0.018963559,0.444908671,-0.23429487,-46.80137493,-3.963457725,1.443243879,3.206926353,-0.120859056,2.835503654,-1.493214235,-298.275755,-25.26001314,9.198119893,25.71593941,-10.35416965,18.60032738,-8.432795273,-1997.144042,-1232.677044,-6.720797587,1002,40,100,WC01,Wind_success,1,W,0,Naive,26,Head-On,TRUE,TRUE,80.68684191,18.76720577,0.166666667,166.6666667,327.0800366,2.351120487,0.366666667,366.6666667,762.0327275,1.270730264,3.207519672,1.667800267,27.08154556,24.65358981,469.2022214,8237.142857,18.3774016
1002040WC02_f238,-85.24217035,79.0032767,41.56484502,-62.47523499,-333.8470459,1429.102783,123.4316883,-1.62361145,-13.91445923,2.438964844,43.7130394,-4.823364258,-40.87683105,-0.114181284,-0.97854128,0.171521418,0.728044238,-0.080333525,-0.680806957,1.576159913,-0.200227661,-1.532296143,-0.310253906,8.458758545,6.116748047,-15.85898438,238,0.025,1002040WC02,1.298302202,15.66260701,-42.90673371,96.29663284,6.655472635,89.64116021,96.29663284,89.64116021,88.85188096,96.29663284,96.29663284,1.576159913,1.616089975,1.298302202,1.129560367,15.66260701,,25,60,16,35,G,1,0.01875,0.945879924,-0.49075112,0.764187791,-0.264327804,-46.70596609,-32.25461194,1.995762471,6.028306836,-3.127667962,4.870341751,-1.684620923,-297.6676929,-205.5659421,12.71944593,45.32801075,-27.20045135,31.31736963,-8.535758731,-1879.472387,-1644.553388,344.3741767,1002,40,101,WC02,Wind_success,2,W,0,Naive,27,Head-On,TRUE,TRUE,-6.04171561,28.26675065,0.166666667,166.6666667,357.6606589,2.256692618,0.2,200,427.241507,1.580144301,2.699400183,1.549609189,31.0876121,23.76903616,469.2022214,8237.142857,18.3774016
1002040WC12_f235,-92.79628547,89.54043681,26.50874939,-70.08657837,-323.3119812,1414.14978,131.6486013,-0.089927673,-13.70803833,3.334960938,12.00499725,26.13531494,-48.76062012,-0.006374157,-0.971638532,0.236385139,0.21206229,0.461667306,-0.86133204,1.242485946,-0.007297668,-1.241407471,-0.051240234,6.521704102,4.931103516,-21.32226563,235,0.05,1002040WC12,2.451759554,22.74643901,-59.46647487,24.67121449,0.375867218,24.29534727,24.67121449,24.29534727,24.33440261,24.67121449,24.67121449,1.242485946,1.290191768,2.451759554,2.451759554,22.74643901,22.74047325,50,60,16,35,G,1,0.020833333,0.556266246,-0.275538597,0.480928058,-0.047104361,-23.4410119,-13.02446013,0.18756099,3.545210686,-1.756069844,3.065063363,-0.300206752,-149.3948742,-83.00783225,1.195368638,40.29831046,-30.10068619,21.12219401,-3.238407102,-962.6919698,-1476.269399,7.983461845,1002,40,69,WC12,Wind_success,12,W,0,Naive,15,Head-On,TRUE,TRUE,-50.95780244,12.51791101,,,,2.255038031,0.416666667,416.6666667,750.9287532,1.219752632,3.072880432,1.798112046,24.9169573,22.71515721,469.2022214,8237.142857,18.3774016
1003040MA01_f237,-68.21265254,94.51686896,27.62318925,-41.54533005,-317.008606,1415.465454,119.7891692,2.915725708,-14.28408813,3.002197266,31.05744839,17.03369141,-56.09741211,0.195889414,-0.959658737,0.201698898,0.468121876,0.256744968,-0.845543571,1.83952155,0.345717773,-1.806558838,-0.025766602,-4.371405029,7.578808594,-12.23964844,237,0.033333333,1003040MA01,2.188634565,15.63312306,-57.73022186,61.25710232,-11.53695298,72.7940553,61.25710232,72.7940553,72.09070685,61.25710232,61.25710232,1.83952155,1.909890861,2.188634565,,15.63312306,,33.33333333,60,15.8,35,G,3,0.020833333,1.337028444,-0.432169942,1.257898721,0.136253477,-123.6663728,-52.18831883,0.495480218,8.629047987,-2.789181627,8.118352658,0.879366328,-798.1304136,-336.8181952,3.197779822,39.73517948,-12.92321434,36.35201035,1.782089689,-3551.404413,-1534.798709,25.69966343,1003,40,65,MA01,Wind_missed,1,M,0,Naive,2,Failure,FALSE,FALSE,-116.1886189,21.0864609,0.041666667,41.66666667,133.5483934,2.537646505,0.15,150,372.9117466,1.941837721,2.614078478,1.67402098,24.87038803,19.2505011,469.2022214,8237.142857,18.14768408
1003040MA02_f240,0.623217487,39.444535,19.20756073,27.33863831,-371.9645996,1407.13501,43.87698862,-4.140060425,-14.33798218,3.393676758,41.80926514,3.546813965,-49.90405273,-0.270508491,-0.936833166,0.221740333,0.641248734,0.054399185,-0.765402371,1.87138642,-0.117778015,-1.843114014,0.301904297,-10.95743408,24.60717773,-13.45605469,240,0.008333333,1003040MA02,1.195251278,,-49.942802,85.15102531,16.10595541,69.04506989,85.15102531,69.04506989,81.49470217,85.15102531,85.15102531,1.87138642,2.089771284,1.195251278,1.192197721,,,8.333333333,60,15.8,35,G,3,0.592708333,0.450731991,-0.303672785,-0.331748734,-0.02974803,26.341779,-23.27859268,-2.278575906,2.908979234,-1.959873811,-2.141073179,-0.191990814,170.0072097,-150.2377112,-14.70570123,12.77520968,-0.001290781,10.67967855,-4.582422187,-1438.213333,1.854264245,-24.1283438,1003,40,70,MA02,Wind_missed,2,M,0,Naive,4,Failure,FALSE,FALSE,26.91402756,11.71287881,0.083333333,83.33333333,207.9150973,2.803820396,0.116666667,116.6666667,295.7265953,2.089771284,2.986432657,1.60820701,27.59081931,22.24301114,469.2022214,8237.142857,18.14768408
1003040PA01_f240,-11.84098998,54.13203365,21.94251196,14.88425255,-357.2879639,1409.809448,59.59832163,-2.889467239,-14.38424683,3.370361328,42.10204124,-4.176147461,-51.72290039,-0.191943554,-0.955526824,0.223888723,0.630055459,-0.062495889,-0.774031254,1.74515453,-0.055519295,-1.743618164,0.047724609,-3.378048706,2.576513672,0.798046875,240,0.008333333,1003040PA01,0.275409605,13.29693645,-50.71728507,95.66470136,11.35825115,84.30645021,95.66470136,84.30645021,93.84093803,95.66470136,95.66470136,1.74515453,1.765779068,0.275409605,,,,8.333333333,60,15.8,35,G,3,0.019791667,1.342908015,-0.21657424,1.276087888,0.357906742,-159.5739066,-37.39167142,-0.621641552,8.666994147,-1.397748507,8.235743727,2.309894353,-1029.874049,-241.3221113,-4.012012464,35.16150667,-5.94658513,32.26867975,6.744872555,-4055.513734,-976.2060203,-11.63014357,1003,40,73,PA01,Wind_Near-miss,1,P,0,Naive,6,Pivot,TRUE,FALSE,4.786594811,21.12211124,0.091666667,91.66666667,208.4571675,2.631198885,0.141666667,141.6666667,328.696396,1.765779068,2.531091602,1.789374197,28.26704118,21.555385,469.2022214,8237.142857,18.14768408
1003040PB01_f240,-34.19501427,46.4245465,32.70264537,-7.256241798,-364.9012146,1420.769775,66.28725769,-3.967317581,-14.24545288,1.326416016,47.43830585,-10.64648438,-43.37011719,-0.26721432,-0.959486841,0.089339295,0.728123895,-0.163411394,-0.665681838,1.360791233,0.110315094,-1.31612915,-0.327700195,-0.40531311,4.729833984,-15.7640625,240,0.008333333,1003040PB01,0.489025008,17.45275239,-41.73465546,102.649186,15.56236671,87.08681928,102.649186,87.08681928,107.4403949,102.649186,102.649186,1.360791233,1.374399284,0.489025008,0.410908696,17.45275239,,8.333333333,60,15.8,35,G,3,0.016666667,3.205156376,-0.470429066,1.373791602,2.857345013,-109.2375085,-70.29279691,-0.273910122,20.685759,-3.036102185,8.866313733,18.44101921,-705.0079653,-453.6626878,-1.767788557,71.15137626,-11.91737327,31.41135668,61.49273765,-2503.099525,-1718.636667,1.265522885,1003,40,94,PB01,Wind_Near-miss,1,P,0,Naive,14,Pivot,TRUE,FALSE,-40.74379761,34.76957799,0.15,150,317.4350453,2.443349979,0.191666667,191.6666667,414.0190571,1.374399284,2.670515041,1.295056315,27.4264203,20.78097937,469.2022214,8237.142857,18.14768408
1003040WA01_f188,-115.7932059,1086.701295,-117.9430317,-88.90419006,675.1508179,1269.966187,1099.198949,-2.760253906,-14.41467285,2.620483398,26.6301918,48.37200928,-19.5111084,-0.185144089,-0.966864485,0.175768979,0.454722158,0.825973188,-0.333160699,2.184184351,-0.916697388,-1.981003418,0.07715332,-8.325,-4.027148437,-2.64375,188,0.441666667,1003040WA01,2.763549622,23.09227201,-19.46072974,28.83405687,10.8402955,17.99376137,28.83405687,17.99376137,4.002001303,28.83405687,28.83405687,2.184184351,2.126106852,2.763549622,2.763549622,23.09227201,23.20853876,441.6666667,60,15.8,35,G,3,0.020833333,1.964423665,-0.122446955,1.595548838,1.139381843,-181.4965171,-33.6755848,0.567548608,12.67819405,-0.790260412,10.29751278,7.353456568,-1171.360387,-217.3388595,3.662902005,50.49664461,-3.109013634,40.36519691,25.50905381,-4692.127856,-844.1815896,18.53289482,1003,40,64,WA01,Wind_success,1,W,0,Naive,1,Head-On,TRUE,TRUE,-85.42587697,22.52193216,,,,2.940813382,0.166666667,166.6666667,449.5416284,1.957591766,2.763549622,1.60775362,28.27781886,22.4851837,469.2022214,8237.142857,18.14768408
1003040WA02_f236,-63.26603802,97.17598668,44.25850372,-36.61768723,-314.3735352,1432.051514,124.1151848,1.174949646,-14.74020386,0.983642578,34.89830875,20.17202759,-52.79016113,0.079283289,-0.994639943,0.066374265,0.525419433,0.303704554,-0.79479429,1.514121472,0.221926575,-1.49088501,-0.1434375,-0.410559082,0.560302734,3.121875,236,0.041666667,1003040WA02,0.390741711,13.70200661,-52.63583013,59.97109691,-4.557441655,64.52853856,59.97109691,64.52853856,68.43772503,59.97109691,59.97109691,1.514121472,1.521899603,0.390741711,,,,41.66666667,60,15.8,35,G,3,0.03125,0.934156149,-0.546219017,0.757705199,0.013241183,-78.59249923,-60.51953692,1.20918621,6.028950449,-3.525242959,4.890153643,0.085457274,-507.2281372,-390.5870443,7.803966978,39.2277119,-19.54340908,32.46079119,-1.228504891,-3224.524145,-2146.618133,100.5801644,1003,40,66,WA02,Wind_success,2,W,0,Naive,3,Head-On,TRUE,TRUE,-99.04705734,26.03545549,0.075,75,170.7490788,2.628514714,0.208333333,208.3333333,448.6686931,1.556750752,2.428842039,1.389678311,27.74107799,19.61852849,469.2022214,8237.142857,18.14768408
1003040WA03_f239,-26.00036773,61.14095334,28.01975031,1.094917774,-350.2018433,1416.02124,72.10646091,-1.367201537,-14.60202026,2.404663086,44.23113585,7.462219238,-47.39501953,-0.091994856,-0.982525774,0.161802505,0.67780786,0.114352724,-0.726291924,1.70869234,0.085296865,-1.693000488,-0.214716797,-6.703869438,-6.272753906,-3.7546875,239,0.016666667,1003040WA03,0.673067491,21.97533283,-46.57642707,80.42382523,5.349065309,75.07475992,80.42382523,75.07475992,83.30806629,80.42382523,80.42382523,1.70869234,1.70869234,0.673067491,0.966604382,21.97533283,20.17512409,16.66666667,60,15.8,35,G,3,0.025,1.343570021,-0.341744822,1.287728871,0.173623825,-162.4928731,-53.85280661,-0.435455498,8.671266669,-2.205586933,8.310873467,1.120550821,-1048.712767,-347.560633,-2.810386275,41.7321441,-11.71517323,37.40157167,0.059624797,-4751.488499,-1781.056494,7.36847098,1003,40,71,WA03,Wind_success,3,W,0,Naive,5,Head-On,TRUE,TRUE,-56.42301385,27.09031352,0.125,125,274.9392005,2.570799822,0.216666667,216.6666667,493.6137173,1.682242909,3.074907559,1.708553154,25.98034081,20.97494765,469.2022214,8237.142857,18.14768408
1003040WA04_f237,-43.13277064,96.28209417,36.51018939,-16.54215622,-315.1703186,1424.36145,111.6408146,-1.956745148,-14.78329468,1.268554688,40.30672836,0.414764404,-55.14916992,-0.130745238,-0.987785958,0.084761924,0.590057358,0.00607181,-0.807338496,1.523819409,0.161211319,-1.514589844,-0.045322266,-16.63102112,0.513720703,-6.677929687,237,0.033333333,1003040WA04,1.307611395,11.01530915,-53.83670445,89.41043562,7.539950275,81.87048535,89.41043562,81.87048535,95.48606178,89.41043562,89.41043562,1.523819409,1.534589465,1.307611395,1.79319436,,,33.33333333,60,15.8,35,G,3,0.026041667,0.984381767,-0.395392144,0.867207066,-0.246220267,-99.9585008,-49.65770614,-0.132864552,6.353101564,-2.55182139,5.596867754,-1.589081,-645.1221765,-320.4858738,-0.857494546,35.17309211,-13.51128653,29.79607086,-6.673714641,-3405.912045,-1732.094896,11.72180921,1003,40,74,WA04,Wind_success,4,W,0,Naive,7,Head-On,TRUE,TRUE,-42.74903712,26.56934212,0.125,125,268.6109165,2.361588064,0.225,225,485.1057798,1.54440053,2.006406025,0.985725495,23.88394396,20.46338685,469.2022214,8237.142857,18.14768408
1003040WA05_f234,-16.45337458,108.5862639,20.77231822,10.45292377,-302.7790222,1408.708984,111.7728923,-2.809147358,-14.65664673,1.777587891,59.97889233,-6.933898926,-22.0201416,-0.186916123,-0.975229573,0.118277824,0.933255685,-0.107889632,-0.342627573,1.368757353,-0.148870354,-1.354324951,-0.130913086,-2.613716125,4.301367187,2.025,234,0.058333333,1003040WA05,0.97020058,21.24865617,-20.03704113,96.59444238,10.84994149,85.74450089,96.59444238,85.74450089,90.32154927,96.59444238,96.59444238,1.368757353,1.403768059,0.97020058,0.751440992,21.24865617,23.2028061,58.33333333,60,15.8,35,G,3,0.026041667,0.995633324,-0.391021216,0.866114235,-0.297042517,-107.5582785,-54.09441875,-1.787105889,6.425717992,-2.52361186,5.58981473,-1.917082725,-694.1703823,-349.1199736,-11.53380284,29.66045685,-12.17419373,25.14359361,-8.776149668,-3085.398594,-1606.020305,-42.5556889,1003,40,75,WA05,Wind_success,5,W,0,Naive,8,Head-On,TRUE,TRUE,-28.6069453,31.29470741,0.183333333,183.3333333,338.4794663,2.50253585,0.25,250,497.916651,1.39709371,2.80956281,1.137828857,29.73986593,22.76088426,469.2022214,8237.142857,18.14768408
1003040WA06_f229,-63.54266695,178.1914874,50.25342738,-36.85862732,-233.2307434,1438.131958,195.7429019,-1.14655304,-14.83757019,0.343505859,60.51169777,6.358184814,-28.16040039,-0.077023442,-0.996762199,0.023076127,0.902546628,0.094833866,-0.420019192,1.705079882,0.091473083,-1.701218262,-0.06918457,0.181164551,6.177392578,2.831835937,229,0.1,1003040WA06,1.43077403,24.6448427,-24.83579918,84.00173339,4.418672384,79.58306101,84.00173339,79.58306101,87.07951575,84.00173339,84.00173339,1.705079882,1.75745477,1.43077403,1.646133447,24.6448427,24.6448427,100,60,15.8,35,G,3,0.017708333,0.600498057,-0.305640656,0.495330584,-0.147747482,-53.24672641,-33.64918049,2.265948422,3.875554458,-1.972574256,3.196814094,-0.953547486,-343.6490519,-217.1684487,14.62420471,33.95303966,-17.65753059,27.01414374,-0.722073198,-2903.062482,-2067.512945,201.3888756,1003,40,76,WA06,Wind_success,6,W,0,Naive,9,Head-On,TRUE,TRUE,-57.48850267,32.84430611,0.166666667,166.6666667,313.3884218,2.316216266,0.216666667,216.6666667,421.9097379,1.251994963,2.248039678,1.510254256,24.6448427,19.17841855,469.2022214,8237.142857,18.14768408
1003040WA07_f239,-60.9096234,74.10339959,28.17975032,-34.24003601,-337.3372498,1416.023926,99.97696926,-0.734474182,-14.4911499,3.22265625,45.94218349,-3.966125488,-48.63623047,-0.049415205,-0.974960258,0.216819355,0.685483055,-0.059176809,-0.725679741,1.548969222,-0.043810272,-1.459976807,-0.515610352,-3.206195068,-3.069140625,-13.46308594,239,0.016666667,1003040WA07,0.547231327,14.94956747,-46.5254237,94.9340329,2.901515163,92.03251774,94.9340329,92.03251774,93.21524485,94.9340329,94.9340329,1.548969222,1.548969222,0.547231327,0.547231327,14.94956747,,16.66666667,60,15.8,35,G,3,0.033333333,1.064922726,-0.369966253,0.995377161,-0.080060552,-90.3319959,-37.97110133,-3.034516576,6.872904871,-2.38772523,6.424064741,-0.516702802,-582.9936758,-245.061694,-19.58446678,36.61851184,-15.48911948,31.71409526,-4.418381176,-2905.241893,-1581.388584,-89.32279991,1003,40,77,WA07,Wind_success,7,W,0,Naive,10,Head-On,TRUE,TRUE,-50.3410175,25.66229171,0.116666667,116.6666667,251.0393401,2.555091751,0.158333333,158.3333333,344.6803246,1.548969222,2.476099823,1.42952077,25.01216218,20.53274279,469.2022214,8237.142857,18.14768408
1003040WB01_f236,-34.48129892,103.7071561,22.00763298,-7.547322273,-307.7284851,1410.032349,111.4830485,-1.430018425,-14.71826172,1.637084961,58.91935825,-6.75567627,-17.69055176,-0.096116884,-0.989269393,0.1100346,0.952036875,-0.109160268,-0.285849305,1.664304489,0.118604507,-1.654727783,-0.133110352,0.062484741,1.664648437,-0.388476563,236,0.041666667,1003040WB01,0.204905552,43.6935151,-16.60962231,96.54095271,5.549408921,90.99154379,96.54095271,90.99154379,100.6406821,96.54095271,96.54095271,1.664304489,1.67780698,0.204905552,0.509453367,,,41.66666667,60,15.8,35,G,3,0.029166667,1.146966253,-0.378630954,1.081181462,0.056717138,-131.1507254,-66.80928389,1.380575064,7.402405597,-2.443646347,6.977837124,0.366046742,-846.4336777,-431.1804428,8.910093516,33.10930652,-10.36896352,29.96223125,0.824941073,-3627.891593,-1854.425234,47.16809439,1003,40,88,WB01,Wind_success,1,W,0,Naive,11,Head-On,TRUE,TRUE,-51.00274094,38.40315625,0.158333333,158.3333333,350.1734599,2.659445557,0.191666667,191.6666667,432.0670038,1.569463888,3.654103472,1.74773518,24.90452874,19.98944879,469.2022214,8237.142857,18.14768408
1003040WB02_f239,-59.98877531,73.77619692,33.73029683,-33.33979034,-337.6391602,1421.652344,100.8925831,-1.951084137,-14.55352783,2.107299805,41.08240557,-2.559539795,-47.15759277,-0.131526339,-0.981081338,0.142057138,0.656319221,-0.04089038,-0.753374447,1.672216373,-0.023488312,-1.653691406,-0.247104492,-17.90908813,-1.904589844,-1.1671875,239,0.016666667,1003040WB02,0.291051244,16.91244905,-48.88353451,93.56506683,7.635694871,85.92937196,93.56506683,85.92937196,92.75131727,93.56506683,93.56506683,1.672216373,1.659703633,0.291051244,0.298215565,16.91244905,21.12195665,16.66666667,60,15.8,35,G,3,0.029166667,1.040239737,-0.376601299,0.959183731,-0.142255905,-86.31440682,-45.11351964,2.579279842,6.713603326,-2.430547155,6.190475962,-0.918105395,-557.0645573,-291.1581481,16.64641438,36.22091271,-11.12629535,33.0526718,-4.15122867,-2877.807815,-1441.91844,119.4557468,1003,40,89,WB02,Wind_success,2,W,0,Naive,12,Head-On,TRUE,TRUE,-48.35792874,33.81480002,0.116666667,116.6666667,271.3058793,2.37075324,0.291666667,291.6666667,662.3033261,1.672216373,2.341647023,1.193970272,27.58766749,21.52309331,469.2022214,8237.142857,18.14768408
1003040WB03_f238,-71.22362696,81.07677727,41.12468211,-44.5491066,-330.3266907,1429.039429,115.4880441,-0.169193268,-14.82574463,0.209716797,49.79893637,1.049865723,-39.88977051,-0.011410242,-0.999834876,0.014143112,0.780376016,0.016451958,-0.625094078,1.376934655,0.140294037,-1.297540283,-0.438925781,0.122717285,-1.632568359,-20.39941406,238,0.025,1003040WB03,1.370045163,22.03604695,-38.68909285,88.79226405,0.65383828,88.13842577,88.79226405,88.13842577,94.96328641,88.79226405,88.79226405,1.376934655,1.376934655,1.370045163,1.495781935,22.03604695,23.34035163,25,60,15.8,35,G,3,0.035416667,0.935503464,-0.492402928,0.794549347,0.037382106,-73.28497833,-51.835413,-1.049332353,6.037645881,-3.177919299,5.127942097,0.241260379,-472.9739276,-334.5405762,-6.772286156,35.41493686,-18.0637582,29.17483244,0.230240135,-2661.362266,-1781.202737,-5.454083943,1003,40,90,WB03,Wind_success,3,W,0,Naive,13,Head-On,TRUE,TRUE,-120.6596644,43.13896023,0.183333333,183.3333333,385.7081124,2.378378558,0.225,225,475.7340033,1.486190482,2.41436791,1.324138232,31.52904025,21.7889591,469.2022214,8237.142857,18.14768408
1003040WB04_f235,-41.95932761,121.0965711,34.77715007,-15.0138483,-290.223877,1422.867676,132.7946342,-2.601498604,-14.57681274,0.358398438,51.35857487,-0.08380127,-35.01074219,-0.175640783,-0.9841569,0.024197354,0.826275022,-0.001348225,-0.563265275,1.773609964,0.044814835,-1.770963135,0.085869141,-0.589924622,3.547265625,12.55253906,235,0.05,1003040WB04,0.331483368,-0.910972951,-34.28191541,90.09348886,10.11894385,79.97454502,90.09348886,79.97454502,91.54306901,90.09348886,90.09348886,1.773609964,1.801307775,0.331483368,0.647667729,,,50,60,15.8,35,G,3,0.022916667,1.203396415,-0.588298813,1.030805262,-0.198766067,-122.8894378,-77.29583618,2.54012566,7.766600219,-3.796821755,6.652714166,-1.282816334,-793.1161526,-498.8596035,16.39371721,33.41991932,-15.56116083,28.04407753,-4.716481838,-3311.355261,-2047.088251,79.79990801,1003,40,95,WB04,Wind_success,4,W,0,Naive,15,Head-On,TRUE,TRUE,-29.49337801,36.92865453,0.141666667,141.6666667,316.28631,2.402916224,0.3,300,681.1250025,1.600863528,4.647113692,1.814825291,26.18006597,20.03382447,469.2022214,8237.142857,18.14768408
1003040WB05_f236,-43.02280254,109.9238594,26.20405467,-16.18525696,-301.4077148,1414.272949,120.916785,-2.900651932,-14.7171936,1.675170898,52.82079315,-7.832580566,-38.63598633,-0.192178027,-0.975063982,0.110985752,0.801408168,-0.118837557,-0.586193299,1.496210065,0.068429718,-1.464517822,-0.298579102,-1.851416016,-8.967919922,-9.662695313,236,0.041666667,1003040WB05,0.937693381,17.79391738,-35.88733593,98.43469378,11.14967595,87.28501784,98.43469378,87.28501784,101.1098981,98.43469378,98.43469378,1.496210065,1.409284809,0.937693381,1.119167708,17.79391738,18.8575294,41.66666667,60,15.8,35,G,3,0.028125,1.336527544,-0.179234098,1.323087286,0.060175147,-141.189361,-25.28111765,-3.464503582,8.625815228,-1.156758961,8.539073143,0.388364385,-911.2220289,-163.1618073,-22.35955995,37.55978772,-10.22128953,34.39500624,-0.861427726,-3658.738513,-1275.68243,-96.56662354,1003,40,96,WB05,Wind_success,5,W,0,Naive,16,Head-On,TRUE,TRUE,-49.56239632,36.16641401,0.125,125,258.2338272,2.426874814,0.15,150,315.747651,1.695185081,3.017574696,1.451827205,26.12353902,21.39994554,469.2022214,8237.142857,18.14768408
1003040WB06_f239,-17.97877989,58.43523102,21.12690023,9.185243607,-352.8815002,1409.272461,64.68584593,-3.993083,-14.09338379,2.595703125,51.59506035,-13.67419434,-33.46508789,-0.268418155,-0.947368256,0.17448519,0.818974788,-0.217052182,-0.531195488,1.318297406,-0.127609634,-1.263632812,-0.353349609,10.76992493,-7.399951172,-22.58261719,239,0.016666667,1003040WB06,1.736728051,22.57708668,-32.08626478,104.8437869,15.81903436,89.02475259,104.8437869,89.02475259,99.07724654,104.8437869,104.8437869,1.318297406,1.276657372,1.736728051,1.421075815,22.57708668,23.93080581,16.66666667,60,15.8,35,G,3,0.019791667,1.202851381,-0.273651755,1.148502546,-0.230017528,-154.3666241,-44.63132717,-1.310155753,7.763082628,-1.766121082,7.412320679,-1.484510145,-996.2667679,-288.0461261,-8.45561432,31.60341048,-8.883011024,29.13760302,-6.432280816,-3841.274982,-1377.905099,-38.05068593,1003,40,97,WB06,Wind_success,6,W,0,Naive,17,Head-On,TRUE,TRUE,16.25081738,36.30365342,0.141666667,141.6666667,270.1863188,2.353985445,0.341666667,341.6666667,705.4014648,1.318297406,2.856584606,1.443245704,28.27400796,21.15409635,469.2022214,8237.142857,18.14768408
1003040WB07_f240,-37.72379754,52.56686478,32.63424823,-10.87740993,-358.7455444,1420.737915,72.4662289,-3.935119629,-14.62619019,1.33215332,44.99498272,-8.280761719,-47.6348877,-0.258808115,-0.961947048,0.087614132,0.681257353,-0.125376864,-0.721227469,1.293620531,0.126574402,-1.278515625,-0.151098633,-2.545751953,-0.856933594,5.675976562,240,0.008333333,1003040WB07,1.444950547,16.19107015,-46.15591572,100.4278838,15.05862279,85.36926099,100.4278838,85.36926099,106.0818029,100.4278838,100.4278838,1.293620531,1.295220706,1.444950547,1.706390261,16.19107015,17.81157934,8.333333333,60,15.8,35,G,3,0.01875,1.013244442,-0.322462436,0.958868866,-0.057033099,-116.3034134,-47.03807362,0.215738995,6.539378387,-2.081140342,6.188443853,-0.368085923,-750.6106092,-303.5790272,1.392357918,31.29422785,-10.82291304,28.1313661,-1.560538295,-3372.248851,-1550.928361,9.414727975,1003,40,98,WB07,Wind_success,7,W,0,Naive,18,Head-On,TRUE,TRUE,-30.9341805,41.75311252,0.183333333,183.3333333,378.7023327,2.284087503,0.241666667,241.6666667,506.4119437,1.295220706,2.966670691,1.462719984,28.80142178,21.6417216,469.2022214,8237.142857,18.14768408
1003040WB08_f236,-75.82007916,80.49865417,44.8545667,-48.96300888,-330.8225708,1432.886108,119.3341941,-1.119491577,-14.64993286,-1.493041992,58.76573277,-4.430755615,-27.54675293,-0.075803637,-0.991984408,-0.10109769,0.903354421,-0.068110147,-0.423452238,1.165223921,0.057918549,-1.13208252,-0.269780273,8.317034912,3.624169922,-13.48066406,236,0.041666667,1003040WB08,2.446148316,20.24098135,-25.05273437,94.31176764,4.369830745,89.9419369,94.31176764,89.9419369,97.24052729,94.31176764,94.31176764,1.165223921,1.172954167,2.446148316,2.747895862,20.24098135,21.14562507,41.66666667,60,15.8,35,G,3,0.044791667,0.464358289,-0.369231853,0.271383869,0.075148219,-27.11116106,-36.97560042,-0.327520193,2.996921999,-2.382985486,1.751484376,0.484999095,-174.9727246,-238.6368306,-2.113782599,28.04351201,-17.28017693,19.74373405,0.056136794,-1820.997972,-1667.126052,31.17903405,1003,40,99,WB08,Wind_success,8,W,0,Naive,19,Head-On,TRUE,TRUE,-91.51034614,47.00959152,0.183333333,183.3333333,339.3047766,2.238393448,0.233333333,233.3333333,439.6326219,1.11712288,2.747895862,1.495578061,30.38324672,21.47522006,469.2022214,8237.142857,18.14768408
1003040WB09_f223,-22.10394037,189.7763008,50.8850563,4.691376209,-221.5401917,1438.91272,197.7192896,-3.553843021,-14.66514587,-0.051025391,60.08846235,-8.607498169,-19.06420898,-0.235514563,-0.971864937,-0.003381473,0.944414071,-0.13528458,-0.299633349,1.521660993,-0.077090263,-1.504899902,-0.211625977,-2.375827789,0.92175293,-3.302929688,223,0.15,1003040WB09,0.778895745,20.91066938,-17.43558257,98.15199738,13.62203583,84.52996155,98.15199738,84.52996155,95.21951711,98.15199738,98.15199738,1.521660993,1.524820494,0.778895745,0.498136398,20.91066938,20.94347177,150,60,15.8,35,G,3,0.022916667,0.449462122,-0.31568964,0.306647836,-0.091232421,-29.44280986,-31.18059566,-0.187331677,2.900783624,-2.037429396,1.979074493,-0.588804927,-190.020953,-201.2364489,-1.209019926,27.35057157,-21.53765696,14.71169306,-5.581275581,-1447.147647,-2106.404325,-75.6130815,1003,40,100,WB09,Wind_success,9,W,0,Naive,20,Head-On,TRUE,TRUE,-9.358945513,42.26950522,0.258333333,258.3333333,399.4315897,2.340851345,0.233333333,233.3333333,341.9530176,0.846954977,3.238200723,1.600128923,25.47929486,19.52809217,469.2022214,8237.142857,18.14768408
1003040WC01_f231,1.042742846,101.230405,21.98847054,27.79542923,-310.1463928,1410.018066,103.5962116,-7.073169708,-13.25201416,1.514526367,52.48498154,-24.59048462,-16.21240234,-0.468494373,-0.877752736,0.100315291,0.87206409,-0.408583141,-0.269377134,1.182411198,-0.213220139,-1.160789795,-0.072114258,12.60082397,-1.190039063,4.192382812,231,0.083333333,1003040WC01,0.297575284,18.12034825,-15.62720606,115.1042277,28.09075772,87.01347002,115.1042277,87.01347002,104.6958551,115.1042277,115.1042277,1.182411198,1.198847991,0.297575284,0.294093295,18.12034825,18.38558682,83.33333333,60,15.8,35,G,3,0.013541667,0.777360949,-0.319882535,0.632396613,-0.319436586,-77.56557012,-43.2173984,-1.861015444,5.017009891,-2.064489917,4.081424554,-2.061611805,-500.6004394,-278.9207711,-12.01080773,20.7205421,-9.294850877,16.06604585,-8.760723199,-1910.349091,-1224.570722,-51.48607365,1003,40,114,WC01,Wind_success,1,W,0,Naive,21,Head-On,TRUE,TRUE,44.17014155,35.98445121,0.208333333,208.3333333,315.6600288,2.520756854,0.375,375,695.340907,0.936316604,2.115012759,1.307297434,25.85066091,21.24677784,469.2022214,8237.142857,18.14768408
1003040WC02_f240,-48.61861838,53.75772883,37.69210968,-21.88363457,-357.5964661,1425.724487,81.69674776,-3.94487381,-14.44448853,1.811889648,43.52000427,-8.997528076,-44.90075684,-0.261549357,-0.957685054,0.120130224,0.688885028,-0.142423294,-0.710741179,1.146074669,-0.116569061,-1.138143311,-0.067294922,1.50100708,10.56181641,-17.21777344,240,0.008333333,1003040WC02,1.192906489,20.98752227,-45.29525171,101.6810229,15.2753041,86.4057188,101.6810229,86.4057188,95.83315885,101.6810229,101.6810229,1.146074669,1.235285357,1.192906489,1.147350637,20.98752227,20.06518529,8.333333333,60,15.8,35,G,3,0.025,0.854456864,-0.425078754,0.71766474,-0.185369651,-74.27246779,-49.32438248,2.053772284,5.514579228,-2.743415806,4.631736522,-1.196357208,-479.347086,-318.3346361,13.25484112,26.19864791,-13.70764451,21.10245128,-5.138580309,-2178.560884,-1549.937853,60.2622384,1003,40,115,WC02,Wind_success,2,W,0,Naive,22,Head-On,TRUE,TRUE,-31.91028857,38.59237118,0.191666667,191.6666667,371.0693479,2.406346015,0.391666667,391.6666667,819.435455,1.235285357,2.785604562,1.279082588,30.77439368,20.54844025,469.2022214,8237.142857,18.14768408
1003040WC03_f239,-66.57099626,44.88329302,38.86543401,-39.87471008,-366.4824219,1426.883057,89.20050166,-2.909313202,-14.72595215,0.657226563,46.72059488,-7.088134766,-41.82788086,-0.193631884,-0.98009862,0.043742288,0.740326905,-0.112317424,-0.662797759,1.100396062,-0.006089172,-1.054193115,-0.315454102,-5.136437988,0.874511719,-5.596875,239,0.016666667,1003040WC03,0.936867729,23.07426171,-41.51359647,98.62674512,11.17564747,87.45109765,98.62674512,87.45109765,98.29580006,98.62674512,98.62674512,1.100396062,1.100396062,0.936867729,0.742730293,23.07426171,21.1763561,16.66666667,60,15.8,35,G,3,0.016666667,0.767947561,-0.477474666,0.580210008,-0.158485797,-52.4412649,-43.44689408,-0.124152724,4.956256829,-3.081573783,3.744617415,-1.022851498,-338.4506839,-280.4019133,-0.801269278,23.41663849,-14.84560364,16.91798719,-3.850021934,-1496.269848,-1364.403165,2.602571154,1003,40,116,WC03,Wind_success,3,W,0,Naive,23,Head-On,TRUE,TRUE,-65.34085488,44.33113605,0.166666667,166.6666667,297.531192,2.339524469,0.408333333,408.3333333,812.7621829,1.095604829,3.750487592,1.600216106,22.97545326,20.33859289,469.2022214,8237.142857,18.14768408
1003040WC04_f236,-26.32949835,77.33731454,38.22198842,0.428707093,-334.0038757,1426.272217,90.19547163,-4.46161887,-14.6333313,0.331054688,46.05311206,-6.138031006,-42.34033203,-0.291571697,-0.956304283,0.021634788,0.732640166,-0.09764743,-0.673575064,0.90822542,-0.056883699,-0.906342773,0.013432617,1.461606932,4.502636719,2.295703125,236,0.041666667,1003040WC04,1.533800165,20.85508163,-42.34359324,97.59172924,16.95616344,80.63556581,97.59172924,80.63556581,94.00045377,97.59172924,97.59172924,0.90822542,0.946405268,1.533800165,1.342476927,20.85508163,20.84233393,41.66666667,60,15.8,35,G,3,0.032291667,0.53027618,-0.304020548,0.424305992,-0.093427825,-48.14846373,-38.32102721,-0.387979103,3.422349481,-1.96211824,2.738428477,-0.602973845,-310.745374,-247.3200807,-2.503978362,22.77319892,-14.37934118,16.68847106,-3.768107485,-1913.925066,-1749.529619,-2.438797461,1003,40,117,WC04,Wind_success,4,W,0,Naive,24,Head-On,TRUE,TRUE,10.17678643,44.22366479,0.258333333,258.3333333,422.0542287,2.436621256,0.433333333,433.3333333,816.7815105,0.925312488,3.332072171,1.54956344,24.89148086,20.00433768,469.2022214,8237.142857,18.14768408
1003040WC05_f239,-15.00245012,66.3225479,24.89623972,11.85396957,-345.0357361,1412.955688,72.41254464,-5.062438011,-14.01104736,2.204101563,51.51383591,-15.79107666,-30.69665527,-0.33615705,-0.930364448,0.146357205,0.830725913,-0.254651131,-0.495022483,1.320635766,-0.213021126,-1.298708496,-0.109804687,-14.07540894,5.145996094,1.411523438,239,0.016666667,1003040WC05,0.173324387,36.75763509,-29.67123293,107.042423,19.86567984,87.17674311,107.042423,87.17674311,97.7274092,107.042423,107.042423,1.320635766,1.350485341,0.173324387,0.318253237,,,16.66666667,60,15.8,35,G,3,0.027083333,0.817788718,-0.224918889,0.764479158,-0.183743019,-98.05077805,-35.07233371,-1.184042003,5.277926674,-1.451604038,4.933872102,-1.185859086,-632.8099245,-226.3533374,-7.641688778,25.52019537,-8.786662846,21.73635597,-7.026138025,-2800.497507,-1319.553743,-20.7997949,1003,40,118,WC05,Wind_success,5,W,0,Naive,25,Head-On,TRUE,TRUE,19.18023502,35.47105937,0.166666667,166.6666667,326.9612323,2.437924008,0.4,400,855.0600529,1.337201232,2.194799052,1.189432924,29.76708223,21.2773499,469.2022214,8237.142857,18.14768408
1003040WC06_f237,-60.39621354,80.86669324,38.84703929,-33.69147491,-330.5123291,1426.886841,108.1490506,-2.326370239,-14.75241089,0.376586914,49.45048904,-0.357330322,-39.33410645,-0.155719842,-0.987479575,0.025207533,0.782600181,-0.005655086,-0.622498977,1.206869797,-0.046993561,-1.196949463,-0.147099609,-5.510028076,-3.324902344,-0.474609375,237,0.033333333,1003040WC06,0.883732534,20.0706377,-38.49885354,90.41401336,8.961418135,81.45259522,90.41401336,81.45259522,88.16567238,90.41401336,90.41401336,1.206869797,1.206869797,0.883732534,0.791143151,20.0706377,21.00062666,33.33333333,60,15.8,35,G,3,0.041666667,0.513759714,-0.394526149,0.328179349,0.024422857,-31.21174444,-37.24282843,-1.830304061,3.315753859,-2.546232346,2.118036728,0.157622678,-201.43748,-240.3614935,-11.81259953,29.38134204,-18.49942817,20.89773068,-2.44480844,-1888.622095,-1707.420925,-46.98585342,1003,40,119,WC06,Wind_success,6,W,0,Naive,26,Head-On,TRUE,TRUE,-60.77607487,38.75294231,0.166666667,166.6666667,311.5688786,2.290887552,0.191666667,191.6666667,365.5431472,1.259642379,2.713256119,1.389137591,26.19690882,21.88108029,469.2022214,8237.142857,18.14768408
1003040WC07_f231,-30.22665563,168.7532077,32.39406658,-3.524667263,-242.6125641,1420.404907,174.4725519,-3.921201229,-14.30531311,0.751342773,56.16442633,-1.072555542,-32.29052734,-0.264018149,-0.963190121,0.050588612,0.866814318,-0.016553298,-0.498356224,1.692334762,-0.059616308,-1.69027771,0.058344727,7.15879097,7.134301758,-1.74375,231,0.083333333,1003040WC07,2.862148224,21.63651089,-29.89130813,91.09402768,15.3287276,75.76530008,91.09402768,75.76530008,89.07403564,91.09402768,91.09402768,1.692334762,1.755304188,2.862148224,2.862148224,21.63651089,22.14221481,83.33333333,60,15.8,35,G,3,0.020833333,0.759671428,-0.306805754,0.666247937,-0.197698238,-76.84504894,-39.10928611,2.029867518,4.90284349,-1.980093679,4.299897618,-1.275924677,-495.9502677,-252.4074249,13.10056214,34.00842744,-16.70383031,26.84625252,-5.709180041,-3211.890087,-2118.725527,130.1826218,1003,40,120,WC07,Wind_success,7,W,0,Naive,27,Head-On,TRUE,TRUE,-20.12987605,39.60670002,0.191666667,191.6666667,383.8714479,2.373685598,0.325,325,676.5491135,1.471455002,3.067732074,1.913175577,24.87865638,21.35011557,469.2022214,8237.142857,18.14768408
1101040MA01_f239,15.71257318,3.776798185,38.53061549,38.15164185,-409.3144226,1426.018921,41.78226287,-3.609905243,-12.42608643,0.371826172,53.90409088,-7.232910156,-35.86291504,-0.278861279,-0.959901748,0.02872317,0.827424109,-0.111024676,-0.550493293,1.303526111,0.244585876,-1.28034668,0.008393555,7.012133789,9.364746094,-12.15703125,239,0.016666667,1101040MA01,0.331545156,,-33.40086153,97.64236301,16.19912158,81.44324143,97.64236301,81.44324143,108.4573318,97.64236301,97.64236301,1.303526111,1.375463582,0.331545156,0.427880544,,,16.66666667,59,15,37,H,1,0.007291667,0.082428467,0.013546022,0.055039434,0.059846622,-7.848351371,0.520567122,-0.35684814,0.56035763,0.092087319,0.374164024,0.406843806,-53.35394092,3.53887156,-2.425892227,1.572829001,0.25693177,0.996630717,1.171348915,-142.7358411,14.3532077,-6.351778985,1101,40,41,MA01,Wind_missed,1,M,0,Naive,1,Failure,FALSE,FALSE,10.54945766,26.15425307,0.125,125,192.4266739,2.506356936,0.225,225,420.0684761,1.303526111,3.642874862,1.522500819,25.44248431,20.64714969,524.3574213,7964.859524,17.66947422
1101040MA02_f240,6.255539469,23.82140821,8.591840363,28.73237991,-389.2177429,1396.098267,26.08468869,1.989492416,12.02914429,-4.542114258,38.92309189,11.2043457,-55.60546875,0.152907106,0.924528099,-0.349094845,0.565798044,0.162869818,-0.808298209,2.279160962,0.558354492,-2.078452148,0.750234375,12.2084198,13.12119141,-8.891015625,240,0.008333333,1101040MA02,1.193201516,26.86130497,-53.92999356,73.94108226,-170.6088991,244.5499814,73.94108226,244.5499814,88.9779819,73.94108226,73.94108226,2.279160962,2.382112945,1.193201516,1.17862064,26.86130497,26.86130497,8.333333333,59,15,37,H,1,0.011458333,0.214274833,0.041400065,0.185447015,-0.099041121,-23.2407412,6.129474962,-1.082735029,1.456663477,0.281442117,1.260688849,-0.673292244,-157.9930707,41.66883331,-7.360549754,5.94663469,1.029594057,4.90339505,-1.337539134,-554.8981844,130.3789832,-27.66669726,1101,40,43,MA02,Wind_missed,2,M,0,Naive,2,Failure,FALSE,FALSE,-46.86682679,22.40815463,0.075,75,185.0318988,2.71413607,0.1,100,251.0765186,2.382112945,3.154393767,1.514668941,29.82639858,24.70874077,524.3574213,7964.859524,17.66947422
1101040MB01_f238,-33.93819602,93.16220794,-3.9286248,-11.40832901,-319.8529663,1383.592529,99.22919041,-3.784135818,-11.99890137,3.412231445,37.55926514,-3.045257568,-52.02624512,-0.290284068,-0.920445265,0.261754988,0.584676345,-0.047404816,-0.809880457,2.15157269,0.221036911,-2.098220215,0.421757813,4.772584534,-4.965380859,-10.82285156,238,0.025,1101040MB01,2.401145217,21.82018177,-54.08425342,94.63532968,17.50389477,77.13143491,94.63532968,77.13143491,100.6489708,94.63532968,94.63532968,2.15157269,2.15157269,2.401145217,2.070713804,21.82018177,21.82018177,25,59,15,37,H,1,0.026041667,3.178894421,0.823298447,1.88117055,-2.426674014,-158.0390507,47.24785041,-1.971941764,21.61046787,5.59687183,12.78840073,-16.49679223,-1074.366548,321.1959939,-13.40547325,76.22932577,15.09711977,43.82045291,-47.60990216,-3794.73554,765.1174505,-55.40049851,1101,40,67,MB01,Wind_missed,1,M,0,Naive,17,Failure,FALSE,FALSE,-18.50201911,22.21128491,0.1,100,267.7529383,2.422410741,0.091666667,91.66666667,247.4983396,2.092514155,2.867549979,1.382321321,31.91409185,23.82383055,524.3574213,7964.859524,17.66947422
1101040MB02_f235,-77.73315543,73.95112432,31.36232274,-55.11709976,-339.0145569,1418.901001,111.780175,-0.581817627,-12.93972778,-1.531616211,58.54290414,-15.94509888,-28.74487305,-0.044607514,-0.992079065,-0.117427847,0.871952124,-0.237490146,-0.428133067,1.318596664,-0.01730896,-1.301542969,-0.210673828,1.014038086,14.30551758,-40.61777344,235,0.05,1101040MB02,2.941242554,19.33215123,-25.34913813,105.2358526,2.574494376,102.6613582,105.2358526,102.6613582,104.4739324,105.2358526,105.2358526,1.318596664,1.426725217,2.941242554,2.941242554,19.33215123,21.0643884,50,59,15,37,H,1,0.001041667,0.583477955,-0.398506241,0.426031922,-0.011666237,-40.63012506,-40.39817423,0.494658112,3.966546201,-2.7090885,2.896211051,-0.079308341,-276.2079817,-274.6311549,3.36273931,13.48035281,-5.798177622,11.02612264,1.313558895,-923.4208114,-556.7735005,25.70720163,1101,40,70,MB02,Wind_missed,2,M,0,Naive,20,Failure,FALSE,FALSE,-70.00659025,37.30665733,0.208333333,208.3333333,401.6126936,2.66342165,0.166666667,166.6666667,298.8223511,1.21571927,4.278012887,1.860661183,24.47470994,20.11408223,524.3574213,7964.859524,17.66947422
1101040PA01_f235,-72.1330221,149.5417255,-17.317731,-49.61017609,-263.4895325,1370.181763,166.9305375,0.27399826,-12.36703491,3.916137695,38.96508503,11.61425781,-50.60021973,0.02111714,-0.953131635,0.301818079,0.600276715,0.178923478,-0.779521812,2.445759951,0.636719513,-2.289503174,0.578364258,6.14130249,5.61159668,11.56464844,235,0.05,1101040PA01,2.62465088,21.57335432,-51.21681375,73.40234779,-1.269210938,74.67155873,73.40234779,74.67155873,88.94379848,73.40234779,73.40234779,2.445759951,2.456281123,2.62465088,,21.57335432,,50,59,15,37,H,1,0.029166667,1.67973075,0.130132812,1.575413711,0.568007468,-145.3561306,-7.598883439,-0.374257624,11.4189912,0.884656923,10.70983269,3.861376162,-988.1466869,-51.65803096,-2.544243782,42.95336862,3.147947418,38.2074048,11.15568294,-3635.497823,-110.1456717,-2.303825863,1101,40,45,PA01,Wind_Near-miss,1,P,0,Naive,4,Pivot,TRUE,FALSE,-95.15053595,27.01591193,0.1,100,291.2689692,2.761475422,0.133333333,133.3333333,379.8648712,2.263744897,2.692354924,1.79770766,29.12415572,24.08258713,524.3574213,7964.859524,17.66947422
1101040PC01_f237,-38.70472592,57.76915891,34.87647032,-16.00194168,-355.1679382,1422.517822,77.79267132,-3.03761673,-12.59487915,1.374267578,49.94839478,-14.4855957,-40.01599121,-0.233148323,-0.966703576,0.105480121,0.761179062,-0.220750481,-0.609816087,1.215425016,0.206116104,-1.197692871,-0.017490234,6.738464355,8.639648438,-17.13515625,237,0.033333333,1101040PC01,1.488912648,20.3389482,-37.57620607,106.1727528,13.55957323,92.61317962,106.1727528,92.61317962,115.9373812,106.1727528,106.1727528,1.215425016,1.284640804,1.488912648,1.034384124,20.3389482,18.10911175,33.33333333,59,15,37,H,1,0.009375,0.54976354,-0.362876247,0.412984833,0.002075322,-55.40275791,-50.40026174,0.537489853,3.737351966,-2.466871948,2.807515532,0.014108261,-376.6339366,-342.6264269,3.653914115,13.35355533,-8.607350149,9.115589718,2.026571783,-1157.08174,-1182.004621,10.86279585,1101,40,84,PC01,Wind_Near-miss,1,P,0,Naive,25,Pivot,TRUE,FALSE,-46.96680169,39.09461304,0.241666667,241.6666667,452.0518293,2.36254583,0.258333333,258.3333333,489.9868094,1.142238011,4.080433105,1.767957677,25.96105689,21.15775956,524.3574213,7964.859524,17.66947422
1101040WA01_f240,-66.28972943,56.9670421,6.407624696,-43.72146988,-356.0525818,1393.945313,87.63920223,0.314811707,-12.12805176,4.640869141,32.19562435,1.675140381,-56.18139648,0.02423591,-0.933683117,0.357279244,0.497042966,0.025861177,-0.867340469,1.465783353,0.357830658,-1.353449707,0.43434082,-4.014624023,9.272900391,-8.080664062,240,0.008333333,1101040WA01,0.726311148,22.08155891,-60.1510404,87.02158267,-1.486910926,88.50849359,87.02158267,88.50849359,101.8308347,87.02158267,87.02158267,1.465783353,1.565809038,0.726311148,0.871671431,22.08155891,24.62089893,8.333333333,59,15,37,H,1,0.030208333,1.249475901,-0.013272319,1.248028586,0.058638901,-106.0068827,-4.854766247,-2.249470719,8.494072225,-0.090226658,8.484233223,0.398633588,-720.6462466,-33.00322568,-15.29214508,32.83172098,-0.392320942,31.24407802,0.811807347,-2655.183153,-149.1661926,-43.16671123,1101,40,44,WA01,Wind_success,1,W,0,Naive,3,Head-On,TRUE,TRUE,-108.8094982,28.1361652,0.116666667,116.6666667,279.0073736,2.64580444,0.2,200,487.0052695,1.565809038,2.367363265,1.37306879,30.1340113,23.76103628,524.3574213,7964.859524,17.66947422
1101040WA02_f225,-115.7011242,293.6181385,-7.623594131,-93.17538452,-119.3773575,1379.911011,315.6841468,1.146484375,-12.6513443,2.517456055,16.49351501,33.97592926,-50.72644043,0.088530022,-0.976920238,0.19439466,0.260799338,0.537235382,-0.802098404,2.667272126,0.616319275,-2.577210388,0.304101563,1.45612793,-5.99095459,20.94960938,225,0.133333333,1101040WA02,1.018267699,,-53.33095496,25.89411848,-5.178088397,31.07220687,25.89411848,31.07220687,39.34336092,25.89411848,25.89411848,2.667272126,2.619520752,1.018267699,1.541806664,,,133.3333333,59,15,37,H,1,0.029166667,0.877229148,-0.291117163,0.824591062,0.069507963,-97.90682961,-37.20069736,-0.565677447,5.963498565,-1.979045938,5.605659164,0.472522648,-665.5812101,-252.8943615,-3.845536429,29.49419911,-8.887685972,27.08289071,1.423973647,-3053.449267,-1083.277975,-3.564820282,1101,40,46,WA02,Wind_success,2,W,0,Naive,5,Head-On,TRUE,TRUE,-139.0978366,26.02704736,,,,2.738678656,0.2,200,491.8087035,1.795395217,3.416041053,1.941032823,25.32080003,22.39905588,524.3574213,7964.859524,17.66947422
1101040WA03_f240,-103.3997559,41.79872481,34.37741241,-80.82765961,-371.1748047,1421.923462,116.7066811,1.777740479,-12.7192688,-0.185058594,41.05784225,3.239929199,-54.4708252,0.138407643,-0.990270537,-0.014407909,0.60124126,0.047444751,-0.797657786,1.188435234,0.420920105,-1.109648438,-0.062329102,0.562609863,9.929882812,0.311132812,240,0.008333333,1101040WA03,1.295037018,22.16532472,-52.90701589,85.48806325,-7.956545125,93.44460837,85.48806325,93.44460837,106.2611744,85.48806325,85.48806325,1.188435234,1.264624598,1.295037018,1.33368335,22.16532472,22.16532472,8.333333333,59,15,37,H,1,0.022916667,0.807760504,-0.463303964,0.661664599,-0.005140695,-41.76552232,-30.72801738,1.271459269,5.491243214,-3.149590427,4.498067461,-0.034946999,-283.926535,-208.8923834,8.643517536,25.8431098,-13.70982337,20.7518802,2.078981417,-1294.305947,-929.8939109,49.45738241,1101,40,47,WA03,Wind_success,3,W,0,Naive,6,Head-On,TRUE,TRUE,-160.6386176,34.33255851,0.125,125,281.6594632,2.64619519,0.25,250,570.3458752,1.264624598,3.748771409,1.803757526,26.66433668,22.76451648,524.3574213,7964.859524,17.66947422
1101040WA04_f239,-74.46109256,72.50152295,21.3542743,-51.87696457,-340.4820251,1408.896118,106.0986813,-0.439998627,-12.69445801,1.982299805,38.64360332,2.839630127,-54.07861328,-0.034225609,-0.987447532,0.154194614,0.580867939,0.042683652,-0.812877939,1.44801415,0.316464386,-1.377751465,0.313681641,3.700689697,16.41489258,2.984765625,239,0.016666667,1101040WA04,1.228495912,20.18946094,-54.37807447,85.79731412,1.985116346,83.81219777,85.79731412,83.81219777,98.73354996,85.79731412,85.79731412,1.44801415,1.568065816,1.228495912,1.377928208,20.18946094,20.66610192,16.66666667,59,15,37,H,1,0.032291667,0.74779753,-0.203945771,0.713814159,-0.089869995,-62.87204557,-19.59687153,-1.139100485,5.083608439,-1.386445398,4.852585803,-0.610945939,-427.4109614,-133.2216508,-7.743728216,34.31259549,-9.91377307,26.28988494,2.883842233,-2265.76579,-980.6056736,-1.740844808,1101,40,48,WA04,Wind_success,4,W,0,Naive,7,Head-On,TRUE,TRUE,-105.1262497,33.9572162,0.166666667,166.6666667,391.2320444,2.612656587,0.258333333,258.3333333,618.2079029,1.44801415,2.741365668,1.783655831,32.21959273,23.57442397,524.3574213,7964.859524,17.66947422
1101040WA05_f236,-75.02614823,98.91103566,13.4853068,-52.44138336,-314.0746765,1401.037476,124.8766167,0.477138519,-12.68939209,1.897094727,50.70794427,-5.657043457,-42.08752441,0.037162383,-0.988325262,0.147757011,0.76666207,-0.085529806,-0.63632847,1.406624861,0.323283234,-1.340683594,0.276855469,8.27979126,17.08198242,-3.84609375,236,0.041666667,1101040WA05,0.702579743,23.76681727,-39.5185844,96.36566904,-2.153385288,98.51905433,96.36566904,98.51905433,109.9227742,96.36566904,96.36566904,1.406624861,1.536057331,0.702579743,0.663288513,23.76681727,25.4810677,41.66666667,59,15,37,H,1,0.041666667,0.602895778,-0.231967663,0.555512471,-0.032866645,-55.27601,-24.39674408,-1.414493581,4.098550661,-1.576941246,3.776433822,-0.223431008,-375.7722905,-165.8517032,-9.615880248,20.4913822,-7.532984647,18.1112811,-0.227007595,-1779.210088,-787.5878222,-25.71625099,1101,40,49,WA05,Wind_success,5,W,0,Naive,8,Head-On,TRUE,TRUE,-93.75284794,32.56011039,0.166666667,166.6666667,370.5523008,2.718965194,0.233333333,233.3333333,541.9238934,1.219807573,2.434930485,1.350646995,28.47919817,24.02242172,524.3574213,7964.859524,17.66947422
1101040WA06_f227,-139.3288506,190.2361095,-18.89708761,-116.8011017,-222.7622528,1368.647827,236.5574051,2.023963928,-12.37329102,3.407958984,37.02033234,4.274429321,-56.41882324,0.155777611,-0.952330075,0.262298998,0.547512302,0.063216684,-0.834406334,1.969602134,0.594146118,-1.77178894,0.622163086,-1.86394043,14.14116211,-3.069140625,227,0.116666667,1101040WA06,1.169944622,25.11204876,-56.55407214,83.4136986,-9.289897232,92.70359583,83.4136986,92.70359583,101.9518989,83.4136986,83.4136986,1.969602134,2.088536213,1.169944622,1.169944622,25.11204876,23.76272474,116.6666667,59,15,37,H,1,0.029166667,0.660811515,-0.279526811,0.585881146,0.123611902,-54.72530037,-29.20690797,-0.922967186,4.492268103,-1.900253475,3.982883359,0.840327073,-372.028507,-198.5517172,-6.274430691,21.9536992,-8.578190122,19.13379596,5.352364829,-1767.999416,-872.7288964,-9.645969518,1101,40,50,WA06,Wind_success,6,W,0,Naive,9,Head-On,TRUE,TRUE,-153.1775998,35.82042289,0.183333333,183.3333333,376.1406551,2.591826471,0.233333333,233.3333333,497.0477847,1.234397223,3.076339157,1.647938559,27.37353689,24.10875921,524.3574213,7964.859524,17.66947422
1101040WA07_f240,-67.24696662,62.02530937,23.56586711,-44.68200684,-350.9367371,1411.115601,94.47033193,-0.596637726,-12.6517334,1.243041992,51.68415117,-9.497558594,-42.19909668,-0.046880991,-0.994113813,0.097672404,0.766872845,-0.140921726,-0.626136651,1.394447082,0.204021606,-1.378864746,0.039873047,4.920996094,4.346191406,-20.97597656,240,0.008333333,1101040WA07,0.503271852,9.80021262,-38.76566335,100.412592,2.699987006,97.71260496,100.412592,97.71260496,108.8292064,100.412592,100.412592,1.394447082,1.440526879,0.503271852,0.66206846,,,8.333333333,59,15,37,H,1,0.030208333,1.111443776,-0.289512139,1.072933311,-0.017438447,-109.7549987,-33.40575386,-0.253042867,7.555714922,-1.968134813,7.293916617,-0.118548448,-746.1263441,-227.0959255,-1.720212762,30.27487544,-7.638889869,28.29023335,1.049415805,-2849.657177,-861.6732353,2.557853471,1101,40,51,WA07,Wind_success,7,W,0,Naive,10,Head-On,TRUE,TRUE,-76.37428849,32.07172626,0.133333333,133.3333333,322.6871965,2.622124475,0.15,150,363.7895225,1.440526879,4.656694118,1.90215523,25.50726016,21.40551955,524.3574213,7964.859524,17.66947422
1101040WA08_f240,-44.69707688,59.17345388,10.55317743,-22.21731758,-353.8317566,1398.105225,74.9045785,-1.132814407,-12.44549561,3.473266602,38.83816719,-1.36050415,-51.6295166,-0.087336892,-0.959513671,0.267779355,0.601015538,-0.021053623,-0.798959991,1.642376018,0.326576614,-1.509202881,0.559511719,0.434564209,14.79023437,-4.784765625,240,0.008333333,1101040WA08,0.291313975,25.33153528,-53.03090328,92.00625545,5.200847342,86.80540811,92.00625545,86.80540811,104.2162436,92.00625545,92.00625545,1.642376018,1.76874842,0.291313975,0.291313975,25.33153528,16.39784927,8.333333333,59,15,37,H,1,0.033333333,1.329134827,-0.095663542,1.152695406,0.654783305,-117.0847841,-18.14541003,-0.581915249,9.035602218,-0.650331098,7.836147963,4.451287679,-795.9550177,-123.3544587,-3.955922762,35.81108429,-1.766862205,30.83915202,13.14001731,-3146.021128,-353.3048978,-12.88332902,1101,40,52,WA08,Wind_success,8,W,0,Naive,11,Head-On,TRUE,TRUE,-82.42330405,30.74124769,0.15,150,373.4150104,2.565549789,0.15,150,373.4150104,1.76874842,2.500001761,1.29992322,30.74372774,24.30644369,524.3574213,7964.859524,17.66947422
1101040WA09_f229,-82.6946845,177.3929539,24.47943878,-60.14995956,-235.5966797,1411.996582,197.2458209,-0.590805054,-13.13827515,1.518920898,60.03474358,-5.384002686,-20.09008789,-0.044626195,-0.992393721,0.114731009,0.944899635,-0.084739967,-0.316202179,1.6792812,0.281999817,-1.653039551,0.089003906,27.53377075,1.404492187,2.07421875,229,0.1,1101040WA09,1.218716469,14.7573372,-18.43340348,95.12465896,2.574755546,92.54990342,95.12465896,92.54990342,104.8058188,95.12465896,95.12465896,1.6792812,1.6792812,1.218716469,1.653089452,14.7573372,17.44885181,100,59,15,37,H,1,0.021875,0.310478424,-0.11376372,0.275751553,-0.086114743,-19.44472084,-8.829504026,0.427844878,2.110665887,-0.773378064,1.874588864,-0.585417328,-132.187314,-60.02392272,2.908535725,25.46781799,-13.34908239,19.35350755,-0.419202953,-1499.045579,-1083.64995,61.16645689,1101,40,53,WA09,Wind_success,9,W,0,Naive,12,Head-On,TRUE,TRUE,-53.5346728,36.34151679,0.191666667,191.6666667,378.6507987,2.480565088,0.225,225,459.0917557,1.136869558,4.457978666,1.97609671,26.32848907,19.68056718,524.3574213,7964.859524,17.66947422
1101040WB01_f227,-40.42318397,114.9036748,25.08725255,-17.85557365,-298.0776978,1412.608032,124.3634132,-2.541500092,-12.78851318,0.530395508,56.54298592,-9.047943115,-28.18115234,-0.19476005,-0.980008412,0.04064523,0.885958618,-0.141770072,-0.441563783,0.961232449,-0.249516449,-0.913187256,0.166728516,-7.006695557,9.642041016,-5.292773437,227,0.116666667,1101040WB01,1.497039086,26.09087387,-26.20369929,99.09132952,11.24011597,87.85121355,99.09132952,87.85121355,83.8090367,99.09132952,99.09132952,0.961232449,1.033488264,1.497039086,1.562749784,26.09087387,26.12740542,116.6666667,59,15,37,H,1,0.038541667,0.479928403,-0.375793611,0.2839258,-0.092176865,-23.09818911,-31.00315656,-0.828721732,3.262605159,-2.554685586,1.930158274,-0.626628292,-157.0239862,-210.7628093,-5.633739909,17.38697418,-13.02420083,9.632980303,-4.273299455,-780.7522959,-1048.220691,-14.6127002,1101,40,62,WB01,Wind_success,1,W,0,Naive,13,Head-On,TRUE,TRUE,-47.04072179,35.05076193,0.266666667,266.6666667,371.448305,2.556988326,0.3,300,448.3767349,0.950574773,3.917438961,1.608035965,26.93079875,23.66131502,524.3574213,7964.859524,17.66947422
1101040WB02_f236,-55.28592605,63.3847899,44.8617745,-32.67018509,-349.6017151,1432.374634,95.32441461,-2.321735382,-12.61367798,-0.471557617,53.65051079,-16.80529785,-33.81896973,-0.180901677,-0.98281463,-0.036742156,0.817733131,-0.256143858,-0.515463723,1.20350997,0.128685608,-1.19598999,-0.038525391,-9.437640381,8.757861328,-8.7046875,236,0.041666667,1101040WB02,2.344130756,17.71614465,-31.0284559,107.3924603,10.42940524,96.96305501,107.3924603,96.96305501,113.5337196,107.3924603,107.3924603,1.20350997,1.286248073,2.344130756,2.222505586,17.71614465,17.71614465,41.66666667,59,15,37,H,1,0.015625,0.338592866,-0.241234259,0.224245323,0.078518767,-28.29056948,-32.69273018,1.268452446,2.301790901,-1.639936565,1.524443941,0.533779064,-192.3223492,-222.2487134,8.623076831,18.3747047,-10.84071315,12.89815539,3.855532448,-1401.936759,-1315.52331,73.68436602,1101,40,63,WB02,Wind_success,2,W,0,Naive,14,Head-On,TRUE,TRUE,-57.51604531,38.08104081,0.216666667,216.6666667,399.9965171,2.550498287,0.266666667,266.6666667,517.4641404,1.046316026,2.344130756,1.314736084,31.12715598,21.4866919,524.3574213,7964.859524,17.66947422
1101040WB03_f236,-55.28592605,63.3847899,44.8617745,-32.67018509,-349.6017151,1432.374634,95.32441461,-2.321735382,-12.61367798,-0.471557617,53.65051079,-16.80529785,-33.81896973,-0.180901677,-0.98281463,-0.036742156,0.817733131,-0.256143858,-0.515463723,1.20350997,0.128685608,-1.19598999,-0.038525391,-9.437640381,8.757861328,-8.7046875,236,0.041666667,1101040WB03,2.344130756,17.71614465,-31.0284559,107.3924603,10.42940524,96.96305501,107.3924603,96.96305501,113.5337196,107.3924603,107.3924603,1.20350997,1.286248073,2.344130756,2.222505586,17.71614465,17.71614465,41.66666667,59,15,37,H,1,0.015625,0.338592866,-0.241234259,0.224245323,0.078518767,-28.29056948,-32.69273018,1.268452446,2.301790901,-1.639936565,1.524443941,0.533779064,-192.3223492,-222.2487134,8.623076831,18.3747047,-10.84071315,12.89815539,3.855532448,-1401.936759,-1315.52331,73.68436602,1101,40,64,WB03,Wind_success,3,W,0,Naive,15,Head-On,TRUE,TRUE,-57.51604531,38.08104081,0.216666667,216.6666667,399.9965171,2.550498287,0.266666667,266.6666667,517.4641404,1.046316026,2.344130756,1.314736084,31.12715598,21.4866919,524.3574213,7964.859524,17.66947422
1101040WB04_f236,-55.28592605,63.3847899,44.8617745,-32.67018509,-349.6017151,1432.374634,95.32441461,-2.321735382,-12.61367798,-0.471557617,53.65051079,-16.80529785,-33.81896973,-0.180901677,-0.98281463,-0.036742156,0.817733131,-0.256143858,-0.515463723,1.20350997,0.128685608,-1.19598999,-0.038525391,-9.437640381,8.757861328,-8.7046875,236,0.041666667,1101040WB04,2.344130756,17.71614465,-31.0284559,107.3924603,10.42940524,96.96305501,107.3924603,96.96305501,113.5337196,107.3924603,107.3924603,1.20350997,1.286248073,2.344130756,2.222505586,17.71614465,17.71614465,41.66666667,59,15,37,H,1,0.015625,0.338592866,-0.241234259,0.224245323,0.078518767,-28.29056948,-32.69273018,1.268452446,2.301790901,-1.639936565,1.524443941,0.533779064,-192.3223492,-222.2487134,8.623076831,18.3747047,-10.84071315,12.89815539,3.855532448,-1401.936759,-1315.52331,73.68436602,1101,40,65,WB04,Wind_success,4,W,0,Naive,16,Head-On,TRUE,TRUE,-57.51604531,38.08104081,0.216666667,216.6666667,399.9965171,2.550498287,0.266666667,266.6666667,517.4641404,1.046316026,2.344130756,1.314736084,31.12715598,21.4866919,524.3574213,7964.859524,17.66947422
1101040WB05_f233,-83.85738089,120.8429864,9.806528473,-61.24256134,-292.1238708,1397.34375,147.4152492,-1.009742737,-12.72576904,0.450927734,54.3881731,-5.74609375,-36.01635742,-0.079048401,-0.99624554,0.035301186,0.830545563,-0.087746883,-0.549995048,1.628595041,0.183498688,-1.617788086,0.037573242,-3.575939941,10.32055664,-11.33085938,233,0.066666667,1101040WB05,1.592400944,21.40824885,-33.36667321,96.03090916,4.53670348,91.49420568,96.03090916,91.49420568,102.5020643,96.03090916,96.03090916,1.628595041,1.722158237,1.592400944,0.889939366,21.40824885,,66.66666667,59,15,37,H,1,0.020833333,0.75874015,-0.296046518,0.694216981,-0.07813999,-57.64075036,-26.06897267,0.300449878,5.157997551,-2.012556226,4.719362073,-0.5312041,-391.8480511,-177.2196939,2.042490748,22.32384049,-8.598241529,20.00974047,-2.059318089,-1632.929303,-770.469486,25.11044296,1101,40,68,WB05,Wind_success,5,W,0,Naive,18,Head-On,TRUE,TRUE,-95.02975621,38.18080531,0.175,175,356.1715557,2.580074953,0.216666667,216.6666667,458.5016866,1.460053771,3.472839269,2.019512305,24.08474603,21.87086748,524.3574213,7964.859524,17.66947422
1101040WB06_f222,-139.8245887,250.4157679,-1.230732218,-117.1743393,-162.5298004,1386.312744,286.8108908,0.462471008,-12.76553345,2.878051758,56.21284103,6.61756897,-28.70214844,0.035318991,-0.974906001,0.219797311,0.885764666,0.104275263,-0.452269418,1.824433106,0.324083862,-1.788228149,0.160517578,13.50505371,-0.94855957,-17.95957031,222,0.158333333,1101040WB06,0.345105724,38.5467745,-26.88938096,83.28584671,-2.074809772,85.36065648,83.28584671,85.36065648,93.55816946,83.28584671,83.28584671,1.824433106,1.824433106,0.345105724,0.529780795,,,158.3333333,59,15,37,H,1,0.033333333,0.520936868,-0.305199745,0.416191804,0.07080055,-21.95227326,-16.57445645,-1.027909352,3.541385132,-2.074780855,2.829316867,0.481309793,-149.2339264,-112.6749464,-6.987838881,27.10649573,-17.36450881,18.72117901,2.37677808,-1006.191982,-934.612799,33.81874958,1101,40,69,WB06,Wind_success,6,W,0,Naive,19,Head-On,TRUE,TRUE,-133.4431129,40.51600074,0.275,275,530.8588125,2.506764718,0.283333333,283.3333333,550.830118,1.094515649,3.813674088,1.471195047,28.82908151,24.11157811,524.3574213,7964.859524,17.66947422
1101040WB07_f229,-67.94766555,155.3470114,13.15248591,-45.31967163,-257.5974731,1400.698608,170.0663608,-2.429702759,-12.48934937,1.663574219,53.97129726,0.698272705,-34.83898926,-0.189350289,-0.97331326,0.129644772,0.840113691,0.010869267,-0.542301433,1.578066659,0.130040588,-1.564729614,0.158129883,1.104290771,2.126733398,-6.2578125,229,0.1,1101040WB07,0.80280559,18.32705624,-32.84044524,89.25875699,11.00892556,78.24983143,89.25875699,78.24983143,94.00954191,89.25875699,89.25875699,1.578066659,1.600929233,0.80280559,0.620988679,18.32705624,,100,59,15,37,H,1,0.027083333,0.622891658,-0.317281431,0.535674616,-0.019473519,-50.36204616,-33.17602818,-0.115932262,4.234484819,-2.15691346,3.641573935,-0.132383085,-342.3666332,-225.5342255,-0.788120049,21.23268362,-10.88906073,17.2178179,-0.381137089,-1573.941704,-1128.916208,13.98438095,1101,40,71,WB07,Wind_success,7,W,0,Naive,21,Head-On,TRUE,TRUE,-50.35897011,36.25863781,0.225,225,409.8074207,2.402174004,0.225,225,409.8074207,1.047297737,3.856507957,1.544098861,25.56832302,21.43391945,524.3574213,7964.859524,17.66947422
1101040WB08_f226,-98.43342994,146.7902122,43.84350967,-75.81295776,-266.1566162,1431.390259,182.0954691,-0.670913696,-13.06973267,-0.235351563,55.98948479,-9.42767334,-32.30834961,-0.051257602,-0.998523585,-0.017980788,0.857073432,-0.144316533,-0.494568367,1.076944727,0.258573303,-1.045286865,-0.018032227,-5.425048828,2.16496582,2.457421875,226,0.125,1101040WB08,1.279094374,18.37502738,-29.64129203,99.55797229,2.938607268,96.61936503,99.55797229,96.61936503,113.45234,99.55797229,99.55797229,1.076944727,1.106541264,1.279094374,1.153124904,18.37502738,17.5522058,125,59,15,37,H,1,0.058333333,0.362628067,-0.325377451,0.1581576,-0.024795226,-10.82478852,-21.89974368,-1.936455526,2.465184796,-2.211951079,1.07517246,-0.168560627,-73.58808238,-148.8768246,-13.16423397,23.47411405,-18.51616067,12.51204201,-1.44595737,-867.2718429,-1275.764433,-87.29558821,1101,40,72,WB08,Wind_success,8,W,0,Naive,22,Head-On,TRUE,TRUE,-154.4021131,43.65862669,0.308333333,308.3333333,487.1752283,2.266153743,0.35,350,572.1626176,0.854301336,2.867895728,1.777271086,25.45823388,20.60223066,524.3574213,7964.859524,17.66947422
1101040WB09_f217,-99.54692756,275.2542393,35.67677333,-76.9438324,-137.6909943,1423.2052,294.8683083,-0.694976807,-12.82679749,1.474975586,60.6029644,0.459075928,-7.965209961,-0.053749112,-0.992017241,0.114073775,0.99144508,0.007510335,-0.130308283,1.701352221,0.197085571,-1.652865601,-0.35184082,6.291320801,-4.850024414,7.338867187,217,0.2,1101040WB09,1.646695554,22.91167956,-7.487407159,89.56598476,3.101346327,86.46463843,89.56598476,86.46463843,96.36575512,89.56598476,89.56598476,1.701352221,1.670773534,1.646695554,1.319625777,22.91167956,23.31922327,200,59,15,37,H,1,0.03125,0.516824286,-0.344252594,0.385199783,0.014785845,-23.86621455,-20.3637349,-0.960564109,3.513427357,-2.340266341,2.618629762,0.100515771,-162.2451061,-138.4348709,-6.530018636,26.53180539,-14.96977245,21.19616835,-1.482524318,-1288.312408,-877.7341919,-15.85158549,1101,40,73,WB09,Wind_success,9,W,0,Naive,23,Head-On,TRUE,TRUE,-110.048617,42.10656581,0.316666667,316.6666667,510.03193,2.233908023,0.333333333,333.3333333,544.7769985,1.079793252,3.839849502,1.473991323,27.42685766,20.820437,524.3574213,7964.859524,17.66947422
1101040WB10_f218,-80.91557221,203.4824338,36.15896479,-58.24772263,-209.4363861,1423.734497,221.9457173,-2.629116058,-12.6224823,-0.271484375,56.98502684,-6.723602295,-29.94946289,-0.203866863,-0.978772261,-0.021051436,0.880402348,-0.10387773,-0.462710626,1.300644822,0.036893921,-1.297272949,0.086015625,5.98793335,18.23774414,-15.71132813,218,0.191666667,1101040WB10,1.653930058,19.65912859,-27.56215803,96.72915636,11.76581897,84.96333739,96.72915636,84.96333739,98.35818619,96.72915636,96.72915636,1.300644822,1.465459367,1.653930058,1.866752519,19.65912859,19.15292477,191.6666667,59,15,37,H,1,0.001041667,0.360208728,-0.23787728,0.264639678,-0.055951479,-16.82853588,-16.02911626,0.950467753,2.448737864,-1.617115462,1.799049133,-0.380364203,-114.4022058,-108.9676648,6.461382517,27.33980414,-24.94263498,9.171227156,-1.736734161,-598.2801588,-1605.131472,71.91752234,1101,40,75,WB10,Wind_success,10,W,0,Naive,24,Head-On,TRUE,TRUE,-66.99842165,42.70785093,0.341666667,341.6666667,484.1989038,2.360961284,0.5,500,827.5002241,0.862274574,2.799313889,1.31281797,24.56842623,21.21405794,524.3574213,7964.859524,17.66947422
1101040WC01_f225,-75.55366174,220.0373006,22.51878688,-52.8156929,-192.8651733,1410.11792,233.7346043,-1.736755371,-12.70002747,0.492797852,58.87025309,-11.61288452,-18.30187988,-0.135391027,-0.990047184,0.038416698,0.938414236,-0.185113798,-0.29173893,1.832568073,0.084129639,-1.827348633,-0.109658203,8.205249023,6.8484375,0.947460937,225,0.133333333,1101040WC01,1.262884093,20.61012314,-16.96209193,101.1590306,7.787015644,93.37201491,101.1590306,93.37201491,103.7950201,101.1590306,101.1590306,1.832568073,1.888147711,1.262884093,1.008609828,20.61012314,20.0115985,133.3333333,59,15,37,H,1,0.05,0.421359681,-0.272557664,0.321262568,0.00683107,-29.66467378,-25.6258159,-1.15588773,2.864448655,-1.852876457,2.183977659,0.046438353,-201.6636587,-174.2070663,-7.857849726,20.99418006,-13.16803964,15.57322715,-0.653812187,-1390.287382,-1248.490577,-44.20183027,1101,40,85,WC01,Wind_success,1,W,0,Naive,26,Head-On,TRUE,TRUE,-39.64141508,36.48805839,0.208333333,208.3333333,381.4094204,2.481158491,0.241666667,241.6666667,457.3838467,0.883806018,2.335549329,1.348677033,25.51011206,21.40987754,524.3574213,7964.859524,17.66947422
1101040WC02_f231,-91.76624473,118.8836839,46.13894526,-68.98480988,-294.0047913,1433.734741,157.1088038,-1.548278809,-12.8132019,0.018676758,49.52129173,-6.786437988,-43.3112793,-0.119961918,-0.992777439,0.001447091,0.748753087,-0.10260973,-0.654858808,1.316714873,0.074398499,-1.312814941,-0.068701172,6.992797852,6.744726562,-17.8171875,231,0.083333333,1101040WC02,2.351322262,22.31962114,-40.90894489,97.80325351,6.889911991,90.91334152,97.80325351,90.91334152,101.0467917,97.80325351,97.80325351,1.316714873,1.371438158,2.351322262,2.050336792,22.31962114,21.99254624,83.33333333,59,15,37,H,1,0.019791667,0.493116913,-0.335345773,0.361139921,-0.016895563,-24.24159579,-29.17639448,0.837227627,3.352262077,-2.279716814,2.455068217,-0.114857866,-164.7969884,-198.3442833,5.691563901,24.44445675,-17.84601685,14.1325179,-0.518918613,-988.0586658,-1339.012457,91.61172069,1101,40,87,WC02,Wind_success,2,W,0,Naive,27,Head-On,TRUE,TRUE,-101.7454021,35.23356367,0.241666667,241.6666667,419.4510501,2.373110632,0.308333333,308.3333333,570.004917,0.921931263,2.795816185,1.702357969,27.49368937,23.47299754,524.3574213,7964.859524,17.66947422
1102040MA01_f239,4.163641866,46.77900429,47.44306488,26.68079948,-366.2477722,1435.034058,66.75668926,-2.132158279,-15.20223999,1.794677734,51.4714222,10.79226685,-35.21777344,-0.137953915,-0.983608272,0.116118405,0.813217656,0.170511355,-0.556419736,1.929179565,0.18155365,-1.907995605,0.219829102,18.43703613,-6.159375,-32.74628906,239,0.016666667,1102040MA01,1.63615276,24.12088734,-33.80855844,78.15806051,7.983821583,70.17423892,78.15806051,70.17423892,83.59362453,78.15806051,78.15806051,1.929179565,1.929179565,1.63615276,1.531213221,24.12088734,24.65812279,16.66666667,60,17.5,36,H,1,0.733333333,0.353047604,-0.259917696,-0.236310154,0.035254977,7.245821394,-9.258528959,-1.926278543,2.05719066,-1.514527361,-1.3769674,0.205428982,42.22103744,-53.94898336,-11.22432835,0.763508313,-0.020775697,0.536422882,-0.046630426,-46.59752348,-9.057160002,0.253392044,1102,40,43,MA01,Wind_missed,1,M,0,Naive,3,Failure,FALSE,FALSE,7.848252805,16.66292751,0.1,100,223.9942629,2.673052131,0.208333333,208.3333333,495.7704249,1.921135371,3.211516379,2.222730269,30.71276491,25.2671457,496.3967991,8237.142857,20.03769455
1102040MA02_f240,-12.90774843,53.4222285,18.06217066,9.640492439,-359.6139832,1405.634033,57.85141723,1.616267204,-14.65396118,4.22277832,23.4395628,14.27807617,-55.03320313,0.105392674,-0.955547543,0.275356636,0.381147226,0.232173662,-0.894886687,2.097795194,0.547148552,-1.964406738,0.492421875,-15.4695611,10.16499023,-3.403125,240,0.008333333,1102040MA02,1.271802696,17.67600308,-63.49387884,58.65255445,-6.294031187,64.94658564,58.65255445,64.94658564,74.21673293,58.65255445,58.65255445,2.097795194,2.219717232,1.271802696,,17.67600308,,8.333333333,60,17.5,36,H,1,0.025,1.25047497,-0.243492645,1.143273945,0.44421129,-148.6953223,-41.90438811,-1.078806565,7.286454862,-1.418819419,6.66179987,2.588396879,-866.440177,-244.1747654,-6.286151685,34.58572573,-4.382325926,29.96205036,9.505362992,-3989.953924,-784.5860258,-18.88563628,1102,40,45,MA02,Wind_missed,2,M,0,Naive,4,Failure,FALSE,FALSE,-80.49854775,19.07453667,0.041666667,41.66666667,126.4801911,2.764910111,0.15,150,401.6915458,2.219717232,4.464206752,2.76564522,32.05873411,25.91838407,496.3967991,8237.142857,20.03769455
1102040MA03_f240,28.97883584,24.48286953,31.10243301,51.55438232,-388.542511,1418.708496,49.0565507,1.014846802,-14.60263062,4.55859375,29.87202454,22.80581665,-46.94018555,0.066194615,-0.952474309,0.297339811,0.496776459,0.379264312,-0.780622656,2.461005348,0.644012146,-2.302833252,0.582026367,-5.060687256,1.724853516,-12.62636719,240,0.008333333,1102040MA03,1.36743199,29.0637341,-51.31762064,52.64005227,-3.975523076,56.61557534,52.64005227,56.61557534,68.26427432,52.64005227,52.64005227,2.461005348,2.512489769,1.36743199,,29.0637341,,8.333333333,60,17.5,36,H,1,0.009375,0.127842515,-0.034994978,0.119463342,0.029113055,-13.22270792,-5.496195508,0.167141604,0.744931913,-0.20391398,0.696106896,0.169640308,-77.04805513,-32.02605525,0.973925736,2.543551394,-0.567020744,2.372785154,0.423829952,-252.7173196,-108.137022,3.381494787,1102,40,46,MA03,Wind_missed,3,M,0,Naive,5,Failure,FALSE,FALSE,-54.28725023,22.2174596,0.008333333,8.333333333,49.0565507,2.89152519,0.15,150,398.4729643,2.512489769,3.04142562,2.244669615,31.89268528,26.56989359,496.3967991,8237.142857,20.03769455
1102040MA04_f236,44.95105236,-44.60064017,52.74731929,67.52644348,-457.6253662,1440.353149,82.41416082,-3.635059357,-13.86993408,5.019042969,36.38237,18.03030396,-44.1829834,-0.239283567,-0.913010483,0.33038649,0.606296653,0.300467313,-0.736290543,2.069814105,0.375840454,-1.929400635,0.648295898,-15.7510437,8.675244141,1.59609375,236,0.041666667,1102040MA04,1.439442697,26.57055752,-47.41637804,63.6379944,14.68589313,48.95210128,63.6379944,48.95210128,74.66096936,63.6379944,63.6379944,2.069814105,2.160358434,1.439442697,1.574811842,26.57055752,26.42348712,41.66666667,60,17.5,36,H,1,0.710416667,0.363081044,-0.276196249,-0.235429083,-0.010799232,7.053015777,-8.225096153,-2.208156115,2.115655011,-1.609381675,-1.371833444,-0.062926584,41.09756879,-47.92722229,-12.86681481,0.531395181,0.019861919,0.378282514,0.025887846,-2.285065702,-0.807614099,-0.359614484,1102,40,47,MA04,Wind_missed,4,M,0,Naive,6,Failure,FALSE,FALSE,-54.28709487,20.59573423,0.075,75,49.05646354,2.89152519,0.216666667,216.6666667,398.4722684,2.053736018,3.058234693,2.086031162,31.83290423,26.57938516,496.3967991,8237.142857,20.03769455
1102040MA05_f240,-2.314160931,39.72779592,41.23307063,20.28135681,-373.2761536,1428.8302,57.30461781,-1.0853405,-14.99514771,2.66809082,39.12709045,-3.597717285,-52.32495117,-0.071079972,-0.982046355,0.174735782,0.59795117,-0.054981325,-0.799644579,1.601848683,0.496145554,-1.483480225,0.345029297,0.695475769,10.07446289,0.2390625,240,0.008333333,1102040MA05,1.283619945,26.47059743,-53.09617552,95.25354706,4.139817709,91.11372935,95.25354706,91.11372935,113.7459057,95.25354706,95.25354706,1.601848683,1.666829907,1.283619945,1.122279671,26.47059743,26.90030915,8.333333333,60,17.5,36,H,1,0.480208333,0.385041245,-0.298567899,-0.228368909,-0.083436274,17.40634507,-19.73720862,-2.435663232,2.243616001,-1.739740153,-1.330694164,-0.486178978,101.4258987,-115.0077236,-14.19248735,4.873187273,-0.836183216,4.573458679,0.586359545,-676.4539541,-153.787394,22.43646027,1102,40,48,MA05,Wind_missed,5,M,0,Naive,7,Failure,FALSE,FALSE,-26.76122703,27.76793688,0.108333333,108.3333333,223.6591623,2.532268705,0.158333333,158.3333333,342.2587744,1.666829907,3.134974822,2.05317707,29.05442347,25.71214092,496.3967991,8237.142857,20.03769455
1102040MA06_f240,-15.06068064,50.42459055,33.58175876,7.547553539,-362.5769348,1421.199829,62.42754164,-1.580890656,-15.22897339,1.627319336,41.37471819,-1.103088379,-49.0201416,-0.102674935,-0.989084124,0.105690363,0.644902834,-0.017193708,-0.764071143,1.368551062,0.209895859,-1.320684814,0.290976563,9.48763504,16.64384766,-1.520507812,240,0.008333333,1102040MA06,1.09646369,27.73846874,-49.82442743,91.52719687,5.926537965,85.6006589,91.52719687,85.6006589,100.5576631,91.52719687,91.52719687,1.368551062,1.496368666,1.09646369,1.445197335,27.73846874,24.10384316,8.333333333,60,17.5,36,H,1,0.023958333,0.644138798,-0.253381441,0.559130027,-0.195156988,-77.54135969,-38.73341139,-1.086422623,3.753364435,-1.476440935,3.258022591,-1.137169971,-451.8296094,-225.6976433,-6.330530075,29.51211923,-7.590123131,24.35516979,-1.844264129,-3515.164395,-1286.554805,1.94739557,1102,40,49,MA06,Wind_missed,6,M,0,Naive,8,Failure,FALSE,FALSE,-30.60953206,28.93062036,0.15,150,313.1007321,2.476366271,0.341666667,341.6666667,751.8203797,1.496368666,2.779722771,2.017449524,28.21060245,25.38377235,496.3967991,8237.142857,20.03769455
1102040OA01_f240,64.07056304,-8.932756106,11.9273852,86.65882111,-421.9917297,1399.415161,65.78064835,0.494117737,-14.03817749,5.950927734,23.92115784,26.58599854,-47.40783691,0.032389632,-0.920208622,0.390085893,0.402816993,0.447691205,-0.798317641,2.45209457,0.327809143,-2.359090576,0.583095703,26.44870605,4.419580078,19.19707031,240,0.008333333,1102040OA01,1.192227397,28.52161846,-52.96974786,41.97978085,-2.01587265,43.9956535,41.97978085,43.9956535,49.89070051,41.97978085,41.97978085,2.45209457,2.435364594,1.192227397,,28.52161846,,8.333333333,60,17.5,36,H,1,0.002083333,0.044240498,-0.024863154,0.011265829,0.034815605,-2.61927832,-1.923697616,0.112047794,0.25778716,-0.144876347,0.065645423,0.202868781,-15.26240325,-11.20928942,0.652896867,0.667636316,-0.407510961,0.149045007,0.458441377,-36.54822657,-28.07269534,2.31706747,1102,40,39,OA01,Wind_hitNrun,1,O,0,Naive,1,Failure,FALSE,FALSE,68.75236298,7.10627591,,,,2.662998482,0.275,275,647.1819009,2.435364594,4.011999587,2.355049639,30.02392113,26.45260127,496.3967991,8237.142857,20.03769455
1102040OA02_f239,32.74151856,2.792078908,25.42896729,55.22675705,-410.270874,1412.964722,41.55039253,-1.532001495,-14.95657349,3.002929688,37.055233,17.21447754,-45.70910645,-0.099923215,-0.975527058,0.195862987,0.604404617,0.280783816,-0.745557179,2.277652052,0.39148819,-2.169173584,0.573691406,5.712451172,16.20615234,12.80390625,239,0.016666667,1102040OA02,1.898067303,,-48.20697874,65.08217876,5.848408716,59.23377004,65.08217876,59.23377004,75.31268018,65.08217876,65.08217876,2.277652052,2.3760872,1.898067303,1.635225238,,,16.66666667,60,17.5,36,H,1,0.010416667,0.078057193,-0.05616807,0.054169929,0.001921498,-9.221322611,-8.287448606,0.16046685,0.454835346,-0.327288525,0.315645454,0.011196474,-53.73218384,-48.2905469,0.93503228,1.636668275,-1.142513944,1.092355901,0.189003146,-188.1478433,-171.5903637,0.999819808,1102,40,42,OA02,Wind_hitNrun,2,O,0,Naive,2,Failure,FALSE,FALSE,8.80243877,12.45035508,0.041666667,41.66666667,65.69742007,2.814242119,0.15,150,339.665935,2.277652052,3.176712199,2.361480105,29.4896854,25.90323274,496.3967991,8237.142857,20.03769455
1102040PA01_f237,-0.620906452,51.70129684,26.59898746,22.106987,-361.1953735,1414.184448,58.1456426,-3.139083862,-14.7852478,1.512817383,57.28842926,-1.14453125,-24.06494141,-0.206650192,-0.97333312,0.099590841,0.921803907,-0.018416169,-0.387218803,1.327415195,0.190419159,-1.304428711,-0.155683594,12.13417969,9.885058594,-6.96796875,237,0.033333333,1102040PA01,1.74173826,21.91054495,-22.78155553,91.14452584,11.98658651,79.15793933,91.14452584,79.15793933,99.44984121,91.14452584,91.14452584,1.327415195,1.393100739,1.74173826,1.639798413,21.91054495,21.91054495,33.33333333,60,17.5,36,H,1,0.059375,0.227969594,-0.033328336,0.208639942,-0.085608017,-32.51347497,-10.72603528,0.222647243,1.32836738,-0.194202538,1.215734466,-0.498833618,-189.4543861,-62.500069,1.297354306,24.75206781,-8.939518027,21.37488762,-2.605286617,-3221.558915,-1721.895175,21.31522585,1102,40,50,PA01,Wind_Near-miss,1,P,0,Naive,9,Pivot,TRUE,FALSE,-33.31508759,27.52698377,0.166666667,166.6666667,292.9502337,2.407016506,0.208333333,208.3333333,389.522441,1.236272225,3.914279215,2.007829803,28.94668484,24.80290905,496.3967991,8237.142857,20.03769455
1102040WA01_f240,-20.85840553,48.20478725,36.71623586,1.750837445,-364.904541,1424.33728,64.08476083,-0.495743275,-15.13397217,2.292480469,40.27174556,-9.383666992,-51.25854492,-0.032370537,-0.988202631,0.149692044,0.611491559,-0.142482852,-0.778316587,1.098211565,0.318877122,-1.050128174,0.040209961,5.947867584,4.786083984,-16.33007812,240,0.008333333,1102040WA01,0.546985252,18.17078185,-51.10670107,103.1163812,1.876166034,101.2402152,103.1163812,101.2402152,120.007579,103.1163812,103.1163812,1.098211565,1.129153721,0.546985252,0.308064994,18.17078185,,8.333333333,60,17.5,36,H,1,0.025,0.8696356,-0.385168788,0.753182161,-0.201563177,-101.706036,-56.44581605,2.862234824,5.067322975,-2.244359189,4.388754632,-1.174498509,-592.6359648,-328.9069359,16.6780986,27.2849969,-10.94745478,22.82993957,-1.570273552,-3129.419115,-1655.070097,96.72875285,1102,40,51,WA01,Wind_success,1,W,0,Naive,10,Head-On,TRUE,TRUE,-31.43806687,26.39482304,0.158333333,158.3333333,295.6968694,2.374934475,0.225,225,437.2007259,1.129153721,4.205758585,2.132912011,29.86754648,24.6270579,496.3967991,8237.142857,20.03769455
1102040WA02_f240,-13.50311451,60.35608756,29.05075811,9.082259178,-352.6955566,1416.676514,68.33109068,-2.921252251,-14.90145874,1.364013672,32.10208988,-1.685760498,-56.32653809,-0.191604813,-0.977386056,0.0894656,0.494988745,-0.025993089,-0.868510508,1.255607543,-0.017794991,-1.255367432,0.016918945,-1.97762146,7.292724609,-16.96289062,240,0.008333333,1102040WA02,1.112599051,19.56742439,-60.28600954,93.0059827,11.09149252,81.91449019,93.0059827,81.91449019,92.19386225,93.0059827,93.0059827,1.255607543,1.325623626,1.112599051,0.964598646,19.56742439,19.56742439,8.333333333,60,17.5,36,H,1,0.03125,1.080017748,-0.257400713,1.043176922,-0.109385184,-140.6339266,-40.98927984,-1.497320381,6.293209189,-1.499861028,6.078539546,-0.637381972,-819.4668289,-238.8424755,-8.724810678,31.91943465,-8.782568781,29.25096156,-3.408194924,-3955.775343,-1333.114887,-32.54757634,1102,40,52,WA02,Wind_success,2,W,0,Naive,11,Head-On,TRUE,TRUE,93.99372803,13.05129675,0.066666667,66.66666667,147.8140649,2.064019599,0.491666667,491.6666667,940.4477338,1.325623626,3.732658909,1.776416624,28.60318713,23.82682787,496.3967991,8237.142857,20.03769455
1102040WA03_f240,-35.18056097,39.29302008,24.92473119,-12.50723648,-373.6982117,1412.619263,58.33399971,0.539395332,-15.04605103,1.508666992,56.91061783,0.754547119,-27.37646484,0.035648086,-0.994378135,0.09970626,0.901091681,0.011947088,-0.433464012,1.434213046,0.178336487,-1.370053711,-0.384858398,0.844065857,8.433544922,-20.42578125,240,0.008333333,1102040WA03,0.837080842,24.9370338,-25.68759678,89.24039074,-2.053153116,91.29354385,89.24039074,91.29354385,96.65674105,89.24039074,89.24039074,1.434213046,1.466279753,0.837080842,0.392298097,24.9370338,,8.333333333,60,17.5,36,H,1,0.020833333,1.849529315,-0.54547885,1.430636963,1.037540068,-175.1762203,-86.9254485,3.875580557,10.77711445,-3.178477872,8.336249748,6.045693879,-1020.74304,-506.5102238,22.58281331,45.29052986,-14.25467821,34.46254151,21.99137839,-4221.095928,-2283.841524,96.48408071,1102,40,53,WA03,Wind_success,3,W,0,Naive,12,Head-On,TRUE,TRUE,-69.83208203,28.69235123,0.125,125,260.6352664,2.517084247,0.191666667,191.6666667,414.921247,1.466279753,4.30812747,1.9783943,28.95249444,24.79973452,496.3967991,8237.142857,20.03769455
1102040WA04_f240,-43.74669441,57.14504743,23.82321027,-21.11466217,-355.8551331,1411.451538,75.80814643,-0.628263474,-14.92758179,3.274780273,43.71633148,-9.685821533,-45.8034668,-0.041075116,-0.975947488,0.214101227,0.68249387,-0.151213828,-0.715077964,1.168348973,0.025067139,-1.165473633,0.077988281,-3.500628662,1.010302734,-3.87421875,240,0.008333333,1102040WA04,0.543962898,21.16967306,-45.64958899,102.4926845,2.410009483,100.082675,102.4926845,100.082675,103.7248187,102.4926845,102.4926845,1.168348973,1.180307783,0.543962898,0.617811811,21.16967306,22.1474786,8.333333333,60,17.5,36,H,1,0.030208333,0.751322196,-0.25592538,0.705712685,-0.030932977,-81.65213156,-33.31563095,-0.931984729,4.377916711,-1.491264337,4.112152378,-0.180244904,-475.7828707,-194.1285087,-5.430628218,23.91662262,-8.703955429,21.45505617,-0.701724234,-2423.486885,-1126.086074,-14.72217061,1102,40,54,WA04,Wind_success,4,W,0,Naive,13,Head-On,TRUE,TRUE,-22.78047486,32.46844247,0.191666667,191.6666667,389.8926874,2.334790925,0.35,350,746.4795663,1.180307783,2.616739419,1.865545664,32.07044111,25.64339463,496.3967991,8237.142857,20.03769455
1102040WA05_f231,-26.26456911,95.18958431,40.84252828,-3.599905014,-317.7844849,1428.503906,106.8597055,-3.89014864,-14.84228516,-0.370605469,55.31320381,-5.990753174,-26.05786133,-0.253461327,-0.967044101,-0.024146675,0.900330315,-0.097511197,-0.424142535,0.777301089,-0.088138418,-0.771939697,-0.023188477,1.807611465,1.329345703,-7.941796875,231,0.083333333,1102040WA05,0.755743422,28.42900915,-25.09640076,96.1813836,14.68680924,81.49457436,96.1813836,81.49457436,89.66768217,96.1813836,96.1813836,0.777301089,0.790958634,0.755743422,0.557815676,28.42900915,,83.33333333,60,17.5,36,H,1,0.033333333,0.366209292,-0.193686869,0.28210014,-0.130438314,-29.50308609,-21.60781984,1.034086583,2.133883159,-1.128603663,1.643783349,-0.760057506,-171.9130013,-125.9076813,6.025570595,28.10012689,-21.50060226,14.75833542,-4.844066602,-1537.718356,-2349.216186,39.31787391,1102,40,55,WA05,Wind_success,5,W,0,Naive,14,Head-On,TRUE,TRUE,13.42628919,37.27552295,0.316666667,316.6666667,420.5838546,2.232401623,0.533333333,533.3333333,854.0708242,0.683047821,2.522011557,1.548498401,28.42900915,24.3396943,496.3967991,8237.142857,20.03769455
1102040WA06_f237,-36.1359506,55.45555725,36.20590007,-13.20616913,-357.6269836,1423.948486,75.44529777,-0.155613899,-15.45077515,1.451416016,53.33837509,-2.330169678,-34.7467041,-0.010026942,-0.995566757,0.093521621,0.837331413,-0.036580122,-0.545470438,1.178563078,0.310729294,-1.136103516,-0.041557617,4.298098755,10.99819336,-12.43300781,237,0.033333333,1102040WA06,2.349484729,23.23793194,-33.05681761,92.50146448,0.577040189,91.92442429,92.50146448,91.92442429,107.7980178,92.50146448,92.50146448,1.178563078,1.259686251,2.349484729,2.151157268,23.23793194,23.09675854,33.33333333,60,17.5,36,H,1,0.009375,0.735993485,-0.348918726,0.646675746,-0.041864212,-88.20324237,-50.31063398,3.055367303,4.288597081,-2.033131896,3.768147101,-0.243940659,-513.9558645,-293.157538,17.80347186,20.14941333,-9.194966591,17.29427665,1.051832577,-2312.566644,-1386.627805,95.97962213,1102,40,56,WA06,Wind_success,6,W,0,Naive,15,Head-On,TRUE,TRUE,-86.47835336,38.64170516,0.191666667,191.6666667,347.7580763,2.488403503,0.25,250,486.3552933,1.097522736,4.768056781,2.032782586,31.19765071,24.6495386,496.3967991,8237.142857,20.03769455
1102040WA07_f240,-56.45634187,53.95001074,25.76146644,-33.74439621,-359.0278015,1413.400757,82.22879878,1.191776276,-14.60671997,3.286132813,41.92804718,-9.142089844,-49.65161133,0.079350377,-0.972538858,0.218795996,0.638890163,-0.139305111,-0.756580098,1.404645832,0.221055908,-1.361290283,0.266557617,-5.578527832,1.704199219,-7.933007812,240,0.008333333,1102040WA07,1.474452506,27.09361793,-49.16362747,102.3003876,-4.664485227,106.9648729,102.3003876,106.9648729,111.5239685,102.3003876,102.3003876,1.404645832,1.440216777,1.474452506,1.409738069,27.09361793,26.68188715,8.333333333,60,17.5,36,H,1,0.021875,1.096783583,-0.41970992,0.996935652,-0.181375624,-104.207661,-48.33034523,-0.737241528,6.390902866,-2.445628628,5.809093985,-1.056866654,-607.212808,-281.6184949,-4.295869368,32.12605021,-11.42553013,28.95411254,-4.064154393,-2980.447339,-1373.083971,-7.391765363,1102,40,57,WA07,Wind_success,7,W,0,Naive,16,Head-On,TRUE,TRUE,-65.7400642,32.88158672,0.158333333,158.3333333,341.877355,2.3991306,0.158333333,158.3333333,341.877355,1.440216777,3.208925938,2.074237028,29.20118596,25.80917381,496.3967991,8237.142857,20.03769455
1102040WA08_f227,-46.93299878,201.0089671,33.62902527,-24.244524,-211.9606018,1421.277832,209.1368513,-0.646112442,-15.1934967,1.043334961,56.33896828,3.950317383,-23.55114746,-0.042387549,-0.996753888,0.068446928,0.920706478,0.064557142,-0.384879146,1.831884247,-0.045761032,-1.815487061,-0.240234375,4.329849243,-2.019067383,-29.46796875,227,0.116666667,1102040WA08,0.994853451,22.20228269,-22.63623773,85.98915828,2.435069769,83.55408851,85.98915828,83.55408851,84.54527084,85.98915828,85.98915828,1.831884247,1.831884247,0.994853451,0.570468082,22.20228269,,116.6666667,60,17.5,36,H,1,0.023958333,0.454213031,-0.153642029,0.412955017,-0.110325692,-38.36164038,-15.47224886,1.07073493,2.646676524,-0.895264386,2.40626815,-0.642862267,-223.5313523,-90.15601723,6.239118673,56.62245956,-44.73320766,22.37035216,-4.176027865,-2200.769379,-4221.704393,-135.1905533,1102,40,58,WA08,Wind_success,8,W,0,Naive,17,Head-On,TRUE,TRUE,-3.867046917,31.17917406,0.183333333,183.3333333,332.5108482,2.183698303,0.2,200,365.8311304,0.950494679,2.576556111,1.970720696,26.66222624,23.69863985,496.3967991,8237.142857,20.03769455
1102040WA09_f230,-59.03625215,149.6432374,29.34054184,-36.37002182,-263.3204956,1416.988281,163.52139,0.701194763,-15.15719604,1.205810547,53.03609276,-3.718078613,-34.41430664,0.046066852,-0.995792251,0.079218926,0.837424034,-0.058707349,-0.543391604,1.396218205,0.184788666,-1.383004761,0.050756836,1.485021973,13.72763672,-9.35859375,230,0.091666667,1102040WA09,1.119195657,25.98455713,-32.91481983,94.0101417,-2.648700785,96.65884248,94.0101417,96.65884248,101.6205792,94.0101417,94.0101417,1.396218205,1.512783417,1.119195657,0.957527157,25.98455713,26.47432958,91.66666667,60,17.5,36,H,1,0.034375,0.828514713,-0.452983852,0.683033083,-0.121276818,-72.5439862,-52.62201353,-0.475035596,4.827713631,-2.639514161,3.979999479,-0.706673927,-422.710165,-306.6258306,-2.768008564,27.05979339,-15.3911449,21.28371577,-4.288333889,-2222.921458,-1739.482089,-12.53080639,1102,40,59,WA09,Wind_success,9,W,0,Naive,18,Head-On,TRUE,TRUE,-66.4699948,33.74141216,0.2,200,358.6606244,2.327639364,0.233333333,233.3333333,431.7664474,1.156515646,3.232102378,2.035777895,30.50738537,26.08485581,496.3967991,8237.142857,20.03769455
1102040WB01_f240,-46.09603816,55.24511027,45.67831326,-23.54334068,-357.7692261,1433.305908,85.22543778,-0.764215469,-15.13977051,1.432250977,38.1929369,-6.178466797,-53.24536133,-0.050189646,-0.994300361,0.094062698,0.580285501,-0.093872716,-0.808984951,1.217861415,0.045508347,-1.215640869,0.057729492,5.82220459,18.24257812,-10.040625,240,0.008333333,1102040WB01,1.006659424,24.6182265,-53.99687659,99.18912494,2.889686414,96.29943853,99.18912494,96.29943853,101.3330305,99.18912494,99.18912494,1.217861415,1.374955898,1.006659424,1.090331138,24.6182265,23.54083136,8.333333333,60,17.5,36,H,1,0.032291667,0.472042921,-0.281290497,0.378150762,-0.026498611,-44.29258921,-36.03674991,0.486610364,2.750570399,-1.639065604,2.203465504,-0.154406073,-258.0906933,-209.9843323,2.835454158,26.4564742,-12.84293593,21.39255124,-1.048976866,-2158.889784,-1534.61356,93.13900443,1102,40,66,WB01,Wind_success,1,W,0,Naive,19,Head-On,TRUE,TRUE,-18.78658747,26.03924943,0.125,125,276.9901852,2.485945295,0.35,350,808.5519256,1.374955898,2.786789283,1.636168806,30.71797787,25.92808217,496.3967991,8237.142857,20.03769455
1102040WB02_f230,-30.7788449,89.31612862,18.23374142,-8.18461895,-323.6670837,1405.86731,96.21422687,-1.808418274,-14.73861694,3.712646484,55.95229626,-12.41699219,-22.26806641,-0.118149095,-0.962915646,0.242557725,0.909978958,-0.201943484,-0.362156216,1.14360331,0.01047924,-1.132990723,-0.155083008,3.929411316,-5.047998047,-6.20859375,230,0.091666667,1102040WB02,0.971190153,21.923072,-21.2326758,102.5123627,6.995188533,95.51717413,102.5123627,95.51717413,103.0422868,102.5123627,102.5123627,1.14360331,1.14360331,0.971190153,0.433818889,21.923072,,91.66666667,60,17.5,36,H,1,-0.015625,0.883664636,-0.330680989,0.772799859,-0.272568615,-91.50148562,-44.82197157,-1.953235668,5.149069463,-1.926861516,4.503065976,-1.588243636,-533.1745623,-261.1753777,-11.38140616,1.640077819,-0.934002213,0.389709656,0.289302834,-32.57334989,-102.808031,0.189241163,1102,40,67,WB02,Wind_success,2,W,0,Naive,20,Head-On,TRUE,TRUE,-62.32886576,37.88631068,0.291666667,291.6666667,452.2033199,2.411520483,0.333333333,333.3333333,549.7085856,0.847309075,3.741727519,1.884785575,31.28715426,25.92099281,496.3967991,8237.142857,20.03769455
1102040WB03_f227,-55.53017758,125.0120614,48.83389155,-32.90578461,-287.9404907,1436.473145,145.245878,-0.992931366,-15.17098999,-0.080688477,57.75135422,-5.363372803,-21.82299805,-0.065308695,-0.997850995,-0.005307174,0.931930814,-0.086548488,-0.352156666,1.076698268,0.124322205,-1.065703125,-0.09,0.047296143,5.133691406,-4.062304688,227,0.116666667,1102040WB03,0.997776685,28.08366158,-20.61928328,95.30584443,3.744630511,91.56121392,95.30584443,91.56121392,101.9597483,95.30584443,95.30584443,1.076698268,1.116802235,0.997776685,0.869080371,28.08366158,29.61766245,116.6666667,60,17.5,36,H,1,0.05,0.665743375,-0.445210417,0.481957855,-0.112776561,-39.83241218,-40.35556716,-3.315037298,3.879253221,-2.594218748,2.808344218,-0.657143356,-232.1014657,-235.1498636,-19.31655589,26.87706192,-20.1698063,16.36795044,-5.303759445,-1340.217918,-1838.872576,-143.8179352,1102,40,68,WB03,Wind_success,3,W,0,Naive,21,Head-On,TRUE,TRUE,-64.78729935,39.14546279,0.275,275,384.0122759,2.269583068,0.466666667,466.6666667,793.4736595,0.686174763,2.808418046,1.652306831,31.20197195,24.61010146,496.3967991,8237.142857,20.03769455
1102040WB04_f236,-58.10958353,80.22965438,38.25900701,-35.43579865,-332.6871338,1425.903442,106.1945044,-0.45746994,-15.14767456,1.247558594,38.22594929,-1.210693359,-52.47106934,-0.030085137,-0.996174461,0.082044673,0.588725735,-0.018646138,-0.80811777,1.277405553,0.139543304,-1.26777832,0.070927734,7.046191406,3.021679687,-12.1359375,236,0.041666667,1102040WB04,2.750275814,21.43460485,-53.91243798,91.81406716,1.729845212,90.08422194,91.81406716,90.08422194,98.09528125,91.81406716,91.81406716,1.277405553,1.306859003,2.750275814,2.503666062,21.43460485,21.81888363,41.66666667,60,17.5,36,H,1,0.017708333,0.538417136,-0.293713956,0.44593037,-0.06907409,-42.15411371,-30.18081015,0.369905642,3.137329617,-1.711456473,2.598413873,-0.402491253,-245.629904,-175.8620653,2.155421605,28.10955467,-14.6117916,21.98302857,2.072037723,-2105.036515,-1500.136922,102.3664742,1102,40,69,WB04,Wind_success,4,W,0,Naive,22,Head-On,TRUE,TRUE,-46.47203523,33.58627193,0.225,225,409.268156,2.286711012,0.383333333,383.3333333,752.442585,1.198563932,2.88503227,1.790964018,31.51965805,26.01005815,496.3967991,8237.142857,20.03769455
1102040WB05_f239,-39.80141133,67.41605625,28.92261327,-17.14849281,-345.5193787,1416.593262,83.46013745,-3.573972702,-14.64614868,3.068603516,42.64603996,-14.51696777,-44.62158203,-0.232301901,-0.951973744,0.199453798,0.672570776,-0.228947126,-0.703727053,0.929034374,-0.179542236,-0.90239502,-0.128657227,-0.535968018,-2.940820312,-19.95820312,239,0.016666667,1102040WB05,0.839540081,23.50043058,-44.72679614,108.7988822,13.71339038,95.08549177,108.7988822,95.08549177,97.54615165,108.7988822,108.7988822,0.929034374,0.929034374,0.839540081,0.404927511,23.50043058,,16.66666667,60,17.5,36,H,1,0.057291667,0.339199664,-0.310618629,0.125308158,-0.053575601,-15.70479918,-26.87854368,-1.736490272,1.976499411,-1.809959153,0.730164345,-0.312182339,-91.51107627,-156.6199244,-10.11844163,24.29681299,-17.38843523,14.95720403,-4.733812632,-1490.184792,-1910.01217,-85.25824131,1102,40,70,WB05,Wind_success,5,W,0,Naive,23,Head-On,TRUE,TRUE,17.47573146,35.30164194,0.258333333,258.3333333,447.7159477,2.299838054,0.391666667,391.6666667,736.6031853,0.897395923,2.833539372,1.589539184,29.79764417,24.13546828,496.3967991,8237.142857,20.03769455
1102040WB06_f240,-21.05197498,60.32081178,45.8321312,1.561418295,-352.6522827,1433.496094,78.62804992,-3.903715611,-14.9006958,1.556518555,33.46918321,-6.249237061,-54.27148438,-0.252145352,-0.962452585,0.100537272,0.522405736,-0.097541588,-0.84709969,0.795581317,0.097939982,-0.779787598,0.123647461,3.648212814,6.205078125,3.735351563,240,0.008333333,1102040WB06,0.533987543,27.84945074,-57.89760313,100.5762632,14.68053988,85.89572328,100.5762632,85.89572328,107.7350287,100.5762632,100.5762632,0.795581317,0.839349653,0.533987543,0.653522827,27.84945074,26.63013482,8.333333333,60,17.5,36,H,1,0.028125,0.382159849,-0.103180566,0.358191326,-0.084254939,-38.86632954,-23.97873695,0.535484644,2.22682625,-0.601227978,2.08716287,-0.490949301,-226.4721507,-139.7228962,3.120242134,19.48686199,-8.705067417,15.706001,-1.306577248,-1896.292637,-1391.196741,8.756014703,1102,40,71,WB06,Wind_success,6,W,0,Naive,24,Head-On,TRUE,TRUE,56.28276367,24.91618217,0.2,200,325.8947235,2.151184298,0.458333333,458.3333333,799.4197135,0.839349653,2.67336034,1.570362498,28.78270373,24.96923167,496.3967991,8237.142857,20.03769455
1102040WB07_f225,-46.84065439,138.7269197,23.73740921,-24.25087357,-274.227478,1411.422485,148.3329692,-0.672691345,-15.06091309,1.462402344,56.65919113,-5.169189453,-22.44934082,-0.04441177,-0.994336878,0.096549298,0.926358287,-0.08451447,-0.367039001,1.488412643,-0.035137482,-1.480810547,0.146074219,12.22915649,8.4234375,-5.124023437,225,0.133333333,1102040WB07,1.476986119,25.48062097,-21.5331203,95.21283635,2.557399777,92.65543657,95.21283635,92.65543657,93.85354586,95.21283635,95.21283635,1.488412643,1.568450467,1.476986119,1.281738912,25.48062097,25.87546642,133.3333333,60,17.5,36,H,1,-0.021875,0.952111073,-0.492870208,0.803020482,-0.136939981,-76.34462633,-55.66544454,-0.615856948,5.547903416,-2.871929955,4.679160029,-0.797942395,-444.8563042,-324.3597503,-3.588567516,4.93282357,-3.288089705,2.152155354,-2.546242589,-69.52294079,-361.0960782,50.42618306,1102,40,72,WB07,Wind_success,7,W,0,Naive,25,Head-On,TRUE,TRUE,-37.27204743,38.53144238,0.291666667,291.6666667,449.5387045,2.304359694,0.383333333,383.3333333,656.4191194,0.849430679,2.984442576,1.630376491,29.9287835,25.70675988,496.3967991,8237.142857,20.03769455
1102040WB08_f223,-63.39632409,235.4545038,22.69496384,-40.72457886,-177.4607697,1410.345703,244.893811,0.149936676,-15.37757874,1.637695313,58.12454605,-7.889480591,-17.44580078,0.00969506,-0.994330047,0.105895062,0.949795322,-0.128919575,-0.285076462,1.711807168,0.129104919,-1.701688843,-0.133681641,12.50216675,-2.632104492,-25.88203125,223,0.15,1102040WB08,0.569160213,16.21561404,-16.56341917,97.72974946,-0.558635833,98.28838529,97.72974946,98.28838529,102.068394,97.72974946,97.72974946,1.711807168,1.703240724,0.569160213,0.569160213,16.21561404,,150,60,17.5,36,H,1,0.009375,0.49704125,-0.226671562,0.43197717,-0.095214137,-39.39391967,-17.05505928,-0.109829772,2.896234408,-1.320803811,2.517109279,-0.554807997,-229.5463919,-99.37897406,-0.639972569,30.53237933,-20.39582049,19.55203433,-1.682601977,-1727.595692,-1978.012824,-76.01545443,1102,40,73,WB08,Wind_success,8,W,0,Naive,26,Head-On,TRUE,TRUE,-41.21473407,35.88438017,0.241666667,241.6666667,413.6912576,2.251950618,0.425,425,797.3190735,0.915207006,2.597201497,1.594641492,30.768623,24.32036753,496.3967991,8237.142857,20.03769455
1102040WB09_f215,-36.8376053,215.8071273,49.26251755,-14.18764019,-197.1022491,1436.919189,224.4025868,-1.143148422,-15.05731201,-0.360229492,58.40999126,-8.657272339,-11.8223877,-0.075680437,-0.99684689,-0.023848456,0.969943944,-0.143760831,-0.196320066,1.350724801,0.067114449,-1.339368896,-0.161381836,-4.873809814,2.295263672,4.243359375,215,0.216666667,1102040WB09,1.016990319,26.11492078,-11.32184851,98.43075111,4.341556751,94.08919436,98.43075111,94.08919436,101.2993865,98.43075111,98.43075111,1.350724801,1.376889669,1.016990319,0.789920757,26.11492078,27.78073771,216.6666667,60,17.5,36,H,1,0.05,0.331356527,-0.303049258,0.087921613,-0.101133995,-8.720257378,-16.38980907,-1.537045057,1.930797845,-1.765852812,0.512314826,-0.589302709,-50.81250189,-95.50259447,-8.956284372,28.26755428,-23.86437594,11.34708266,-5.04125942,-884.7418929,-1792.316919,-63.29763026,1102,40,74,WB09,Wind_success,9,W,0,Naive,27,Head-On,TRUE,TRUE,-32.73922125,38.01193569,0.35,350,439.5338324,2.033544192,0.375,375,486.7922236,0.789611747,2.342570127,1.428013123,27.78073771,25.07463128,496.3967991,8237.142857,20.03769455
1201040MA01_f236,-29.80695011,131.1295448,-50.40989787,-12.94122219,-281.8068237,1336.567139,143.6125677,-0.805243492,-15.36383057,2.88293457,33.89921093,1.201202393,-59.85083008,-0.051444383,-0.981545071,0.184181295,0.492758502,0.017460663,-0.86999091,2.447756516,0.526341133,-2.371384277,0.30168457,-0.646366882,-3.390161133,-6.120703125,236,0.041666667,1201040MA01,1.454017186,17.51473314,-60.45758323,87.97060043,3.000220357,84.97038008,87.97060043,84.97038008,100.4848295,87.97060043,87.97060043,2.447756516,2.447756516,1.454017186,1.651852178,17.51473314,20.86632611,41.66666667,61,19.4,37,J,1,0.005208333,0.073692727,-0.010899532,0.068793211,-0.024068909,-9.651507398,-3.208130514,-0.172431825,0.387348809,-0.057290876,0.361595632,-0.126512665,-50.73092048,-16.86279742,-0.906348081,1.189749463,-0.120280244,1.078535337,-0.435969771,-153.2707187,-51.6070585,-2.564609353,1201,40,48,MA01,Wind_missed,1,M,0,Naive,5,Failure,FALSE,FALSE,-51.72573836,27.0901451,0.1,100,287.6422456,2.650823491,0.125,125,351.2016171,2.294644931,2.009503761,1.142209841,31.74752438,23.52381435,524.3574213,8514.002381,21.46407139
1201040PA01_f239,-22.59440277,74.37386636,19.64793819,-5.682090759,-338.5653992,1406.699219,80.17493692,-1.307234764,-15.03033447,3.081298828,39.35416412,-9.467254639,-59.95874023,-0.084893568,-0.97608996,0.200103654,0.543998242,-0.130867216,-0.828818246,1.686655128,0.15865345,-1.674466553,0.125683594,-11.91329956,-0.566894531,-14.10820313,239,0.016666667,1201040PA01,1.372553971,23.25299942,-55.97753397,103.5263661,4.970683391,98.55568272,103.5263661,98.55568272,108.9389059,103.5263661,103.5263661,1.686655128,1.706967977,1.372553971,1.150934928,23.25299942,24.1223842,16.66666667,61,19.4,37,J,1,0.025,1.834706063,-0.09148166,1.66151895,0.772743309,-191.1052002,-29.65405253,-1.349907112,9.643708856,-0.480852224,8.733390778,4.061746809,-1004.500366,-155.8696812,-7.095475093,50.64864934,-4.161991184,44.65333584,13.01562226,-5243.185519,-999.9355404,-28.63202267,1201,40,51,PA01,Wind_Near-miss,1,P,0,Naive,7,Pivot,TRUE,FALSE,-36.54859473,30.91460466,0.158333333,158.3333333,372.109981,2.462925364,0.158333333,158.3333333,372.109981,1.698311078,2.281079582,1.255353916,30.08918967,24.95691452,524.3574213,8514.002381,21.46407139
1201040UA01_f147,-61.69028291,30.72171256,36.0654747,-44.85853195,-382.2351074,1422.991577,77.7832443,2.583084106,-15.26669312,-1.102783203,12.98161507,-65.62557983,-26.27648926,0.166404756,-0.983495013,-0.071042352,0.180619416,-0.913080062,-0.365597356,0.013398042,-0.002741547,-0.012575684,0.003720703,-1.229644775,-0.756298828,1.346484375,147,0.783333333,1201040UA01,0.237848176,15.21505506,-21.44434961,168.8105858,-9.603342996,178.4139288,168.8105858,178.4139288,156.5123073,168.8105858,168.8105858,0.013398042,0.012326207,0.237848176,0.320669599,15.21505506,21.54004144,783.3333333,61,19.4,37,J,1,0.092708333,3.428643232,0.579024051,3.322048977,0.619932377,-306.9434129,18.80919176,-5.062880133,18.02187161,3.04350625,17.46158352,3.258531424,-1613.377189,98.86617417,-26.6118606,425.2615839,30.97683193,387.2389277,6.454613999,-44315.88466,1757.377556,-332.1043763,1201,40,41,UA01,Wind_Uturn,1,U,0,Naive,1,U-Turn,TRUE,FALSE,-66.61695101,160.6850811,1.866666667,1866.666667,353.7241262,0.541876528,1.5,1500,76.13379877,0.165090081,0.763780878,0.267277006,32.11766848,23.68064477,524.3574213,8514.002381,21.46407139
1201040UA02_f237,-75.85522871,-3.324249331,51.30396627,-59.05234146,-416.3184814,1438.268188,91.63603719,-7.167942047,11.75372314,-7.069824219,5.38274765,-48.04846191,-56.35290527,-0.463159967,0.759472382,-0.456820037,0.072493497,-0.64710465,-0.758946813,0.97780115,-0.318308258,0.674007568,-0.632841797,-2.722357178,2.663085937,-2.309765625,237,0.033333333,1201040UA02,4.049668465,3.374993367,-49.37143902,173.6079502,148.6233076,24.98464267,173.6079502,24.98464267,18.88754265,173.6079502,173.6079502,0.97780115,0.942736794,4.049668465,3.102473565,,,33.33333333,61,19.4,37,J,1,0.008333333,0.952704943,-0.746567226,-0.565149838,-0.175754787,27.10467845,-35.12173489,0.086278331,5.00767359,-3.924158272,-2.970579653,-0.923814463,142.4694849,-184.6092912,0.453502127,12.66056955,-9.944191479,-7.437612528,-2.460546407,356.3599701,-468.2013063,6.808856458,1201,40,43,UA02,Wind_Uturn,2,U,0,Naive,2,U-Turn,TRUE,FALSE,74.5140094,132.2392148,1.166666667,1166.666667,109.5903018,2.687379026,1.225,1225,197.8965079,0.933132921,4.110183717,2.462173039,21.06386828,17.70134181,524.3574213,8514.002381,21.46407139
1201040UA03_f196,66.05637665,-315.756694,167.4371969,82.9021225,-728.6966553,1554.389404,363.4569432,-8.016937256,12.72564697,-4.006958008,22.83098602,-59.3727417,7.127319336,-0.515061969,0.817581151,-0.257433932,0.356682998,-0.927566049,0.111348394,0.220153264,-0.080328369,0.201774902,-0.036079102,-5.739807129,0.838476563,-5.465039063,196,0.375,1201040UA03,1.0835192,24.0421001,6.393050403,158.9664266,147.7897825,11.17664416,158.9664266,11.17664416,0.67436455,158.9664266,158.9664266,0.220153264,0.197706313,1.0835192,1.423482116,24.0421001,21.25300482,375,61,19.4,37,J,1,0.083333333,0.447836252,-0.444325325,-0.046276278,0.031477295,2.945597925,-33.8143591,2.003479532,2.353947871,-2.335493495,-0.243240569,0.165453132,15.48285547,-177.7373722,10.53082764,4.858920874,-2.951852799,-3.768368053,-0.826581488,301.5593274,-229.5629231,-11.96271154,1201,40,45,UA03,Wind_Uturn,3,U,0,Naive,3,U-Turn,TRUE,FALSE,23.81789933,28.88753755,0.858333333,858.3333333,242.8188386,2.548350741,0.875,875,284.1534597,1.142392816,3.289402846,1.446850084,26.49168938,20.63944586,524.3574213,8514.002381,21.46407139
1201040UA04_f236,-36.53703627,4.05392189,56.11804759,-19.66501045,-408.8698425,1443.101563,67.08669441,-9.658245087,10.14807129,-6.282470703,5.67468071,-52.72277832,-46.78723145,-0.629052163,0.660955085,-0.409184252,0.080244575,-0.745542724,-0.661609291,0.763321538,-0.304694366,0.445078125,-0.540117188,0.651983643,-0.303222656,-4.695117188,236,0.041666667,1201040UA04,1.376174458,,-41.42272228,173.8567658,136.4166821,37.44008367,173.8567658,37.44008367,28.25177112,173.8567658,173.8567658,0.763321538,0.739946969,1.376174458,1.376174458,,,41.66666667,,,,,,,,,,,,,,,,,,,,,,,,,,,,1201,40,50,UA04,Wind_Uturn,4,U,0,Naive,6,U-Turn,TRUE,FALSE,9.350160686,28.73411087,0.816666667,816.6666667,325.7644821,2.484931457,0.825,825,345.5452811,0.617312378,3.7220583,1.478020123,32.09039451,21.93875029,,,
1201040WA01_f236,-32.61470729,127.1097768,-23.86525167,-15.79572773,-285.8583374,1363.105835,133.3797763,-2.037367821,-14.46054077,5.666259766,49.76183796,-2.915679932,-51.17419434,-0.13006591,-0.923163395,0.361734992,0.696563409,-0.040813524,-0.716333494,1.960971599,-0.058388786,-1.931491699,0.333676758,-6.126924133,-2.528173828,6.551367188,236,0.041666667,1201040WA01,0.432588691,35.92355155,-45.75259066,93.35327995,8.019703631,85.33357632,93.35327995,85.33357632,91.62176202,93.35327995,93.35327995,1.960971599,1.930714582,0.432588691,0.516004131,,,41.66666667,61,19.4,37,J,1,0.033333333,3.703464493,1.100178857,2.191968484,-2.774982864,-179.5667173,65.65866154,1.855265697,19.46640612,5.782836172,11.5215763,-14.58605679,-943.8509945,345.1195964,9.751775826,4.001174726,-2.684644776,-0.374154736,2.486522275,-43.99772207,-334.1373003,-2.033768631,1201,40,47,WA01,Wind_success,1,W,0,Naive,4,Head-On,TRUE,TRUE,-15.82977113,27.69668235,0.158333333,158.3333333,376.7845152,2.483322945,0.166666667,166.6666667,397.3455567,1.901760472,2.194376267,1.104806235,26.63064739,22.73414786,524.3574213,8514.002381,21.46407139
1201040WA02_f240,-46.76233392,55.80493616,27.14888704,-29.89398575,-357.1541443,1414.162964,77.70436823,-1.452272415,-15.25857544,1.142211914,39.51759434,-3.860076904,-59.94458008,-0.094487277,-0.992748483,0.074314221,0.549603786,-0.053685274,-0.833698729,1.498185032,0.135986481,-1.479276123,0.194443359,9.952816772,13.38134766,2.6578125,240,0.008333333,1201040WA02,1.685035909,20.63042071,-56.48058306,95.57895057,5.436888953,90.14206161,95.57895057,90.14206161,100.8312589,95.57895057,95.57895057,1.498185032,1.600969662,1.685035909,1.549703367,20.63042071,21.06495514,8.333333333,61,19.4,37,J,1,0.025,1.324520568,-0.187898808,1.310352749,-0.044993852,-151.3723151,-31.44042612,-0.411089693,6.962036587,-0.987646705,6.887566717,-0.236499797,-795.6536286,-165.2593415,-2.160798067,43.73548071,-9.370572216,40.27466534,-0.16987539,-4715.442072,-1395.245071,-4.579712583,1201,40,53,WA02,Wind_success,2,W,0,Naive,8,Head-On,TRUE,TRUE,-42.40053309,27.46231372,0.116666667,116.6666667,262.0170552,2.388190097,0.183333333,183.3333333,409.3355859,1.600969662,2.874220034,1.2530843,31.06727152,23.49578787,524.3574213,8514.002381,21.46407139
1201040WA03_f239,-17.72235444,65.81151752,8.588818776,-0.65492481,-347.2048035,1395.689819,68.69501796,-3.502999842,-15.20623779,1.834350586,57.44292301,-11.38696289,-41.00427246,-0.222951245,-0.967813246,0.11674872,0.803519133,-0.159282329,-0.573573136,1.756342918,-0.424405711,-1.686727295,0.244072266,-5.382572079,3.108691406,8.084179687,239,0.016666667,1201040WA03,2.829624122,20.82160843,-34.99976913,101.2124365,12.97267839,88.23975812,101.2124365,88.23975812,87.08914228,101.2124365,101.2124365,1.756342918,1.763064164,2.829624122,2.632629448,20.82160843,20.82160843,16.66666667,61,19.4,37,J,1,0.022916667,2.323444933,0.274253854,2.292000098,0.264417714,-194.7561212,-14.105866,-1.451566475,12.2126519,1.441552069,12.04736938,1.389850668,-1023.690589,-74.14422814,-7.629824064,56.16049742,4.107740745,53.21551725,3.473968663,-4664.330535,-527.0042327,-30.6448818,1201,40,54,WA03,Wind_success,3,W,0,Naive,9,Head-On,TRUE,TRUE,35.36722513,24.02190711,0.15,150,342.9930896,2.56089276,0.2,200,467.1546273,1.763064164,2.668148119,1.301639106,29.85531141,22.97291035,524.3574213,8514.002381,21.46407139
1201040WA04_f232,-37.17810128,153.9891306,17.12379677,-20.19113159,-258.9588623,1404.198486,159.3363988,-1.852844238,-15.32855225,1.651000977,41.82783127,-2.292236328,-59.83093262,-0.119321657,-0.987146259,0.106323116,0.572685189,-0.031384123,-0.819174408,1.603144159,-0.018729401,-1.580971069,0.265048828,-0.915710449,-0.509326172,-4.44375,232,0.075,1201040WA04,1.313794784,23.31761409,-55.00223407,93.13676858,6.892210622,86.24455796,93.13676858,86.24455796,92.45803041,93.13676858,93.13676858,1.603144159,1.605441555,1.313794784,0.974496931,23.31761409,24.73965765,75,61,19.4,37,J,1,0.039583333,0.794161965,-0.405440938,0.630860693,-0.261391773,-69.31408528,-49.51466831,-0.063118576,4.174329029,-2.131106689,3.31597359,-1.373945511,-364.3334873,-260.262423,-0.331768221,41.78013956,-15.8773718,29.23702367,-1.430178155,-3314.192526,-2031.16195,56.72670548,1201,40,55,WA04,Wind_success,4,W,0,Naive,10,Head-On,TRUE,TRUE,-5.630233307,29.85661693,0.191666667,191.6666667,381.1380934,2.214095725,0.358333333,358.3333333,735.4478285,1.539607196,2.686573851,1.395027281,28.70866069,21.84524195,524.3574213,8514.002381,21.46407139
1201040WA05_f230,-31.57975823,156.8552707,25.96971328,-14.64469719,-256.1226807,1413.01709,162.096524,-2.189613342,-15.43743896,1.188964844,56.10680962,-9.940582275,-41.74182129,-0.140025766,-0.987224174,0.076034298,0.794330925,-0.140733575,-0.590958918,1.357467336,-0.080726509,-1.341047974,-0.194399414,-9.651805115,6.495336914,-4.84453125,230,0.091666667,1201040WA05,0.686319834,20.87150796,-36.2250855,100.0469757,8.072861741,91.97411392,100.0469757,91.97411392,96.60212231,100.0469757,100.0469757,1.357467336,1.403652475,0.686319834,0.801249512,20.87150796,21.61067955,91.66666667,61,19.4,37,J,1,0.042708333,0.938525939,-0.198993496,0.8979835,-0.186703403,-91.41527503,-22.52677732,0.932489671,4.933144928,-1.045963374,4.720042957,-0.981363334,-480.503289,-118.4068044,4.901416681,41.5684879,-11.30913395,32.45499157,-11.68654545,-3428.145348,-1395.005128,-5.162068519,1201,40,56,WA05,Wind_success,5,W,0,Naive,11,Head-On,TRUE,TRUE,-8.725488003,31.11605977,0.2,200,350.8319462,2.484270276,0.216666667,216.6666667,389.56678,1.146475526,3.956370423,1.448711481,27.5923047,19.76549337,524.3574213,8514.002381,21.46407139
1201040WA06_f240,-59.73553111,62.34849437,36.29859622,-42.87300491,-350.6226501,1423.317261,93.66566348,-1.118545532,-15.46310425,-0.550048828,45.86080337,0.198028564,-59.58496094,-0.072102537,-0.996766797,-0.035456684,0.609927687,0.002633689,-0.792452699,1.276026746,-0.160197144,-1.215655518,-0.353217773,-11.97971191,0.952294922,0.6890625,240,0.008333333,1201040WA06,1.460635076,18.97059951,-52.41531443,89.75259634,4.137365016,85.61523133,89.75259634,85.61523133,82.24550547,89.75259634,89.75259634,1.276026746,1.276586081,1.460635076,1.096167494,18.97059951,17.9137306,8.333333333,61,19.4,37,J,1,0.038541667,1.190276019,-0.441208519,1.099999977,-0.109964057,-104.4843758,-48.48791502,-2.542919777,6.256411106,-2.319110724,5.781895934,-0.578000678,-549.1979998,-254.8655313,-13.36627075,43.47089273,-19.84387158,36.46347941,-4.768502615,-3456.518008,-2101.934243,-87.21608652,1201,40,57,WA06,Wind_success,6,W,0,Naive,12,Head-On,TRUE,TRUE,-23.41914499,31.27016799,0.166666667,166.6666667,335.0820347,2.253254154,0.166666667,166.6666667,335.0820347,1.276586081,2.941771904,1.471396573,27.66285041,22.10357433,524.3574213,8514.002381,21.46407139
1201040WA07_f200,-14.51076384,800.0747264,-68.82445651,2.456960917,387.140564,1318.246582,803.1605916,-0.449785709,-15.32855225,2.268798828,12.01455188,55.89385986,-31.14440918,-0.029014552,-0.988806606,0.146354544,0.184545809,0.858540349,-0.478384066,2.234927379,-0.20892354,-2.218623047,0.170185547,-4.48149147,3.999462891,-9.950976562,200,0.341666667,1201040WA07,0.871632765,,-28.57991587,12.13130526,1.680747791,10.45055747,12.13130526,10.45055747,6.751733896,12.13130526,12.13130526,2.234927379,2.267324779,0.871632765,1.126062153,,,341.6666667,61,19.4,37,J,1,0.036458333,0.957763908,-0.224890282,0.912569852,-0.184261576,-111.5873738,-36.17539444,-1.541440975,5.034264871,-1.182083852,4.796712753,-0.968528434,-586.533269,-190.1476094,-8.102228628,38.29496402,-7.91750065,35.04633598,-5.092212065,-4346.050566,-1262.909729,-17.94586064,1201,40,58,WA07,Wind_success,7,W,0,Naive,13,Head-On,TRUE,TRUE,3.137745037,13.06248827,,,,2.267324779,0.35,350,821.6707953,,1.831081688,1.372582759,25.04994751,22.42370928,524.3574213,8514.002381,21.46407139
1201040WA08_f225,-41.4983566,207.2842321,38.38799744,-24.49687958,-205.6372223,1425.453857,214.8546133,-2.020040512,-15.36607361,1.061279297,51.41753578,-10.55491638,-47.78759766,-0.130035112,-0.989152984,0.06831723,0.724347017,-0.148692894,-0.673210088,1.532015183,-0.078859863,-1.528756714,-0.061274414,-6.753900146,11.40732422,-16.59023437,225,0.133333333,1201040WA08,1.133985068,16.83901602,-42.31530705,101.6004406,7.489218727,94.11122188,101.6004406,94.11122188,98.64749459,101.6004406,101.6004406,1.532015183,1.625798069,1.133985068,1.303126119,16.83901602,17.34533173,133.3333333,61,19.4,37,J,1,0.039583333,1.078520368,-0.574954783,0.889561457,-0.203257462,-73.55165875,-51.51680785,-2.003982358,5.668993326,-3.02211708,4.675774434,-1.068375927,-386.607314,-270.7862072,-10.53347062,34.81329214,-18.41226664,28.0064397,-6.675125197,-2358.972651,-1710.352219,-59.98856244,1201,40,59,WA08,Wind_success,8,W,0,Naive,14,Head-On,TRUE,TRUE,-23.01677452,37.61049815,0.25,250,435.0674733,2.27291492,0.233333333,233.3333333,397.6119232,1.08172196,2.154755164,1.251314505,27.92950529,20.73906532,524.3574213,8514.002381,21.46407139
1201040WA09_f237,-71.30543376,86.24771709,28.63821386,-54.26755524,-326.6506958,1415.658447,115.5131199,-1.818981171,-15.30020142,0.161743164,42.52403641,-9.151947021,-60.10888672,-0.118048229,-0.992952382,0.010496807,0.573126763,-0.123347316,-0.810130331,1.279766949,-0.164509735,-1.267950439,-0.055151367,-4.952471924,-9.295751953,-16.91542969,237,0.033333333,1201040WA09,2.327998466,20.63039295,-54.10866704,102.1458298,6.779848977,95.36598081,102.1458298,95.36598081,94.75330772,102.1458298,102.1458298,1.279766949,1.279766949,2.327998466,2.009474564,20.63039295,20.33019377,33.33333333,61,19.4,37,J,1,0.033333333,1.007378596,-0.485142007,0.863368308,-0.184510254,-62.46830333,-37.77501782,0.242857804,5.295053027,-2.550036958,4.538096195,-0.969835552,-328.350215,-198.5556604,1.276525981,37.38445955,-16.11072785,31.82916919,-7.396373942,-2277.600058,-1265.066361,49.18917511,1201,40,60,WA09,Wind_success,9,W,0,Naive,15,Head-On,TRUE,TRUE,-17.49166548,35.27296658,0.233333333,233.3333333,469.706072,2.392913892,0.35,350,736.8848394,1.440565324,2.711338664,1.007450893,29.78563037,22.23745965,524.3574213,8514.002381,21.46407139
1201040WB01_f228,-49.11179866,209.9326659,16.38102061,-32.14240646,-203.0126495,1403.365112,216.2221793,-0.875167847,-15.4629364,2.326782227,55.56220627,8.245285034,-40.45483398,-0.055880245,-0.987322243,0.148567115,0.802662534,0.119113006,-0.58441847,1.855654269,-0.316116943,-1.817667847,0.199013672,4.425073242,1.70793457,0.30234375,228,0.108333333,1201040WB01,0.414475934,33.66023261,-35.76191819,81.55905904,3.23935789,78.31970115,81.55905904,78.31970115,71.69322774,81.55905904,81.55905904,1.855654269,1.875919408,0.414475934,0.513297883,,,108.3333333,61,19.4,37,J,1,0.025,0.842416592,-0.34361501,0.714683144,-0.284292883,-43.74593081,-22.2894483,2.045199162,4.427968336,-1.806132975,3.756566953,-1.494319907,-229.9403861,-117.1593393,10.75011724,54.22473434,-28.98780506,37.68802139,-8.044826867,-2421.353437,-1803.00481,475.9244749,1201,40,70,WB01,Wind_success,1,W,0,Naive,16,Head-On,TRUE,TRUE,-13.04515081,26.22722587,0.183333333,183.3333333,366.7761699,2.538012417,0.341666667,341.6666667,752.590624,1.501573151,3.211551598,1.280168527,27.20264441,22.68728473,524.3574213,8514.002381,21.46407139
1201040WB02_f240,-75.98191909,44.58326594,30.06435776,-58.99285889,-368.3401489,1417.103271,93.08482819,-1.834262848,-15.45227051,1.117797852,39.58751297,-4.577270508,-62.65637207,-0.117574513,-0.990475917,0.071649785,0.53312256,-0.061641816,-0.843789442,1.325130694,-0.258387451,-1.274293213,0.255703125,-4.617333984,8.058251953,10.26386719,240,0.008333333,1201040WB02,1.058124607,13.93279318,-57.54246566,96.59548539,6.769621434,89.82586396,96.59548539,89.82586396,85.1330719,96.59548539,96.59548539,1.325130694,1.369961285,1.058124607,1.058124607,,,8.333333333,61,19.4,37,J,1,0.016666667,1.063899849,-0.310656329,1.001851928,-0.177955751,-75.20418194,-30.16842797,1.529365888,5.592143943,-1.632893273,5.266003369,-0.935383321,-395.2934207,-158.5733769,8.038758721,33.02805734,-11.76857231,29.6501998,-5.419168044,-2207.213275,-1071.360906,78.3703802,1201,40,72,WB02,Wind_success,2,W,0,Naive,17,Head-On,TRUE,TRUE,1.284729526,34.40098512,0.2,200,411.0523822,2.476716442,0.191666667,191.6666667,390.6512812,1.369961285,3.227657699,1.295550128,24.84031444,21.16352364,524.3574213,8514.002381,21.46407139
1201040WB03_f239,-68.70478657,66.06115017,33.45452728,-51.73057938,-346.8621521,1420.495239,101.0130123,-2.208820343,-15.28042603,0.745239258,42.65006351,-8.780822754,-58.20739746,-0.142898928,-0.98856229,0.048213016,0.586717104,-0.120793698,-0.800732117,1.190733822,-0.209929962,-1.1687146,0.08878418,-6.526263428,6.08203125,-3.740625,239,0.016666667,1201040WB03,1.781268982,20.09360459,-53.20007134,101.6335403,8.225261116,93.40827922,101.6335403,93.40827922,91.45039849,101.6335403,101.6335403,1.190733822,1.235117598,1.781268982,1.372910618,20.09360459,19.91010376,16.66666667,61,19.4,37,J,1,0.023958333,0.555055518,-0.189281397,0.49583527,-0.162500973,-34.9151686,-13.62763561,0.44923485,2.91752119,-0.994913965,2.606243626,-0.85414885,-183.5235232,-71.6305205,2.36129928,45.90133359,-30.32863893,27.63096125,-8.783313691,-2055.410576,-2262.7272,125.8728919,1201,40,73,WB03,Wind_success,3,W,0,Naive,18,Head-On,TRUE,TRUE,-13.87333898,36.19419262,0.208333333,208.3333333,403.1494912,2.429359332,0.366666667,366.6666667,765.5925592,1.196934948,2.986092363,1.220107675,27.06509988,22.84485568,524.3574213,8514.002381,21.46407139
1201040WB04_f223,-51.72162163,174.2767359,28.80694122,-34.70534515,-238.6293488,1415.849731,184.0579982,-1.66852951,-15.34268188,1.306152344,46.75724125,-10.9153595,-53.59069824,-0.107728276,-0.990597205,0.084331466,0.649823206,-0.151699581,-0.744793286,1.080729111,-0.071873932,-1.07164856,0.119912109,8.584112549,7.850170898,-10.83515625,223,0.15,1201040WB04,0.570990298,26.00400268,-48.1413468,103.1402238,6.206572871,96.93365096,103.1402238,96.93365096,99.30322438,103.1402238,103.1402238,1.080729111,1.165192111,0.570990298,0.860557184,26.00400268,23.67019483,150,61,19.4,37,J,1,0.075,0.48334914,-0.342466648,0.337745534,-0.047654386,-23.36808748,-26.37683691,0.639773551,2.54061317,-1.800096874,1.775281428,-0.250484279,-122.8289571,-138.6437539,3.36282197,34.50223168,-24.40745985,21.19853482,-5.025348205,-1399.262172,-1721.235989,-31.03280694,1201,40,74,WB04,Wind_success,4,W,0,Naive,19,Head-On,TRUE,TRUE,-17.17049836,44.7898567,0.366666667,366.6666667,528.5367063,2.236414083,0.575,575,965.8220522,0.864048466,2.845719612,1.206431416,29.52646546,23.18053527,524.3574213,8514.002381,21.46407139
1201040WB05_f222,-50.57195039,199.7385228,30.48163478,-33.53955078,-213.1394348,1417.514893,208.2837721,-2.21887207,-15.33145142,1.124145508,57.56324005,-12.61827087,-37.97912598,-0.142858852,-0.987093205,0.072376474,0.821062733,-0.17998278,-0.541721504,1.399132998,-0.194260483,-1.383662109,0.072905273,-0.426049805,5.642578125,-2.344921875,222,0.158333333,1201040WB05,0.576727909,19.47975406,-32.80090613,102.3640788,8.235056372,94.12902238,102.3640788,94.12902238,94.3722224,102.3640788,102.3640788,1.399132998,1.446296025,0.576727909,0.72053609,19.47975406,21.765636,158.3333333,61,19.4,37,J,1,0.06875,0.490246427,-0.401142486,0.260878214,-0.106624682,-17.99730112,-29.99012337,-4.021135361,2.576867163,-2.108512868,1.371246104,-0.560448024,-94.59865847,-157.6361599,-21.1361697,34.87396732,-25.7960418,20.28156603,-5.622904939,-1528.139712,-2049.180879,-222.6290075,1201,40,75,WB05,Wind_success,5,W,0,Naive,20,Head-On,TRUE,TRUE,-24.16831914,41.42007147,0.3,300,462.3174733,2.268391949,0.525,525,935.6837466,0.88476058,2.666850888,1.160705967,26.07277182,21.8367898,524.3574213,8514.002381,21.46407139
1201040WB06_f226,-54.4755573,151.5360486,27.58244273,-37.41149902,-261.3441772,1414.666626,163.3754924,-1.281147003,-15.3772583,1.322509766,53.4757061,-5.501251221,-45.2598877,-0.082723462,-0.992907171,0.085394249,0.760964877,-0.078283379,-0.644052924,1.190323532,-0.232948608,-1.166590576,-0.040883789,2.697473145,3.352148437,-2.2921875,226,0.125,1201040WB06,1.115567937,18.32673458,-40.09470404,95.87357493,4.762564201,91.11101073,95.87357493,91.11101073,84.58109343,95.87357493,95.87357493,1.190323532,1.221723383,1.115567937,1.309279559,18.32673458,18.95990199,125,61,19.4,37,J,1,0.0375,0.66985556,-0.498130143,0.437443038,-0.096002192,-31.28075167,-36.59476539,-3.313066918,3.520941108,-2.618306097,2.299318339,-0.50461336,-164.4200496,-192.3519359,-17.4143714,28.54583591,-20.90783806,18.14214468,-4.40070752,-1259.91062,-1596.689433,-128.3284672,1201,40,76,WB06,Wind_success,6,W,0,Naive,21,Head-On,TRUE,TRUE,-16.53426486,38.01755961,0.3,300,457.4787495,2.280955238,0.516666667,516.6666667,903.7195205,0.854682033,3.487596536,1.237636046,27.08407872,21.57373306,524.3574213,8514.002381,21.46407139
1201040WB07_f226,-47.51267898,203.8552486,28.63754501,-30.44358635,-209.0121613,1415.702271,211.2688477,-3.002565384,-15.29658508,0.788330078,61.48465538,-5.766387939,-25.16931152,-0.192368467,-0.980022163,0.05050676,0.921993564,-0.086469909,-0.37742658,1.585265261,-0.253445206,-1.563405762,0.06777832,-10.91401062,-3.973535156,28.52402344,226,0.125,1201040WB07,1.967385729,21.20074184,-22.17436994,95.35785867,11.10539104,84.25246763,95.35785867,84.25246763,86.14969077,95.35785867,95.35785867,1.585265261,1.585265261,1.967385729,2.080745427,21.20074184,21.20074184,125,61,19.4,37,J,1,0.022916667,0.473782293,-0.173289027,0.433856429,-0.078798309,-31.99474689,-14.41598312,0.509773637,2.490327247,-0.910853767,2.280466158,-0.414185119,-168.1730007,-75.77428716,2.679507438,42.80145317,-29.12071659,25.56523705,-5.706475682,-1873.764124,-2163.826772,-74.74572271,1201,40,77,WB07,Wind_success,7,W,0,Naive,22,Head-On,TRUE,TRUE,-19.00116539,37.4240657,0.25,250,439.84766,2.2780072,0.466666667,466.6666667,900.9930408,1.053250671,2.985507198,1.277842846,31.25563033,23.14816812,524.3574213,8514.002381,21.46407139
1201040WB08_f219,-50.89733098,241.1908492,29.15060298,-33.82559204,-171.6224518,1416.147949,248.2203088,-2.331718445,-15.34054565,1.900390625,60.46082306,-13.15473938,-33.76831055,-0.149156651,-0.981312482,0.121565235,0.857720523,-0.1866182,-0.47905026,1.443998454,-0.16214859,-1.434358521,-0.038144531,2.486810303,-4.644580078,13.27851562,219,0.183333333,1201040WB08,0.589415926,31.92065306,-28.62339134,102.2748015,8.642640149,93.63216133,102.2748015,93.63216133,95.8251203,102.2748015,102.2748015,1.443998454,1.443998454,0.589415926,0.589415926,31.92065306,,183.3333333,61,19.4,37,J,1,0.017708333,0.88919012,-0.442041846,0.751336672,-0.175360435,-42.37584346,-26.09498313,0.05181392,4.673822586,-2.323490912,3.94922776,-0.921741641,-222.7388382,-137.1622545,0.272347906,30.13969986,-16.18143533,24.40733412,-5.139841218,-1394.726086,-954.4846306,52.80331806,1201,40,78,WB08,Wind_success,8,W,0,Naive,23,Head-On,TRUE,TRUE,-31.4056007,42.63245378,0.333333333,333.3333333,515.205625,2.249756317,0.358333333,358.3333333,568.2008182,1.215784316,4.330261792,1.673052125,25.03367393,20.81609808,524.3574213,8514.002381,21.46407139
1201040WB09_f223,-27.09831994,209.4788909,25.0084109,-10.08478355,-203.3982544,1412.076538,212.6996598,-3.956540108,-15.09988403,0.881103516,51.41213036,-3.947296143,-48.5032959,-0.253064983,-0.965806434,0.056356423,0.72625291,-0.055759901,-0.685162422,1.527255599,-0.383116894,-1.469139404,0.165410156,-0.739510345,0.329589844,7.120898438,223,0.15,1201040WB09,1.497900011,21.77790109,-43.24838208,94.39041483,14.68281499,79.70759984,94.39041483,79.70759984,79.77453849,94.39041483,94.39041483,1.527255599,1.527255599,1.497900011,1.497900011,21.77790109,20.8859212,150,61,19.4,37,J,1,0.025,0.45690572,-0.163555624,0.416361496,-0.093034937,-29.67138514,-13.78178886,0.698618631,2.401619435,-0.859692379,2.188508082,-0.489016669,-155.960786,-72.44079147,3.672127553,33.87643235,-21.84565281,22.68297116,-2.575676664,-1794.490468,-1854.695323,-61.97239538,1201,40,79,WB09,Wind_success,9,W,0,Naive,24,Head-On,TRUE,TRUE,15.16988714,39.82557332,0.316666667,316.6666667,502.2373453,2.286798489,0.466666667,466.6666667,801.7551177,0.965903065,2.719742934,1.20890292,24.38025455,20.8753662,524.3574213,8514.002381,21.46407139
1201040WC01_f232,-41.93430278,147.8434868,29.79507726,-24.85488701,-265.0143738,1416.862183,156.5373086,-2.730552673,-15.17681885,0.790893555,51.53640175,-8.58001709,-50.21142578,-0.176840491,-0.982905812,0.051221134,0.711215415,-0.118406412,-0.692930411,1.670873898,-0.436640854,-1.611932373,0.053276367,-1.091958618,2.695385742,10.49589844,232,0.075,1201040WC01,1.407069902,20.37845168,-43.86252629,99.45217204,10.19931234,89.2528597,99.45217204,89.2528597,84.29559265,99.45217204,99.45217204,1.670873898,1.689734856,1.407069902,1.039386988,20.37845168,19.06761684,75,61,19.4,37,J,1,0.05,0.862635554,-0.476420047,0.67733222,-0.241630089,-51.16097343,-38.45057608,-3.166977137,4.534244639,-2.504191993,3.560240447,-1.270072779,-268.9158458,-202.1065764,-16.64648419,37.42733257,-19.4052341,29.65091246,-9.80582841,-2241.888481,-1644.681909,-126.1516262,1201,40,89,WC01,Wind_success,1,W,0,Naive,25,Head-On,TRUE,TRUE,11.78537325,34.7985268,0.191666667,191.6666667,369.2425434,2.246326169,0.208333333,208.3333333,404.9281701,1.261974705,2.186299946,1.018811164,29.67416689,22.69179454,524.3574213,8514.002381,21.46407139
1201040WC02_f224,-2.226578681,239.5193218,11.69956309,14.81168079,-173.3307037,1398.756348,239.8152266,-4.324941635,-15.05863953,1.135742188,61.76835155,-6.94102478,-20.34057617,-0.275324547,-0.958628685,0.072301023,0.944460699,-0.106130809,-0.311014853,1.79143098,-0.490419273,-1.711343994,0.200039062,-3.093736267,-5.162695312,8.811914062,224,0.141666667,1201040WC02,1.817030121,17.95288097,-18.1204009,96.41153671,16.02441836,80.38711835,96.41153671,80.38711835,80.42084033,96.41153671,96.41153671,1.79143098,1.762133497,1.817030121,2.160408514,17.95288097,18.41193468,141.6666667,61,19.4,37,J,1,0.026041667,0.76134558,-0.180752969,0.680393127,-0.289897653,-53.9484114,-16.00061112,1.618555457,4.001837276,-0.950086255,3.576329394,-1.523780088,-283.56737,-84.10351841,8.507563097,40.41929524,-20.05629132,29.67775002,-8.094708888,-2464.9775,-1817.670852,56.34678968,1201,40,90,WC02,Wind_success,2,W,0,Naive,26,Head-On,TRUE,TRUE,27.15638562,35.59492576,0.266666667,266.6666667,484.5060994,2.440136778,0.4,400,785.1394543,1.349611674,3.384227933,1.689905156,28.91355681,21.150952,524.3574213,8514.002381,21.46407139
1201040WC03_f222,-41.23047686,221.0020477,51.70990677,-24.22974968,-191.8575592,1438.751221,230.685439,-1.214496613,-15.49755859,0.146606445,52.3137207,6.953826904,-46.78198242,-0.078123952,-0.996899048,0.009430635,0.74178604,0.098602272,-0.663348372,1.628907281,-0.235847855,-1.594537354,-0.234873047,-0.069351196,4.487255859,-7.301953125,222,0.158333333,1201040WC03,0.794764896,16.11995536,-41.55574144,82.42831745,4.480938201,77.94737925,82.42831745,77.94737925,74.01470654,82.42831745,82.42831745,1.628907281,1.657961212,0.794764896,0.794764896,16.11995536,,158.3333333,61,19.4,37,J,1,0.033333333,0.628497917,-0.398525825,0.425707342,-0.234435615,-25.84124286,-26.18363377,0.115211647,3.303554204,-2.094758994,2.237632362,-1.232256688,-135.8285274,-137.6282261,0.605583423,48.22748081,-35.93089072,25.42662406,-8.196221837,-1716.103293,-2580.430585,122.6949129,1201,40,91,WC03,Wind_success,3,W,0,Naive,27,Head-On,TRUE,TRUE,3.239860056,28.3994789,0.216666667,216.6666667,330.8569254,2.179097479,0.241666667,241.6666667,381.1653549,1.222003343,3.592899117,1.772383504,25.50341663,20.58022239,524.3574213,8514.002381,21.46407139
,,,,,,,,,,,,,,,,,,,,,,,,,,,,,1201040WC04,,,,,,,,,,,,,,,,,,,61,19.4,37,J,1,0.047916667,0.632516392,-0.301921694,0.544861991,-0.109752852,-45.85019673,-27.4807279,-2.252841879,3.324676394,-1.586981684,2.863941266,-0.57689053,-241.0009741,-144.446102,-11.84154324,40.60076753,-10.86291185,35.20893606,-10.849303,-2783.611637,-1021.642516,-63.36751753,1201,40,92,WC04,Wind_success,4,W,0,Naive,27,Head-On,TRUE,TRUE,,,,,,,,,,,,,,,524.3574213,8514.002381,21.46407139
1202040MA01_f240,-4.224571316,53.52857386,47.12498029,10.20778275,-355.6533508,1436.059448,71.44171743,-8.22321558,-13.54165649,-0.692016602,23.00335693,15.21514893,-66.07922363,-0.518552661,-0.853931401,-0.043638288,0.321258421,0.212490496,-0.922843874,1.816957364,0.192882385,-1.80293335,-0.116455078,6.268791962,3.992871094,4.804101562,240,0.008333333,1202040MA01,2.546962392,17.26425211,-67.3454432,56.51808726,31.26835499,25.24973227,56.51808726,25.24973227,62.6245093,56.51808726,56.51808726,1.816957364,1.848222483,2.546962392,2.546962392,17.26425211,19.96347362,8.333333333,60,19.8,38,J,2,0.025,0.980146675,-0.373575189,0.831048649,-0.361230156,-115.8181083,-59.89676856,-0.916082283,5.047835636,-1.923942812,4.279968594,-1.860364885,-596.4727416,-308.4732627,-4.717898767,33.82023633,-12.40761287,27.59161354,-13.42216517,-3861.96567,-1974.772966,-18.68146186,1202,40,68,MA01,Wind_missed,1,M,0,Naive,1,Failure,FALSE,FALSE,41.9900863,4.452353496,0.016666667,16.66666667,83.94461841,2.545898054,0.266666667,266.6666667,653.6128814,1.848222483,3.026802454,1.648842546,26.13612945,23.52647269,553.0840879,8237.142857,22.52501571
1202040MA02_f240,-9.905715179,48.78953857,42.55515137,13.79428482,-364.9104614,1429.655151,65.49414612,-7.934931278,-13.70895386,0.24987793,0.655455589,-44.48788452,-40.61865234,-0.500887347,-0.865368746,0.015773381,0.010879809,-0.73844774,-0.674222934,1.537694872,0.169023514,-1.527857666,0.03984375,17.53341064,8.652392578,-17.93144531,240,0.008333333,1202040MA02,11.2923505,23.25551978,-42.39383561,179.1559023,30.0628495,149.0930528,179.1559023,149.0930528,-174.5312621,179.1559023,179.1559023,1.537694872,1.611280241,,,23.25551978,23.04706803,8.333333333,60,19.8,38,J,2,0.030208333,0.495995641,0.021007918,0.49027935,-0.072086768,-69.36217631,-1.361000129,1.102149721,2.554418167,0.108192498,2.5249788,-0.37125276,-357.2208876,-7.009262107,5.676161312,28.51710198,-2.103740951,25.39635981,-3.424686107,-3573.903532,-218.2618012,19.64936065,1202,40,70,MA02,Wind_missed,2,M,0,Naive,3,Failure,FALSE,FALSE,40.98597593,8.578805603,0.041666667,41.66666667,110.9864044,2.39237926,0.333333333,333.3333333,755.7671878,1.611280241,2.07309288,1.221427918,30.49533279,25.60236185,553.0840879,8237.142857,22.52501571
1202040MA03_f236,22.9994964,73.095714,13.68256683,37.54359436,-336.0955811,1402.829102,77.84068907,-8.581014633,-12.90835571,0.204467773,46.7241745,14.91415405,-45.71313477,-0.55355479,-0.832708303,0.013190062,0.696889129,0.222443991,-0.681809513,1.899966012,-0.386776428,-1.851405029,0.180483398,-25.4119812,-1.460742188,20.08476563,236,0.041666667,1202040MA03,0.910050244,21.61590249,-42.98520714,72.29714226,33.61454319,38.68259907,72.29714226,38.68259907,60.4972085,72.29714226,72.29714226,1.899966012,1.84758636,0.910050244,0.475030271,21.61590249,,41.66666667,60,19.8,38,J,2,0.666666667,0.522747218,-0.368582299,-0.338736677,-0.150562964,11.93670574,-12.05733505,-1.102559718,2.692190979,-1.898229022,-1.744521626,-0.775411595,61.47501197,-62.09626283,-5.678272831,10.81015195,-2.706138624,9.194549114,-2.351617249,-1405.59785,-430.9302561,14.67937319,1202,40,71,MA03,Wind_missed,3,M,0,Naive,4,Failure,FALSE,FALSE,63.51525417,9.356512308,0.083333333,83.33333333,154.851817,2.374738467,0.358333333,358.3333333,735.8965364,1.924088206,1.795328209,1.238253189,32.28105866,25.21780971,553.0840879,8237.142857,22.52501571
1202040MA04_f240,16.08751944,31.78565477,31.13682378,30.64284325,-377.3557129,1420.302246,47.31424654,-10.33434677,-11.40884399,0.684204102,36.32110786,-9.969055176,-57.82617188,-0.670681818,-0.740414891,0.044403702,0.526311562,-0.144456745,-0.837931017,1.009019166,-0.099868011,-1.004036865,-0.007485352,10.06278992,7.221972656,-6.382617187,240,0.008333333,1202040MA04,0.378380219,30.25774021,-56.92228069,105.3480167,42.17087917,63.17713755,105.3480167,63.17713755,99.66769103,105.3480167,105.3480167,1.009019166,1.080929067,0.378380219,0.378380219,30.25774021,,8.333333333,60,19.8,38,J,2,0.6875,0.344047467,-0.300166596,-0.130606208,-0.105880556,8.754114616,-18.25929028,0.34345483,1.771872625,-1.545882548,-0.672632667,-0.545293535,45.08440709,-94.03684006,1.768820496,7.260013744,0.122415653,5.548421836,2.015365417,-773.5466051,-0.336186283,-39.66265626,1202,40,76,MA04,Wind_missed,4,M,0,Naive,7,Failure,FALSE,FALSE,107.9473728,14.55981091,0.141666667,141.6666667,216.5088265,2.355850027,0.383333333,383.3333333,678.2678919,1.080929067,1.896740377,1.184775613,28.81282086,25.1405128,553.0840879,8237.142857,22.52501571
1202040PA01_f226,28.42326425,32.75474135,34.1460968,43.01179123,-376.3482666,1423.306763,55.19701947,-12.21807289,-7.948730469,-3.543823242,53.27542496,-22.19534302,-30.45898438,-0.814497823,-0.529889101,-0.236243174,0.81637698,-0.340114924,-0.466744539,0.632680716,0.057897491,-0.624334717,-0.084492188,2.862762451,13.20600586,9.228515625,226,0.125,1202040PA01,1.499975738,19.83927331,-27.82318419,112.6173442,56.95311793,55.6642263,112.6173442,55.6642263,117.9154982,112.6173442,112.6173442,0.632680716,0.752680947,1.499975738,1.538218772,19.83927331,18.97778532,125,60,19.8,38,J,2,0.658333333,0.290059172,-0.268245736,-0.019904426,-0.10854659,0.111968442,-13.29382604,1.411140074,1.493828486,-1.381487504,-0.102509426,-0.559023828,0.576646647,-68.46429263,7.26748693,0.172963655,0.0576306,0.141022102,-0.032478121,-0.733396328,-2.268580232,0.595751857,1202,40,81,PA01,Wind_Near-miss,1,P,0,Naive,12,Pivot,TRUE,FALSE,46.32779234,27.77029768,0.316666667,316.6666667,294.6063183,2.262180195,0.541666667,541.6666667,747.0559376,0.53974176,2.729569081,1.185300873,29.42439273,23.07357859,553.0840879,8237.142857,22.52501571
1202040WA01_f240,-18.88664853,48.54683047,13.94903832,-4.430141926,-360.7518616,1403.089722,53.92657889,-5.131738186,-14.37741089,2.388305664,15.35446882,9.703948975,-68.02392578,-0.332119211,-0.930486745,0.154567939,0.218080792,0.137825991,-0.966149452,1.860237379,0.067432995,-1.849962158,0.183237305,-12.39919739,2.367773437,3.120117188,240,0.008333333,1202040WA01,0.489407387,-42.68622913,-75.04958504,57.70731434,19.64303865,38.06427569,57.70731434,38.06427569,59.79487931,57.70731434,57.70731434,1.860237379,1.884047847,0.489407387,0.99396099,,,8.333333333,60,19.8,38,J,2,0.020833333,3.325364623,0.971784978,2.661153344,-1.741248606,-177.5570079,30.98938624,-3.564790917,17.1259001,5.004772208,13.70515763,-8.967572902,-914.4331296,159.5978767,-18.35896512,79.31227203,13.2058404,62.44537498,-35.82348124,-4502.520208,-214.1088248,-110.7015637,1202,40,69,WA01,Wind_success,1,W,0,Naive,2,Head-On,TRUE,TRUE,14.94383744,9.94373843,0.016666667,16.66666667,67.99885203,2.40688923,0.283333333,283.3333333,673.5498409,1.884047847,2.224313693,1.477679955,30.35861398,25.85629021,553.0840879,8237.142857,22.52501571
1202040WA02_f240,-76.03029985,50.25741901,29.83709717,-61.47841263,-358.8976135,1418.973755,95.89925458,-4.283061981,-15.02429199,0.786865234,32.42784691,6.139770508,-62.37036133,-0.273806324,-0.960468509,0.050302489,0.459550159,0.087009554,-0.88387951,1.701542031,0.032733765,-1.677022705,-0.285952148,-0.55914917,0.573486328,-11.89863281,240,0.008333333,1202040WA02,0.681236698,,-62.11394732,79.27873629,15.91156833,63.36716796,79.27873629,63.36716796,80.3969492,79.27873629,79.27873629,1.701542031,1.69255679,0.681236698,0.681236698,,,8.333333333,60,19.8,38,J,2,0.022916667,2.208209243,-0.511974952,1.917402528,0.968316713,-127.047674,-44.74502038,-2.475380906,11.37245842,-2.636712925,9.874780022,4.986910363,-654.3059242,-230.4405189,-12.74841436,59.54555069,-15.53168958,51.08473283,19.3646372,-3464.312155,-1366.279302,-59.62978371,1202,40,73,WA02,Wind_success,2,W,0,Naive,5,Head-On,TRUE,TRUE,-35.7707971,11.89798302,0.05,50,148.1249447,2.345117348,0.141666667,141.6666667,323.2455792,1.69255679,2.025496875,1.470379825,28.49634317,25.2665072,553.0840879,8237.142857,22.52501571
1202040WA03_f240,-37.7368664,44.76457534,36.29088513,-23.18951225,-364.3756714,1425.439819,68.88371821,-6.246765137,-14.15093994,0.437866211,10.96620083,12.48583984,-70.25927734,-0.403678906,-0.914463059,0.028295822,0.151891103,0.172939381,-0.973150072,1.551589152,0.113382339,-1.541033936,0.140668945,4.113061523,6.63046875,-3.863671875,240,0.008333333,1202040WA03,0.681064339,16.2224045,-76.69282891,41.2925466,23.81849399,17.47405261,41.2925466,17.47405261,45.50052995,41.2925466,41.2925466,1.551589152,1.607568192,0.681064339,0.617113008,16.2224045,,8.333333333,60,19.8,38,J,2,0.022916667,1.923228232,-0.2596516,1.599755588,1.035456391,-144.616553,-31.69913081,2.661447462,9.904782875,-1.337227002,8.238872271,5.3326852,-744.7870898,-163.2531193,13.70667236,54.06713622,-8.924954442,45.56138591,19.88839798,-4329.430907,-1103.816462,81.74892117,1202,40,75,WA03,Wind_success,3,W,0,Naive,6,Head-On,TRUE,TRUE,7.928861096,11.33616573,,,,2.397265913,0.3,300,654.1551927,1.607568192,2.282554721,1.479023149,27.94600642,25.56962908,553.0840879,8237.142857,22.52501571
1202040WA04_f240,-22.57974055,64.73534063,35.39966159,-7.844761848,-344.4712219,1424.570068,77.15986684,-8.585249901,-13.17877197,0.202880859,40.02432728,-4.814208984,-56.00695801,-0.545794024,-0.837820106,0.012897838,0.580007729,-0.069764531,-0.811618102,1.274653827,0.109839249,-1.269616699,-0.027407227,12.74666748,5.21015625,-13.28203125,240,0.008333333,1202040WA04,0.68418472,17.10673818,-54.25432699,96.85870495,33.0820458,63.77665915,96.85870495,63.77665915,101.8032638,96.85870495,96.85870495,1.274653827,1.315677801,0.68418472,0.578570221,17.10673818,16.10926068,8.333333333,60,19.8,38,J,2,0.041666667,0.830213411,-0.291237038,0.774562309,-0.066996465,-101.0847495,-41.95663577,-0.489983552,4.27566705,-1.499894591,3.989059314,-0.345037281,-520.5947372,-216.0801098,-2.523455413,35.18596826,-11.15000835,30.72227085,-3.975899809,-3983.736725,-1623.022522,-1.823588443,1202,40,77,WA04,Wind_success,4,W,0,Naive,8,Head-On,TRUE,TRUE,33.71204272,17.34478991,0.15,150,293.6103724,2.202687171,0.316666667,316.6666667,630.6448051,1.315677801,2.260054701,1.246232318,27.35684403,24.32322254,553.0840879,8237.142857,22.52501571
1202040WA05_f234,-37.98818989,112.6483643,45.43308105,-14.28818989,-301.0516357,1432.533081,127.2671261,-5.48546505,-15.12609863,-0.307983398,48.80283451,-6.537811279,-48.44311523,-0.340860716,-0.939918996,-0.019137747,0.70653139,-0.094649603,-0.70132364,1.21283629,0.174118538,-1.184516602,-0.193842773,0.023002625,7.1296875,-6.438867188,234,0.058333333,1202040WA05,0.241115756,-11.38034239,-44.53329652,97.63013037,19.93312753,77.69700284,97.63013037,77.69700284,105.9924617,97.63013037,97.63013037,1.21283629,1.263829907,0.241115756,0.482707274,,,58.33333333,60,19.8,38,J,2,0.036458333,1.255098923,-0.453314599,1.09535537,0.412281207,-132.4604131,-68.95268597,-3.445607606,6.463862223,-2.334607303,5.641169846,2.123281976,-682.1819736,-355.1119788,-17.74516131,38.96240968,-14.09959567,33.51945884,6.487384661,-4102.334136,-2067.429717,-89.93606252,1202,40,78,WA05,Wind_success,5,W,0,Naive,9,Head-On,TRUE,TRUE,-14.6644052,22.88117765,0.125,125,216.66011,2.181928592,0.391666667,391.6666667,762.5105349,1.28212565,2.742751057,1.46506769,27.00937108,23.80639588,553.0840879,8237.142857,22.52501571
1202040WA06_f240,-24.6071989,52.52557681,44.33621042,-10.06187439,-356.7831116,1433.504395,73.00787637,-7.113895416,-14.12811279,0.238525391,33.65099525,-3.698944092,-63.02661133,-0.44968131,-0.893061804,0.015077592,0.470359288,-0.051702266,-0.880959145,1.151315766,-0.117457924,-1.144995117,-0.026791992,-9.983399963,9.166113281,10.16542969,240,0.008333333,1202040WA06,0.372959596,,-61.75828187,96.27281449,26.72651842,69.54629608,96.27281449,69.54629608,90.41568538,96.27281449,96.27281449,1.151315766,1.226937119,0.372959596,0.411578434,,,8.333333333,60,19.8,38,J,2,0.016666667,0.743896157,-0.175384292,0.697275094,-0.190864578,-88.71673374,-25.81729691,2.092650223,3.831126124,-0.903243467,3.591023827,-0.982968203,-456.8984432,-132.9611931,10.77732,42.11265862,-21.27070603,31.27454506,-6.299972641,-3959.397483,-2909.294265,106.8096505,1202,40,79,WA06,Wind_success,6,W,0,Naive,10,Head-On,TRUE,TRUE,39.08773393,14.08992681,0.091666667,91.66666667,177.1267315,2.220895953,0.391666667,391.6666667,770.8355598,1.226937119,2.137191306,1.157232027,27.8644988,24.11876169,553.0840879,8237.142857,22.52501571
1202040WA07_f230,-35.69406719,120.9046509,49.11606445,-11.99406719,-292.7953491,1436.216064,135.2937132,-5.867815971,-14.41674805,-1.128540039,40.81383991,12.88955688,-50.86633301,-0.375997238,-0.923794726,-0.072314459,0.613947178,0.193892736,-0.765163035,1.028320763,-0.069345474,-1.009595947,-0.18262207,11.29402771,17.24414063,-16.53046875,230,0.091666667,1202040WA07,0.756583035,25.76219045,-49.92149848,72.47318592,22.1470034,50.32618252,72.47318592,50.32618252,68.54391861,72.47318592,72.47318592,1.028320763,1.15404683,0.756583035,0.560053732,25.76219045,27.51881883,91.66666667,60,19.8,38,J,2,0.025,0.869424665,-0.478233724,0.724845156,-0.042323191,-83.64519455,-59.06433493,-2.714550732,4.477608215,-2.46294284,3.733011906,-0.2179679,-430.7796011,-304.1861613,-13.98015855,32.02531417,-18.51195616,25.19066923,-2.040120062,-2846.95828,-2258.44886,-108.184105,1202,40,80,WA07,Wind_success,7,W,0,Naive,11,Head-On,TRUE,TRUE,12.01396326,18.05052718,0.233333333,233.3333333,343.1794114,2.045880248,0.416666667,416.6666667,676.6225601,1.086949444,2.734411822,1.195676622,27.51881883,23.37404799,553.0840879,8237.142857,22.52501571
1202040WA08_f236,-14.0944788,82.57164307,29.65,9.605521202,-331.1283569,1416.75,88.85861281,-7.944189668,-13.71829224,-1.090698242,54.00703907,-8.63760376,-33.74279785,-0.499949782,-0.863329993,-0.068640651,0.8403849,-0.134406772,-0.525060034,1.047261855,-0.11617836,-1.037076416,-0.08793457,-6.85980835,-1.765283203,1.66640625,236,0.041666667,1202040WA08,0.748952525,,-31.67228483,99.08663317,30.07490271,69.01173046,99.08663317,69.01173046,92.69473006,99.08663317,99.08663317,1.047261855,1.047261855,0.748952525,0.86438691,,,41.66666667,60,19.8,38,J,2,0.05,0.581290772,-0.241406018,0.506881593,-0.150642445,-72.73306345,-35.40594529,-0.575872762,2.993695074,-1.243260758,2.610481712,-0.775820929,-374.5812324,-182.3435174,-2.96579188,28.95644183,-13.45147037,23.87768458,-5.133587292,-3367.107681,-1999.24069,-63.78882909,1202,40,82,WA08,Wind_success,8,W,0,Naive,13,Head-On,TRUE,TRUE,28.31943679,21.28480444,0.208333333,208.3333333,329.5691271,2.097103428,0.4,400,697.3098782,0.991339489,1.831820243,1.190494668,31.62974719,23.53728644,553.0840879,8237.142857,22.52501571
1202040WA09_f239,-17.9201315,55.15685945,43.42270893,-3.266456842,-354.0291138,1432.618164,72.44958184,-10.55207705,-12.29437256,2.857299805,44.40720773,-19.89135742,-47.39086914,-0.641393035,-0.747295995,0.173676915,0.653785595,-0.292850725,-0.697712583,0.834650901,0.017927856,-0.710200195,-0.438105469,-10.61563225,-1.962597656,-0.51328125,239,0.016666667,1202040WA09,0.812871748,18.72798132,-44.24377108,114.1290788,40.63900161,73.49007722,114.1290788,73.49007722,115.5751111,114.1290788,114.1290788,0.834650901,0.834650901,0.812871748,0.482157899,18.72798132,,16.66666667,60,19.8,38,J,2,0.021875,0.682734645,-0.297744448,0.61280307,-0.044127514,-84.02130001,-45.63843092,2.205403215,3.516139329,-1.533408286,3.155985988,-0.22726031,-432.716575,-235.0416563,11.35800714,20.17050548,-11.31081294,15.89078044,-0.130228515,-2185.042769,-1664.538745,51.52612629,1202,40,83,WA09,Wind_success,9,W,0,Naive,14,Head-On,TRUE,TRUE,4.974258876,27.85333612,0.233333333,233.3333333,359.6252352,2.014256456,0.458333333,458.3333333,764.9829998,0.834650901,3.251352323,1.238031065,26.90067084,22.50475342,553.0840879,8237.142857,22.52501571
1202040WB01_f239,5.592216826,50.2148829,4.931524979,20.29982185,-358.9335938,1394.143311,50.76541433,-9.267183304,-12.30407715,2.608764648,41.87907982,3.484832764,-50.46789551,-0.59317745,-0.787564125,0.166982816,0.637686033,0.05306299,-0.768466552,1.522478275,-0.445739822,-1.404345703,0.383496094,-10.82452698,4.131738281,11.73867187,239,0.016666667,1202040WB01,1.014618286,12.00318818,-50.2163856,85.24327486,36.98632361,48.25695125,85.24327486,48.25695125,67.63381821,85.24327486,85.24327486,1.522478275,1.522478275,1.014618286,1.485596006,,,16.66666667,60,19.8,38,J,2,0.025,1.632683114,0.310267716,1.456714204,-0.668858597,-172.8377035,18.17112192,-2.02992422,8.408451728,1.597904143,7.502197433,-3.444676543,-890.1283254,93.58276583,-10.45427595,42.03884392,4.904923191,35.29505934,-15.05757959,-4259.585078,129.5373068,-62.29970076,1202,40,92,WB01,Wind_success,1,W,0,Naive,15,Head-On,TRUE,TRUE,98.92866155,15.97705289,0.108333333,108.3333333,195.8300341,2.226930524,0.35,350,679.2286663,1.522478275,2.559380633,1.522044634,28.82889738,24.22143417,553.0840879,8237.142857,22.52501571
1202040WB02_f236,-2.794948542,86.50245415,21.64281972,11.8174324,-322.6331177,1410.802612,89.21265581,-8.621734142,-13.3079834,-0.433959961,55.04475021,-1.427093506,-29.0904541,-0.543522711,-0.838948534,-0.027357268,0.883893476,-0.022915875,-0.46712652,1.374392016,-0.352207375,-1.32763916,-0.047724609,-7.258502197,-0.420996094,-0.283007813,236,0.041666667,1202040WB02,0.502818693,25.90331689,-27.8479338,91.48512114,32.93766068,58.54746046,91.48512114,58.54746046,76.62745107,91.48512114,91.48512114,1.374392016,1.374392016,0.502818693,0.299840563,25.90331689,,41.66666667,60,19.8,38,J,2,0.026041667,1.881619723,-0.205013549,1.512464189,1.100415515,-170.2771798,-44.44721745,-0.663237285,9.69049565,-1.055836567,7.78931442,5.667230007,-876.9414187,-228.9068094,-3.415726327,48.19152417,-8.70868756,37.01662638,19.31255854,-4191.080928,-1511.636656,-30.0950752,1202,40,93,WB02,Wind_success,2,W,0,Naive,16,Head-On,TRUE,TRUE,65.19817812,21.30857338,0.15,150,261.245223,2.201164951,0.341666667,341.6666667,659.5367492,1.381307195,2.038329685,1.283770193,29.39702243,24.18062957,553.0840879,8237.142857,22.52501571
1202040WB03_f229,-63.06118522,138.3011614,46.92663116,-48.45198822,-270.7731628,1436.113647,159.0787008,-6.084152222,-14.64306641,-1.998657227,60.24481869,-5.351165771,-19.49377441,-0.380682863,-0.916210548,-0.125055148,0.948052136,-0.084209468,-0.30676687,1.224350861,-0.052113647,-1.177657471,-0.330820313,14.37000732,3.953320312,-3.209765625,229,0.1,1202040WB03,1.472767096,20.8660005,-17.86449467,95.07590025,22.5627449,72.51315535,95.07590025,72.51315535,92.54210295,95.07590025,95.07590025,1.224350861,1.259981671,1.472767096,1.408904346,20.8660005,19.91783073,100,60,19.8,38,J,2,0.040625,0.869472529,-0.551151703,0.672441625,-0.006044908,-54.88056431,-47.80817502,-2.401063473,4.47785472,-2.838476399,3.463129428,-0.031131774,-282.6394,-246.2160161,-12.3656735,34.73981716,-19.92969183,27.17525564,-1.011178431,-2270.185786,-1758.713381,-68.23547847,1202,40,94,WB03,Wind_success,3,W,0,Naive,17,Head-On,TRUE,TRUE,-15.35013219,27.61322494,0.216666667,216.6666667,324.2398492,2.040822741,0.416666667,416.6666667,700.242968,0.992614222,1.761274442,1.103454559,27.98829744,23.20394367,553.0840879,8237.142857,22.52501571
1202040WB04_f234,-48.58740734,113.4924878,53.18790741,-33.93663788,-295.5640869,1442.328857,134.4255721,-6.275314331,-14.65310669,-1.175415039,47.01628113,-4.352813721,-46.23864746,-0.392610157,-0.916760215,-0.073538927,0.711430213,-0.065864911,-0.699663394,1.278777977,-0.062516785,-1.270854492,-0.127646484,20.70513611,5.34375,-15.00644531,234,0.058333333,1202040WB04,0.088307135,6.178426765,-44.40000429,95.28942192,23.18343103,72.10599088,95.28942192,72.10599088,92.47315713,95.28942192,95.28942192,1.278777977,1.336225798,0.088307135,0.140688042,,,58.33333333,60,19.8,38,J,2,0.025,0.639377166,-0.331487726,0.545732669,-0.033089292,-51.88381069,-32.35584398,1.405404078,3.292844759,-1.707188934,2.810567934,-0.170412564,-267.2058735,-166.6352459,7.237946082,43.20346,-29.18583911,27.36192763,-4.170873892,-2529.9192,-2690.714691,362.6769629,1202,40,95,WB04,Wind_success,4,W,0,Naive,18,Head-On,TRUE,TRUE,4.026555088,23.98079516,0.175,175,301.1204256,1.980069099,0.366666667,366.6666667,645.7633467,1.047998944,1.817372604,1.11843021,29.60753962,24.76278188,553.0840879,8237.142857,22.52501571
1202040WB05_f230,-9.078096971,138.9843258,50.25905496,5.593849659,-270.0887146,1439.457153,148.071021,-6.636862993,-14.2689209,-1.765014648,51.45962095,4.43145752,-36.8371582,-0.419111045,-0.90106762,-0.111458852,0.811146817,0.069852101,-0.580656116,1.327587152,-0.338440762,-1.280456543,-0.091523437,-10.21175766,4.814428711,-5.050195312,230,0.091666667,1202040WB05,0.896974331,16.80865981,-35.49670358,85.07810299,24.94441893,60.13368405,85.07810299,60.13368405,70.2726845,85.07810299,85.07810299,1.327587152,1.345566708,0.896974331,1.095604884,16.80865981,18.45976561,91.66666667,60,19.8,38,J,2,0.028125,0.678148715,-0.295999506,0.571407345,-0.213924329,-61.59619677,-34.4062272,1.052833534,3.492521412,-1.524421693,2.942794615,-1.101727813,-317.2254571,-177.1948874,5.422178911,27.77595463,-15.84094459,19.62215726,-6.159013432,-2228.818103,-1891.492935,29.87307028,1202,40,96,WB05,Wind_success,5,W,0,Naive,19,Head-On,TRUE,TRUE,35.06046283,22.95943516,0.2,200,313.7978984,2.128429028,0.45,450,767.8547614,0.946951708,1.748351524,1.192481791,28.25203988,23.25931924,553.0840879,8237.142857,22.52501571
1202040WB06_f230,-29.05043735,131.9259297,59.72983895,-14.38005447,-277.1494141,1448.928589,147.7025136,-7.616847992,-13.72549438,-3.184936523,54.07340622,4.048980713,-35.14978027,-0.475543002,-0.856924388,-0.198845281,0.83678153,0.062657645,-0.543939969,1.168274854,-0.199949799,-1.150718994,-0.027055664,1.942588806,8.208984375,-0.26015625,230,0.091666667,1202040WB06,1.262053626,19.84222078,-32.95225458,85.71772164,29.02771707,56.69000457,85.71772164,56.69000457,75.86038437,85.71772164,85.71772164,1.168274854,1.238388538,1.262053626,1.182078143,19.84222078,20.43050347,91.66666667,60,19.8,38,J,2,0.028125,0.431336956,-0.180962925,0.38004122,-0.094194802,-38.70981543,-21.46055883,0.047643092,2.221420645,-0.931973882,1.957243403,-0.485110942,-199.3587192,-110.5236352,0.245365826,29.74642479,-20.64515833,17.33055028,-0.898554615,-1878.776764,-2393.073806,-56.42083081,1202,40,97,WB06,Wind_success,6,W,0,Naive,20,Head-On,TRUE,TRUE,47.03951279,21.62794043,0.266666667,266.6666667,397.014402,1.914417244,0.425,425,668.6240383,0.699672331,1.717612669,0.909489201,26.37378211,22.51414582,553.0840879,8237.142857,22.52501571
1202040WB07_f229,-53.41851956,112.3631013,59.50678991,-38.86182404,-296.7102356,1448.671631,137.9132438,-7.011825562,-14.2855835,-2.29675293,46.98161507,-6.866027832,-46.32714844,-0.436099058,-0.888488947,-0.142846079,0.708224667,-0.103501982,-0.698358905,0.940403419,-0.095341187,-0.916501465,-0.187866211,3.029644775,5.5828125,-5.668945313,229,0.1,1202040WB07,1.395577578,24.4013328,-44.2954866,98.31450975,26.14329496,72.17121479,98.31450975,72.17121479,92.37554537,98.31450975,98.31450975,0.940403419,0.980680312,1.395577578,1.186007225,24.4013328,25.55953387,100,60,19.8,38,J,2,0.026041667,0.711906741,-0.468198387,0.506391491,-0.176547828,-39.46213251,-36.36978571,-1.299596982,3.66637801,-2.411260033,2.607957645,-0.909235773,-203.2332137,-187.3073745,-6.693030875,32.07473046,-23.2457697,20.44946178,-5.261905781,-1576.468669,-1834.496883,-31.81705441,1202,40,98,WB07,Wind_success,7,W,0,Naive,21,Head-On,TRUE,TRUE,25.67653482,25.78895593,0.275,275,363.3275672,2.011558419,0.541666667,541.6666667,847.4633469,1.099181704,2.778236364,1.139161289,29.55672476,24.61970718,553.0840879,8237.142857,22.52501571
1202040WC01_f235,-47.35103349,99.92947426,41.3153717,-32.68236923,-309.0788269,1430.393799,118.0465168,-5.60086441,-14.88220215,-1.51940918,47.66451168,2.870147705,-43.25842285,-0.350630968,-0.931670644,-0.095119587,0.739768866,0.044545634,-0.671384921,1.589279018,-0.221504288,-1.56295166,-0.184189453,5.112542725,5.319580078,-19.4203125,235,0.05,1202040WC01,1.730819359,21.92668875,-42.17404384,86.5540605,20.62365159,65.93040891,86.5540605,65.93040891,78.48771885,86.5540605,86.5540605,1.589279018,1.628989547,1.730819359,1.713340757,21.92668875,22.93039474,50,60,19.8,38,J,2,0.017708333,1.186812509,-0.500733595,1.055809754,-0.207498341,-104.439708,-55.23540462,1.008020763,6.112181601,-2.578819018,5.437506685,-1.068633448,-537.8730483,-284.4668567,5.191389468,39.62253112,-19.17629847,33.15318793,-7.260198016,-3176.557149,-2035.087007,57.0956601,1202,40,109,WC01,Wind_success,1,W,0,Naive,22,Head-On,TRUE,TRUE,2.409992062,21.15488767,0.15,150,287.1006529,2.153095488,0.316666667,316.6666667,619.9625836,1.478097323,1.713340757,1.160892362,30.30142373,25.15509866,553.0840879,8237.142857,22.52501571
1202040WC02_f237,-12.79399611,75.61155472,24.55812379,1.827519894,-333.5671997,1413.746704,80.52263649,-8.398374557,-13.4675293,-0.748657227,52.91530085,-9.201965332,-35.14038086,-0.528557787,-0.847588713,-0.047117285,0.824434764,-0.14336912,-0.547496681,1.244425867,-0.15248168,-1.223909912,-0.165498047,12.68495178,5.749365234,-17.54296875,237,0.033333333,1202040WC02,1.159552732,21.61880242,-33.19544376,99.86507578,31.9477362,67.91733958,99.86507578,67.91733958,92.76343276,99.86507578,99.86507578,1.244425867,1.297907552,1.159552732,1.159552732,21.61880242,22.69565435,33.33333333,60,19.8,38,J,2,0.035416667,1.495597847,-0.262688776,1.326602529,0.638696531,-145.3832793,-42.1962167,-2.659244068,7.702451378,-1.352868705,6.832111649,3.289339433,-748.7357927,-217.3139712,-13.6953247,39.90488389,-9.427813732,33.83652221,10.73073149,-3817.681835,-1384.097217,-66.95364719,1202,40,110,WC02,Wind_success,2,W,0,Naive,23,Head-On,TRUE,TRUE,67.9570192,25.23658258,0.2,200,344.7242368,2.153819663,0.408333333,408.3333333,768.0746543,1.299319458,1.705731933,1.233297403,26.58403478,23.8000965,553.0840879,8237.142857,22.52501571
1202040WC03_f238,-47.00260635,59.64103425,60.89987106,-32.43333435,-349.4351807,1450.096924,97.34008561,-7.912319183,-13.22015381,-2.497192383,38.78247404,-4.382629395,-58.06408691,-0.506936267,-0.84700519,-0.159993215,0.55433375,-0.062642713,-0.829933723,0.895888061,-0.124417191,-0.870021973,-0.173774414,-8.512783813,12.91245117,0.966796875,238,0.025,1202040WC03,0.706153293,14.88386095,-56.09193031,96.44738109,30.90070313,65.54667795,96.44738109,65.54667795,88.30899621,96.44738109,96.44738109,0.895888061,0.995828514,0.706153293,0.543023229,14.88386095,,25,60,19.8,38,J,2,0.019791667,0.720145291,-0.481975966,0.515222171,-0.144410949,-51.61489141,-48.32434715,1.976273966,3.708807214,-2.482215689,2.653436371,-0.743728212,-265.8209172,-248.8743448,10.17797275,24.54628464,-18.09191163,15.34039666,-4.772480945,-1534.386887,-1810.028173,58.24388222,1202,40,111,WC03,Wind_success,3,W,0,Naive,24,Head-On,TRUE,TRUE,35.03349619,27.88200741,0.225,225,365.750201,2.093835517,0.45,450,806.3997173,0.895888061,1.685169565,0.979686112,28.92302349,23.62480245,553.0840879,8237.142857,22.52501571
1202040WC04_f237,-58.41865048,74.52512538,54.26026866,-43.7811203,-334.517334,1443.474731,109.1371146,-7.419197083,-13.70791626,-2.569091797,38.57341003,-4.960113525,-58.81054688,-0.469652516,-0.867743139,-0.162629515,0.547088775,-0.07034956,-0.834113189,0.768211762,-0.064692993,-0.713759766,-0.276606445,-12.5989563,-2.5734375,6.036328125,237,0.033333333,1202040WC04,0.884976137,24.63933853,-56.52360996,97.32739311,28.42378044,68.90361267,97.32739311,68.90361267,92.1484305,97.32739311,97.32739311,0.768211762,0.768211762,0.884976137,0.664791077,24.63933853,25.85752996,33.33333333,60,19.8,38,J,2,0.030208333,0.507603311,-0.263830454,0.424584591,-0.088218695,-34.5726731,-23.0031429,-0.473065887,2.614198618,-1.358748442,2.186645412,-0.4543335,-178.0520974,-118.4680695,-2.436328052,37.42881073,-28.70938113,19.47025839,-2.557374808,-1661.87399,-2504.514259,-216.8673767,1202,40,112,WC04,Wind_success,4,W,0,Naive,25,Head-On,TRUE,TRUE,29.29481698,27.56286295,0.233333333,233.3333333,333.2979292,1.976171129,0.5,500,797.2349008,0.884973423,2.13651192,0.988242756,30.79023594,22.96700592,553.0840879,8237.142857,22.52501571
1202040WC05_f227,-31.28887175,164.5327933,54.89471181,-16.66469955,-244.5297546,1444.03833,176.2482991,-6.637365341,-13.87887573,-3.322387695,60.42946625,0.27444458,-16.10778809,-0.421714596,-0.88181442,-0.211092702,0.966252447,0.004388302,-0.257559608,1.363934126,-0.406956825,-1.25751709,-0.336679688,-1.848532104,13.11503906,-13.58261719,227,0.116666667,1202040WC05,1.121028171,21.21792582,-14.92530706,89.73978906,25.55876291,64.18102615,89.73978906,64.18102615,71.80720618,89.73978906,89.73978906,1.363934126,1.439245866,1.121028171,1.020087832,21.21792582,19.55021027,116.6666667,60,19.8,38,J,2,0.026041667,0.588365075,-0.275741816,0.495431542,-0.157122563,-46.52795525,-27.30204524,-0.113680593,3.030128314,-1.420092932,2.551513008,-0.809194065,-239.6227794,-140.6077686,-0.585464364,45.86926978,-32.98966428,24.10023288,-1.83967917,-2319.707368,-3188.225688,-71.03950273,1202,40,114,WC05,Wind_success,5,W,0,Naive,26,Head-On,TRUE,TRUE,39.29549494,27.20396324,0.25,250,382.3243243,2.030056573,0.458333333,458.3333333,768.1053575,0.939649588,1.743030145,1.085755909,26.87890653,23.13007595,553.0840879,8237.142857,22.52501571
1202040WC06_f231,-28.24629348,143.2375373,31.5711853,-13.72132111,-265.8257751,1420.786987,149.3706294,-7.352945328,-13.89611816,-0.390380859,56.43889618,-7.657989502,-28.53271484,-0.467553651,-0.883616087,-0.024823249,0.88596512,-0.1202134,-0.447900151,1.138979221,-0.431912613,-1.051955566,-0.064145508,8.259542084,7.770849609,-5.614453125,231,0.083333333,1202040WC06,1.074608787,23.10364085,-26.60903943,97.72706701,27.88495724,69.84210977,97.72706701,69.84210977,75.40496195,97.72706701,97.72706701,1.138979221,1.22396533,1.074608787,0.746191989,23.10364085,24.00473491,83.33333333,60,19.8,38,J,2,0.041666667,0.975588667,-0.455412448,0.844303447,-0.177551231,-72.50453823,-43.55436728,-2.256158024,5.024361521,-2.345411397,4.348231886,-0.914403376,-373.4043088,-224.3085579,-11.61939857,35.61285868,-16.9042111,29.29509685,-7.28250479,-2598.81243,-1636.845928,-74.76068184,1202,40,115,WC06,Wind_success,6,W,0,Naive,27,Head-On,TRUE,TRUE,68.00731963,22.93177402,0.225,225,357.306594,2.112199604,0.391666667,391.6666667,671.0601987,1.302192593,1.807930894,1.200420946,29.17100097,24.22678026,553.0840879,8237.142857,22.52501571
1401040MA01_f240,-4.609073631,38.73350624,13.09151527,23.45611,-365.7116394,1400.819092,41.14505848,-3.562425613,-12.47756958,3.564208984,56.96401024,-10.94006348,-20.29223633,-0.264731439,-0.927234784,0.264863965,0.926966328,-0.178025922,-0.330212352,1.937507223,0.190878754,-1.927452393,-0.049262695,0.403060913,1.085449219,-0.87890625,240,0.008333333,1401040MA01,3.225133995,21.04301483,-19.28166489,100.8714098,15.93438174,84.93702806,100.8714098,84.93702806,106.5270636,100.8714098,100.8714098,1.937507223,1.937507223,3.225133995,2.650868457,21.04301483,20.05720505,8.333333333,58,15.1,38,E,1,0.557291667,0.389654644,-0.299043894,-0.249391021,-0.014408682,25.88403847,-29.87797974,-0.486736644,2.63137191,-2.019469581,-1.684159389,-0.097303088,174.7971767,-201.7686116,-3.286975147,11.33280671,-2.940350163,9.884134198,-3.05862877,-1352.710844,-506.4760174,30.36390745,1401,40,36,MA01,Wind_missed,1,M,0,Naive,5,Failure,FALSE,FALSE,-21.38381621,17.51134586,0.116666667,116.6666667,263.5286168,2.292590945,0.15,150,338.5079224,1.937507223,2.650868457,1.170701011,26.83855889,22.38250661,553.0840879,7697.152381,18.3025057
1401040MA02_f239,1.139303722,56.63540458,10.16016647,29.1537838,-347.8381348,1397.860107,57.55081274,-2.443288803,-12.58627319,2.629150391,59.17955208,-0.270935059,-15.41442871,-0.186681263,-0.961663385,0.200882154,0.967702426,-0.004430323,-0.252056319,1.876111817,0.045241699,-1.873546143,-0.087026367,6.143829346,7.0171875,25.69042969,239,0.016666667,1401040MA02,1.661403152,20.24292715,-14.59922797,90.26230896,10.98580954,79.27649942,90.26230896,79.27649942,91.64559743,90.26230896,90.26230896,1.876111817,1.876111817,1.661403152,1.055384787,20.24292715,,16.66666667,58,15.1,38,E,1,0.020833333,0.924605319,-0.145774097,0.781931622,-0.471410486,-110.0516398,-25.03849136,4.11828793,6.243940625,-0.984425235,5.280452666,-3.183476264,-743.1883535,-169.0871231,27.81115875,24.25350654,-4.987221837,19.79852208,-11.28720682,-2771.126722,-828.1900107,114.8481263,1401,40,37,MA02,Wind_missed,2,M,0,Naive,6,Failure,FALSE,FALSE,-20.2092466,13.922808,0.1,100,218.6082827,2.311927638,0.358333333,358.3333333,774.8736438,1.876111817,1.661403152,1.015326483,30.54763842,24.02125254,553.0840879,7697.152381,18.3025057
1401040MA03_f238,7.265088856,11.92689139,21.12566147,35.25307846,-392.5264587,1408.830688,25.32441168,-4.313785553,-12.17480469,3.382446289,53.89297867,-3.99697876,-28.3815918,-0.323081916,-0.911834669,0.253329057,0.882905132,-0.065480757,-0.464963223,1.87790194,-0.15207962,-1.853320313,0.261899414,-16.48174438,18.57875977,10.98632813,238,0.025,1401040MA03,1.013188923,29.27311382,-27.70784192,94.24158235,19.51029093,74.73129142,94.24158235,74.73129142,89.55051979,94.24158235,94.24158235,1.87790194,2.015409281,1.013188923,1.064052752,29.27311382,28.51345143,25,58,15.1,38,E,1,0.609375,0.360018509,-0.204148931,-0.292037007,-0.051487156,26.16030601,-19.28197351,-1.47764251,2.431236493,-1.378635597,-1.972151461,-0.347697269,176.6628356,-130.2128543,-9.978649171,0.329073634,-0.138249733,-0.065158317,0.290227391,-15.11638156,3.012483149,0.772741239,1401,40,39,MA03,Wind_missed,3,M,0,Naive,8,Failure,FALSE,FALSE,3.306398668,14.89654279,0.125,125,220.0090507,2.236406439,0.433333333,433.3333333,867.8791447,1.87790194,2.235049265,1.073580892,28.51345143,22.91983857,553.0840879,7697.152381,18.3025057
1401040MA04_f236,-8.16394784,79.23669191,24.98567436,19.82718277,-325.2069397,1412.720093,83.4828564,-3.149303436,-12.13134766,3.723754883,57.75217056,-10.54425049,-26.08935547,-0.240865611,-0.927831988,0.284800913,0.898965951,-0.164131012,-0.406104949,1.695792699,0.139014816,-1.690074463,0.006005859,15.04665527,-3.859277344,3.081445313,236,0.041666667,1401040MA04,0.855128893,6.899118101,-23.96038746,100.3469578,14.55277169,85.79418612,100.3469578,85.79418612,105.0491601,100.3469578,100.3469578,1.695792699,1.689525102,0.855128893,1.24886221,,,41.66666667,58,15.1,38,E,1,0.572916667,0.661776594,-0.458624701,-0.476568206,0.022234872,46.07138035,-43.6490234,0.900967521,4.469035249,-3.09713274,-3.218306793,0.150154039,311.1240629,-294.7656744,6.084312507,5.0643991,-0.540930989,3.836807943,-2.355236298,-530.0756512,-131.632406,1.584863669,1401,40,40,MA04,Wind_missed,4,M,0,Naive,9,Failure,FALSE,FALSE,-25.79345268,26.89952609,0.175,175,343.8200061,2.191830549,0.425,425,870.3208556,1.606134336,2.295439159,1.349463398,29.25313422,22.23670603,553.0840879,7697.152381,18.3025057
1401040MA05_f237,-22.1177695,85.20296273,24.56848425,5.868247986,-319.2229004,1412.319214,91.39119763,-2.745004654,-13.04281616,2.420043945,54.70989227,-8.187164307,-30.33886719,-0.202636233,-0.962820637,0.178647634,0.867139413,-0.129764702,-0.48086418,1.595980974,0.281821232,-1.568840332,0.080449219,-1.278168297,14.85878906,2.31328125,237,0.033333333,1401040MA05,0.902909356,21.04978403,-28.74185821,98.51097712,11.88507669,86.62590043,98.51097712,86.62590043,108.6947849,98.51097712,98.51097712,1.595980974,1.718834552,0.902909356,0.508611963,21.04978403,,33.33333333,58,15.1,38,E,1,0.023958333,0.662765112,-0.326670136,0.469408356,-0.334962702,-63.55344559,-48.28895534,-0.427759552,4.475710793,-2.20603201,3.1699557,-2.262032434,-429.1819792,-326.0995409,-2.888697686,35.18742792,-4.438237245,27.71874769,1.49467376,-3850.861436,-874.148642,30.29167203,1401,40,41,MA05,Wind_missed,5,M,0,Naive,10,Failure,FALSE,FALSE,-77.71081153,36.37734406,0.183333333,183.3333333,380.3531494,2.119310956,0.216666667,216.6666667,449.6176802,1.73028498,2.814698048,0.992518868,28.39551449,22.93634554,553.0840879,7697.152381,18.3025057
1401040MA06_f231,-4.955465237,129.018254,16.58848467,23.13601685,-275.4076538,1404.312744,130.1746685,-2.88258934,-12.53451538,3.353881836,58.17810059,-16.9102478,-16.42504883,-0.216869766,-0.943026251,0.252327156,0.926803626,-0.269387945,-0.261658505,1.568083105,0.048437347,-1.563314209,-0.112192383,12.18188782,12.40158691,-3.991992188,231,0.083333333,1401040MA06,1.831881499,19.82425414,-15.16849474,106.2072171,12.95124851,93.25596862,106.2072171,93.25596862,107.9818879,106.2072171,106.2072171,1.568083105,1.669372548,1.831881499,1.700228065,19.82425414,20.44021072,83.33333333,58,15.1,38,E,1,0.016666667,0.706183692,0.085798292,0.627827725,-0.311715267,-76.31242165,4.17660767,-1.075642352,4.768920268,0.579403371,4.239775567,-2.105040476,-515.344461,28.20499706,-7.263906923,24.18066712,-2.353994146,20.10501136,-8.318813157,-2425.029407,-414.3773002,-46.86598768,1401,40,49,MA06,Wind_missed,6,M,0,Naive,16,Failure,FALSE,FALSE,-4.148816581,25.32554377,0.2,200,340.1064421,2.30284243,0.425,425,821.1146881,1.174375583,1.831881499,0.978503112,31.67224855,21.82804928,553.0840879,7697.152381,18.3025057
1401040PA01_f240,12.63908236,36.59574511,4.951491449,40.66205215,-367.8346252,1392.71106,39.0321948,-4.379493713,-12.11807251,2.815673828,57.71852493,0.819976807,-17.62731934,-0.332050867,-0.918785765,0.213482881,0.956304493,0.013585716,-0.292056748,1.558576467,-0.095432281,-1.546768799,-0.166010742,11.01132202,2.702636719,1.321875,240,0.008333333,1401040PA01,1.533477569,18.65736126,-16.98113072,89.18608367,19.869949,69.31613467,89.18608367,69.31613467,85.65553358,89.18608367,89.18608367,1.558576467,1.579565734,1.533477569,1.294116689,18.65736126,16.70466425,8.333333333,58,15.1,38,E,1,0.026041667,0.275464092,-0.085594013,0.217010643,-0.146494067,-30.10876983,-13.49849703,1.276953292,1.860233121,-0.578023862,1.465491864,-0.989287255,-203.3271572,-91.1565316,8.623377317,18.15030378,-6.712026379,11.79335763,-5.4949537,-1951.322885,-1012.996259,38.79790217,1401,40,38,PA01,Wind_Near-miss,1,P,0,Naive,7,Pivot,TRUE,FALSE,38.11846614,16.80171378,0.108333333,108.3333333,208.3386555,2.173623245,0.4,400,776.334237,1.579565734,2.500006204,1.461088755,26.29701849,22.57740233,553.0840879,7697.152381,18.3025057
1401040PB01_f240,19.07311333,55.39562886,16.01903015,47.00569534,-349.0202637,1403.645264,60.7377039,-8.824607849,-9.440765381,2.280883789,54.20017624,-20.85159302,-12.66027832,-0.672471005,-0.719424715,0.17381262,0.911896258,-0.350819701,-0.213004112,1.166358689,-0.659346771,-0.960292969,0.059091797,-2.846942139,11.04125977,5.022070313,240,0.008333333,1401040PB01,0.944999235,17.50709641,-12.29845925,111.0424573,43.06793743,67.97451988,111.0424573,67.97451988,76.56857477,111.0424573,111.0424573,1.166358689,1.229493999,0.944999235,0.944999235,17.50709641,16.32699465,8.333333333,58,15.1,38,E,1,0.042708333,0.910055801,-0.366931515,0.747650841,-0.366852892,-93.91604154,-53.78719549,1.441194583,6.145686457,-2.477920631,5.048951551,-2.477389677,-634.2232465,-363.2296377,9.73251313,0.366897063,-0.151912036,0.300838887,-0.010020924,-33.06442004,-25.3189166,0.129735677,1401,40,63,PB01,Wind_Near-miss,1,P,0,Naive,22,Pivot,TRUE,FALSE,86.69468642,26.6338923,0.183333333,183.3333333,312.322398,2.37191946,0.508333333,508.3333333,971.8515948,1.229493999,2.184883524,0.880301526,26.66217505,21.85849449,553.0840879,7697.152381,18.3025057
1401040UA01_f211,24.95276906,-210.1220642,85.51645146,52.72664642,-614.6523438,1473.13855,228.2257348,-7.112724304,11.01153564,-2.442382813,7.514976501,-58.11462402,-12.78417969,-0.533405988,0.825790344,-0.183162114,0.125298003,-0.96895131,-0.213151988,0.75553652,-0.266795654,0.638334961,-0.303618164,-1.497381592,-1.893164063,-0.789257813,211,0.25,1401040UA01,1.928788308,17.92861448,-12.30713106,172.6317992,147.1402116,25.49158754,172.6317992,25.49158754,15.31455982,172.6317992,172.6317992,0.75553652,0.75553652,1.928788308,1.758485323,17.92861448,16.52375849,250,58,15.1,38,E,1,0.011458333,0.4903883,-0.422016047,-0.247560261,-0.033121873,22.02771954,-35.85740589,-1.321964042,3.311635102,-2.849911292,-1.671796103,-0.223674909,148.7551175,-242.1481996,-8.927338854,5.393295408,-4.719283455,-2.554279955,-0.516160459,238.7381947,-417.3789617,-12.2103008,1401,40,31,UA01,Wind_Uturn,1,U,0,Naive,1,U-Turn,TRUE,FALSE,66.52135606,24.37730407,0.866666667,866.6666667,143.6004363,2.226640096,0.85,850,120.4000973,1.069619775,3.132058278,1.414623925,29.13126366,20.70192171,553.0840879,7697.152381,18.3025057
1401040UA02_f172,7.481847455,-358.1766334,49.09255847,35.64200974,-762.802124,1436.854492,361.6027628,-10.99920273,7.245483398,0.58190918,30.94057083,-44.95330811,-15.56433105,-0.834283581,0.549565999,0.044137497,0.545224826,-0.792152792,-0.274269655,0.300125246,-0.108101349,-0.268557129,0.079160156,-0.489276123,8.071875,-4.730273437,172,0.575,1401040UA02,1.504733337,,-15.9184951,145.4610477,123.3740172,22.08703049,145.4610477,22.08703049,123.5349581,145.4610477,145.4610477,0.300125246,0.371024161,1.504733337,1.564612592,,,575,58,15.1,38,E,1,0.016666667,0.652211314,-0.330049934,-0.547132017,0.130740945,70.08173284,-41.536041,-4.087677438,4.404440075,-2.228856087,-3.694830389,0.882905043,473.2680742,-280.4965194,-27.60444342,5.014967992,-2.607007953,-4.090583569,1.268360431,574.084841,-343.6427639,-29.45318258,1401,40,33,UA02,Wind_Uturn,2,U,0,Naive,2,U-Turn,TRUE,FALSE,45.80191265,23.02253982,0.925,925,171.4000153,2.611916437,0.916666667,916.6666667,151.0823442,1.029915003,3.795818965,1.652129765,24.34307458,19.72670857,553.0840879,7697.152381,18.3025057
1401040UA03_f219,-14.37188116,-166.0370735,31.69854177,13.69383335,-570.4927368,1419.365601,169.6456845,-5.663479805,12.00476074,0.200561523,10.97094822,-54.86962891,-18.6751709,-0.426622779,0.904303462,0.015108046,0.185980337,-0.930154064,-0.316582898,0.831770338,-0.002289848,0.827893066,0.080185547,-4.485882568,-3.454980469,10.12148438,219,0.183333333,1401040UA03,1.161555068,26.38297462,-18.45639836,168.6930572,154.7434916,13.94956558,168.6930572,13.94956558,-11.14847028,168.6930572,168.6930572,0.831770338,0.857413112,1.161555068,1.533673578,26.38297462,23.31566484,183.3333333,58,15.1,38,E,1,0.016666667,0.402919202,-0.189222379,-0.351058651,-0.057416004,32.87534069,-15.26313071,-2.883072558,2.720948625,-1.277835283,-2.370729792,-0.3877353,222.0100524,-103.0732573,-19.46964126,3.870954428,-2.262637918,-3.119229452,-0.290259557,299.9254531,-208.8903789,-12.81376336,1401,40,34,UA03,Wind_Uturn,3,U,0,Naive,3,U-Turn,TRUE,FALSE,24.59058301,20.04227797,0.825,825,158.3405947,2.540442774,0.883333333,883.3333333,299.9062906,0.987557088,3.662975321,1.667271706,28.69403508,23.15707266,553.0840879,7697.152381,18.3025057
1401040UA04_f240,-53.69027485,-4.05942084,52.05792821,-25.65667152,-408.4945679,1439.807129,74.89427482,-5.750852585,10.64862061,-5.18359375,9.631694794,-50.01239014,-37.98547363,-0.436806422,0.808816744,-0.393720236,0.151592757,-0.787142479,-0.597851448,1.144619011,-0.214443512,1.123699951,0.038276367,0.379522705,1.016894531,18.7453125,240,0.008333333,1401040UA04,2.353013708,18.80564077,-36.71617344,169.099087,151.6284649,17.47062218,169.099087,17.47062218,-0.096668102,169.099087,169.099087,1.144619011,1.144619011,2.353013708,1.880210474,18.80564077,17.80596991,8.333333333,58,15.1,38,E,1,0.123958333,0.508539341,-0.505490761,0.045665372,0.031717906,-5.303001805,-47.1916943,-0.119214518,3.434210669,-3.413623343,0.308382251,0.214193796,-35.81163522,-318.689641,-0.805066072,3.368951515,-2.335671744,-2.40443585,-0.316887723,203.297287,-192.0591935,-1.566102859,1401,40,35,UA04,Wind_Uturn,4,U,0,Naive,4,U-Turn,TRUE,FALSE,9.590683166,17.22524201,0.8,800,141.6205319,2.557252204,0.841666667,841.6666667,240.1243028,1.144619011,2.912671494,1.294578437,29.26563474,22.80356367,553.0840879,7697.152381,18.3025057
1401040WA01_f232,-43.41186805,128.3008618,0.368538585,-15.29509735,-276.1646423,1388.035278,135.446806,-0.656840324,-12.05111694,4.950073242,51.92727661,-0.815582275,-36.81286621,-0.050353059,-0.923832743,0.379470199,0.815727407,-0.012812011,-0.578294605,1.80427716,0.086496735,-1.799190674,0.104150391,1.685137939,2.445996094,4.906054688,232,0.075,1401040WA01,2.576462904,17.72336983,-35.3306834,90.89982728,3.119791942,87.78003534,90.89982728,87.78003534,93.65222318,90.89982728,90.89982728,1.80427716,1.822114618,2.576462904,2.847075915,17.72336983,18.8729749,75,58,15.1,38,E,1,0.008333333,1.470440775,-0.129369726,1.434274799,-0.297178986,-167.8772509,-22.27894968,-1.903106536,9.930015223,-0.873645079,9.685783218,-2.006875695,-1133.689765,-150.4516967,-12.85184497,33.99087205,-4.377783442,32.76703272,-5.750911446,-3781.415757,-665.023084,-44.3323172,1401,40,43,WA01,Wind_success,1,W,0,Naive,11,Head-On,TRUE,TRUE,-52.13451052,27.78677452,0.166666667,166.6666667,307.6641414,2.092633486,0.425,425,828.4648278,1.54451274,2.928590392,1.572951381,25.52638891,20.26476437,553.0840879,7697.152381,18.3025057
1401040WA02_f237,-20.6050163,85.99780681,17.71461694,7.523863316,-318.4526062,1405.363281,90.18867515,-1.572630405,-12.93267822,2.94140625,47.32452536,-0.241210938,-41.71533203,-0.117748276,-0.968314337,0.220233257,0.750159442,-0.003823528,-0.661245939,1.7758681,0.148700294,-1.768092041,0.073798828,7.809912872,8.080664063,-11.82480469,237,0.033333333,1401040WA02,1.642761059,15.04771182,-41.39496454,90.29203143,6.933201182,83.35883025,90.29203143,83.35883025,95.09941496,90.29203143,90.29203143,1.7758681,1.838659334,1.642761059,1.735829375,15.04771182,15.04771182,33.33333333,58,15.1,38,E,1,0.015625,1.525616393,-0.371779451,1.422165918,0.40832526,-183.8524486,-61.76856363,-1.741925513,10.302621,-2.510659166,9.604010891,2.757456209,-1241.571673,-417.1285151,-11.76337541,37.41440516,-10.38185242,34.26792018,8.219796614,-4407.176758,-1662.747417,-29.55017635,1401,40,44,WA02,Wind_success,2,W,0,Naive,12,Head-On,TRUE,TRUE,-47.09467429,25.13413367,0.15,150,303.2990586,2.07454378,0.391666667,391.6666667,763.2367143,1.835071463,2.128692349,0.954072628,30.72899843,23.17268718,553.0840879,7697.152381,18.3025057
1401040WA03_f239,-16.5565485,62.43495519,25.14638422,11.56189156,-342.1148987,1412.806152,69.31510346,-3.449466705,-12.8265686,1.421142578,52.34658623,-1.102905273,-34.60839844,-0.258229983,-0.96020773,0.10638793,0.83404332,-0.017572698,-0.551419025,1.61071251,-0.006178436,-1.609951172,0.049130859,8.064610291,8.271826172,-0.84375,239,0.016666667,1401040WA03,0.271344567,-37.88679393,-33.46441856,91.20700267,15.0524922,76.15451047,91.20700267,76.15451047,90.98712234,91.20700267,91.20700267,1.61071251,1.68142429,0.271344567,1.048703554,,,16.66666667,58,15.1,38,E,1,0.023958333,1.816176761,-0.297302638,1.423340508,1.088214578,-166.5648532,-50.95162356,4.282227046,12.26480059,-2.00771073,9.611942995,7.348808266,-1124.827029,-344.0807723,28.91825395,45.0471412,-8.153565912,34.42986208,23.01553412,-4120.481204,-1385.55744,110.3883581,1401,40,45,WA03,Wind_success,3,W,0,Naive,13,Head-On,TRUE,TRUE,-3.000765646,19.67888306,0.125,125,253.5410181,2.076860895,0.183333333,183.3333333,368.0607116,1.61071251,4.061138996,1.498443389,27.14304364,22.18162349,553.0840879,7697.152381,18.3025057
1401040WA04_f240,-14.96790729,46.19350484,17.63704325,13.00416088,-358.3275452,1405.32019,51.66181794,-2.890305519,-12.85601807,2.840209961,53.59032917,-8.595458984,-33.27746582,-0.214421755,-0.953743451,0.210705339,0.841758817,-0.135011363,-0.522698791,0.620275335,0.290757294,0.321936035,-0.443349609,42.17357483,193.6656738,-50.39296875,240,0.008333333,1401040WA04,1.638647861,10.7017125,-31.51345578,99.11217377,12.67063274,86.44154103,99.11217377,86.44154103,-122.9746712,99.11217377,99.11217377,0.620275335,1.293581044,1.638647861,2.389311664,,,8.333333333,58,15.1,38,E,1,0.020833333,1.156541269,-0.102185538,1.079759687,-0.401577939,-152.2642466,-22.39716715,1.935602659,7.810224391,-0.690067882,7.291711649,-2.711890959,-1028.253781,-151.2500296,13.07129413,33.0715001,-5.664139669,29.97802807,-9.803736877,-4181.318308,-1012.441795,32.61893918,1401,40,46,WA04,Wind_success,4,W,0,Naive,14,Head-On,TRUE,TRUE,-11.34417522,24.61710468,0.158333333,158.3333333,303.6055365,2.222417619,0.4,400,797.4324702,1.293581044,3.415665499,1.671698525,27.73973798,22.76915305,553.0840879,7697.152381,18.3025057
1401040WA05_f236,-17.67404188,90.98230619,16.73887347,10.3533392,-313.5138245,1404.434082,94.18249137,-2.677295208,-12.57958984,3.540283203,52.13516712,-6.534729004,-33.17431641,-0.200701306,-0.943018948,0.265394515,0.839002457,-0.105162292,-0.533868682,1.268176541,0.017970772,-1.268041992,0.004277344,7.648997498,-0.403417969,-1.390429688,236,0.041666667,1401040WA05,1.113492299,19.29418686,-32.26722071,97.14431235,12.01490645,85.12940591,97.14431235,85.12940591,97.95625743,97.14431235,97.14431235,1.268176541,1.268176541,1.113492299,0.850756012,19.29418686,18.53163714,41.66666667,58,15.1,38,E,1,0.032291667,1.239776405,-0.34185872,1.17559829,0.195312084,-152.5976151,-56.15614447,-2.693278791,8.372318544,-2.30860185,7.938918119,1.318959594,-1030.505048,-379.2273574,-18.18794735,32.2187384,-8.675237516,28.91977581,2.818744902,-3726.983932,-1434.63379,-61.66951402,1401,40,47,WA05,Wind_success,5,W,0,Naive,15,Head-On,TRUE,TRUE,-26.51409037,29.08523362,0.191666667,191.6666667,329.8508708,1.87570151,0.216666667,216.6666667,374.3824999,1.301405207,2.957736004,1.349085625,29.44151244,22.22366302,553.0840879,7697.152381,18.3025057
1401040WA06_f230,-26.39382328,149.0451516,26.45697597,1.628193974,-255.3642883,1414.195313,153.6589167,-2.948093653,-12.70108032,2.546020508,58.04625976,-15.33752441,-15.63171387,-0.221911646,-0.956047525,0.191646422,0.935626754,-0.247220032,-0.251961966,1.600193558,0.144789391,-1.591453857,-0.08324707,6.213596821,5.869995117,0.608203125,230,0.091666667,1401040WA06,0.305404169,20.86451654,-14.59364163,104.8009605,13.06772804,91.73323249,104.8009605,91.73323249,109.9993803,104.8009605,104.8009605,1.600193558,1.645377066,0.305404169,0.305404169,20.86451654,,91.66666667,58,15.1,38,E,1,0.017708333,1.062277383,-0.115096474,1.045809859,-0.146518867,-143.1958834,-23.33029857,-0.893185664,7.173652118,-0.777256562,7.062445489,-0.98945473,-967.0143306,-157.5515477,-6.031760946,27.01427511,-4.380051845,25.85515388,-2.702878451,-3472.621005,-773.3235404,-27.77120674,1401,40,50,WA06,Wind_success,6,W,0,Naive,17,Head-On,TRUE,TRUE,-44.32864906,33.31202113,0.216666667,216.6666667,373.1969381,1.99145623,0.458333333,458.3333333,810.2723216,1.152762464,2.841398002,1.06410691,31.87059039,23.21096469,553.0840879,7697.152381,18.3025057
1401040WA07_f229,-45.01069405,127.2188095,24.75019398,-16.94646263,-277.1576843,1412.495728,137.1975225,-3.238454819,-12.42956543,3.041992188,54.96560097,-18.28149414,-22.37854004,-0.245340723,-0.941646167,0.230456994,0.885135077,-0.294394884,-0.360371403,1.120433336,-0.049858475,-1.110765381,0.138149414,-2.674154663,10.31660156,4.895507813,229,0.1,1401040WA07,1.683534516,19.38936361,-21.12300692,108.3970645,14.60343406,93.79363047,108.3970645,93.79363047,105.8269773,108.3970645,108.3970645,1.120433336,1.199099372,1.683534516,1.743790631,19.38936361,18.76634775,100,58,15.1,38,E,1,0.053125,0.408936722,-0.278377595,0.299194526,-0.0147578,-31.64631328,-30.06980529,-1.341211653,2.761585468,-1.879908258,2.020486818,-0.099660717,-213.7103227,-203.0640263,-9.057319655,20.61718759,-15.23495148,13.27029467,0.733545959,-1407.304483,-1667.233419,-91.25640927,1401,40,52,WA07,Wind_success,7,W,0,Naive,18,Head-On,TRUE,TRUE,-17.37665226,36.84938909,0.283333333,283.3333333,399.8147886,1.915986184,0.541666667,541.6666667,839.4466496,0.630172857,2.937902701,1.33856055,26.28386209,22.35294146,553.0840879,7697.152381,18.3025057
1401040WA08_f224,-13.66599024,107.5460608,23.26127116,14.41026402,-296.8756714,1410.999268,110.8783172,-7.362195015,-10.74234009,2.208251953,52.80619717,-28.44134521,-7.456665039,-0.557364452,-0.813262687,0.167178557,0.873694646,-0.470570736,-0.123372799,0.577487369,-0.142244453,-0.495032959,-0.261152344,-9.0432724,-0.16171875,9.399023438,224,0.141666667,1401040WA08,0.675923596,29.63619226,-7.086796648,118.3068445,34.42454428,83.88230018,118.3068445,83.88230018,102.275189,118.3068445,118.3068445,0.577487369,0.602862859,0.675923596,1.022085568,29.63619226,22.01671458,141.6666667,58,15.1,38,E,1,0.083333333,0.296748672,-0.245011588,0.154751128,0.06388415,-19.5457422,-31.74785732,-0.53801814,2.003969751,-1.654584696,1.045047906,0.431415253,-131.9941074,-214.3960585,-3.63328358,21.09768149,-14.92284095,11.59894146,0.476046606,-1384.532354,-1821.189906,-34.8308254,1401,40,53,WA08,Wind_success,8,W,0,Naive,19,Head-On,TRUE,TRUE,11.75018518,43.08046751,0.375,375,369.4912335,2.079603789,0.708333333,708.3333333,937.4644935,0.574255121,2.185963425,1.291103615,23.00133122,21.05200079,553.0840879,7697.152381,18.3025057
1401040WA09_f226,-13.59022992,164.7297492,28.77083817,14.57557964,-239.7017212,1416.501587,167.7746875,-3.361194611,-12.51483154,2.416870117,55.88026905,-15.48399353,-23.68859863,-0.254987494,-0.949402193,0.183348995,0.892115745,-0.247198424,-0.378183072,1.303783335,-0.102625122,-1.299153442,-0.038979492,20.90153046,9.574145508,-13.71621094,226,0.125,1401040WA09,1.489069439,18.06610646,-22.22118329,105.4876442,15.03355032,90.45409384,105.4876442,90.45409384,100.9710095,105.4876442,105.4876442,1.303783335,1.408461634,1.489069439,1.392925405,18.06610646,17.41749651,125,58,15.1,38,E,1,0.021875,0.915822679,-0.438247344,0.80153809,-0.064862431,-112.9979033,-64.32185597,-1.979859391,6.184630687,-2.959522663,5.412856857,-0.43802167,-763.0847286,-434.3711218,-13.37016371,25.19079564,-13.40633474,20.76614412,-2.410983073,-2899.862325,-1912.162079,-55.87844821,1401,40,54,WA09,Wind_success,9,W,0,Naive,20,Head-On,TRUE,TRUE,-7.748692126,30.51673335,0.258333333,258.3333333,372.9577518,1.932141419,0.525,525,839.6319945,1.027522359,2.830611078,1.544610637,23.19191973,19.46253409,553.0840879,7697.152381,18.3025057
1401040WA10_f229,-34.15018876,152.3883904,23.96428172,-6.034081459,-252.0705261,1411.662842,157.9960243,-1.708265781,-12.85308838,2.417480469,55.01438999,-11.89160156,-32.36987305,-0.129516595,-0.974490189,0.183287544,0.847298037,-0.183147185,-0.498541016,1.386089463,0.089638996,-1.378571777,0.112910156,8.487906647,0.970751953,7.106835938,229,0.1,1401040WA10,1.197213001,14.11975457,-29.90352126,102.1970842,7.570643198,94.62644097,102.1970842,94.62644097,105.9173955,102.1970842,102.1970842,1.386089463,1.387829049,1.197213001,1.461469334,14.11975457,15.71796691,100,58,15.1,38,E,1,0.027083333,0.929932948,-0.38248694,0.823380629,-0.201304171,-107.7066076,-55.72511483,-0.68958495,6.279918573,-2.582967776,5.560361435,-1.35942468,-727.3521456,-376.3165766,-4.656827506,29.25045662,-12.05958247,25.72635284,-4.455062709,-3248.730558,-1721.528425,-19.22600142,1401,40,55,WA10,Wind_success,10,W,0,Naive,21,Head-On,TRUE,TRUE,-20.12057361,31.41687866,0.241666667,241.6666667,366.4168564,1.902363298,0.566666667,566.6666667,903.1638037,1.048235961,3.707461655,1.806253972,27.92198417,19.72631888,553.0840879,7697.152381,18.3025057
1401040WB01_f231,-10.29974851,124.1754656,24.69272158,17.72543335,-280.315918,1412.369263,127.0250431,-4.542233467,-12.46759033,1.881103516,53.79038239,-14.24536133,-30.90161133,-0.338924288,-0.930284453,0.140360832,0.845104414,-0.223809856,-0.485497351,1.271337532,-0.256773605,-1.236932373,0.142705078,-1.478320313,1.114892578,10.43085938,231,0.083333333,1401040WB01,0.652447644,18.71074398,-29.04506261,104.8331796,20.01786003,84.8153196,104.8331796,84.8153196,93.10576765,104.8331796,104.8331796,1.271337532,1.271337532,0.652447644,0.561260034,18.71074398,16.62141753,83.33333333,58,15.1,38,E,1,0.026041667,0.946204647,-0.437737684,0.787395391,-0.289305121,-97.37741332,-58.95410245,0.415545926,6.389802778,-2.956080881,5.317349974,-1.953702796,-657.598193,-398.1222125,2.806218003,24.78232776,-11.7802141,20.04340267,-7.42159799,-2502.486458,-1589.132812,12.49086952,1401,40,64,WB01,Wind_success,1,W,0,Naive,23,Head-On,TRUE,TRUE,24.61200219,31.13299402,0.233333333,233.3333333,346.3380538,2.248560414,0.433333333,433.3333333,740.4335581,1.084370207,2.024144717,0.911604775,26.99098707,21.38088664,553.0840879,7697.152381,18.3025057
1401040WB02_f230,-35.21593506,130.8268051,25.49700621,-7.155841351,-273.6217651,1413.145996,137.8619321,-1.790054798,-12.93011475,2.323974609,54.76691771,-6.386749268,-32.18737793,-0.135009867,-0.975217674,0.175279273,0.857805431,-0.100034627,-0.504145728,1.24335629,-0.133844433,-1.235786133,0.029208984,2.896057892,12.64899902,-2.41171875,230,0.091666667,1401040WB02,1.465953964,17.05993699,-30.27466031,96.65161304,7.881970694,88.76964234,96.65161304,88.76964234,90.47016756,96.65161304,96.65161304,1.24335629,1.351366289,1.465953964,1.825098201,17.05993699,19.82786439,91.66666667,58,15.1,38,E,1,0.042708333,0.517459242,-0.391113513,0.338725446,-0.00770447,-39.16692901,-45.74177469,-1.590471969,3.494447539,-2.64122378,2.287442575,-0.052028962,-264.4976988,-308.898207,-10.74059638,28.52714683,-19.84222412,17.53421956,-4.781855024,-1920.878719,-2176.839564,15.60365406,1401,40,65,WB02,Wind_success,2,W,0,Naive,24,Head-On,TRUE,TRUE,-21.71957594,24.20320275,0.191666667,191.6666667,265.0747897,2.110315242,0.525,525,902.6333233,0.978089705,2.759961099,1.740754811,29.29496375,22.11298982,553.0840879,7697.152381,18.3025057
1401040WB03_f225,-3.095896274,169.0646394,36.19203065,25.04099083,-235.3911285,1423.923706,172.922815,-4.361751556,-12.13237,1.881225586,55.70919228,-24.39848328,-16.91894531,-0.334769151,-0.931172524,0.144386099,0.88249028,-0.386496796,-0.268013306,1.19208936,-0.1709935,-1.179682617,-0.013681641,-9.226071167,3.356762695,8.523632812,225,0.133333333,1401040WB03,0.436512613,16.69557849,-15.54608111,113.6515695,19.77419935,93.87737017,113.6515695,93.87737017,105.4040593,113.6515695,113.6515695,1.19208936,1.214275448,0.436512613,0.31894097,16.69557849,,133.3333333,58,15.1,38,E,1,0.044791667,0.640676527,-0.390571889,0.48452694,-0.152163258,-61.79173591,-51.98216905,-0.35678309,4.326544649,-2.637566139,3.272052822,-1.027571793,-417.2849996,-351.0401362,-2.409387425,24.22257458,-14.72947685,17.20395043,-5.79213224,-2212.016213,-1974.377608,-8.666564854,1401,40,66,WB03,Wind_success,3,W,0,Naive,25,Head-On,TRUE,TRUE,-9.869733574,39.94975108,0.266666667,266.6666667,358.5256114,2.167232144,0.533333333,533.3333333,856.3917503,1.000515422,2.233304614,1.126099187,27.21526239,21.87053715,553.0840879,7697.152381,18.3025057
1401040WB04_f215,2.352880286,212.587073,22.39775871,30.3889389,-191.8690186,1410.063721,213.7766574,-4.841228485,-11.4805603,3.634155273,54.87409973,-27.73989868,-15.57092285,-0.373012043,-0.884566234,0.280008202,0.865138787,-0.437344073,-0.245489391,1.242700261,-0.076156998,-1.239647827,-0.042158203,4.651968384,-10.04106445,5.5828125,215,0.216666667,1401040WB04,0.416302412,7.848977511,-14.21075703,116.8174635,22.86462828,93.95283525,116.8174635,93.95283525,113.301951,116.8174635,116.8174635,1.242700261,1.165050967,0.416302412,0.518953333,,,216.6666667,58,15.1,38,E,1,0.034375,0.40960321,-0.194340985,0.336257991,-0.130141978,-40.4612941,-25.31917146,0.444144718,2.766086318,-1.312401676,2.270779639,-0.878860166,-273.2386596,-170.9825803,2.999348145,23.47174772,-14.73718752,15.34205891,-1.152010938,-1916.920044,-1958.42649,-17.07222821,1401,40,67,WB04,Wind_success,4,W,0,Naive,26,Head-On,TRUE,TRUE,-2.982178452,39.49100991,0.341666667,341.6666667,383.798595,2.088041659,0.575,575,809.5296123,0.859477768,2.655027941,1.097175682,26.75719835,21.53606849,553.0840879,7697.152381,18.3025057
1401040WB05_f227,-19.09750287,154.0351295,32.85648677,8.873810768,-250.4260101,1420.532349,158.6539771,-2.953628063,-12.67655945,2.062988281,56.41580868,-14.53846741,-24.54504395,-0.224123375,-0.961906247,0.156541002,0.892394989,-0.229971984,-0.388257737,0.980560458,-0.039720497,-0.963092651,-0.179926758,12.77508087,2.071801758,-2.334375,227,0.116666667,1401040WB05,0.609378134,20.16121881,-22.84613408,104.4508193,13.11586439,91.3349549,104.4508193,91.3349549,102.0891277,104.4508193,104.4508193,0.980560458,1.004102279,0.609378134,0.666118982,20.16121881,20.56758122,116.6666667,58,15.1,38,E,1,0.0375,0.770677211,-0.484315185,0.598788162,0.028894663,-80.5725832,-66.8169365,-2.555707774,5.20445064,-3.270622823,4.043668854,0.19512819,-544.1137047,-451.2206189,-17.25891823,26.0849673,-16.15492689,19.30569459,-1.118873203,-2550.875653,-2219.986651,-64.18332675,1401,40,68,WB05,Wind_success,5,W,0,Naive,27,Head-On,TRUE,TRUE,-13.40326769,34.37273974,0.266666667,266.6666667,346.6483947,1.894702763,0.6,600,886.6307884,0.84484879,3.225140885,1.427027114,26.56603417,22.73760372,553.0840879,7697.152381,18.3025057
1402040MA01_f240,-14.71340363,37.00068423,-10.97706019,13.86716461,-366.7770996,1376.884521,41.30412486,-0.309819221,-13.44198608,3.180297852,27.84498215,-11.3274231,-61.19250488,-0.022423763,-0.972889643,0.230180185,0.408418732,-0.166145977,-0.897546463,2.017346284,0.58654232,-1.764719238,0.781933594,8.887802124,3.4734375,-18.97382812,240,0.008333333,1402040MA01,2.665669694,18.25092475,-63.83741174,112.1366407,1.320354842,110.8162859,112.1366407,110.8162859,130.5219754,112.1366407,112.1366407,2.017346284,2.088912948,2.665669694,2.324290472,18.25092475,20.7001903,8.333333333,61,15,39,E,1,0.016666667,1.472284109,1.073855879,0.987371349,-0.198876517,-110.3940723,120.4912295,-2.800607059,10.00874651,7.300188334,6.712257149,-1.35198406,-750.4708357,819.112402,-19.0388295,39.24742797,24.71352587,27.11948072,-7.162581434,-3082.49321,2752.951185,-64.74705734,1402,40,47,MA01,Wind_missed,1,M,0,Naive,1,Failure,FALSE,FALSE,-74.26694891,16.49112511,0.083333333,83.33333333,202.6130184,2.590643185,0.175,175,415.7241935,2.088912948,4.186628982,2.675945041,31.73008563,23.83862489,582.576799,8514.002381,16.4897152
1402040MA02_f238,-35.51100422,87.64073739,2.589045578,-6.936606884,-316.1763,1390.463989,94.59721681,0.042630672,-13.8387146,0.841430664,34.95942068,-8.015045166,-60.39111328,0.003074844,-0.998151909,0.060690292,0.497722372,-0.114111367,-0.85979709,1.948080938,0.377360973,-1.771252441,0.717832031,0.611093903,10.73583984,18.18105469,238,0.025,1402040MA02,0.719899143,10.06075558,-59.2938078,102.9128761,-0.176501211,103.0893773,102.9128761,103.0893773,114.9397883,102.9128761,102.9128761,1.948080938,1.980297074,0.719899143,0.639243032,,,25,61,15,39,E,1,0.025,1.621089717,0.209061588,1.600610766,-0.149232367,-189.2334794,12.00880372,-0.066252142,11.02034311,1.42122327,10.88112499,-1.014497764,-1286.429646,81.63714569,-0.450389224,43.96688145,4.95066066,42.53904699,-5.480140605,-5018.276222,210.1507148,8.426303919,1402,40,51,MA02,Wind_missed,2,M,0,Naive,4,Failure,FALSE,FALSE,-66.88985805,23.87011646,0.108333333,108.3333333,267.7584565,2.637646042,0.283333333,283.3333333,701.956762,1.965843758,4.379429344,2.463773615,27.33159239,25.31787636,582.576799,8514.002381,16.4897152
1402040MA03_f240,12.95526258,23.11293659,25.29740168,41.67932129,-380.7700195,1413.225586,36.63338912,-5.363594055,-12.88226318,-1.232421875,44.76054382,0.635620117,-52.43505859,-0.3828798,-0.919599489,-0.087976352,0.649225629,0.0092193,-0.760539997,1.747034623,-0.573652039,-1.633623047,0.233085938,13.44979248,9.933837891,4.81640625,240,0.008333333,1402040MA03,0.76139901,19.00927141,-49.51182601,89.18642851,22.60464528,66.58178323,89.18642851,66.58178323,69.83753823,89.18642851,89.18642851,1.747034623,1.81041597,0.76139901,0.76139901,19.00927141,20.62913144,8.333333333,61,15,39,E,1,0.021875,0.342532579,0.021173228,0.311359585,-0.141193027,-42.94655378,2.816112793,-0.465822267,2.328573497,0.14393789,2.116656115,-0.959845458,-291.9553145,19.14423915,-3.166710123,19.57900714,0.532442759,17.09980824,-6.879909225,-2382.008223,4.157601281,-64.58936415,1402,40,52,MA03,Wind_missed,3,M,0,Naive,5,Failure,FALSE,FALSE,85.86093066,15.64916431,0.1,100,205.0442706,2.434162201,0.325,325,709.0434413,1.81041597,4.417063787,2.194905232,28.08599409,24.66451091,582.576799,8514.002381,16.4897152
1402040MA04_f240,-41.12035971,62.61968834,30.25691937,-12.45675182,-341.2043152,1418.191772,80.79350543,0.315875053,-13.7588501,-1.557128906,37.15877056,-10.4876709,-61.90136719,0.022806394,-0.993398367,-0.11242577,0.509332837,-0.143753819,-0.848477991,1.57986612,0.414031448,-1.518706055,0.134487305,18.51667328,1.295947266,-12.53671875,240,0.008333333,1402040MA04,0.50856058,23.33821646,-58.04651114,105.7611598,-1.315162867,107.0763227,105.7611598,107.0763227,121.010621,105.7611598,105.7611598,1.57986612,1.57986612,0.50856058,0.228820527,23.33821646,,8.333333333,61,15,39,E,1,0.027083333,2.00264867,-0.209019989,1.308382268,1.501681784,-106.1105338,-48.06103714,0.063004133,13.61422212,-1.420940478,8.894524074,10.20859508,-721.3508777,-326.7241253,0.428308904,49.86518745,-5.996366441,31.20421551,30.26732891,-2521.985915,-1227.16449,4.709280824,1402,40,53,MA04,Wind_missed,4,M,0,Naive,6,Failure,FALSE,FALSE,-64.17393022,23.33910344,0.108333333,108.3333333,259.4094245,2.678231333,0.316666667,316.6666667,759.412248,1.57986612,4.333435687,2.174247984,27.72819016,23.58547826,582.576799,8514.002381,16.4897152
1402040MA05_f238,-13.01471659,79.03188672,34.9014701,15.58148193,-324.8433838,1422.814941,87.37010119,-1.912565231,-13.51226807,-1.988525391,45.69877625,-17.86538696,-49.82397461,-0.138681455,-0.979784097,-0.14418938,0.653508272,-0.255481199,-0.712500032,1.49530484,0.323031006,-1.459954834,-0.010927734,14.57557526,8.252490234,-9.270703125,238,0.025,1402040MA05,0.460927212,35.41605042,-45.43869057,111.3524157,8.056292693,103.296123,111.3524157,103.296123,123.8287282,111.3524157,111.3524157,1.49530484,1.543382955,0.460927212,0.594071834,,,25,61,15,39,E,1,0.017708333,0.334846247,-0.086842089,0.279645679,-0.162415377,-38.07622971,-13.64671941,1.538063106,2.276320978,-0.590361907,1.901061553,-1.104117289,-258.8463251,-92.77187357,10.45591924,19.10581928,-3.035522543,15.89307603,0.666941763,-2171.910696,-522.4508635,23.69362949,1402,40,60,MA05,Wind_missed,5,M,0,Naive,13,Failure,FALSE,FALSE,-23.53751397,25.21372657,0.133333333,133.3333333,281.5150527,2.663011235,0.316666667,316.6666667,712.6181265,1.480008517,4.638844461,1.850689453,27.36997953,24.33715717,582.576799,8514.002381,16.4897152
1402040PA01_f237,-7.997305989,102.8332894,-7.398362478,20.57477379,-300.9645386,1380.475586,103.4087911,-2.690864563,-13.24099731,2.787231445,41.84018135,-5.690551758,-52.07617188,-0.195044771,-0.95976116,0.202029834,0.624069586,-0.084877746,-0.77674508,1.98362048,0.130466309,-1.870352783,0.647695312,-1.76885376,1.576757813,33.78691406,237,0.033333333,1402040PA01,1.611551007,22.81615337,-50.96351657,97.74509655,11.48733955,86.257757,97.74509655,86.257757,101.7352957,97.74509655,97.74509655,1.98362048,1.976774436,1.611551007,0.67307615,22.81615337,,33.33333333,61,15,39,E,1,0.025,0.928936053,0.050296484,0.919427005,-0.122663917,-113.7515598,-1.059218422,0.981666193,6.315007693,0.341920934,6.250364157,-0.833882569,-773.2953989,-7.200681319,6.673472888,30.33923578,2.324308892,28.10598791,1.136985684,-3625.415105,113.7498821,63.70431689,1402,40,50,PA01,Wind_Near-miss,1,P,0,Naive,3,Pivot,TRUE,FALSE,-88.42395592,24.91818742,0.083333333,83.33333333,203.5918293,2.668820383,0.316666667,316.6666667,776.421805,2.085744518,4.375772715,2.293296116,26.61801836,23.2338776,582.576799,8514.002381,16.4897152
1402040PA02_f240,0.048709308,45.36529599,35.13556451,28.65994644,-358.4417114,1423.025635,57.38048751,-1.872701645,-12.6378479,-4.982666016,46.45079422,-15.67678833,-52.38232422,-0.136562947,-0.921589275,-0.363350754,0.647442894,-0.218507033,-0.730118056,1.309603271,-0.033382874,-1.291087646,0.216884766,27.78565979,9.073828125,-4.340039062,240,0.008333333,1402040PA02,0.139228538,26.95805534,-46.89629203,108.649146,8.428867224,100.2202787,108.649146,100.2202787,107.1680136,108.649146,108.649146,1.309603271,1.414955788,0.139228538,0.105573099,26.95805534,,8.333333333,61,15,39,E,1,0.039583333,0.323279456,-0.041413645,0.315158312,0.058904626,-47.20411608,-7.282157644,-0.163786546,2.197688685,-0.281534433,2.142480272,0.400440013,-320.8986832,-49.50489477,-1.113438646,19.78388311,-2.733631986,18.07381995,-1.243666521,-2624.748609,-481.0357991,-11.02572084,1402,40,58,PA02,Wind_Near-miss,2,P,0,Naive,11,Pivot,TRUE,FALSE,24.62257915,24.87409453,0.125,125,246.399517,2.580804244,0.366666667,366.6666667,800.9492969,1.414955788,3.820535528,1.504310576,27.14604707,23.82144936,582.576799,8514.002381,16.4897152
1402040PA03_f238,-1.446599532,68.7601946,25.84169532,27.25973892,-335.2033997,1413.739502,73.47006349,-3.04000473,-13.37380981,-2.435668945,41.63647079,-24.37463379,-52.38977051,-0.218241115,-0.960102177,-0.174856013,0.584610867,-0.342240241,-0.735596188,1.261205237,0.081808548,-1.258212891,0.029091797,24.36556091,1.680908203,-15.04160156,238,0.025,1402040PA03,1.273224382,17.35436796,-47.3576172,120.3453658,12.80631311,107.5390527,120.3453658,107.5390527,124.0654803,120.3453658,120.3453658,1.261205237,1.28728192,1.273224382,0.919104652,17.35436796,,25,61,15,39,E,1,0.016666667,0.431080348,-0.132717822,0.315228661,-0.26238738,-46.44846763,-18.45203845,0.292255394,2.9305308,-0.902230101,2.142958512,-1.78373777,-315.7617034,-125.4389518,1.986783761,22.18679657,-2.301899818,16.47662287,-0.959450201,-2303.447163,-357.2996229,-27.77284015,1402,40,59,PA03,Wind_Near-miss,3,P,0,Naive,12,Pivot,TRUE,FALSE,4.624327778,19.74999644,0.133333333,133.3333333,252.7105132,2.454924028,0.383333333,383.3333333,793.8180829,1.339219713,5.007468245,1.856307858,31.69536137,22.92144613,582.576799,8514.002381,16.4897152
1402040PB01_f240,-13.88553733,49.70564651,11.66408801,15.12895489,-354.1158447,1399.668457,52.91039964,-1.57143116,-13.73638916,2.238769531,50.59023762,-21.82095337,-37.85644531,-0.112196473,-0.980745743,0.159842857,0.756796649,-0.326427097,-0.566307499,1.562934094,0.125491447,-1.557886963,-0.001757813,17.12263184,15.67617187,-33.42480469,240,0.008333333,1402040PB01,1.74589369,16.64615701,-34.49313572,113.3318581,6.526216916,106.8056411,113.3318581,106.8056411,117.9372237,113.3318581,113.3318581,1.562934094,1.711142826,1.74589369,2.020297585,16.64615701,19.15043179,8.333333333,61,15,39,E,1,0.01875,1.393390933,0.036095266,1.283650621,-0.540810971,-174.9267534,-1.431892936,0.366037198,9.472422167,0.24537952,8.726395666,-3.676491437,-1189.170977,-9.73416295,2.488360433,35.88813565,1.083646195,32.7206033,-13.97427206,-4379.975256,-73.52603488,7.291529492,1402,40,75,PB01,Wind_Near-miss,1,P,0,Naive,17,Pivot,TRUE,FALSE,-7.043713204,25.01982734,0.141666667,141.6666667,298.369467,2.698067103,0.35,350,809.7069205,1.711142826,3.177235623,1.669927089,31.23627158,24.63232958,582.576799,8514.002381,16.4897152
1402040WA01_f240,-32.19037304,59.37530019,17.37964225,-3.59553051,-344.5765991,1405.37439,69.74022049,0.44901228,-13.72543335,0.240722656,26.56416988,-5.430664063,-67.39465332,0.032691374,-0.999311813,0.017526368,0.365674795,-0.074756974,-0.927735598,1.47900989,0.420754738,-1.385683594,0.300527344,21.59723969,5.278710937,-34.05234375,240,0.008333333,1402040WA01,0.928793997,13.92743604,-68.08454308,101.5540935,-1.873699453,103.4277929,101.5540935,103.4277929,118.4447004,101.5540935,101.5540935,1.47900989,1.563119068,0.928793997,,,,8.333333333,61,15,39,E,1,0.030208333,0.991134842,-0.045184917,0.985550901,-0.094847355,-123.8888646,-12.29412886,-1.217298114,6.737841787,-0.307171948,6.69988155,-0.644782573,-842.209892,-83.57681681,-8.275324156,33.24414634,-0.825290272,31.72677391,-2.142567068,-3886.876026,-293.0714146,-15.0707321,1402,40,48,WA01,Wind_success,1,W,0,Naive,2,Head-On,TRUE,TRUE,-80.90168297,10.05995495,0.05,50,135.5341148,2.579200781,0.133333333,133.3333333,334.3665463,1.563119068,4.684465133,2.47778526,29.90100507,23.90134426,582.576799,8514.002381,16.4897152
1402040WA02_f237,-26.18061072,97.90427905,8.532969537,2.357609034,-305.9231873,1396.406616,101.7029193,-0.071611881,-13.58258057,1.956298828,35.80683875,-8.725891113,-59.90576172,-0.005218412,-0.989772843,0.142556964,0.509092022,-0.124062378,-0.85172404,1.630421977,0.169040651,-1.607288818,0.215229492,20.1144433,5.070410156,1.2234375,237,0.033333333,1402040WA02,0.354484157,14.72663705,-58.39968351,103.6956572,0.302079603,103.3935776,103.6956572,103.3935776,109.6994576,103.6956572,103.6956572,1.630421977,1.662236632,0.354484157,0.365912142,14.72663705,,33.33333333,61,15,39,E,1,0.027083333,1.532624263,0.012189999,1.529900684,0.090512064,-196.2902307,-12.56963404,-0.479447336,10.4189454,0.082868933,10.40043021,0.615310793,-1334.402204,-85.4497308,-3.259334814,42.48362209,0.323169405,41.69433403,-0.368765382,-5108.812806,-312.8683843,-3.882058997,1402,40,54,WA02,Wind_success,2,W,0,Naive,7,Head-On,TRUE,TRUE,-7.721741085,23.81450618,0.1,100,226.077053,2.84129993,0.291666667,291.6666667,696.6759738,1.739746499,4.533590614,2.061866025,28.22188482,23.45605254,582.576799,8514.002381,16.4897152
1402040WA03_f237,14.26294707,67.01416408,3.177728967,42.79794693,-336.898407,1391.022461,68.58883151,-5.572486877,-12.3913269,0.466064453,45.15767288,-20.92739868,-46.54699707,-0.409902598,-0.911484801,0.034282904,0.662666571,-0.307099251,-0.683054218,1.121498701,-0.328339691,-0.701308594,0.811245117,10.702771,16.23647461,12.27304687,237,0.033333333,1402040WA03,1.446235894,23.63591593,-43.08277393,114.8643987,24.21386172,90.65053697,114.8643987,90.65053697,89.77627575,114.8643987,114.8643987,1.121498701,1.173409337,1.446235894,1.29658865,23.63591593,23.46649647,33.33333333,61,15,39,E,1,0.088541667,0.219791122,-0.129197028,0.152368415,-0.09165223,-21.07919005,-16.8383613,0.063620896,1.494163803,-0.87829536,1.035816955,-0.623061768,-143.2986124,-114.4690001,0.43250173,4.841154891,-0.289478431,3.632102233,-2.643856214,-534.2179035,-81.74513312,2.563468624,1402,40,55,WA03,Wind_success,3,W,0,Naive,8,Head-On,TRUE,TRUE,22.24483531,27.27655649,0.208333333,208.3333333,319.4465557,2.524333384,0.483333333,483.3333333,888.0396326,0.830735977,4.921465999,1.936955744,25.35429594,22.51251888,582.576799,8514.002381,16.4897152
1402040WA04_f239,-16.17865382,63.52043543,8.579962466,12.41885948,-340.4059143,1396.491211,66.10756623,-2.419390678,-13.64187622,0.42590332,46.98301125,-14.4387207,-46.14538574,-0.174542843,-0.984170059,0.030726074,0.696884313,-0.214165029,-0.684460076,1.592776386,-0.037027473,-1.516618652,0.485214844,-3.431304932,7.740527344,7.739648437,239,0.016666667,1402040WA04,1.854958903,19.45925056,-43.19315994,107.0831306,10.05685328,97.02627734,107.0831306,97.02627734,105.6845611,107.0831306,107.0831306,1.592776386,1.636161561,1.854958903,1.854958903,19.45925056,21.01740923,16.66666667,61,15,39,E,1,0.022916667,1.389769053,0.144716163,1.347044821,-0.309815271,-182.9784738,12.18257345,1.060817122,9.447800235,0.983796117,9.15735629,-2.106157702,-1243.907442,82.81845109,7.211549454,35.22811538,1.956023699,32.80884089,-6.361828384,-4385.079134,131.5315493,20.5025532,1402,40,56,WA04,Wind_success,4,W,0,Naive,9,Head-On,TRUE,TRUE,-44.51576666,28.31566325,0.116666667,116.6666667,257.5808526,2.535366876,0.358333333,358.3333333,835.8653445,1.592776386,4.624906814,2.086100981,27.98301082,23.51309068,582.576799,8514.002381,16.4897152
1402040WA05_f239,-41.00224172,74.48574791,24.70170213,-12.29208088,-329.4414368,1412.634399,88.54086376,-1.862867355,-13.71350098,-0.175048828,36.29650211,-14.58761597,-58.76464844,-0.134594823,-0.990820001,-0.012647527,0.514158164,-0.2066409,-0.83243073,1.302445318,0.352552185,-1.253719482,0.016069336,11.31557465,4.195019531,-18.66445313,239,0.016666667,1402040WA05,1.233896292,19.19614329,-56.34924849,111.8952648,7.735813638,104.1594512,111.8952648,104.1594512,127.6015133,111.8952648,111.8952648,1.302445318,1.311988391,1.233896292,1.218570541,19.19614329,19.19614329,16.66666667,61,15,39,E,1,0.029166667,1.183969313,-0.279300213,1.132387588,-0.203649394,-131.9629402,-41.51664956,-0.348377505,8.048751362,-1.898713039,7.698093219,-1.384430593,-897.0983311,-282.2346711,-2.368307931,31.11759568,-7.66292353,27.7263891,-5.9961103,-3183.3909,-1088.468929,-3.481935318,1402,40,57,WA05,Wind_success,5,W,0,Naive,10,Head-On,TRUE,TRUE,-95.5502916,20.43631674,0.133333333,133.3333333,285.8088126,2.503676952,0.158333333,158.3333333,341.5071216,1.325456799,3.584388117,2.128388697,27.66187726,22.79913253,582.576799,8514.002381,16.4897152
1402040WA06_f237,-39.86726005,76.5721742,15.55842972,-11.2948637,-327.3501282,1403.420898,87.71978694,0.88363266,-13.79180908,0.434692383,33.89335918,-6.750305176,-62.98901367,0.06390668,-0.997460566,0.031438117,0.471745801,-0.093954338,-0.876714595,1.206870029,0.130767288,-1.09111084,0.498911133,10.58888397,11.29790039,7.716796875,237,0.033333333,1402040WA06,0.580705175,43.65308776,-61.2485515,101.2638164,-3.665894535,104.9297109,101.2638164,104.9297109,108.0979958,101.2638164,101.2638164,1.206870029,1.263143248,0.580705175,1.08976797,,,33.33333333,61,15,39,E,1,0.0125,0.338788923,-0.023748394,0.313219637,-0.126914959,-33.66874012,-3.386977448,0.596858124,2.303123716,-0.161444148,2.129300949,-0.862781612,-228.8837345,-23.02503878,4.057506039,22.42795588,-9.923765926,16.08383918,0.87805487,-1943.824437,-1326.502698,24.93743723,1402,40,61,WA06,Wind_success,6,W,0,Naive,14,Head-On,TRUE,TRUE,-46.2390668,22.77626718,0.166666667,166.6666667,296.4962976,2.28743698,0.375,375,733.3799267,1.176875372,4.362629597,2.514459314,26.24312942,23.35982653,582.576799,8514.002381,16.4897152
1402040WA07_f238,-4.822144338,57.30611616,28.03902972,23.69210243,-346.6920776,1415.922607,63.9799282,-5.149801254,-12.43405151,1.917480469,47.55063438,-15.58154297,-45.38574219,-0.378822853,-0.914657213,0.141051156,0.703877621,-0.230648855,-0.671831378,0.797794213,-0.088127747,-0.787727051,0.090527344,9.484909058,-5.057226563,1.949414063,238,0.025,1402040WA07,1.616941222,22.67735399,-42.20856927,108.1430996,22.49783076,85.64526881,108.1430996,85.64526881,101.7596214,108.1430996,108.1430996,0.797794213,0.797794213,1.616941222,0.722805548,22.67735399,,25,61,15,39,E,1,0.022916667,0.610544154,-0.171516893,0.561276248,-0.168270891,-78.61667627,-28.13303414,0.711635935,4.15054515,-1.165990375,3.815616601,-1.143923707,-534.4446627,-191.2514069,4.837778002,16.25711952,-4.453842424,14.58445794,-4.795267312,-2031.732259,-718.3014644,22.63447173,1402,40,63,WA07,Wind_success,7,W,0,Naive,15,Head-On,TRUE,TRUE,28.49917722,30.43191002,0.2,200,312.1890672,2.68662772,0.45,450,922.0119632,0.810714345,4.695141821,1.596928497,25.42217827,21.13147562,582.576799,8514.002381,16.4897152
1402040WB01_f240,6.136080212,51.70952943,12.52358718,34.81298065,-352.1827087,1400.41687,53.55713912,-5.502065659,-12.95944214,1.153808594,48.65999603,-23.64608765,-38.1652832,-0.389492107,-0.917400978,0.081678295,0.734954575,-0.35714759,-0.576443728,1.61525041,-0.492061615,-1.504508057,0.321503906,16.45889282,9.733007812,-9.050976562,240,0.008333333,1402040WB01,1.258827101,19.75501166,-35.20080015,115.9172083,23.00415378,92.9130545,115.9172083,92.9130545,97.80645391,115.9172083,115.9172083,1.61525041,1.7514704,1.258827101,1.118424711,19.75501166,19.75501166,8.333333333,61,15,39,E,1,0.026041667,0.831049179,-0.114423393,0.574286605,-0.589699008,-81.561469,-17.03232219,2.128803231,5.649562141,-0.777862597,3.904062411,-4.008837594,-554.4636819,-115.7875672,14.47183446,30.09841988,-4.555227472,21.19755194,-11.06633377,-3088.194586,-731.223585,91.51171493,1402,40,74,WB01,Wind_success,1,W,0,Naive,16,Head-On,TRUE,TRUE,76.46455506,17.56651307,0.116666667,116.6666667,256.9648678,2.664693192,0.341666667,341.6666667,804.4497465,1.7514704,3.300868333,1.796876105,27.74686201,24.50440367,582.576799,8514.002381,16.4897152
1402040WB02_f236,8.826577902,94.11649183,-3.123804761,37.40369797,-309.8571777,1384.69043,94.58107986,-3.914131165,-13.1456604,1.994628906,46.64889145,-24.20080566,-41.41674805,-0.282399146,-0.948441203,0.143909715,0.697173295,-0.361683952,-0.618978283,1.343970406,-0.26808609,-1.250042725,0.414462891,11.92131958,2.979492187,-13.34882812,236,0.041666667,1402040WB02,0.970464745,21.61153234,-38.2415616,117.4196657,16.58094317,100.8387226,117.4196657,100.8387226,105.3152771,117.4196657,117.4196657,1.343970406,1.427118447,0.970464745,0.956565302,21.61153234,15.83262346,41.66666667,61,15,39,E,1,0.040625,0.442412263,0.032644448,0.395627988,-0.19529835,-55.23498028,1.925970822,0.347362877,3.007566382,0.221920483,2.689521826,-1.32765929,-375.4933661,13.09295782,2.361410384,19.1108819,0.011855489,16.69235598,-6.825802059,-2324.425161,-47.90080615,-0.295851734,1402,40,77,WB02,Wind_success,2,W,0,Naive,18,Head-On,TRUE,TRUE,41.04432632,23.36147823,0.15,150,277.5534492,2.548134244,0.416666667,416.6666667,855.1667011,1.312452608,3.671678903,1.861628888,28.03435441,23.19219801,582.576799,8514.002381,16.4897152
1402040WB03_f230,-9.835194465,132.2088076,-8.084741974,18.97751236,-271.7029724,1379.833618,132.820416,-5.123599052,-12.60354614,3.238769531,50.86854172,-28.31143188,-31.34643555,-0.366354485,-0.901195744,0.231582864,0.769346336,-0.428187946,-0.474089968,1.307623076,-0.048451996,-1.28894165,0.214848633,-1.363293457,0.925927734,-2.758007813,230,0.091666667,1402040WB03,1.178229031,24.0460245,-28.30011449,119.0985938,22.12274686,96.97584693,119.0985938,96.97584693,116.9458288,119.0985938,119.0985938,1.307623076,1.318810473,1.178229031,1.192281165,24.0460245,23.12980696,91.66666667,61,15,39,E,1,0.026041667,0.641673346,-0.239192933,0.568253738,-0.17781764,-72.64069066,-36.56564218,-0.764892903,4.362164759,-1.626059412,3.863050329,-1.208823533,-493.8192666,-248.5771878,-5.199824628,19.64601687,-8.851554495,16.2988829,-4.846469133,-2084.85569,-1251.004498,-24.95603583,1402,40,79,WB03,Wind_success,3,W,0,Naive,19,Head-On,TRUE,TRUE,10.82023399,28.78701766,0.241666667,241.6666667,396.9361416,2.228756325,0.35,350,626.21982,0.997170244,3.580242613,1.820836348,30.30770932,23.00335862,582.576799,8514.002381,16.4897152
1402040WB04_f234,-52.17054139,121.893942,-0.64441759,-23.35903168,-282.0267334,1387.26355,132.5907755,1.395751953,-13.52804565,3.037963867,42.76458168,-17.25228882,-52.84838867,0.10016131,-0.970793388,0.218008965,0.609716605,-0.245974743,-0.753486621,1.644469965,0.159227371,-1.538624268,0.558178711,-3.331741333,16.65637207,1.592578125,234,0.058333333,1402040WB04,5.970893594,17.38188928,-48.89330915,111.9703657,-5.890631491,117.8609972,111.9703657,117.8609972,117.8786933,111.9703657,111.9703657,1.644469965,1.773598722,,,17.38188928,17.38188928,58.33333333,61,15,39,E,1,0.033333333,0.714301418,-0.219803723,0.673472381,0.091366244,-84.61093299,-31.85166976,-0.010021834,4.855898246,-1.494249469,4.578338042,0.621117604,-575.1942678,-216.5310938,-0.068129511,24.44291696,-7.809678889,22.38843323,1.576292457,-2735.734444,-1088.8082,20.21699551,1402,40,80,WB04,Wind_success,4,W,0,Naive,20,Head-On,TRUE,TRUE,-48.15246395,29.15584987,0.166666667,166.6666667,345.027679,2.697731264,0.316666667,316.6666667,721.6411691,1.259964432,4.694851488,2.658992019,30.19143448,23.50289736,582.576799,8514.002381,16.4897152
1402040WB05_f210,-94.36849278,403.4349291,4.753510732,-65.69525146,-0.479402691,1392.603271,414.3522056,1.224189758,-13.6586369,-0.401855469,30.32334137,26.76509681,-55.2479248,0.089231378,-0.995580123,-0.029291306,0.442867275,0.390899715,-0.806886603,2.155066248,0.145611877,-2.123949298,0.334584961,,,,210,0.258333333,1402040WB05,0.829685722,,-53.79284993,48.56655411,-5.121593828,53.68814794,48.56655411,53.68814794,52.48845184,48.56655411,48.56655411,2.155066248,2.155066248,0.829685722,1.171202103,,,258.3333333,61,15,39,E,1,0.035416667,0.726384826,-0.377943466,0.620236473,0.010018418,-70.23811974,-48.1565773,-0.762984971,4.938042557,-2.569300532,4.216434585,0.068106292,-477.4863298,-327.3736175,-5.186854302,23.42604198,-13.23957847,18.83786564,0.813980176,-2128.533564,-1651.803362,-34.55498881,1402,40,81,WB05,Wind_success,5,W,0,Naive,21,Head-On,TRUE,TRUE,-80.46263262,19.39690713,,,,2.460745936,0.391666667,391.6666667,713.5708864,1.016841998,3.273990527,1.943475858,27.84701698,24.698739,582.576799,8514.002381,16.4897152
1402040WB06_f239,-31.10151381,74.01022912,17.81355505,-2.229098558,-329.8939209,1405.720459,82.23223772,-0.689433813,-13.69946289,2.181152344,48.00256658,-17.85217285,-47.30175781,-0.04963836,-0.98634396,0.157040204,0.688538658,-0.25606779,-0.678486406,1.29742608,-0.013878078,-1.240682373,0.379248047,-17.57792587,-3.784570312,27.96328125,239,0.016666667,1402040WB06,1.047051432,19.87022957,-42.72547837,110.400187,2.881014422,107.5191726,110.400187,107.5191726,109.7593122,110.400187,110.400187,1.29742608,1.26121044,1.047051432,0.992024665,19.87022957,19.87022957,16.66666667,61,15,39,E,1,0.033333333,0.836435459,-0.225439805,0.775778426,-0.216723341,-98.03844819,-34.46850361,-0.420212808,5.686178659,-1.532564159,5.273825588,-1.473308695,-666.4759674,-234.3206131,-2.856652091,24.60823086,-6.634898902,22.50421927,-4.763588711,-2873.656864,-1003.8491,4.310811219,1402,40,82,WB06,Wind_success,6,W,0,Naive,22,Head-On,TRUE,TRUE,-49.461336,31.75252397,0.2,200,374.8145738,2.47797032,0.375,375,766.8554963,1.29742608,3.867723525,1.700579927,30.02053235,22.13792925,582.576799,8514.002381,16.4897152
1402040WB07_f228,-38.14714872,130.7342415,19.93350194,-9.378787041,-273.1878052,1407.82251,137.6371729,-0.452892303,-13.88082886,-0.283447266,52.73599911,-15.57571411,-44.44067383,-0.032603038,-0.999260066,-0.020404944,0.745899462,-0.220303341,-0.628570147,1.215039911,0.149660454,-1.186164551,0.216650391,-4.058006287,3.413891602,11.25703125,228,0.108333333,1402040WB07,1.030337583,21.82872263,-38.9447092,106.4546422,1.868736796,104.5859054,106.4546422,104.5859054,113.6457523,106.4546422,106.4546422,1.215039911,1.234520268,1.030337583,0.423666517,21.82872263,,108.3333333,61,15,39,E,1,0.001041667,0.600903523,-0.237600685,0.547405705,-0.070554605,-73.23600759,-36.45442956,0.713233758,4.085007098,-1.615235141,3.72132315,-0.47963783,-497.8662954,-247.8211524,4.848640177,12.9324207,-7.891538472,9.214677733,1.103851519,-1287.622846,-1186.348031,-16.03874323,1402,40,84,WB07,Wind_success,7,W,0,Naive,23,Head-On,TRUE,TRUE,-39.40023919,36.90265152,0.283333333,283.3333333,431.4083802,2.528121075,0.433333333,433.3333333,774.5158786,0.839828063,3.610315432,1.590919794,28.60113009,23.33682006,582.576799,8514.002381,16.4897152
1402040WB08_f238,-16.97837013,78.59319526,18.20319191,11.86688805,-325.3211365,1406.109009,82.4409582,-3.111498833,-13.72467041,0.705932617,46.18097496,-20.60574341,-49.14709473,-0.220820147,-0.974026958,0.050099374,0.654886847,-0.292207567,-0.696949034,1.281279197,0.09651329,-1.204255371,0.426767578,18.48510132,18.88989258,-23.46679687,238,0.025,1402040WB08,2.150400114,20.14947108,-44.18273422,114.0462138,12.77351987,101.272694,114.0462138,101.272694,118.628307,114.0462138,114.0462138,1.281279197,1.497434565,2.150400114,2.224915763,20.14947108,20.82399488,25,61,15,39,E,1,0.022916667,0.857067282,-0.122454035,0.829895144,-0.175622847,-112.0611165,-22.16980434,-0.792579614,5.826436019,-0.832455769,5.64171689,-1.193903098,-761.8035822,-150.7127262,-5.388041881,25.42339679,-4.876409178,23.48372334,-4.632305009,-3156.448794,-836.742506,-12.56354072,1402,40,85,WB08,Wind_success,8,W,0,Naive,24,Head-On,TRUE,TRUE,-5.607635174,30.39761158,0.175,175,336.66677,2.396622793,0.375,375,762.8067897,1.217006279,4.085321651,2.08037504,28.0383637,23.62265293,582.576799,8514.002381,16.4897152
1402040WB09_f240,-28.66445611,60.30953935,21.01835759,0.226011172,-343.5944824,1408.875854,70.0047351,-1.871155635,-13.66775513,1.832641602,45.47652255,-22.68063354,-46.36157227,-0.134456478,-0.98213007,0.131688958,0.661102079,-0.329713292,-0.673968238,1.121080092,0.093382604,-1.117177734,0.003764648,6.88552258,3.620214844,-4.037695312,240,0.008333333,1402040WB09,2.017857746,22.92406345,-42.37407916,116.5069377,7.795498626,108.7114391,116.5069377,108.7114391,121.2850673,116.5069377,116.5069377,1.121080092,1.148520432,2.017857746,1.614318602,22.92406345,22.92406345,8.333333333,61,15,39,E,1,0.028125,0.994612839,-0.22485079,0.950707424,-0.186687484,-122.2700398,-34.39424979,-0.150611775,6.761485585,-1.528559977,6.463011824,-1.269121694,-831.2049464,-233.8158276,-1.023875125,27.27558298,-7.236714137,24.74736503,-4.247445637,-3168.687591,-1048.668509,-1.297929973,1402,40,86,WB09,Wind_success,9,W,0,Naive,25,Head-On,TRUE,TRUE,-21.36302375,35.44487688,0.216666667,216.6666667,386.6695073,2.507964756,0.4,400,793.7082816,1.148520432,3.556069457,1.533288598,31.25999118,23.16567634,582.576799,8514.002381,16.4897152
1402040WB10_f237,-12.18896083,88.29439855,20.19855357,16.56334114,-315.5837708,1408.037231,91.39175645,-3.181218147,-13.58505249,1.701904297,51.67868614,-20.29031372,-40.31225586,-0.226325061,-0.96649701,0.121080534,0.753213473,-0.295729996,-0.587548494,8.195712184,-6.267851028,1.633850098,5.021381836,-706.1242401,363.5165039,628.7748047,237,0.033333333,1402040WB10,1.145818973,22.4610055,-35.98323424,111.4361837,13.17950179,98.25668193,111.4361837,98.25668193,6.825935743,111.4361837,111.4361837,,,1.145818973,,22.4610055,,33.33333333,61,15,39,E,1,0.034375,0.566117132,-0.212670075,0.497253683,-0.167328481,-69.05941798,-32.58702617,-0.426494939,3.84852545,-1.445754157,3.380384283,-1.1375171,-469.4733878,-221.5301261,-2.899358692,20.63975717,-6.082042669,18.12646985,-4.460573435,-2494.079725,-965.9145818,6.954139146,1402,40,88,WB10,Wind_success,10,W,0,Naive,26,Head-On,TRUE,TRUE,-0.500117225,32.08148092,0.216666667,216.6666667,384.561022,2.549569251,0.433333333,433.3333333,873.909613,1.236130449,3.663698771,2.17617663,29.65178287,23.98227719,582.576799,8514.002381,16.4897152
1402040WB11_f232,-9.31852037,125.0490624,21.45355429,19.52802849,-278.7910461,1409.325928,127.2177575,-1.91125679,-13.69546509,-1.200805664,50.01932716,-13.6534729,-47.4362793,-0.1376964,-0.986689099,-0.086511984,0.711767369,-0.194286829,-0.675010993,1.255954785,0.096463623,-1.245596924,0.128862305,0.227664185,6.483691406,-1.613671875,232,0.075,1402040WB11,0.94623388,28.48390389,-42.45500388,105.2677395,7.944545578,97.32319393,105.2677395,97.32319393,109.6960972,105.2677395,105.2677395,1.255954785,1.310811559,0.94623388,0.903782645,28.48390389,28.48390389,75,61,15,39,E,1,0.033333333,0.741420841,-0.146267521,0.643875405,-0.337246404,-91.54715276,-26.43935279,1.181890823,5.040259011,-0.99434242,4.3771346,-2.292637508,-622.3474395,-179.737578,8.034621559,20.5943196,-4.815315914,17.76068374,-6.243357438,-2550.066732,-828.9059476,34.10522453,1402,40,89,WB11,Wind_success,11,W,0,Naive,27,Head-On,TRUE,TRUE,-14.32669847,35.40222527,0.266666667,266.6666667,455.8522583,2.542387574,0.45,450,870.8222149,1.104383463,3.710252161,1.524277645,29.17698894,22.81099924,582.576799,8514.002381,16.4897152
1403040MB01_f238,-88.17604171,58.85141462,59.89656499,-59.90493774,-345.0401306,1447.738525,121.7624812,-1.354286194,-13.51293945,-3.260620117,47.97755241,-15.4765625,-50.30407715,-0.096966223,-0.967519791,-0.23345879,0.673680606,-0.217315379,-0.706348687,0.928345569,0.409592285,-0.813702393,-0.178740234,20.04093018,4.998339844,-4.728515625,238,0.025,1403040MB01,0.176884786,,-44.93860567,107.8786238,5.723154581,102.1554692,107.8786238,102.1554692,134.5978749,107.8786238,107.8786238,0.928345569,0.928345569,0.176884786,0.176884786,,,25,57,11.9,35,E,1,0.025,0.306525088,-0.24184171,0.184414786,-0.038228311,-15.30926641,-20.95795655,0.598807209,2.62662691,-2.072352207,1.580258381,-0.327580072,-131.1857745,-179.5896478,5.131205206,21.51655342,-12.16306281,14.60703946,1.776003535,-1229.57565,-1192.122284,53.15612344,1403,40,56,MB01,Wind_missed,1,M,0,Naive,10,Failure,FALSE,FALSE,-98.77871151,29.98937732,0.191666667,191.6666667,365.9504179,2.482525511,0.366666667,366.6666667,743.1315094,0.962975697,4.706253675,2.028165142,25.74479192,22.46823025,469.2022214,7434.021429,15.05714697
1403040PA01_f236,-72.10612526,105.3691159,18.3407662,-43.96463013,-298.5371704,1406.076294,128.9896414,1.195014954,-13.83132935,0.161865234,13.2259903,24.62173462,-60.49145508,0.086072607,-0.99622065,0.011658568,0.198480792,0.36949531,-0.907787746,2.111033653,0.44177536,-2.005158691,-0.490546875,-0.621331787,-6.641015625,-2.337890625,236,0.041666667,1403040PA01,2.608492393,16.56071477,-65.20140247,28.2432373,-4.938043224,33.18128052,28.2432373,33.18128052,40.66811009,28.2432373,28.2432373,2.111033653,2.055104556,2.608492393,2.608492393,16.56071477,17.85191873,41.66666667,57,11.9,35,E,1,0.013541667,1.097331145,-0.014012349,1.09558289,-0.060311094,-95.63774755,-9.285423658,-1.348720161,9.403078655,-0.120072433,9.388097777,-0.51680841,-819.5240483,-79.56720209,-11.55724214,37.83452351,-8.411577618,31.21733089,0.137675739,-2749.944598,-895.893063,-118.0346145,1403,40,42,PA01,Wind_Near-miss,1,P,0,Naive,1,Pivot,TRUE,FALSE,-88.92712727,6.894757483,,,,2.515837382,0.125,125,306.8376244,2.354739562,2.641374096,1.325746474,29.41172847,21.12288802,469.2022214,7434.021429,15.05714697
1403040WA01_f240,-52.47198883,40.36934119,37.13193176,-24.24522018,-363.5825195,1424.911133,75.90634806,2.993755341,-13.31460571,-2.512451172,21.87940979,9.873443604,-64.8190918,0.215744813,-0.959516325,-0.181059655,0.316537957,0.14284296,-0.937763089,1.713235775,0.480971832,-1.630187988,-0.215244141,-16.35309448,4.412988281,27.33398437,240,0.008333333,1403040WA01,3.396107767,20.02324406,-69.67922694,65.71194043,-12.67206473,78.38400515,65.71194043,78.38400515,82.15014575,65.71194043,65.71194043,1.713235775,1.794702914,3.396107767,3.082416542,20.02324406,20.49736529,8.333333333,57,11.9,35,E,1,0.020833333,1.085242322,-0.277127038,1.048152566,0.048246246,-113.8508011,-33.99707339,-0.983427876,9.299488995,-2.374713725,8.981665254,0.413424191,-975.592502,-291.3224112,-8.42703655,33.57075589,-10.10275356,30.53371642,3.167629962,-3299.31286,-1222.172114,-37.62652084,1403,40,43,WA01,Wind_success,1,W,0,Naive,2,Head-On,TRUE,TRUE,-92.3581027,8.421035475,0.033333333,33.33333333,114.8647158,2.41999005,0.35,350,802.4562586,1.794702914,4.973123046,2.446521245,32.41685125,23.77761928,469.2022214,7434.021429,15.05714697
1403040WA02_f239,-50.92939326,70.51366679,37.18781764,-22.71778679,-333.441925,1424.950806,94.59870022,2.796642303,-13.64358521,-0.105102539,33.6319046,-5.141235352,-59.42407227,0.200797736,-0.979603656,-0.007546318,0.491159523,-0.075082477,-0.867827716,1.580140369,0.576791611,-1.469787598,-0.062285156,7.154269409,7.042675781,-2.0109375,239,0.016666667,1403040WA02,0.837877214,11.84063397,-60.20717903,98.6913949,-11.58394676,110.2753417,98.6913949,110.2753417,120.1180236,98.6913949,98.6913949,1.580140369,1.614243148,0.837877214,1.003359193,,,16.66666667,57,11.9,35,E,1,0.019791667,0.513012707,-0.154843774,0.481090838,-0.08807411,-53.79586553,-18.56442929,0.1245686,4.396028359,-1.326863085,4.122488464,-0.754710905,-460.9791283,-159.0794079,1.067433792,31.77232051,-13.97602214,23.78300306,6.241283667,-2989.904801,-1801.920015,-2.107199678,1403,40,44,WA02,Wind_success,2,W,0,Naive,3,Head-On,TRUE,TRUE,-74.34075105,29.21059377,0.091666667,91.66666667,232.0701028,2.764166605,0.183333333,183.3333333,458.6067225,1.580140369,4.804838308,3.12489718,26.39225947,24.79607404,469.2022214,7434.021429,15.05714697
1403040WA03_f237,-74.87480098,79.57056855,56.81357442,-46.6159668,-324.3430481,1444.619263,123.148258,1.74961853,-13.16186523,-4.491943359,38.86942101,6.778076172,-55.44873047,0.124822096,-0.938999889,-0.320466305,0.571156246,0.099598616,-0.814776447,1.547510879,0.543197937,-1.336486816,-0.559936523,16.13853149,2.135302734,-4.635351562,237,0.033333333,1403040WA03,4.039115089,21.42820024,-54.56526346,80.10818796,-7.571986938,87.6801749,80.10818796,87.6801749,102.2268412,80.10818796,80.10818796,1.547510879,1.547510879,4.039115089,3.108493678,21.42820024,20.73821635,33.33333333,57,11.9,35,E,1,0.027083333,0.633116098,-0.360435585,0.519809054,-0.026846417,-50.53523921,-38.5404704,0.302456588,5.425199578,-3.088588318,4.454266553,-0.230048119,-433.0386786,-330.2549792,2.591763756,27.05098174,-16.40470857,19.61158769,-0.640080017,-1972.995529,-1762.597736,12.63223988,1403,40,45,WA03,Wind_success,3,W,0,Naive,4,Head-On,TRUE,TRUE,-101.5656447,19.46938501,0.091666667,91.66666667,211.6279033,2.501645948,0.233333333,233.3333333,502.0540927,1.683288746,4.84751539,2.193573281,28.18392038,24.32185038,469.2022214,7434.021429,15.05714697
1403040WA04_f240,-17.80432777,44.96010254,44.281794,10.28524494,-358.9830933,1431.989624,65.56891174,-1.106734276,-13.96356201,-1.917724609,38.28023815,4.842315674,-54.50537109,-0.078280716,-0.987660408,-0.135643088,0.573223187,0.07251072,-0.816184644,1.77374379,0.141837387,-1.727493896,-0.376582031,-14.72989883,9.147216797,-9.140625,240,0.008333333,1403040WA04,0.528987806,-41.76109105,-54.70466576,82.79057594,4.531717573,78.25885837,82.79057594,78.25885837,87.48436706,82.79057594,82.79057594,1.77374379,1.847609449,0.528987806,1.240484023,,,8.333333333,57,11.9,35,E,1,0.019791667,0.890998651,-0.486562929,0.681312168,-0.304875127,-89.28012252,-66.94163838,2.514980259,7.635006475,-4.169379051,5.838193812,-2.612488318,-765.0452809,-573.6258318,21.55097601,50.64191479,-17.44819874,35.36488513,1.507734042,-4637.234058,-2521.858483,191.4396681,1403,40,46,WA04,Wind_success,4,W,0,Naive,5,Head-On,TRUE,TRUE,-10.56243557,12.97409298,0.058333333,58.33333333,151.9823495,2.496563593,0.366666667,366.6666667,852.5291381,1.847609449,3.738672057,2.383162688,26.24776804,21.95392296,469.2022214,7434.021429,15.05714697
1403040WA05_f236,-74.62760173,103.8005332,42.38297017,-46.41683578,-300.1105042,1430.139648,134.6853585,1.586143494,-13.80014038,-1.605712891,44.43416095,5.238250732,-50.38208008,0.113429716,-0.986888017,-0.114829181,0.659447262,0.077740865,-0.747720313,1.890077845,0.198964691,-1.873040771,-0.156606445,-2.103991699,4.072851562,-4.391015625,236,0.041666667,1403040WA05,0.549025699,19.64334704,-48.3932884,83.27655174,-6.556620573,89.83317232,83.27655174,89.83317232,89.34008607,83.27655174,83.27655174,1.890077845,,0.549025699,0.376655498,19.64334704,,41.66666667,57,11.9,35,E,1,0.020833333,0.846281585,-0.357216197,0.765396579,-0.052508912,-78.05268585,-39.14981423,0.282622532,7.251823974,-3.06100124,6.558716819,-0.44995117,-668.8368843,-335.4764732,2.421804859,27.54581593,-11.03121722,23.31137618,-0.693583203,-2372.484689,-1247.893322,13.88212537,1403,40,47,WA05,Wind_success,5,W,0,Naive,6,Head-On,TRUE,TRUE,-90.67184785,21.13498293,0.1,100,246.9347838,2.550118991,0.116666667,116.6666667,285.1750005,1.743482724,4.82489435,2.350532703,29.93172248,22.84352589,469.2022214,7434.021429,15.05714697
1403040WA06_f235,-74.06909601,101.2573063,55.84329543,-45.83911896,-302.6537476,1443.584351,137.3235112,2.907745361,-12.86279297,-4.468017578,46.97182631,3.095397949,-49.59191895,0.208834144,-0.923805225,-0.320892826,0.686962544,0.045270168,-0.725281376,1.508877822,0.456750183,-1.405327148,-0.305200195,9.339202881,26.32675781,-10.14433594,235,0.05,1403040WA06,1.076601692,27.10732424,-46.49226003,86.22971493,-12.73810274,98.96781766,86.22971493,98.96781766,104.234572,86.22971493,86.22971493,1.508877822,1.682848868,1.076601692,0.889305717,27.10732424,27.03457352,50,57,11.9,35,E,1,0.03125,0.584114173,-0.353736203,0.457287908,0.083353675,-52.07926404,-43.1911616,-0.963276769,5.00529994,-3.031181019,3.91852012,0.714261288,-446.269495,-370.1069558,-8.254360833,24.38625842,-14.59232544,17.88643668,2.916682849,-2006.094678,-1744.933387,9.659899259,1403,40,48,WA06,Wind_success,6,W,0,Naive,7,Head-On,TRUE,TRUE,-102.4946888,28.36585276,0.175,175,375.3697302,2.606881209,0.241666667,241.6666667,521.3116635,1.330411028,4.609396617,2.721078946,29.03261794,23.30276269,469.2022214,7434.021429,15.05714697
1403040WB01_f240,-100.1098618,53.4323103,25.2951711,-71.95942688,-350.4534912,1413.086182,116.2619537,2.839874268,-13.62069702,0.743652344,25.163517,2.296875,-60.640625,0.203816883,-0.97755314,0.053371695,0.383038577,0.034962988,-0.92307044,1.644457183,0.320137024,-1.595789795,0.234960938,0.218188477,0.228076172,-4.839257812,240,0.008333333,1403040WB01,1.644553104,21.8901126,-67.37916935,84.78460925,-11.77727517,96.56188442,84.78460925,96.56188442,96.12833839,84.78460925,84.78460925,1.644457183,1.65218797,1.644553104,1.644553104,21.8901126,21.51213072,8.333333333,57,11.9,35,E,1,0.025,0.660783906,-0.122586542,0.648158186,0.038715319,-39.1011495,-9.054167749,0.269416781,5.662286239,-1.050449445,5.554095893,0.331753268,-335.059463,-77.58556007,2.308644201,27.48128621,-7.148831471,24.86622759,0.948263247,-1509.950804,-536.4090346,24.10728465,1403,40,54,WB01,Wind_success,1,W,0,Naive,8,Head-On,TRUE,TRUE,-136.5959998,13.75821269,0.083333333,83.33333333,229.2229864,3.0724312,0.191666667,191.6666667,503.326175,1.65218797,4.610893984,2.850865786,31.06045699,24.67781393,469.2022214,7434.021429,15.05714697
1403040WB02_f240,-26.24325148,50.65353527,39.68820674,1.874961257,-353.2936707,1427.512207,69.49563035,-1.702758044,-13.13226318,-4.169799805,41.70464766,-7.19934082,-52.4465332,-0.122648909,-0.945911107,-0.300348835,0.61883232,-0.106827057,-0.77822525,1.334380525,0.068484521,-1.320531006,-0.179106445,6.13775425,4.81640625,10.9265625,240,0.008333333,1403040WB02,1.002235404,24.53992098,-51.09836692,99.79425995,7.387878056,92.40638189,99.79425995,92.40638189,102.7630367,99.79425995,99.79425995,1.334380525,1.385628889,1.002235404,1.002235404,24.53992098,22.74655004,8.333333333,57,11.9,35,E,1,0.022916667,0.898224872,-0.40253091,0.793832207,-0.120860315,-103.6830686,-58.63732826,-1.443298293,7.69692828,-3.449305,6.802382953,-1.035657337,-888.4647565,-502.4658346,-12.3676863,26.43156634,-12.06858043,22.14460444,-3.555539581,-2884.205921,-1787.689315,-34.62098399,1403,40,55,WB02,Wind_success,2,W,0,Naive,9,Head-On,TRUE,TRUE,3.720359214,15.69682322,0.108333333,108.3333333,234.7705603,2.462424969,0.358333333,358.3333333,781.3290843,1.385628889,3.679751693,1.800809426,28.66150369,23.42005489,469.2022214,7434.021429,15.05714697
1403040WB03_f180,-122.5526256,940.7838985,51.82007554,-94.33061981,536.942627,1439.647339,950.1467307,1.26335144,-13.74151611,-0.986816406,3.990684509,52.52996826,-31.95263672,0.09131754,-0.99326395,-0.071329041,0.064769041,0.852564435,-0.51859315,2.185666477,-0.144976501,-2.106254883,0.565517578,2.803820801,-8.640527344,4.828710938,180,0.508333333,1403040WB03,2.599391504,23.45114222,-31.23792998,4.344396718,-5.252825963,9.597222681,4.344396718,9.597222681,0.406857747,4.344396718,4.344396718,2.185666477,2.107707589,2.599391504,2.643936039,23.45114222,24.02169039,508.3333333,57,11.9,35,E,1,0.039583333,0.581665406,-0.432030301,0.389385151,-0.007979271,-44.0467301,-49.02868944,-1.735600132,4.984316349,-3.702086573,3.336658414,-0.068374725,-377.4383597,-420.1289876,-14.87243356,25.01661528,-15.43730385,17.44491076,-1.817308965,-1796.317425,-1738.296772,-22.0051742,1403,40,57,WB03,Wind_success,3,W,0,Naive,11,Head-On,TRUE,TRUE,-86.75387541,10.61124898,,,,2.147587247,0.5,500,933.4142518,,2.812322314,2.627699799,24.02169039,22.6422813,469.2022214,7434.021429,15.05714697
1403040WB04_f232,-63.39962999,116.749313,63.44173964,-35.16349792,-287.0715027,1451.281372,147.2235358,-0.76166153,-12.78668213,-5.747802734,55.73630905,3.633270264,-34.40368652,-0.054250084,-0.910743886,-0.409392847,0.849639801,0.055385279,-0.524447023,1.263609103,0.169657288,-1.212908936,-0.311088867,11.19226685,6.96796875,1.573242187,232,0.075,1403040WB04,3.118597034,22.93824448,-31.63102458,86.27034973,3.408897299,82.86145243,86.27034973,82.86145243,94.23301217,86.27034973,86.27034973,1.263609103,1.311450024,3.118597034,2.406604079,22.93824448,22.61426337,75,57,11.9,35,E,1,0.017708333,0.379780376,-0.209791763,0.303088523,-0.091421537,-30.83912,-21.18234725,0.905913029,3.254354681,-1.797714811,2.597178831,-0.783395154,-264.2617703,-181.5124615,7.762808434,20.48423561,-10.21518175,14.97485668,2.881504364,-1650.161954,-1264.489051,79.35520479,1403,40,58,WB04,Wind_success,4,W,0,Naive,12,Head-On,TRUE,TRUE,-89.71736636,29.7214415,0.233333333,233.3333333,380.0046811,2.179176952,0.458333333,458.3333333,802.2900346,0.79898651,4.415159689,1.549871567,26.96463015,22.78875548,469.2022214,7434.021429,15.05714697
1403040WB05_f238,-7.948742486,51.58306782,50.21220795,20.28258896,-352.321991,1437.980713,72.42417566,-3.25173378,-12.36572266,-5.182861328,48.02874374,-12.50588989,-44.46582031,-0.235690487,-0.896285919,-0.375661476,0.72076188,-0.187674463,-0.667293495,0.976792319,-0.248171997,-0.899348145,-0.289321289,-0.753057861,9.961523437,-6.77109375,238,0.025,1403040WB05,3.990574515,20.84865553,-41.85851752,104.5947931,14.73314602,89.86164707,104.5947931,89.86164707,89.16813499,104.5947931,104.5947931,0.976792319,1.038165238,3.990574515,3.550572066,20.84865553,20.84865553,25,57,11.9,35,E,1,0.035416667,0.410324524,-0.334902936,0.17407113,-0.160951794,-24.28199938,-47.60678175,-0.274810347,3.51608882,-2.869797929,1.491623138,-1.379202977,-208.0735164,-407.9445983,-2.354861903,20.38430552,-14.82911885,10.61306037,-5.931476816,-1518.695012,-2196.46572,37.901864,1403,40,59,WB05,Wind_success,5,W,0,Naive,13,Head-On,TRUE,TRUE,52.13175538,23.4783958,0.183333333,183.3333333,294.7812008,2.256663395,0.433333333,433.3333333,771.5830673,0.912464542,4.24644425,2.029752661,24.46126824,21.99971933,469.2022214,7434.021429,15.05714697
1403040WB06_f236,-25.18042968,104.440088,41.02897127,2.994086504,-299.4621277,1428.85022,115.0007065,-2.806703359,-13.33416748,-3.319580078,48.07841563,0.274169922,-45.8996582,-0.200123185,-0.950751013,-0.236692251,0.723299608,0.004124657,-0.690522023,1.619384548,0.101814423,-1.613770752,-0.088227539,4.841019058,2.797558594,-1.091601563,236,0.041666667,1403040WB06,2.709815567,17.38210702,-43.67144569,89.67327107,11.88664274,77.78662834,89.67327107,77.78662834,93.28333468,89.67327107,89.67327107,1.619384548,1.640147477,2.709815567,2.640371893,17.38210702,17.03532564,41.66666667,57,11.9,35,E,1,0.026041667,0.906875577,-0.448138839,0.766384833,-0.185065341,-103.854468,-66.40238807,-0.810828942,7.771056545,-3.840121343,6.567185208,-1.585833014,-889.9334858,-569.0049722,-6.948028721,28.1788436,-14.10587214,22.20206677,-3.479351238,-3005.463905,-2056.931077,-6.825837021,1403,40,60,WB06,Wind_success,6,W,0,Naive,14,Head-On,TRUE,TRUE,8.91980036,17.52815516,0.133333333,133.3333333,277.3943329,2.254800941,0.458333333,458.3333333,931.1274837,1.585444006,4.679287281,2.646571813,24.83966116,21.70826782,469.2022214,7434.021429,15.05714697
1403040WB07_f217,-56.43123162,276.3676245,89.92602183,-28.17088509,-127.5051956,1477.83313,296.0578275,-0.76506424,-13.80342865,-2.513061523,61.58107948,7.761512756,-10.29589844,-0.054448428,-0.982368469,-0.178850666,0.978775955,0.123362275,-0.163644059,1.640509834,0.189267197,-1.45657196,-0.730649414,13.45149536,-15.87513428,-3.872460938,217,0.2,1403040WB07,1.615921448,16.1942506,-9.418474181,82.8164728,3.172410898,79.6440619,82.8164728,79.6440619,90.22001342,82.8164728,82.8164728,1.640509834,1.544064834,1.615921448,1.615921448,16.1942506,16.1942506,200,57,11.9,35,E,1,0.017708333,0.688999973,-0.454950934,0.508963684,-0.093255446,-44.96237847,-45.45846897,-3.330247155,5.904070948,-3.898494483,4.361332105,-0.799109999,-385.2845907,-389.535612,-28.53703376,22.64867484,-15.40768782,15.74651215,-2.532513538,-1401.7795,-1538.164836,-100.7282951,1403,40,61,WB07,Wind_success,7,W,0,Naive,15,Head-On,TRUE,TRUE,-53.38551013,25.94067786,0.3,300,463.5467272,2.273643489,0.383333333,383.3333333,622.8579047,1.236361958,4.648731892,2.766947818,23.40426379,19.62184901,469.2022214,7434.021429,15.05714697
1403040WB08_f221,-5.267362563,147.1689753,32.20842015,23.04523659,-256.6803894,1420.03833,150.7442693,-6.129810333,-12.32116699,-1.24621582,55.39233208,-12.39053345,-23.90234375,-0.443608603,-0.891671256,-0.090187466,0.89939236,-0.201182198,-0.388096774,0.88086624,-0.172058716,-0.84347168,-0.18675293,20.53292542,4.339819336,-17.23359375,221,0.166666667,1403040WB08,3.631581095,22.56258898,-22.83612682,102.608748,26.45045598,76.15829205,102.608748,76.15829205,91.07923763,102.608748,102.608748,0.88086624,0.945190562,3.631581095,3.204844567,22.56258898,23.10613662,166.6666667,57,11.9,35,E,1,0.058333333,0.28343464,-0.231378058,0.129529332,-0.100107648,-9.967820008,-18.96441467,-2.229792689,2.428763842,-1.982688715,1.109942522,-0.857826824,-85.41468631,-162.5069001,-19.10719123,19.66139366,-16.58836253,7.783770446,-6.033327397,-643.6954855,-1501.989342,-164.0919174,1403,40,62,WB08,Wind_success,8,W,0,Naive,16,Head-On,TRUE,TRUE,0.819610389,27.81948989,0.35,350,457.3925378,2.421025175,0.408333333,408.3333333,585.7846014,0.819724664,4.591115205,2.866865045,24.70996733,21.49527152,469.2022214,7434.021429,15.05714697
1403040WC01_f228,-16.31043865,163.1377672,25.1592069,11.96337414,-240.7209167,1412.940308,165.8702722,-3.769124985,-13.36329651,0.424560547,52.86654377,-3.713088989,-34.19506836,-0.271332685,-0.962000236,0.030563368,0.838205774,-0.058871498,-0.542167157,0.291200911,0.255215721,0.110800781,0.085942383,122.5813705,385.3399658,22.56328125,228,0.108333333,1403040WC01,0.900491407,25.67805597,-32.83128885,94.01757943,15.75113423,78.2664452,94.01757943,78.2664452,-152.5145576,94.01757943,94.01757943,0.291200911,1.673302701,0.900491407,0.618383122,25.67805597,27.6258199,108.3333333,57,11.9,35,E,1,0.038541667,0.582317593,-0.360802416,0.425290918,-0.167460534,-46.89596995,-42.73236338,-1.832266939,4.989904964,-3.091731711,3.644336509,-1.43497665,-401.8536208,-366.1754938,-15.70077567,23.30958519,-14.4957386,15.78331504,-6.877646717,-1716.675504,-1654.928914,-54.96445516,1403,40,70,WC01,Wind_success,1,W,0,Naive,17,Head-On,TRUE,TRUE,-4.070963003,26.09769588,0.216666667,216.6666667,388.3791842,3.100181304,0.1,100,141.9205369,1.146326941,4.155517805,2.140254459,30.18076611,22.27428799,469.2022214,7434.021429,15.05714697
1403040WC02_f189,-23.64354337,841.543203,-85.55065002,4.55660677,437.7684937,1302.304565,846.2109036,-2.877889752,-13.55224609,1.317016602,5.421107769,51.246521,-29.48388672,-0.206790979,-0.973797636,0.094634324,0.091309301,0.863160112,-0.496605711,2.447318578,-0.261453667,-2.414564209,0.301479492,-5.232176971,-4.951318359,1.007226563,189,0.433333333,1403040WC02,3.174329432,22.67963002,-29.77568856,6.038570004,11.98896038,-5.950390374,6.038570004,5.950390374,-0.141448976,6.038570004,6.038570004,2.447318578,2.401234501,3.174329432,3.183312397,22.67963002,22.63044334,433.3333333,57,11.9,35,E,1,0.025,0.442704478,-0.181397919,0.385399523,-0.120620303,-51.79043347,-27.91769299,-0.965017905,3.793554067,-1.554406715,3.302505397,-1.03360066,-443.7944932,-239.2279342,-8.269280701,15.44233825,-6.597213241,12.35720175,-3.86847756,-1646.957925,-1039.009695,-31.04873794,1403,40,71,WC02,Wind_success,2,W,0,Naive,18,Head-On,TRUE,TRUE,3.304498681,6.764946275,,,,2.585422192,0.375,375,703.1013671,,3.521752451,3.066806939,24.61602614,23.33672175,469.2022214,7434.021429,15.05714697
1403040WC03_f217,-33.79662522,244.7916843,32.16290029,-5.562576294,-159.0418243,1419.97229,249.197979,-4.930441856,-12.89808655,-1.364257813,61.60996628,1.618179321,-13.13330078,-0.355332886,-0.929554481,-0.098320938,0.977703209,0.025679273,-0.208415474,1.235392611,0.064289532,-1.2069104,-0.255791016,14.81268768,0.011865234,8.558789062,217,0.2,1403040WC03,1.196037144,6.773767899,-12.02951112,88.49547824,20.91993044,67.5755478,88.49547824,67.5755478,91.54461992,88.49547824,88.49547824,1.235392611,1.251948002,1.196037144,1.646723756,,,200,57,11.9,35,E,1,0.029166667,0.469528764,-0.27021459,0.344877485,-0.168821964,-26.78229711,-25.825263,-1.868578275,4.023412546,-2.315480661,2.955270279,-1.446642803,-229.4986772,-221.2978099,-16.01192909,20.58079377,-9.931127336,14.78896283,-6.464926197,-1144.624056,-1048.256348,-60.62042295,1403,40,72,WC03,Wind_success,3,W,0,Naive,19,Head-On,TRUE,TRUE,-47.36976295,34.3909959,0.35,350,523.6763941,2.650553506,0.391666667,391.6666667,624.98629,1.212051297,4.675699053,2.400864447,24.99529535,21.87999281,469.2022214,7434.021429,15.05714697
1403040WC04_f211,-46.04774342,255.3094762,74.77030309,-17.79787064,-148.5262909,1462.562012,269.9887433,-3.761339188,-13.15293884,-2.720581055,59.9670105,-9.358032227,-9.001953125,-0.269667097,-0.94299255,-0.195050528,0.977349916,-0.152518392,-0.14671497,1.306689848,0.065237503,-1.276812744,-0.270058594,-5.078622437,-1.714086914,2.3203125,211,0.25,1403040WC04,1.174912885,24.19377551,-8.436601924,98.86964087,15.95891346,82.91072741,98.86964087,82.91072741,101.7945694,98.86964087,98.86964087,1.306689848,1.306689848,1.174912885,0.983415852,24.19377551,22.36418419,250,57,11.9,35,E,1,0.010416667,0.362103544,-0.291240771,0.197338557,-0.085762951,-13.98234998,-21.49551676,-1.914513256,3.102881131,-2.495654923,1.691002743,-0.734906486,-119.8153695,-184.1960247,-16.40554796,20.86227593,-17.77328526,10.11345722,-2.352379225,-755.6608163,-1368.604325,-123.2013573,1403,40,73,WC04,Wind_success,4,W,0,Naive,20,Head-On,TRUE,TRUE,-68.14654373,29.88325888,0.366666667,366.6666667,459.7544093,2.17277188,0.416666667,416.6666667,560.2979102,1.063435428,5.061673584,1.918987027,29.96808322,22.5061302,469.2022214,7434.021429,15.05714697
1403040WC05_f212,-15.35560108,294.4327939,38.66254018,12.859025,-109.4177246,1426.482178,297.3571197,-4.737056732,-13.18709564,1.029663086,59.70674038,-4.584022522,-17.50683594,-0.337159707,-0.93859068,0.073286204,0.957006251,-0.073474756,-0.280607371,1.401081837,-0.100638771,-1.395004578,-0.082851563,-1.92462616,-3.625488281,0.99140625,212,0.241666667,1403040WC05,1.122613053,17.20064296,-16.29645781,94.39030679,19.75925795,74.63104884,94.39030679,74.63104884,90.26400879,94.39030679,94.39030679,1.401081837,1.401081837,1.122613053,1.409995681,17.20064296,20.40324269,241.6666667,57,11.9,35,E,1,0.040625,0.392349113,-0.306886143,0.236185396,-0.06304903,-20.97623679,-30.11777637,-2.126303195,3.362056735,-2.629720806,2.023883003,-0.540269899,-179.7462919,-258.0805451,-18.22038522,24.79038611,-15.13811523,17.33299039,-4.301708292,-1196.099708,-1968.686072,-37.05439232,1403,40,74,WC05,Wind_success,5,W,0,Naive,21,Head-On,TRUE,TRUE,-25.79085387,37.60734345,0.383333333,383.3333333,582.0811571,2.368425852,0.491666667,491.6666667,816.9941464,1.077157243,4.2288351,2.122791773,23.30307153,20.71356848,469.2022214,7434.021429,15.05714697
1403040WC06_f217,-15.08638635,268.2332346,61.40263468,13.3387022,-135.5018768,1449.253052,275.5847433,-4.483083725,-13.2144928,-0.87121582,59.32908344,-0.46496582,-16.77697754,-0.320645996,-0.94514724,-0.062312435,0.962239317,-0.007541131,-0.272100401,1.581165816,0.054079056,-1.566114807,-0.210820313,4.775564575,-2.602990723,-1.242773438,217,0.2,1403040WC06,0.956427487,32.64232935,-15.78929127,90.44902149,18.73976607,71.70925542,90.44902149,71.70925542,92.42669963,90.44902149,90.44902149,1.581165816,1.581165816,0.956427487,1.137880772,32.64232935,27.92891272,200,57,11.9,35,E,1,0.020833333,0.443471792,-0.225221598,0.36148931,-0.123563511,-37.23226839,-25.64042208,0.901886043,3.800129215,-1.929933737,3.097617733,-1.058821137,-319.0449388,-219.7139,7.728301008,17.13895089,-9.914735776,11.1709902,-2.522129989,-1171.770341,-1137.196365,14.73648998,1403,40,75,WC06,Wind_success,6,W,0,Naive,22,Head-On,TRUE,TRUE,-22.47026783,32.40528712,0.316666667,316.6666667,488.1660521,2.269677909,0.475,475,820.6678254,0.936423213,4.658611781,1.365018645,28.0152046,22.18380995,469.2022214,7434.021429,15.05714697
1403040WC07_f212,-40.39249129,332.9519922,58.94385147,-11.70114899,-70.61398315,1446.977417,340.5333465,-3.561434746,-13.41266632,-0.449951172,57.29390335,0.965484619,-17.45483398,-0.256499999,-0.966000823,-0.032406174,0.956467919,0.016117859,-0.291392064,1.69824662,0.229231339,-1.677761993,-0.128876953,-3.67182312,9.599304199,3.8109375,212,0.241666667,1403040WC07,1.246892261,18.97674888,-16.94131524,89.03457514,14.87047564,74.1640995,89.03457514,74.1640995,96.81468053,89.03457514,89.03457514,1.69824662,1.784102555,1.246892261,1.059489667,18.97674888,17.02591142,241.6666667,57,11.9,35,E,1,0.034375,0.529084088,-0.347127847,0.388033733,-0.094138472,-35.59844749,-34.49871922,-0.664601387,4.533744729,-2.974553727,3.32507806,-0.806676694,-305.044656,-295.6210362,-5.694998402,23.46786821,-15.05129783,16.31708974,-4.747437912,-1562.540794,-1507.212941,-28.26457638,1403,40,76,WC07,Wind_success,7,W,0,Naive,23,Head-On,TRUE,TRUE,-56.59547193,38.93831725,0.358333333,358.3333333,558.6001427,2.229340658,0.375,375,594.076675,1.250505595,4.787150794,2.111629698,23.05206602,20.46854375,469.2022214,7434.021429,15.05714697
1403040WC08_f218,-19.67365675,201.5886986,54.55057246,8.998931885,-201.9767761,1442.554077,209.7637269,-5.11627388,-12.71908569,-2.891601563,59.77925873,-8.614898682,-22.04577637,-0.365156908,-0.907782132,-0.206378375,0.929771412,-0.133991064,-0.342887032,1.184682144,-0.181590271,-1.167952881,-0.079892578,14.26555481,-21.91838379,18.70664063,218,0.191666667,1403040WC08,1.735818815,19.58691746,-20.05286561,98.20054075,21.91254123,76.28799952,98.20054075,76.28799952,89.36309873,98.20054075,98.20054075,1.184682144,1.09938981,1.735818815,1.476557433,19.58691746,18.4633413,191.6666667,57,11.9,35,E,1,0.016666667,0.545286983,-0.311641001,0.424719315,-0.14082359,-35.8565372,-28.39241497,0.534630831,4.672588042,-2.67046539,3.639438414,-1.206723513,-307.256238,-243.2958477,4.581275012,17.09326403,-10.81616237,11.92581474,-4.082588941,-1025.810948,-976.2095042,8.552485237,1403,40,77,WC08,Wind_success,8,W,0,Naive,24,Head-On,TRUE,TRUE,-29.70308793,34.11726991,0.4,400,550.4883791,2.253544271,0.408333333,408.3333333,568.1072762,0.978033655,4.379847528,2.243296768,26.53297449,22.46115384,469.2022214,7434.021429,15.05714697
1403040WC09_f216,-13.33018441,180.2172228,56.00653254,15.35326195,-223.3368225,1444.00415,189.1895159,-5.671936989,-12.27059937,-2.78527832,54.35502815,-3.677490234,-36.17785645,-0.410949237,-0.889042571,-0.20180196,0.831148671,-0.056232905,-0.553199554,0.887240478,-0.164187469,-0.863979492,-0.11737793,3.241213989,0.462084961,-1.32890625,216,0.208333333,1403040WC09,1.03546541,22.85736938,-33.58679385,93.87055366,24.8081726,69.06238106,93.87055366,69.06238106,83.11057899,93.87055366,93.87055366,0.887240478,0.894978353,1.03546541,0.726366726,22.85736938,20.86108507,208.3333333,57,11.9,35,E,1,0,0.254289658,-0.159300877,0.179700068,-0.08363221,-17.92314645,-14.95204092,0.396426911,2.179019223,-1.365056195,1.539857754,-0.71664807,-153.5842271,-128.1246936,3.396999567,12.66906432,-10.81634822,4.974738916,-2.834557736,-463.7552061,-1066.643493,-72.76492641,1403,40,78,WC09,Wind_success,9,W,0,Naive,25,Head-On,TRUE,TRUE,-20.25340884,42.13460986,0.491666667,491.6666667,594.7883448,2.229477664,0.508333333,508.3333333,630.1190561,0.962395542,3.255835164,1.824978656,29.84541013,23.56380566,469.2022214,7434.021429,15.05714697
1403040WC10_f215,6.926277252,249.5586004,60.46056035,35.61209488,-153.9948883,1448.456909,256.8714614,-5.504888535,-12.26104736,-2.357788086,58.52461624,-3.859420776,-26.09802246,-0.403425244,-0.898549716,-0.172790281,0.9116545,-0.060119289,-0.406536277,1.076410485,-0.058401489,-1.074243164,-0.035361328,-6.160089111,-11.47873535,24.834375,215,0.216666667,1403040WC10,2.08866529,22.22057188,-23.98743405,93.77292195,24.17882906,69.5940929,93.77292195,69.5940929,90.6610864,93.77292195,93.77292195,1.076410485,1.076410485,2.08866529,1.633061555,22.22057188,22.61099549,216.6666667,57,11.9,35,E,1,0.022916667,0.495969553,-0.323543102,0.329515698,-0.1809007,-31.6818521,-35.37524375,-1.687883755,4.249984824,-2.772455012,2.823634453,-1.55014602,-271.4831785,-303.1320133,-14.46354984,25.43311293,-19.52367233,13.20944837,-5.469106703,-1323.462206,-2179.222176,-151.0073403,1403,40,79,WC10,Wind_success,10,W,0,Naive,26,Head-On,TRUE,TRUE,-7.749145817,36.02819108,0.416666667,416.6666667,573.8277606,2.1983199,0.525,525,786.327103,1.005487483,3.21965659,1.843029865,26.34848913,23.31159617,469.2022214,7434.021429,15.05714697
1403040WC11_f218,-11.97297088,225.5810734,35.97931188,16.74180031,-177.9706573,1423.946777,228.7458931,-5.852790833,-12.5912323,-0.802124023,56.95919609,-5.092224121,-26.24023438,-0.4208162,-0.905310762,-0.057672791,0.905274711,-0.080932703,-0.417046275,1.326707085,-0.114592438,-1.317991333,-0.099594727,3.181228638,-2.273071289,-1.109179687,218,0.191666667,1403040WC11,1.002457519,24.62556981,-24.64824645,95.10873333,24.93044966,70.17828367,95.10873333,70.17828367,90.13966155,95.10873333,95.10873333,1.326707085,1.326612689,1.002457519,0.543546105,24.62556981,,191.6666667,57,11.9,35,E,1,0.034375,0.397366515,-0.318550347,0.217264013,-0.09603214,-19.81190414,-29.54523449,-2.352920625,3.405051074,-2.729671881,1.861744849,-0.822903613,-169.7690745,-253.1744086,-20.1622799,20.58977163,-16.30144988,11.26263747,-3.30307339,-1020.349601,-1458.450153,-104.2478617,1403,40,80,WC11,Wind_success,11,W,0,Naive,27,Head-On,TRUE,TRUE,-32.57973681,42.95420882,0.416666667,416.6666667,601.5599768,2.120126452,0.6,600,955.1242565,0.9589758,3.941682651,2.122304529,25.62254568,21.99054499,469.2022214,7434.021429,15.05714697
1404040PA01_f229,11.38892585,60.1531606,38.38427531,35.71596527,-352.1763916,1425.574829,72.25969107,-2.871929169,-13.849823,0.645141602,58.4958725,-9.709106445,-28.57922363,-0.202831904,-0.978152944,0.045563554,0.88867018,-0.147500892,-0.434175998,0.92155987,0.026570435,-0.915241699,0.104399414,-0.107940674,10.16235352,-6.737695312,229,0.1,1404040PA01,0.982132888,19.71001957,-25.73287294,99.4240015,11.71494895,87.70905256,99.4240015,87.70905256,101.0868915,99.4240015,99.4240015,0.92155987,1.013107032,0.982132888,1.101952132,19.71001957,20.03464687,100,59,16.5,37,E,4,0.621875,0.281477389,-0.27191232,-0.070452931,0.018154756,4.59580751,-19.18726649,0.508925412,1.739557923,-1.680444857,-0.435406038,0.112198177,28.402542,-118.5791923,3.145209051,0.456710153,0.020946063,0.291120835,0.084823214,-34.0285782,-10.28036521,-0.325499943,1404,40,87,PA01,Wind_Near-miss,1,P,0,Naive,8,Pivot,TRUE,FALSE,-31.30611309,32.91834396,0.291666667,291.6666667,422.0530221,2.707100552,0.375,375,641.8847039,2.62095596,2.590184325,1.444485069,29.26497731,24.6270872,524.3574213,7964.859524,19.43642165
1404040PA02_f240,0.637451958,25.8176961,34.57824656,25.03769112,-386.4333801,1421.843994,43.15802257,-4.576135635,-13.02215576,0.476806641,54.53832054,-1.29876709,-37.40063477,-0.331338894,-0.942879982,0.03452358,0.824549189,-0.019635686,-0.565449445,2.520072264,0.061958313,-2.515166016,0.144448242,15.21367493,-155.2697754,-3.935742188,240,0.008333333,1404040PA02,1.767451197,22.62349056,-34.43350738,91.36417495,19.36206305,72.0021119,91.36417495,72.0021119,92.77530726,91.36417495,91.36417495,2.520072264,1.240611619,1.767451197,,22.62349056,,8.333333333,59,16.5,37,E,4,0.434375,0.381126015,-0.36291551,-0.104091882,-0.052098486,6.192906121,-29.01663087,1.937857514,2.355396224,-2.242853512,-0.643298058,-0.321973765,38.27276834,-179.32563,11.97614985,24.26082159,-6.50981533,16.56874596,0.300803079,-2470.882812,-938.2671253,24.3746508,1404,40,91,PA02,Wind_Near-miss,2,P,0,Naive,10,Pivot,TRUE,FALSE,-21.58973602,32.38745067,0.175,175,342.5795749,2.762458316,0.208333333,208.3333333,431.4696838,1.240611619,3.523681661,1.734578685,31.24683307,24.00148305,524.3574213,7964.859524,19.43642165
1404040PB01_f216,-40.96323094,280.4724751,18.87438329,-16.57860184,-131.7966003,1406.282227,284.0757609,0.203691483,-13.85073853,1.724487305,44.55586624,29.78208923,-30.6060791,0.014591953,-0.992232553,0.123537993,0.721943795,0.482562597,-0.495913799,2.57294298,0.570147171,-2.499183655,0.221469727,16.96632385,17.36564941,-22.68808594,216,0.208333333,1404040PB01,6.666627505,21.60574454,-29.73002536,56.24038971,-0.842541429,57.08293114,56.24038971,57.08293114,69.09153588,56.24038971,56.24038971,2.57294298,2.680659153,,,21.60574454,20.50695063,208.3333333,59,16.5,37,E,4,0.134375,0.314607223,-0.23144894,-0.197859759,-0.079124006,26.86708343,-32.10314621,-2.134907222,1.944303549,-1.430377193,-1.222792751,-0.488994134,166.0412155,-198.4005981,-13.19393641,11.48100201,-7.082035456,7.73796711,1.439723622,-1078.335853,-1130.714104,38.25787946,1404,40,118,PB01,Wind_Near-miss,1,P,0,Naive,21,Pivot,TRUE,FALSE,-122.2305578,-16.27836905,0.216666667,216.6666667,305.2226769,2.951554125,0.291666667,291.6666667,516.2921444,0.42055735,3.507623575,1.723358944,28.49274451,22.44543669,524.3574213,7964.859524,19.43642165
1404040UA01_f240,-36.04765543,13.50037397,55.45500819,-12.03843784,-399.4110718,1442.540771,67.50519604,-9.053771019,7.679382324,-7.481933594,4.744215012,-53.34902954,-44.00549316,-0.645180556,0.547240277,-0.533169888,0.068440425,-0.769617366,-0.634826763,0.71708558,-0.324918823,0.46480957,-0.438852539,11.46288757,-1.931396484,0.574804687,240,0.008333333,1404040UA01,1.862422882,18.69293907,-39.40713697,174.9181768,130.3045131,44.61366373,174.9181768,44.61366373,29.87312758,174.9181768,174.9181768,0.71708558,0.777727546,1.862422882,1.983410752,18.69293907,19.2590193,8.333333333,59,16.5,37,E,4,0.020833333,0.494669524,-0.435231942,-0.220758788,-0.080849563,20.19098005,-40.11073247,-0.622490525,3.057106265,-2.68977617,-1.364311001,-0.499658243,124.7822407,-247.888268,-3.847052611,3.830186121,-3.411624677,-1.470145285,-0.932023451,125.7154011,-328.5313136,-1.807468023,1404,40,63,UA01,Wind_Uturn,1,U,0,Naive,1,U-Turn,TRUE,FALSE,106.0958707,55.02014736,0.958333333,958.3333333,249.3280115,2.823213361,1.008333333,1008.333333,358.5585849,0.777727546,5.005368407,1.878563203,29.56698805,23.15500139,524.3574213,7964.859524,19.43642165
1404040UA02_f238,-43.82913163,-7.590299161,46.1655393,-19.77154732,-420.4000854,1433.321899,64.10820883,-10.92978477,7.769989014,-3.82019043,9.652257919,-45.40237427,-50.4708252,-0.783851094,0.557240103,-0.273972499,0.140765013,-0.662131684,-0.736048126,0.92799197,-0.668620491,0.560698242,-0.315805664,-9.44362793,-0.80859375,-5.816601563,238,0.025,1404040UA02,1.550053897,22.17007037,-47.39585573,167.9979651,125.4090385,42.5889266,167.9979651,42.5889266,38.01511535,167.9979651,167.9979651,0.92799197,0.861081594,1.550053897,1.245210837,22.17007037,23.3370711,25,59,16.5,37,E,4,0.03125,0.413990869,-0.311463979,-0.14624378,-0.23019858,7.621566245,-19.42232199,1.476739537,2.558504248,-1.924877994,-0.90380093,-1.422649843,47.1020283,-120.0318584,9.126395443,3.266839597,-2.902309942,-1.104710099,-0.999044987,73.24123936,-229.3769062,9.772147076,1404,40,65,UA02,Wind_Uturn,2,U,0,Naive,2,U-Turn,TRUE,FALSE,45.65776177,26.24607288,0.866666667,866.6666667,190.5302426,3.098769474,1.025,1025,598.527618,0.929452823,4.642659512,1.750713817,30.67432507,24.45367257,524.3574213,7964.859524,19.43642165
1404040UA03_f240,-53.52254189,4.487084834,46.269531,-29.4210968,-408.3062439,1433.421143,70.89193127,-7.278793335,10.21713257,-6.736450195,11.26189423,-44.30862427,-51.27563477,-0.511185514,0.717543406,-0.473097064,0.163935796,-0.644986487,-0.746403032,0.773910254,-0.483306656,0.498848877,-0.341323242,-2.015496826,-20.40336914,16.36699219,240,0.008333333,1404040UA03,1.858624786,20.06573307,-48.27975074,165.739144,144.5335262,21.20561777,165.739144,21.20561777,29.83253673,165.739144,165.739144,0.773910254,0.925133603,1.858624786,1.800556052,20.06573307,21.25162554,8.333333333,59,16.5,37,E,4,0.0125,0.487768885,-0.364270646,-0.313076727,-0.08490197,24.04094619,-28.23724385,-0.364774142,3.014459636,-2.251228386,-1.934844934,-0.524702516,148.5754097,-174.5089416,-2.254340039,6.162697362,-4.844336653,-3.748327208,-0.644512976,293.9725938,-397.1638209,0.036128967,1404,40,66,UA03,Wind_Uturn,3,U,0,Naive,3,U-Turn,TRUE,FALSE,30.85927009,49.26516259,0.958333333,958.3333333,254.7104006,2.824381262,1.058333333,1058.333333,506.6202311,0.925133603,4.272196998,2.092513137,27.00291241,23.89369449,524.3574213,7964.859524,19.43642165
1404040UA04_f238,-53.10238564,-12.90432192,59.56362635,-29.01607704,-425.6627502,1446.722778,80.83446338,-7.165761948,10.44863892,-5.668457031,9.100734711,-42.40609741,-54.55688477,-0.516266336,0.752785338,-0.408391119,0.130577284,-0.608442415,-0.782781835,0.929760952,-0.508127289,0.677629395,-0.383510742,-1.374060059,8.099121094,0.725976562,238,0.025,1404040UA04,0.766109221,30.83026324,-51.51598797,167.8875285,145.557352,22.3301765,167.8875285,22.3301765,24.75229812,167.8875285,167.8875285,0.929760952,0.877902083,0.766109221,0.857900843,30.83026324,30.83026324,25,59,16.5,37,E,4,0.022916667,0.534570198,-0.425968451,-0.294463139,-0.132693768,19.86526504,-26.66208085,0.014335331,3.303696353,-2.632526881,-1.819811131,-0.820060522,122.7692899,-164.7742795,0.088593757,4.252951503,-3.3709748,-2.47050111,-0.77896686,169.874663,-242.4602878,2.182500349,1404,40,67,UA04,Wind_Uturn,4,U,0,Naive,4,U-Turn,TRUE,FALSE,-2.970224735,33.88889007,0.9,900,236.4839578,2.880087031,1,1000,505.2678769,0.994233779,4.11410809,1.914390482,30.83026324,24.27365988,524.3574213,7964.859524,19.43642165
1404040UA05_f109,105.3158633,150.7585626,53.80400187,129.7188873,-261.615509,1441.010498,191.6101403,-2.629547119,-13.66601563,1.182128906,57.67538452,3.973388672,-27.53735352,-0.18827106,-0.978463259,0.0846384,0.900678467,0.062049792,-0.4300327,2.191758312,0.480994263,-2.137750854,0.049702148,9.925708008,6.958081055,-0.300585937,109,1.1,1404040UA05,1.537681538,21.95208957,-25.46963539,86.05899018,10.89145887,75.16753131,86.05899018,75.16753131,98.73938185,86.05899018,86.05899018,2.191758312,2.232174757,1.537681538,1.321427502,21.95208957,21.58799692,1100,59,16.5,37,E,4,0.030208333,0.416344838,-0.359058705,-0.210640415,0.007105348,18.63509937,-32.14950583,-2.037250996,2.573052007,-2.219018077,-1.301778462,0.043911751,115.1667452,-198.687105,-12.59041134,3.808449876,-2.88553848,-2.47951665,0.022385355,222.868323,-259.6833514,-7.99577931,1404,40,78,UA05,Wind_Uturn,5,U,0,Naive,5,U-Turn,TRUE,FALSE,54.21469602,75.94290099,1.183333333,1183.333333,360.8879973,2.667090853,1.208333333,1208.333333,422.6953659,0.843265746,2.056805226,1.061183392,27.80058203,23.16895734,524.3574213,7964.859524,19.43642165
1404040UA06_f240,-46.65412854,-2.365386581,55.36378682,-22.27232933,-414.7443237,1442.584961,72.43860611,-9.102678299,9.28326416,-4.548217773,5.018489838,-42.21707153,-52.33544922,-0.660857804,0.673968405,-0.330202289,0.074427956,-0.626110733,-0.776173839,0.800333107,-0.394806061,0.535854492,-0.444433594,7.765576172,-7.937402344,-14.71464844,240,0.008333333,1404040UA06,1.528322561,21.81955936,-50.91157843,173.2208641,135.5627384,37.65812577,173.2208641,37.65812577,29.60285337,173.2208641,173.2208641,0.800333107,0.800333107,1.528322561,1.783119513,21.81955936,23.23490763,8.333333333,59,16.5,37,E,4,0.022916667,0.50411811,-0.413978101,-0.180432944,-0.224056139,11.65186013,-28.21401789,1.812112682,3.115499455,-2.558425343,-1.115093321,-1.384688955,72.0096405,-174.3654029,11.19903443,4.134452216,-3.311101414,-2.205786584,-1.101666891,142.5893895,-246.5001938,5.150306175,1404,40,79,UA06,Wind_Uturn,6,U,0,Naive,6,U-Turn,TRUE,FALSE,5.212507077,38.95725807,0.783333333,783.3333333,273.4069879,2.706519176,0.925,925,624.5543386,0.800333107,3.647503498,2.158632543,28.8853672,24.25858985,524.3574213,7964.859524,19.43642165
1404040UA07_f240,-41.85530901,-3.875360489,37.7426768,-17.54641151,-416.1597595,1424.890137,56.4924328,-10.4188385,8.939239502,-2.203613281,2.011396408,-43.24789429,-48.23876953,-0.749347109,0.642930906,-0.158488995,0.031031331,-0.667217909,-0.744215909,0.888763174,-0.4220438,0.668913574,-0.405380859,16.75925903,0.473730469,-5.215429688,240,0.008333333,1404040UA07,0.537771183,24.31341262,-48.09179555,177.3371758,130.629201,46.70797483,177.3371758,46.70797483,29.58661009,177.3371758,177.3371758,0.888763174,0.895177507,0.537771183,0.730383644,24.31341262,25.29142733,8.333333333,59,16.5,37,E,4,0.026041667,0.49948595,-0.400322988,-0.224338246,-0.19723101,15.29346804,-30.00494809,2.23385857,3.086872252,-2.4740354,-1.386432405,-1.218907021,94.51513523,-185.4335275,13.80546547,4.392644777,-3.482231177,-2.482175588,-0.962257469,180.1280368,-275.6245789,8.778453069,1404,40,85,UA07,Wind_Uturn,7,U,0,Naive,7,U-Turn,TRUE,FALSE,80.81562795,21.58083913,0.691666667,691.6666667,318.8548985,2.562778464,0.908333333,908.3333333,827.2581399,0.895177507,3.605124168,1.747290419,30.22440181,25.2579277,524.3574213,7964.859524,19.43642165
1404040WA01_f226,-47.00056752,206.5143832,58.71111755,-22.39809608,-205.670578,1446.100342,219.7822539,-0.662376404,-13.65844727,-0.320556641,59.37213326,6.206726074,-29.31921387,-0.048425502,-0.998551826,-0.023435491,0.892719164,0.093324309,-0.440843586,1.769649692,0.137758026,-1.737696533,-0.305112305,-1.450799561,-5.918774414,8.7890625,226,0.125,1404040WA01,1.554753827,25.12903189,-26.1577176,84.03201201,2.776425589,81.25558643,84.03201201,81.25558643,88.56472553,84.03201201,84.03201201,1.769649692,1.769649692,1.554753827,1.154200235,25.12903189,26.1440335,125,59,16.5,37,E,4,0.033333333,0.493316773,-0.351204258,0.337588178,0.077789649,-48.52975294,-51.0509023,-1.603310796,3.04874613,-2.170476823,2.086328114,0.480747672,-299.9186418,-315.4995925,-9.908618264,31.40536315,-21.74028193,19.09487982,0.330704637,-2724.820847,-3117.484966,-46.27801233,1404,40,89,WA01,Wind_success,1,W,0,Naive,9,Head-On,TRUE,TRUE,-75.29530004,32.9794559,0.208333333,208.3333333,389.735397,2.485478643,0.25,250,487.0171689,1.192459975,3.132878613,1.871685099,29.06186127,23.59902627,524.3574213,7964.859524,19.43642165
1404040WA02_f229,-38.33944338,195.9784751,31.27667338,-13.68472481,-216.2100525,1418.641479,202.1279444,-0.459928513,-13.63087463,0.907958984,55.483881,13.20346069,-31.57458496,-0.033648002,-0.997223876,0.066425552,0.851109233,0.202537874,-0.48434645,2.081264565,0.134380531,-2.076778564,0.024389648,-0.764346313,11.2607666,-5.240039062,229,0.1,1404040WA02,1.34732289,26.92865238,-28.96966245,76.61433069,1.932522278,74.68180841,76.61433069,74.68180841,80.31656392,76.61433069,76.61433069,2.081264565,2.176241263,1.34732289,1.236061823,26.92865238,27.49752784,100,59,16.5,37,E,4,0.034375,0.618027307,-0.312388872,0.532062411,0.035784571,-69.66474739,-56.44900828,-0.75604495,3.819469485,-1.930593926,3.288197981,0.221152164,-430.5349842,-348.8604179,-4.672432078,29.94599141,-11.78712898,24.60199432,-3.794797577,-2758.392705,-2601.699589,76.905908,1404,40,93,WA02,Wind_success,2,W,0,Naive,11,Head-On,TRUE,TRUE,-54.98760935,28.31495232,0.175,175,376.8501771,2.685531359,0.216666667,216.6666667,486.9078167,1.409153954,3.374354494,1.665586785,30.92745499,25.85126423,524.3574213,7964.859524,19.43642165
1404040WA03_f238,-26.7924055,83.08934062,42.33935216,-2.117166758,-329.0774536,1429.717529,97.02727585,-0.636001587,-13.56604004,2.155639648,53.32594132,-8.490264893,-40.07519531,-0.046251453,-0.98655268,0.156762922,0.793020996,-0.126260468,-0.595966438,40.2118633,3.101860628,-40.09203409,-0.034833984,371.1662807,-4505.704912,3.375,238,0.025,1404040WA03,0.254380331,,-36.58155795,99.046391,2.68416902,96.36222198,99.046391,96.36222198,103.4704664,99.046391,99.046391,,,0.254380331,,,,25,59,16.5,37,E,4,0.034375,0.671238463,-0.323265862,0.588235883,0.006229198,-76.75147374,-60.43593834,0.109161109,4.14831966,-1.997814789,3.63535556,0.038497058,-474.3316494,-373.5000374,0.674626381,27.19935064,-9.205887354,23.39111672,1.667190286,-2839.391198,-2220.56562,36.15696278,1404,40,94,WA03,Wind_success,3,W,0,Naive,12,Head-On,TRUE,TRUE,-20.86308209,11.15872697,0.025,25,97.02727585,2.83444362,0.275,275,649.903672,,4.393321892,3.082597521,26.41334229,24.54220434,524.3574213,7964.859524,19.43642165
1404040WA04_f227,-37.46568031,162.3158033,44.72099406,-12.82121658,-249.808548,1432.120239,172.4820701,,,,59.46210861,-7.533126831,-27.06726074,,,,0.90415081,-0.114544924,-0.411571104,1.446700287,0.288714066,-1.416075439,-0.065698242,4.402523804,-0.951635742,-4.431445313,227,0.116666667,1404040WA04,1.65389,27.07549602,-24.3035674,97.2202155,,,97.2202155,,108.7439238,97.2202155,97.2202155,1.446700287,1.430810161,1.65389,1.641735596,27.07549602,25.97054297,116.6666667,59,16.5,37,E,4,0.033333333,0.427378629,-0.217065885,0.368114745,-0.005140836,-43.49772743,-40.78063105,0.102378882,2.641241919,-1.341488498,2.274985296,-0.031770872,-268.8202296,-252.028307,0.632711548,17.23220514,-12.04401052,10.75876827,0.307632609,-1529.067627,-1585.119089,-14.52228518,1404,40,95,WA04,Wind_success,4,W,0,Naive,13,Head-On,TRUE,TRUE,-40.06201271,33.91471513,0.208333333,208.3333333,318.8273932,2.596314823,0.35,350,655.4761958,0.869857108,3.532181278,1.505422196,29.82196549,22.87460545,524.3574213,7964.859524,19.43642165
1404040WA05_f214,6.561193741,72.15977297,40.3290938,31.30977249,-339.9837341,1427.732666,82.92477257,-6.177516937,-12.46286011,1.038574219,55.99866104,-26.64324951,-20.43127441,-0.442877439,-0.893485136,0.074457277,0.857654456,-0.408058001,-0.312917724,1.101891321,0.028982391,-1.083164062,0.200200195,-1.698678589,-0.979101562,5.254101562,214,0.225,1404040WA05,0.84023633,32.85468714,-18.23515435,115.444343,26.36642351,89.07791951,115.444343,89.07791951,116.9770495,115.444343,115.444343,1.101891321,1.101891321,0.84023633,1.036117895,32.85468714,27.25236518,225,59,16.5,37,E,4,0.1,0.290999407,-0.205993345,-0.091783451,-0.183910834,12.15931264,-28.03994315,-0.816622351,1.798404926,-1.27305911,-0.567230743,-1.136587025,75.14574692,-173.2896039,-5.04680637,2.651635733,-1.955336432,1.593775673,0.00650255,-194.7470026,-259.1920673,-3.525009767,1404,40,96,WA05,Wind_success,5,W,0,Naive,14,Head-On,TRUE,TRUE,12.96433706,46.12167615,0.425,425,467.6186559,2.801150771,0.483333333,483.3333333,623.0388952,0.173771616,3.349837316,1.31464405,27.25236518,23.62272849,524.3574213,7964.859524,19.43642165
1404040WA06_f222,-11.88979253,92.17605712,52.00905075,12.66328716,-320.0187378,1439.378906,106.5022724,2.462008476,13.68179321,0.961669922,64.29423237,2.414794922,-24.10095215,0.17668098,0.981845781,0.069012266,0.935795568,0.035147078,-0.350786741,0.958661987,-0.043116188,-0.956627197,-0.045146484,-4.250541687,4.554052734,-5.472070312,222,0.158333333,1404040WA06,1.797728641,28.61244996,-20.53544323,87.84906749,-169.7989237,257.6479912,87.84906749,257.6479912,85.26843328,87.84906749,87.84906749,0.958661987,0.994607508,1.797728641,1.673617262,28.61244996,28.40420311,158.3333333,59,16.5,37,E,4,0.019791667,0.313307965,-0.304172854,0.045394675,-0.059833764,-4.99458302,-35.05361983,-1.846364463,1.93627401,-1.879818127,0.280543551,-0.36977854,-30.86701383,-216.6348149,-11.4107138,24.17899102,-22.32187005,5.768058603,-6.7806476,-651.7748806,-2487.09813,-70.42861441,1404,40,97,WA06,Wind_success,6,W,0,Naive,15,Head-On,TRUE,TRUE,-42.63826192,38.44157718,0.333333333,333.3333333,445.6381146,2.687968391,0.391666667,391.6666667,596.0312964,0.75126732,2.835822683,1.398753425,32.67753214,25.99387678,524.3574213,7964.859524,19.43642165
1404040WA07_f212,-51.8516955,398.813359,84.13368177,-27.17263222,-13.27374649,1471.582764,410.8761006,-0.102352142,-14.16351891,-0.984619141,45.2047081,35.35331726,-25.66149902,-0.007208877,-0.997566427,-0.069348797,0.719091667,0.562381153,-0.408209032,2.295949952,0.076176453,-2.289127235,-0.159624023,-15.20716553,-6.733905029,28.97402344,212,0.241666667,1404040WA07,12.19199821,22.50257614,-24.09237851,51.97204784,0.414038611,51.55800923,51.97204784,51.55800923,53.87800533,51.97204784,51.97204784,2.295949952,2.295949952,,,22.50257614,21.80867913,241.6666667,59,16.5,37,E,4,0.026041667,0.337439649,-0.224130557,0.249495732,-0.037187225,-35.79102517,-35.16842849,1.04212404,2.085410189,-1.385148868,1.54190814,-0.229820707,-221.1920524,-217.3443437,6.440428964,32.20640854,-26.21664882,13.92172209,1.774933183,-2123.735264,-3993.507418,18.1722612,1404,40,98,WA07,Wind_success,7,W,0,Naive,16,Head-On,TRUE,TRUE,-22.77074574,7.040775724,0.241666667,241.6666667,410.8761006,2.381746759,0.283333333,283.3333333,506.7370009,0.940910296,4.381304819,2.937250764,23.69967436,19.71632461,524.3574213,7964.859524,19.43642165
1404040WA08_f231,-67.22927543,169.8959309,54.90568076,-42.57378769,-242.2502899,1442.283325,190.7853155,1.277267456,-13.77799988,-0.687744141,54.43764114,10.93327332,-35.05957031,0.092193801,-0.994502893,-0.049641715,0.828994267,0.166495475,-0.533898644,1.863256363,0.256837006,-1.81663147,-0.324975586,-2.656549072,1.15246582,-6.24375,231,0.083333333,1404040WA08,2.074870624,23.20146057,-32.26925096,78.64377998,-5.296376061,83.94015604,78.64377998,83.94015604,86.69097484,78.64377998,78.64377998,1.863256363,1.863256363,2.074870624,1.684372854,23.20146057,22.94181492,83.33333333,59,16.5,37,E,4,0.025,1.018884544,-0.569135189,0.844987293,-0.014398839,-106.1062434,-78.58702472,0.450380094,6.2968066,-3.517311391,5.222104498,-0.088986238,-655.7470102,-485.6755348,2.783393237,36.07551472,-19.88094901,28.33450136,2.256583111,-3535.839911,-2743.64029,27.25657707,1404,40,99,WA08,Wind_success,8,W,0,Naive,17,Head-On,TRUE,TRUE,-72.64715861,32.68292095,0.183333333,183.3333333,394.3126299,2.523857993,0.258333333,258.3333333,567.6214008,1.503355738,3.500126201,1.967504776,24.63787586,22.68180704,524.3574213,7964.859524,19.43642165
1404040WA09_f225,-36.02699453,178.278293,50.27925695,-11.32751274,-233.8312836,1437.741455,188.7037302,-0.634494781,-13.82943726,-0.819702148,61.44866753,-0.394577026,-21.41894531,-0.045751674,-0.997202692,-0.059106468,0.944262302,-0.006063341,-0.32913818,0.270710987,0.20080719,0.159992065,0.085810547,23.48205414,211.001001,-10.99511719,225,0.133333333,1404040WA09,1.469583744,23.68483081,-19.21647489,90.36790525,2.626889048,87.74101621,90.36790525,87.74101621,-141.0861957,90.36790525,90.36790525,0.270710987,1.608176434,1.469583744,1.688358767,23.68483081,22.90463748,133.3333333,59,16.5,37,E,4,0.016666667,0.391306409,-0.235141945,0.298428773,-0.093644214,-38.99970823,-32.86498408,1.587670736,2.418312056,-1.453200325,1.84431914,-0.578730443,-241.022029,-203.1088309,9.811961152,40.36938294,-34.06211102,15.85206905,-0.20261186,-2261.253964,-4898.13416,20.60922577,1404,40,101,WA09,Wind_success,9,W,0,Naive,18,Head-On,TRUE,TRUE,-46.12187109,34.37566566,0.266666667,266.6666667,448.675603,2.626667976,0.375,375,724.5622909,0.89321018,2.831492837,1.579050505,29.41275194,22.71539536,524.3574213,7964.859524,19.43642165
1404040WA10_f237,-21.85627178,91.81970539,15.88490372,2.763371468,-320.3345642,1403.228149,95.71251266,-0.936757803,-13.39859009,2.82409668,48.90219402,-4.854644775,-45.37817383,-0.068252002,-0.976218819,0.205763167,0.731092055,-0.072577362,-0.678407646,1.417227135,0.136640167,-1.391187744,0.233364258,4.812421989,15.76274414,-5.282226563,237,0.033333333,1404040WA10,1.394622517,22.4260169,-42.71933586,95.66932219,3.999306845,91.67001534,95.66932219,91.67001534,101.2788274,95.66932219,95.66932219,1.417227135,1.55061298,1.394622517,1.364979916,22.4260169,22.4260169,33.33333333,59,16.5,37,E,4,0.034375,0.959028436,-0.279547389,0.9171118,-0.022242861,-129.4783072,-46.1918223,0.871744774,5.926889967,-1.72763033,5.667841037,-0.137463066,-800.188661,-285.4700007,5.387468362,29.43460185,-8.763872771,27.18950061,-0.748438648,-3780.821674,-1435.78572,31.13303711,1404,40,103,WA10,Wind_success,10,W,0,Naive,19,Head-On,TRUE,TRUE,-38.01520694,32.8962741,0.191666667,191.6666667,422.7336029,2.825951591,0.225,225,510.252961,1.368573848,4.268060475,2.116701144,28.41205969,24.37574781,524.3574213,7964.859524,19.43642165
1404040WA11_f224,-14.69822797,176.1306168,26.97379583,9.797827721,-236.0164795,1414.308228,178.789311,-1.446801186,-13.2061615,1.759521484,61.77385807,-10.04833984,-14.62792969,-0.107960663,-0.985447043,0.131295929,0.961124159,-0.156339631,-0.227592335,1.490045052,0.075462685,-1.487545166,0.041821289,-11.63769379,-6.846459961,-21.68789063,224,0.141666667,1404040WA11,1.669824337,21.95255182,-13.15536378,99.23900191,6.252106169,92.98689574,99.23900191,92.98689574,102.1431087,99.23900191,99.23900191,1.490045052,1.490045052,1.669824337,1.497792513,21.95255182,21.67232127,141.6666667,59,16.5,37,E,4,0.027083333,0.475319823,-0.330405335,0.318455315,-0.123884869,-35.67326341,-40.4694538,-1.008903859,2.937523212,-2.041937437,1.968085141,-0.765620665,-220.4642732,-250.105201,-6.235124983,32.85741656,-27.49429011,13.78934286,-7.328054309,-1540.852932,-3113.473485,-88.92717197,1404,40,104,WA11,Wind_success,11,W,0,Naive,20,Head-On,TRUE,TRUE,-55.15293073,39.0157139,0.3,300,511.9813105,2.599703601,0.291666667,291.6666667,490.4952867,0.889209051,3.054633509,1.67509675,31.86292777,23.69119184,524.3574213,7964.859524,19.43642165
1404040WB01_f227,-4.756697679,121.143722,45.79644318,19.85187149,-291.0708008,1433.352905,129.5983864,-3.973243713,-13.07092285,-0.133544922,55.10049057,-11.44943237,-34.18005371,-0.2908219,-0.956727273,-0.009774832,0.836834149,-0.173887308,-0.519106743,0.987494054,-0.22154068,-0.961530762,-0.039023438,-0.370953369,-3.018603516,-21.7125,227,0.116666667,1404040WB01,1.869416164,23.92466416,-31.27235261,101.7385511,16.90800047,84.83055059,101.7385511,84.83055059,88.76379569,101.7385511,101.7385511,0.987494054,0.987494054,1.869416164,1.721129294,23.92466416,23.76961807,116.6666667,59,16.5,37,E,4,0.002083333,0.386811535,-0.297217599,0.236839142,-0.072056111,-26.15555618,-39.40168921,-1.313884154,2.390533292,-1.836833965,1.463689169,-0.445313845,-161.6439072,-243.5063109,-8.119933176,22.10777812,-18.38402231,9.844084633,-3.720248544,-1046.998136,-2445.890448,-105.5153968,1404,40,120,WB01,Wind_success,1,W,0,Naive,22,Head-On,TRUE,TRUE,27.83726894,43.53854863,0.308333333,308.3333333,438.593438,2.552683511,0.383333333,383.3333333,618.0475919,0.964015867,2.792340707,1.465013776,26.92134771,23.43804595,524.3574213,7964.859524,19.43642165
1404040WB02_f234,-16.80993225,124.1792376,30.46733297,8.051697731,-287.912262,1417.979614,128.9624567,-0.294175148,-13.36096191,0.202270508,57.25576687,-1.970153809,-34.61608887,-0.022009657,-0.999643212,0.015133517,0.855385551,-0.029433561,-0.517154933,1.610575889,-0.102397957,-1.581368408,0.287651367,-9.456660461,10.51831055,34.45488281,234,0.058333333,1404040WB02,2.224739332,,-31.14160276,91.97075307,1.261306762,90.70944631,91.97075307,90.70944631,88.26586597,91.97075307,91.97075307,1.610575889,1.669187817,2.224739332,2.224739332,,,58.33333333,59,16.5,37,E,4,0.036458333,0.768352187,-0.424822234,0.631729961,-0.1039635,-91.21378728,-63.51053539,1.118454892,4.748492014,-2.625443148,3.904153232,-0.642504647,-563.7101681,-392.5013493,6.912161133,29.75861952,-17.9309201,22.7002185,-4.996222346,-3490.578059,-2329.652742,45.68238886,1404,40,121,WB02,Wind_success,2,W,0,Naive,23,Head-On,TRUE,TRUE,-6.221008782,27.99123528,0.166666667,166.6666667,340.7558832,2.909367108,0.225,225,490.4709636,1.303013338,3.356562579,1.885751551,27.74292889,22.8268399,524.3574213,7964.859524,19.43642165
1404040WB03_f233,-12.46235536,122.7391692,37.76763891,12.03485107,-289.4838867,1425.221924,129.0217365,-0.441705704,-14.0163269,0.288085938,56.06237793,-3.388641357,-39.48876953,-0.031491375,-0.99929297,0.020539065,0.816552813,-0.04935582,-0.575156942,1.367231289,-0.04074646,-1.355760498,0.171972656,4.596487427,13.89506836,-1.77890625,233,0.066666667,1404040WB03,2.152420787,22.08415833,-35.11062365,93.45898487,1.805002119,91.65398276,93.45898487,91.65398276,91.73751737,93.45898487,93.45898487,1.367231289,1.485466091,2.152420787,,22.08415833,,66.66666667,59,16.5,37,E,4,0.042708333,0.621651317,-0.456601606,0.421706984,-0.011338114,-63.94529621,-65.68690225,-0.643542278,3.841866222,-2.821842793,2.606190596,-0.070070658,-395.1882139,-405.9515104,-3.977154515,27.51721159,-17.70540302,19.8403681,-2.573281638,-2825.18037,-2706.054206,-29.45066003,1404,40,122,WB03,Wind_success,3,W,0,Naive,24,Head-On,TRUE,TRUE,36.48507531,31.573076,0.191666667,191.6666667,363.9461883,2.914354673,0.275,275,587.4128416,1.139901056,4.361199378,2.502403934,27.24415777,23.38146905,524.3574213,7964.859524,19.43642165
1404040WB04_f234,-22.97894703,115.8112904,34.91509679,1.567697287,-296.3240356,1422.349487,123.1233161,-0.394859195,-13.79455566,0.074951172,49.39159989,1.61541748,-49.08911133,-0.028612136,-0.999575835,0.005431083,0.709084583,0.023191547,-0.704741943,1.380097736,0.016509218,-1.361733398,0.22378418,2.042495728,5.080517578,-2.508398437,234,0.058333333,1404040WB04,1.212112156,24.89570845,-44.80869975,88.12673365,1.63960261,86.48713104,88.12673365,86.48713104,88.82133524,88.12673365,88.12673365,1.380097736,1.425232519,1.212112156,1.023239946,24.89570845,26.24648386,58.33333333,59,16.5,37,E,4,0.033333333,0.47248165,-0.379096359,0.272958234,-0.070842518,-37.37453424,-44.49351294,-2.178418426,2.919983022,-2.342852751,1.686908706,-0.437813724,-230.978294,-274.9742819,-13.46283993,58.08303128,-47.27615315,28.84829036,-1.665036708,-2549.784277,-8637.762628,-153.8605298,1404,40,123,WB04,Wind_success,4,W,0,Naive,25,Head-On,TRUE,TRUE,5.981641042,29.29811589,0.2,200,390.4957239,2.81005431,0.3,300,648.6078434,1.194668767,4.557611172,2.199722079,28.69370894,24.06472003,524.3574213,7964.859524,19.43642165
1404040WB05_f236,-23.79488574,84.54930515,33.78757401,0.74150449,-327.6486206,1421.276733,94.1083511,0.872706831,-13.6244812,0.899291992,45.42435855,-2.562133789,-51.89196777,0.063785084,-0.995796803,0.065728161,0.658205623,-0.037125695,-0.75192223,1.155176192,0.00968075,-1.140732422,0.181845703,-14.78586087,4.972412109,19.29023438,236,0.041666667,1404040WB05,1.642979534,23.91383748,-48.75716288,93.22831351,-3.665034974,96.89334849,93.22831351,96.89334849,93.71453869,93.22831351,93.22831351,1.155176192,1.189802653,1.642979534,1.831398313,23.91383748,22.80198168,41.66666667,59,16.5,37,E,4,0.030208333,0.384343735,-0.26744747,0.275947172,-0.006716803,-37.95638489,-42.72329602,-0.797687777,2.375282049,-1.652851645,1.70538064,-0.041510504,-234.5741882,-264.0341674,-4.929788845,31.27827577,-23.52506251,16.74213325,-3.015842218,-2223.741449,-3229.589243,-33.20674312,1404,40,124,WB05,Wind_success,5,W,0,Naive,26,Head-On,TRUE,TRUE,-31.08845017,31.63298671,0.233333333,233.3333333,439.4159493,2.687989025,0.316666667,316.6666667,651.3737848,1.093066132,3.425855337,2.067588961,27.58121083,23.72614282,524.3574213,7964.859524,19.43642165
1404040WB06_f235,-34.12320267,116.1700635,27.05501989,-9.790771484,-296.1159363,1414.484253,124.0638977,-0.164945602,-14.18286133,1.807373047,42.6805191,1.635070801,-53.53344727,-0.01153586,-0.991911906,0.126402903,0.623214065,0.02387504,-0.781686774,1.336646687,-0.01412075,-1.291387939,0.344589844,-0.187701416,18.81430664,16.36699219,235,0.05,1404040WB06,1.725415409,22.20636619,-51.41527529,87.80609823,0.666315534,87.1397827,87.80609823,87.1397827,87.17961944,87.80609823,87.80609823,1.336646687,1.442170114,1.725415409,1.700977617,22.20636619,21.66385985,50,59,16.5,37,E,4,0.034375,0.494991783,-0.32433452,0.369825754,-0.055253015,-43.03081576,-40.75340792,-2.398883513,3.059097855,-2.004419203,2.285559498,-0.341469064,-265.9346696,-251.8600654,-14.82533583,34.48611721,-23.53076595,22.43076419,-4.774167179,-2629.300178,-2890.914188,-62.5796998,1404,40,127,WB06,Wind_success,6,W,0,Naive,27,Head-On,TRUE,TRUE,10.4528037,34.40784226,0.241666667,241.6666667,499.9514744,2.517015871,0.283333333,283.3333333,602.9684328,1.2460534,4.217987837,1.922214364,26.32846625,24.08752265,524.3574213,7964.859524,19.43642165
1501040MA01_f238,-64.07167499,59.65302614,42.38174744,-40.65365982,-351.8560181,1430.961914,97.26189171,-0.364772797,-14.11166382,-1.702514648,15.73565865,15.42425537,-70.6081543,-0.025654489,-0.992474016,-0.11973794,0.212740598,0.208530535,-0.954597535,2.015539275,-0.297701569,-1.990513916,-0.107827148,-11.35497437,6.358447266,4.2046875,238,0.025,1501040MA01,4.1805374,15.94817467,-72.66857123,45.57257858,1.480710492,44.09186809,45.57257858,44.09186809,37.06646131,45.57257858,45.57257858,2.015539275,2.015539275,4.1805374,,15.94817467,,25,62,17,39,A,1,0.010416667,1.768676784,-0.746468465,1.573886221,0.306405877,-111.8484468,-63.99069236,1.08233852,10.60910819,-4.477564685,9.44068998,1.83792377,-670.9039685,-383.8373322,6.492224332,42.56329879,-19.94947776,36.37894567,5.884292673,-2573.60203,-1671.654157,50.80834053,1501,40,42,MA01,Wind_missed,1,M,0,Naive,1,Failure,FALSE,FALSE,11.43124312,1.843116151,,,,2.690361712,0.291666667,291.6666667,714.0766553,2.021945962,4.627359482,1.818528754,24.16113298,20.81163719,582.576799,8795.438095,18.12750373
1501040WA01_f240,-24.91695359,43.86438726,22.2925148,-1.426748514,-367.7116394,1410.88855,55.15337942,-0.074548125,-13.61026001,-2.404663086,29.51969743,16.08538818,-65.96411133,-0.00539373,-0.984733893,-0.173982954,0.398717696,0.217262691,-0.890966398,1.858754579,0.115917749,-1.854788818,0.035917969,3.055929565,8.93671875,-3.9515625,240,0.008333333,1501040WA01,1.077894013,22.2060158,-62.99493629,61.41387638,0.313825763,61.10005062,61.41387638,61.10005062,64.99000915,61.41387638,61.41387638,1.858754579,1.873403621,1.077894013,0.84737541,22.2060158,24.12892462,8.333333333,62,17,39,A,1,0.025,2.224248955,0.238523846,2.095199032,0.707482017,-210.1116852,-7.714884546,-1.60888507,13.34178071,1.4307449,12.5676966,4.243711077,-1260.319364,-46.27642855,-9.650624649,57.45979644,1.773634588,51.25201494,14.26333436,-5282.646529,-595.6196081,-54.35203823,1501,40,45,WA01,Wind_success,1,W,0,Naive,2,Head-On,TRUE,TRUE,-92.26379215,23.39790205,0.025,25,82.78397669,2.09817962,0.108333333,108.3333333,238.7508209,1.873403621,2.046256455,1.212534917,28.46605268,23.23289734,582.576799,8795.438095,18.12750373
1501040WA02_f237,-25.25355038,80.34477112,39.04808257,-1.484295964,-331.3851624,1427.848877,92.83198158,-0.416966796,-14.25372314,-0.696166992,26.19678605,7.187835693,-68.06884766,-0.029205892,-0.99838333,-0.048762103,0.357444091,0.098074985,-0.928770703,1.701411256,-0.030089135,-1.701027832,0.019980469,-22.56860104,4.362011719,11.1515625,237,0.033333333,1501040WA02,1.609877639,15.36056622,-68.24399382,74.65685802,1.675606164,72.98125186,74.65685802,72.98125186,73.64347032,74.65685802,74.65685802,1.701411256,1.746070486,1.609877639,1.408733366,15.36056622,15.22641055,33.33333333,62,17,39,A,1,0.021875,1.402210089,-0.526205752,1.295947561,-0.099098727,-174.5705489,-83.43287173,-0.265509315,8.410919773,-3.156356101,7.773521996,-0.594426931,-1047.131877,-500.4579529,-1.592612665,41.65700469,-16.53704673,35.75419303,-0.892596146,-4773.243417,-2648.596834,13.02460062,1501,40,47,WA02,Wind_success,2,W,0,Naive,3,Head-On,TRUE,TRUE,-13.14384791,8.631790839,0.058333333,58.33333333,133.1552665,2.858337331,0.308333333,308.3333333,738.7340565,1.72364808,3.115222027,1.649173099,26.69559877,21.19375317,582.576799,8795.438095,18.12750373
1501040WA03_f233,-53.11000565,126.3341349,25.94460766,-29.54359245,-285.1832581,1414.594971,139.4779876,0.177207947,-14.20675659,-0.178833008,28.21600187,1.508178711,-69.06677246,0.01247154,-0.999843015,-0.012585908,0.378112508,0.020210561,-0.925539013,1.443645298,0.066362915,-1.43598999,0.132817383,-11.37779846,-4.590527344,-9.3796875,233,0.066666667,1501040WA03,1.608218588,23.35916726,-67.74977441,86.94038433,-0.714641717,87.65502604,86.94038433,87.65502604,89.58637178,86.94038433,86.94038433,1.443645298,1.443645298,1.608218588,1.351510112,23.35916726,22.60013052,66.66666667,62,17,39,A,1,0.01875,0.727287965,-0.093947844,0.712780999,-0.109840037,-71.87881522,-13.02543371,1.388317338,4.362513703,-0.563530231,4.275496126,-0.658856862,-431.1529015,-78.13085842,8.327586463,33.09924381,-12.09511765,27.06758512,-0.736254975,-2785.337312,-1465.995178,29.95548403,1501,40,49,WA03,Wind_success,3,W,0,Naive,4,Head-On,TRUE,TRUE,-6.302895689,15.96463675,0.108333333,108.3333333,198.5141085,2.506927747,0.35,350,703.9350739,1.520593212,1.989461434,1.197934801,28.49934605,22.73719153,582.576799,8795.438095,18.12750373
1501040WA04_f234,-80.40492065,67.68595683,44.18846054,-56.80889511,-343.8292236,1432.79248,114.012982,1.360351563,-14.03826904,-2.346191406,19.322258,7.976135254,-72.68847656,0.095143865,-0.981845588,-0.16409414,0.255468719,0.10545626,-0.961048756,1.427009761,0.153405762,-1.413548584,-0.121259766,3.158129883,2.156396484,-6.938085938,234,0.058333333,1501040WA04,2.613674602,15.45402951,-73.95579631,67.56940004,-5.534856413,73.10425646,67.56940004,73.10425646,73.76320038,67.56940004,67.56940004,1.427009761,1.43854846,2.613674602,2.340078589,15.45402951,15.75611208,58.33333333,62,17,39,A,1,-0.008333333,1.211046638,-0.450906249,1.123959076,0.005788878,-82.25496092,-37.83178569,1.792108109,7.264258187,-2.70468478,6.741878189,0.034723607,-493.3924544,-226.9275602,10.74965703,11.87158981,-8.239637407,7.729561616,-0.995720128,-477.8619071,-601.9586529,43.68375822,1501,40,51,WA04,Wind_success,4,W,0,Naive,5,Head-On,TRUE,TRUE,-29.84806249,15.34026875,0.083333333,83.33333333,140.4780751,2.630196124,0.366666667,366.6666667,693.6239571,1.464529331,4.058722431,1.974394598,24.7312864,20.25467749,582.576799,8795.438095,18.12750373
1501040WA05_f233,-55.90994019,57.53877625,34.19696797,-32.36631393,-353.9838257,1422.863281,87.21275596,1.247386932,-14.01272583,-1.408569336,46.1207428,-1.27545166,-57.44128418,0.088226401,-0.991105761,-0.099626668,0.625988478,-0.017311474,-0.779640134,1.32440269,0.063788452,-1.311712646,-0.171416016,1.457226562,15.88491211,-15.5109375,233,0.066666667,1501040WA05,0.774166402,22.7125634,-51.22763817,91.58408932,-5.086955844,96.67104517,91.58408932,96.67104517,94.36818394,91.58408932,91.58408932,1.32440269,1.44562496,0.774166402,1.011152074,22.7125634,20.6013638,66.66666667,62,17,39,A,1,-0.019791667,1.170412819,-0.403290889,1.098713863,-0.007104349,-116.0952151,-50.13176761,-1.506564496,7.020523101,-2.419072104,6.590449058,-0.042614233,-696.3774888,-300.7069189,-9.036872013,3.006889312,-2.349397701,-1.663784613,0.165070524,133.3107949,-203.3254539,-16.2751758,1501,40,52,WA05,Wind_success,5,W,0,Naive,6,Head-On,TRUE,TRUE,-40.55197252,25.26253881,0.183333333,183.3333333,262.0214045,2.625997201,0.383333333,383.3333333,734.8915676,0.673242499,2.660359845,1.440137579,21.39852066,19.35512963,582.576799,8795.438095,18.12750373
1501040WA06_f235,-87.0367681,110.4884605,35.54027837,-63.46516037,-301.0353088,1424.144775,145.0731205,1.043743134,-14.03024292,-1.19909668,34.16931915,8.202789307,-64.96936035,0.073919384,-0.993641898,-0.084921744,0.462599626,0.111053055,-0.87958445,1.679699232,-0.05827652,-1.672657471,0.142163086,-16.71432495,3.449707031,-6.43359375,235,0.05,1501040WA06,0.820573357,18.67533306,-61.59227647,76.50085366,-4.254532318,80.75538597,76.50085366,80.75538597,74.505437,76.50085366,76.50085366,1.679699232,1.714546588,0.820573357,1.00499194,18.67533306,19.73786423,50,62,17,39,A,1,0.027083333,1.100786963,-0.430199898,1.012402441,-0.041246629,-71.24364663,-33.7657759,0.138539031,6.602884198,-2.580481238,6.072724606,-0.24741092,-427.3429502,-202.538289,0.831002916,35.28975985,-15.14741756,30.15686304,-0.812733649,-2128.541415,-1161.195414,12.96647972,1501,40,53,WA06,Wind_success,6,W,0,Naive,7,Head-On,TRUE,TRUE,-81.02984357,13.86045943,0.108333333,108.3333333,235.0525441,2.524408888,0.341666667,341.6666667,762.0659831,1.529319546,2.074873106,1.129240503,30.57504318,22.08143005,582.576799,8795.438095,18.12750373
1501040WB01_f240,-76.1885813,27.96282584,38.52718201,-52.94244766,-383.4510193,1427.0448,89.83854019,-0.974308014,-14.02377319,-1.604858398,22.33418465,18.81549072,-67.7010498,-0.068861097,-0.991157196,-0.11342646,0.302914155,0.255190801,-0.918216026,1.597871418,-0.108115082,-1.585631104,-0.165161133,11.16095581,15.89282227,-1.727929688,240,0.008333333,1501040WB01,0.870496946,24.55552772,-66.66665494,49.88745243,3.974264145,45.91318828,49.88745243,45.91318828,45.98681949,49.88745243,49.88745243,1.597871418,1.736360714,0.870496946,0.528471011,24.55552772,,8.333333333,62,17,39,A,1,0.01875,1.49102873,-0.58079578,1.361642949,-0.178245381,-87.43034672,-42.68493878,0.588256943,8.943683354,-3.483805136,8.167584655,-1.069174737,-524.4361298,-256.0383772,3.528559663,45.00077051,-18.07659386,39.49777634,-5.332843531,-2554.824051,-1329.512431,41.78303247,1501,40,62,WB01,Wind_success,1,W,0,Naive,8,Head-On,TRUE,TRUE,-20.02163611,11.10620519,,,,2.729114073,0.375,375,923.0406042,1.736360714,3.641054825,1.591090183,24.15019055,20.51972774,582.576799,8795.438095,18.12750373
1501040WB02_f240,-76.1885813,27.96282584,38.52718201,-52.94244766,-383.4510193,1427.0448,89.83854019,-0.974308014,-14.02377319,-1.604858398,22.33418465,18.81549072,-67.7010498,-0.068861097,-0.991157196,-0.11342646,0.302914155,0.255190801,-0.918216026,1.597871418,-0.108115082,-1.585631104,-0.165161133,11.16095581,15.89282227,-1.727929688,240,0.008333333,1501040WB02,0.870496946,24.55552772,-66.66665494,49.88745243,3.974264145,45.91318828,49.88745243,45.91318828,45.98681949,49.88745243,49.88745243,1.597871418,1.736360714,0.870496946,0.528471011,24.55552772,,8.333333333,62,17,39,A,1,0.01875,1.49102873,-0.58079578,1.361642949,-0.178245381,-87.43034672,-42.68493878,0.588256943,8.943683354,-3.483805136,8.167584655,-1.069174737,-524.4361298,-256.0383772,3.528559663,45.00077051,-18.07659386,39.49777634,-5.332843531,-2554.824051,-1329.512431,41.78303247,1501,40,63,WB02,Wind_success,2,W,0,Naive,9,Head-On,TRUE,TRUE,-20.02163611,11.10620519,,,,2.729114073,0.375,375,923.0406042,1.736360714,3.641054825,1.591090183,24.15019055,20.51972774,582.576799,8795.438095,18.12750373
1501040WB03_f235,-87.6921266,96.1505621,41.12263107,-64.50437164,-315.3175964,1429.620483,136.4767762,1.291122437,-14.00164795,-2.076049805,38.85180092,2.370025635,-59.72106934,0.090837858,-0.985096126,-0.146061994,0.5450135,0.033246746,-0.837767831,1.535557331,-0.06574173,-1.533702393,-0.03703125,20.83590088,14.70322266,-10.19003906,235,0.05,1501040WB03,0.770071997,22.1809609,-56.90515336,86.50918617,-5.268469513,91.77765568,86.50918617,91.77765568,84.05472092,86.50918617,86.50918617,1.535557331,1.674123171,0.770071997,0.529238953,22.1809609,,50,62,17,39,A,1,0.017708333,0.871919465,-0.354489876,0.786255346,-0.127996147,-44.77142204,-22.44931007,2.183606126,5.230061266,-2.126347491,4.71621955,-0.767763214,-268.5537937,-134.658385,13.09799158,32.68113489,-17.1026537,26.12428799,-3.83804379,-1526.308586,-1048.382941,142.6300581,1501,40,64,WB03,Wind_success,3,W,0,Naive,10,Head-On,TRUE,TRUE,-53.8015955,12.28995294,0.116666667,116.6666667,237.2137826,2.820338387,0.308333333,308.3333333,707.657731,1.459431443,2.367345778,1.239712451,29.80220093,22.28456964,582.576799,8795.438095,18.12750373
1501040WB04_f230,-51.77063407,120.7081888,56.68556366,-28.60165405,-290.7813721,1445.149658,143.0521532,-0.796979904,-13.98812866,-2.907470703,52.07428932,-1.28326416,-46.88342285,-0.055696606,-0.97755449,-0.203187368,0.743052001,-0.018310994,-0.668983132,1.387717812,-0.132030487,-1.377121582,-0.108925781,14.99471741,15.4340332,-18.50800781,230,0.091666667,1501040WB04,1.210186956,25.12004387,-41.98863089,91.41165138,3.260927242,88.15072414,91.41165138,88.15072414,85.93520066,91.41165138,91.41165138,1.387717812,1.528183016,1.210186956,1.353982733,25.12004387,24.71004918,91.66666667,62,17,39,A,1,0.017708333,0.719167223,-0.333783595,0.606677429,-0.194248562,-49.84868591,-30.81139066,1.616377115,4.313802806,-2.002144372,3.639051823,-1.165167107,-299.0089013,-184.8169094,9.695564413,25.27989063,-15.32986483,17.65981404,-5.52084004,-1451.335432,-1372.462972,46.89778058,1501,40,65,WB04,Wind_success,4,W,0,Naive,11,Head-On,TRUE,TRUE,-19.91208058,25.64955471,0.2,200,330.3560507,2.789699515,0.383333333,383.3333333,796.7759679,1.102319947,2.898866737,1.504976767,25.13892769,20.90748523,582.576799,8795.438095,18.12750373
1501040WB05_f232,-77.83057618,107.1957363,52.65885391,-54.68975067,-304.2803955,1441.173706,142.5534264,0.526618958,-14.09912109,-2.4765625,51.63626599,2.543945313,-48.2598877,0.036763102,-0.98425515,-0.172888039,0.730116224,0.035970373,-0.68237558,1.363354106,-0.041351624,-1.356166992,-0.133549805,10.99879761,18.71674805,-11.59453125,232,0.075,1501040WB05,0.596654168,18.9659114,-43.02955931,87.17950997,-2.139071196,89.31858116,87.17950997,89.31858116,85.43301439,87.17950997,87.17950997,1.363354106,1.518427471,0.596654168,0.346643466,18.9659114,,75,62,17,39,A,1,0.016666667,0.812555364,-0.451254414,0.656249371,-0.1610976,-47.0028119,-40.37076654,1.670465619,4.873975755,-2.70677319,3.936400723,-0.966316672,-281.9384079,-242.1572069,10.02000515,29.37736404,-19.14002982,21.10519582,-2.766883294,-1444.590296,-1734.001338,116.2873593,1501,40,66,WB05,Wind_success,5,W,0,Naive,12,Head-On,TRUE,TRUE,-60.12895369,24.74983567,0.166666667,166.6666667,288.7561605,2.811148827,0.366666667,366.6666667,803.2977976,1.229915252,3.055841977,1.388372204,22.76678992,20.31888054,582.576799,8795.438095,18.12750373
1501040WB06_f231,-79.36792681,135.3601987,60.03529104,-56.25237656,-276.1335754,1448.516968,168.005617,1.25528717,-13.91445923,-3.157104492,57.78827703,6.196563721,-34.72192383,0.087639884,-0.971460252,-0.220418306,0.853574428,0.091527704,-0.512867796,1.732310286,-0.115895691,-1.720118408,-0.169291992,0.169573975,-9.11887207,19.64707031,231,0.083333333,1501040WB06,1.565946539,17.95399644,-30.85504168,83.879632,-5.154960374,89.03459238,83.879632,89.03459238,80.02506418,83.879632,83.879632,1.732310286,1.715613796,1.565946539,,17.95399644,,83.33333333,62,17,39,A,1,0.023958333,0.962069362,-0.560242483,0.751887703,-0.215338571,-46.25300184,-30.42024276,0.310645877,5.770810158,-3.360519668,4.510071065,-1.291671953,-277.4407992,-182.470675,1.863356689,32.7127703,-21.53875006,21.82012583,-5.918425456,-1412.045222,-1182.887199,10.63056454,1501,40,67,WB06,Wind_success,6,W,0,Naive,13,Head-On,TRUE,TRUE,-56.83973334,20.80100961,0.175,175,329.1380057,2.529646219,0.291666667,291.6666667,599.8898773,1.324550817,2.907872713,1.751412795,31.14386354,23.32505443,582.576799,8795.438095,18.12750373
,,,,,,,,,,,,,,,,,,,,,,,,,,,,,1501040WC01,,,,,,,,,,,,,,,,,,,62,17,39,A,1,0.022916667,0.662565771,-0.224812016,0.534915348,-0.319872674,-44.44431562,-22.0815415,1.117041604,3.974288579,-1.348496812,3.208599138,-1.91870207,-266.5917013,-132.4523875,6.700384904,47.40740719,-30.73760898,21.70014948,-17.74692063,-1813.25812,-2677.105522,-27.09092076,1501,40,76,WC01,Wind_success,1,W,0,Naive,14,Head-On,TRUE,TRUE,172.6058548,-32.19595811,,,,2.337198907,0.658333333,658.3333333,1258.831863,,,,,,582.576799,8795.438095,18.12750373
1501040WC02_f238,-49.22748044,28.24756819,35.76706263,-25.99125862,-383.2736816,1424.30127,67.08615885,-0.916215897,-14.1763916,0.501464844,31.24584389,9.08291626,-63.67028809,-0.064454995,-0.997296868,0.035277617,0.436985248,0.127028107,-0.890453678,1.518768701,0.042238541,-1.518164063,-0.00722168,-11.33841248,5.782324219,9.813867188,238,0.025,1501040WC02,1.741383592,18.9119404,-62.93031135,73.79127586,3.697865944,70.09340992,73.79127586,70.09340992,75.38495471,73.79127586,73.79127586,1.518768701,1.574823207,1.741383592,1.700594693,18.9119404,18.27084104,25,62,17,39,A,1,0.002083333,1.024033305,-0.428408791,0.919455352,-0.140399336,-86.6405468,-45.3420617,3.542764637,6.142490375,-2.569737585,5.515197234,-0.84216164,-519.6986487,-271.9766791,21.25067376,21.43186513,-11.91652974,16.9379964,-1.587198017,-1614.048049,-1274.252006,117.3814566,1501,40,77,WC02,Wind_success,2,W,0,Naive,15,Head-On,TRUE,TRUE,-18.80446641,17.98711406,0.133333333,133.3333333,231.3974802,2.459908929,0.441666667,441.6666667,939.1659251,1.426089286,2.340328158,1.41573743,29.08350464,22.76924324,582.576799,8795.438095,18.12750373
1501040WC03_f238,-49.22748044,28.24756819,35.76706263,-25.99125862,-383.2736816,1424.30127,67.08615885,-0.916215897,-14.1763916,0.501464844,31.24584389,9.08291626,-63.67028809,-0.064454995,-0.997296868,0.035277617,0.436985248,0.127028107,-0.890453678,1.518768701,0.042238541,-1.518164063,-0.00722168,-11.33841248,5.782324219,9.813867188,238,0.025,1501040WC03,1.741383592,18.9119404,-62.93031135,73.79127586,3.697865944,70.09340992,73.79127586,70.09340992,75.38495471,73.79127586,73.79127586,1.518768701,1.574823207,1.741383592,1.700594693,18.9119404,18.27084104,25,62,17,39,A,1,0.002083333,1.024033305,-0.428408791,0.919455352,-0.140399336,-86.6405468,-45.3420617,3.542764637,6.142490375,-2.569737585,5.515197234,-0.84216164,-519.6986487,-271.9766791,21.25067376,21.43186513,-11.91652974,16.9379964,-1.587198017,-1614.048049,-1274.252006,117.3814566,1501,40,78,WC03,Wind_success,3,W,0,Naive,16,Head-On,TRUE,TRUE,-18.80446641,17.98711406,0.133333333,133.3333333,231.3974802,2.459908929,0.441666667,441.6666667,939.1659251,1.426089286,2.340328158,1.41573743,29.08350464,22.76924324,582.576799,8795.438095,18.12750373
1501040WC04_f240,-32.79463489,18.46611629,49.83500707,-9.573912621,-393.1219177,1438.421265,62.45008774,-1.333930969,-12.47113037,-6.767578125,47.17507076,0.381988525,-56.50463867,-0.093598572,-0.875067766,-0.474863889,0.64088002,0.005189368,-0.767623522,1.369767843,-0.248098984,-1.333751221,-0.189257813,50.96207943,187.1129883,5.264648437,240,0.008333333,1501040WC04,3.154125606,20.22865186,-50.14096017,89.53607167,6.105231019,83.43084065,89.53607167,83.43084065,78.99858111,89.53607167,89.53607167,1.369767843,1.648122154,3.154125606,2.524431513,20.22865186,19.87394076,8.333333333,62,17,39,A,1,0.0125,1.09235039,-0.495975222,0.89703141,0.377587875,-107.3540759,-72.43170533,2.515554966,6.552278841,-2.975023385,5.380691011,2.264896931,-643.9452456,-434.4693192,15.08913049,25.17641234,-11.49510935,20.80054714,7.426476517,-2411.231889,-1617.085816,69.2896939,1501,40,79,WC04,Wind_success,4,W,0,Naive,17,Head-On,TRUE,TRUE,27.69902322,13.8826863,0.15,150,296.1261864,2.842772488,0.3,300,674.9141741,1.648122154,3.481348179,1.773039415,31.79844173,24.37676951,582.576799,8795.438095,18.12750373
1501040WC05_f234,-83.79570816,94.83310439,57.47300975,-60.61517334,-316.7269592,1446.000488,138.9898746,-0.362495422,-13.7098999,-3.840454102,34.70737267,10.19528198,-65.73022461,-0.025452108,-0.962621388,-0.269652097,0.462600193,0.13588869,-0.876090935,1.235928861,0.022754059,-1.229326172,0.125537109,16.25213013,9.14765625,10.13027344,234,0.058333333,1501040WC05,0.94142725,21.99937755,-61.17435148,73.62986238,1.514571224,72.11529115,73.62986238,72.11529115,74.69025035,73.62986238,73.62986238,1.235928861,1.311055189,0.94142725,0.921950387,21.99937755,21.73276025,58.33333333,62,17,39,A,1,0.021875,0.753022154,-0.452345265,0.587930516,-0.129475226,-39.15746437,-32.15240093,-0.050464038,4.516875879,-2.713316472,3.526601645,-0.776635221,-234.8794193,-192.8607325,-0.302699984,38.70777163,-27.71258015,24.2623003,-4.137079894,-1605.361228,-1964.924302,65.72618479,1501,40,80,WC05,Wind_success,5,W,0,Naive,18,Head-On,TRUE,TRUE,-40.60668105,22.92808584,0.15,150,257.2316429,2.347509423,0.45,450,870.4129851,1.17052435,2.571885058,1.244551777,25.53150528,21.1322425,582.576799,8795.438095,18.12750373
1501040WC06_f236,-101.0534846,69.7650451,61.07117411,-77.85340118,-341.8002625,1449.593384,137.1446556,0.301506042,-13.1418457,-4.907836914,37.50199127,6.384460449,-61.52441406,0.021487641,-0.936589061,-0.349770228,0.518445692,0.088261874,-0.8505433,1.382043466,-0.144432678,-1.369552002,-0.116235352,-0.87989502,2.919287109,11.46796875,236,0.041666667,1501040WC06,1.294433254,23.60622564,-58.27081099,80.33841013,-1.314274581,81.65268472,80.33841013,81.65268472,74.3182612,80.33841013,80.33841013,1.382043466,1.41652964,1.294433254,0.989007815,23.60622564,26.30990888,41.66666667,62,17,39,A,1,0.015625,0.84480121,-0.464159348,0.696999538,-0.111520526,-29.87784067,-22.20363048,2.041641938,5.067397002,-2.784181253,4.180833701,-0.668936991,-179.2171679,-133.1847176,12.24644344,33.22740051,-19.91871022,24.08480575,-5.0894495,-938.2824386,-864.3571515,159.7950025,1501,40,81,WC06,Wind_success,6,W,0,Naive,19,Head-On,TRUE,TRUE,-59.81307882,23.18616607,0.133333333,133.3333333,251.767035,2.46619551,0.241666667,241.6666667,486.4347772,1.303878273,3.970558058,1.975443048,30.50954334,22.92043731,582.576799,8795.438095,18.12750373
1501040WC07_f232,-32.3079804,83.74623292,70.74372609,-9.150700569,-327.8106689,1459.307495,114.2887217,-1.726564407,-12.28317261,-6.889526367,48.36278248,-0.62020874,-53.50402832,-0.121684753,-0.865693061,-0.485559827,0.67054061,-0.008599074,-0.741822988,0.904150115,-0.147754784,-0.888413086,-0.079863281,1.642263794,14.97700195,-7.565625,232,0.075,1501040WC07,0.434082805,9.01355851,-47.88693859,90.73472603,8.001267406,82.73345863,90.73472603,82.73345863,81.29211223,90.73472603,90.73472603,0.904150115,1.026140071,0.434082805,0.625634085,,,75,62,17,39,A,1,0.009375,0.527374741,-0.299556226,0.403415257,-0.16014467,-45.54673966,-34.01331945,0.944522004,3.16336808,-1.796837294,2.419818108,-0.960600683,-273.2044052,-204.0231371,5.665555298,69.30657824,-62.88394976,19.05899377,-2.47839843,-2269.788516,-7151.455481,-71.59407213,1501,40,82,WC07,Wind_success,7,W,0,Naive,20,Head-On,TRUE,TRUE,47.66126093,26.11594334,0.308333333,308.3333333,440.2828083,2.734498911,0.466666667,466.6666667,816.7450718,0.786599837,3.173664121,1.289023962,23.56165152,21.15537447,582.576799,8795.438095,18.12750373
1501040WC08_f234,-69.29242794,73.58103987,46.63786087,-46.139328,-337.9481812,1435.228394,111.3135215,0.217895508,-12.20172119,-7.605834961,53.96580696,-1.164093018,-48.44042969,0.015152905,-0.848532963,-0.528925516,0.744080767,-0.016050519,-0.667896843,0.936722055,-0.292404785,-0.881499023,-0.122094727,4.147668457,11.86567383,5.895703125,234,0.058333333,1501040WC08,1.373256786,17.44438555,-41.90494892,91.235732,-1.023066003,92.25879801,91.235732,92.25879801,72.88437236,91.235732,91.235732,0.936722055,1.047554753,1.373256786,1.236653739,17.44438555,16.51646846,58.33333333,62,17,39,A,1,0.016666667,0.55496768,-0.205749612,0.498907462,-0.129412393,-33.41399627,-16.22628632,1.795822961,3.328879653,-1.234154205,2.992611928,-0.776258325,-200.4281985,-97.33063081,10.77193994,25.03079781,-14.36073758,17.66707237,-5.878554854,-1176.222336,-1019.247318,63.18543721,1501,40,83,WC08,Wind_success,8,W,0,Naive,21,Head-On,TRUE,TRUE,-81.43870394,34.30723846,0.241666667,241.6666667,365.6646686,2.216992774,0.366666667,366.6666667,623.1550813,1.08870943,3.399791297,1.715997952,23.41792233,20.34057359,582.576799,8795.438095,18.12750373
1501040WC09_f232,-17.64644628,92.9704354,47.51728134,5.519641399,-318.5370789,1436.093262,105.8904668,-3.858475089,-12.76046753,-4.877197266,52.00894213,0.14541626,-48.10449219,-0.271814999,-0.898926749,-0.343580129,0.734124485,0.002052602,-0.679011802,1.074034977,-0.539663258,-0.921035156,0.118359375,13.71669846,-2.790527344,-14.27871094,232,0.075,1501040WC09,1.721106063,21.68849005,-42.76646998,89.83980224,16.82412236,73.01567988,89.83980224,73.01567988,59.47243288,89.83980224,89.83980224,1.074034977,1.135790573,1.721106063,1.973289814,21.68849005,22.3269691,75,62,17,39,A,1,0.021875,0.57796085,-0.233316322,0.466057973,-0.249784316,-41.54678124,-21.53458576,2.332379555,3.466800291,-1.399508449,2.79556983,-1.49828892,-249.2113319,-129.1715661,13.99038381,22.03045941,-11.97771765,14.07578847,-9.326188609,-1278.801231,-1120.113731,58.32134597,1501,40,85,WC09,Wind_success,9,W,0,Naive,22,Head-On,TRUE,TRUE,56.41552622,22.82646053,0.266666667,266.6666667,380.8389197,2.78368188,0.408333333,408.3333333,720.6984611,0.938743297,2.632817859,1.618398776,25.83768855,20.98183788,582.576799,8795.438095,18.12750373
1501040WC10_f233,-29.64596381,91.84227517,44.05715154,-6.496458054,-319.691864,1432.606812,106.0892044,-3.661729813,-13.4883728,-2.835205078,53.70735359,-4.302947998,-43.36108398,-0.256761041,-0.945806713,-0.198805003,0.776560767,-0.062216817,-0.626962872,1.322417387,-0.314068966,-1.279658203,0.112353516,7.546301079,8.702929688,8.279296875,233,0.066666667,1501040WC10,1.467969249,18.05642769,-38.82640248,94.58066268,15.18821123,79.39245145,94.58066268,79.39245145,80.79101863,94.58066268,94.58066268,1.322417387,1.404411903,1.467969249,1.522772443,18.05642769,16.72345328,66.66666667,62,17,39,A,1,0.016666667,0.81266689,-0.386872115,0.660714515,-0.272422044,-66.01378435,-41.15242882,1.48542297,4.874644727,-2.320586873,3.963184136,-1.634077502,-395.9725069,-246.8458757,8.910058151,29.38787919,-17.52238035,19.80710977,-9.086463393,-1966.810784,-1847.471846,45.9684836,1501,40,86,WC10,Wind_success,10,W,0,Naive,23,Head-On,TRUE,TRUE,31.8424589,25.28125773,0.25,250,429.0995854,2.772515994,0.366666667,366.6666667,718.6682915,1.109787457,2.099992439,1.355157327,28.27979499,20.91693428,582.576799,8795.438095,18.12750373
1501040WC11_f234,-57.8258559,100.4563703,52.32662888,-34.44052505,-311.0531006,1440.872192,127.174636,-0.826690674,-13.09432983,-5.390258789,53.0971508,-3.796020508,-46.75866699,-0.058281308,-0.923144155,-0.380010734,0.749403056,-0.053576309,-0.659942905,1.54083502,-0.211543121,-1.525187988,-0.056777344,19.37359314,9.086132812,8.166796875,234,0.058333333,1501040WC11,0.449990487,24.19279639,-41.29551856,94.08923143,3.612487721,90.47674371,94.08923143,90.47674371,86.19270341,94.08923143,94.08923143,1.54083502,1.648515733,0.449990487,0.501044957,24.19279639,24.19279639,58.33333333,62,17,39,A,1,0.019791667,0.786974082,-0.341468891,0.690964001,-0.159047011,-60.21434293,-35.36264778,2.368679992,4.720530768,-2.048243319,4.144630554,-0.954016565,-361.1855397,-212.1168546,14.20812583,29.94949454,-16.8043966,22.53697948,-5.227121903,-1999.606045,-1615.348336,114.4927103,1501,40,88,WC11,Wind_success,11,W,0,Naive,24,Head-On,TRUE,TRUE,21.57630525,22.20891334,0.2,200,391.234834,2.629482132,0.383333333,383.3333333,841.9928039,1.358606907,3.270506252,1.023171906,30.88392156,23.80233699,582.576799,8795.438095,18.12750373
1501040WC12_f234,-52.09378457,81.81745389,53.50896047,-28.71563148,-329.7036438,1442.053955,110.7748482,-2.453573227,-12.31283569,-6.83190918,52.48633957,-4.136993408,-45.97924805,-0.171657924,-0.861435797,-0.477976908,0.750876626,-0.059184384,-0.6577853,1.299752466,-0.366528625,-1.246864014,-0.018530273,-5.780593872,3.358300781,8.878710937,234,0.058333333,1501040WC12,0.271944816,2.441869051,-41.13118513,94.50675775,11.2696848,83.23707295,94.50675775,83.23707295,78.12551083,94.50675775,94.50675775,1.299752466,1.3104353,0.271944816,0.521717511,,,58.33333333,62,17,39,A,1,0.015625,0.643384423,-0.356434545,0.502408005,-0.185699025,-42.53267402,-31.45141097,1.573115497,3.859232514,-2.138012262,3.01360934,-1.113884156,-255.1250428,-188.6559628,9.436066926,28.1612828,-18.11984328,19.36865887,-6.412392466,-1590.132644,-1533.685209,133.5461336,1501,40,89,WC12,Wind_success,12,W,0,Naive,25,Head-On,TRUE,TRUE,45.24192093,23.2570815,0.241666667,241.6666667,396.977925,2.666440507,0.425,425,838.8473301,1.246034849,2.141288751,1.154811834,30.50104023,22.6849059,582.576799,8795.438095,18.12750373
1501040WC13_f237,-53.4048748,-4.776358934,33.69436562,-30.01545334,-416.2848511,1422.236816,63.32617572,-13.79779053,-3.340515137,-0.243530273,38.65213108,31.34008789,-18.27746582,-0.971778115,-0.235272415,-0.017151832,0.729122749,0.591190457,-0.344780889,0.273001618,-0.214019394,0.165476074,0.036650391,-11.0662262,6.603222656,3.346875,237,0.033333333,1501040WC13,1.682310117,,-20.168421,50.96402011,76.39027818,-25.42625808,50.96402011,25.42625808,-76.74655196,50.96402011,50.96402011,0.273001618,0.164654817,1.682310117,1.682310117,,,33.33333333,62,17,39,A,1,0.104166667,0.297776001,-0.27934761,-0.036610955,-0.096411086,0.786536029,-18.81353851,-1.60278099,1.786158919,-1.675619335,-0.219604614,-0.578305576,4.717903183,-112.8498249,-9.614010358,4.091048717,-3.919470703,-0.080292801,1.168899739,7.026105688,-411.9829926,-5.506251471,1501,40,90,WC13,Wind_success,13,W,0,Naive,26,Head-On,TRUE,TRUE,42.27537857,23.53636457,0.775,775,415.1574292,2.744321233,0.95,950,844.9221362,0.307316958,2.513839057,1.906239497,22.72609079,20.5132998,582.576799,8795.438095,18.12750373
1501040WC14_f220,-42.32305452,150.7590958,81.07386475,-18.92059708,-260.7457581,1469.621216,176.3307048,-0.877111435,-12.40350342,-6.887329102,58.68584442,-3.739685059,-30.64782715,-0.061705476,-0.872596177,-0.484528995,0.884993676,-0.056395161,-0.462175052,0.995613728,-0.304903336,-0.921467285,-0.221762695,16.35519562,2.435229492,-0.595898437,220,0.175,1501040WC14,1.949639097,19.96019672,-27.52754895,93.6461748,4.044927015,89.60124779,93.6461748,89.60124779,75.33736623,93.6461748,93.6461748,0.995613728,1.062341225,1.949639097,1.448115446,19.96019672,19.85577833,175,62,17,39,A,1,0.029166667,0.437291498,-0.343760789,0.26440011,-0.056079907,-16.37200999,-21.95413783,0.249800475,2.623019,-2.061990882,1.585959285,-0.336385827,-98.20472959,-131.6881782,1.49838585,30.09620855,-26.28947883,12.82934765,-4.612490641,-839.7409954,-1777.948179,-68.8891367,1501,40,91,WC14,Wind_success,14,W,0,Naive,27,Head-On,TRUE,TRUE,19.86353547,25.57262209,0.416666667,416.6666667,536.5483896,2.643608431,0.55,550,844.9155415,0.935349149,2.978142507,1.47114642,22.26666594,19.47504442,582.576799,8795.438095,18.12750373
1502040MA01_f240,-28.70982232,1.883617935,74.20843493,-1.473375797,-414.2588806,1461.015625,79.59078922,-9.048724651,-8.621826172,-6.784057617,64.90100718,-12.39242554,-15.17089844,-0.636290143,-0.606271405,-0.477042805,0.957343099,-0.182798443,-0.223783198,1.251608099,-0.143985307,-1.178752441,-0.395390625,-22.16885662,23.7309082,17.90859375,240,0.008333333,1502040MA01,2.54710436,20.35374373,-12.93133614,100.8101332,46.38392541,54.42620775,100.8101332,54.42620775,93.84592022,100.8101332,100.8101332,1.251608099,1.480898861,2.54710436,2.287586855,20.35374373,19.90032341,8.333333333,61,16.4,39,A,2,0.670833333,0.864314417,-0.693995448,-0.510261766,0.071011686,30.93952799,-42.32920545,-1.63458021,5.374118438,-4.315112255,-3.172696316,0.441535165,192.3752336,-263.1937627,-10.16346306,0.151274873,0.042343791,0.070868716,-0.096627763,-18.63180836,2.55360691,0.811514895,1502,40,23,MA01,Wind_missed,1,M,0,Naive,1,Failure,FALSE,FALSE,-126.7279062,25.5417871,0.116666667,116.6666667,224.6741473,2.412268933,0.208333333,208.3333333,424.0840219,1.480898861,3.99192957,1.757684292,26.01647886,19.74224638,582.576799,8514.002381,18.02875529
1502040MA02_f237,-16.96746203,75.82556639,46.27517668,10.32261944,-340.5652771,1433.200439,90.43673624,-4.343286037,-12.82073975,-2.132324219,56.57837391,1.798248291,-39.23266602,-0.316950248,-0.935590381,-0.155605844,0.821483422,0.026109467,-0.569634341,2.295525175,0.001466446,-2.15993042,-0.777260742,1.706616211,-6.688916016,7.287890625,237,0.033333333,1502040MA02,1.919274713,20.08202261,-34.72473119,88.179563,18.71485451,69.46470849,88.179563,69.46470849,88.21846294,88.179563,88.179563,2.295525175,2.264952206,1.919274713,1.340487923,20.08202261,19.27461299,33.33333333,61,16.4,39,A,2,0.011458333,4.143887038,-0.544061074,2.162004766,3.493069241,-189.3453036,-101.0190599,10.54428628,25.76578535,-3.382853035,13.44287386,21.7191423,-1177.30778,-628.1144705,65.56207121,89.84575066,-13.75361983,48.64202759,72.3301878,-4312.279567,-2451.304903,240.3558978,1502,40,25,MA02,Wind_missed,2,M,0,Naive,3,Failure,FALSE,FALSE,8.186633494,-4.839819777,0.083333333,83.33333333,201.5048591,2.602223985,0.175,175,423.7744601,2.323171401,3.44347373,1.505444266,27.86355425,21.85763974,582.576799,8514.002381,18.02875529
1502040MA03_f238,-22.4640514,43.25957252,65.93552088,4.721230984,-373.4331665,1452.960205,81.99705564,-4.1330778,-12.57876587,-4.572021484,54.4208436,11.94702148,-40.40710449,-0.295061017,-0.897999899,-0.326397269,0.790695533,0.173581589,-0.58708603,2.095382403,-0.256692753,-2.068348389,-0.216035156,11.11325455,7.341503906,17.25292969,238,0.025,1502040MA03,2.645310446,,-35.95049557,77.61825608,18.1892707,59.42898538,77.61825608,59.42898538,70.54372582,77.61825608,77.61825608,2.095382403,2.095382403,2.645310446,2.051502982,,,25,61,16.4,39,A,2,0.032291667,0.249997756,-0.093837438,0.230634201,-0.02238925,-31.99211651,-12.85831575,1.291426746,1.554431491,-0.583460714,1.434033132,-0.139211472,-198.9199993,-79.95020144,8.029809702,0.209285727,0.079644442,-0.000692934,0.132786589,3.202386831,13.13660223,-1.267786536,1502,40,27,MA03,Wind_missed,3,M,0,Naive,5,Failure,FALSE,FALSE,-52.22159608,17.73912397,0.125,125,290.2198427,2.569669425,0.291666667,291.6666667,688.7769368,1.956935188,2.480292733,1.262746447,32.80584005,22.79960226,582.576799,8514.002381,18.02875529
1502040MA04_f240,-78.23269534,9.756817881,49.93279317,-51.0417366,-406.9145813,1436.971313,93.32113346,-7.716350555,-9.671600342,-6.557983398,56.47313499,-18.70211792,-37.47375488,-0.55104271,-0.690671688,-0.468320992,0.803220687,-0.266001312,-0.532991398,1.409297262,-0.09889389,-1.37699707,-0.283227539,21.48277588,-12.58417969,-2.118164063,240,0.008333333,1502040MA04,2.444816642,20.4310171,-32.20779521,108.3232392,38.58412457,69.7391146,108.3232392,69.7391146,104.2153941,108.3232392,108.3232392,1.409297262,1.396931594,2.444816642,1.863636062,20.4310171,20.4310171,8.333333333,61,16.4,39,A,2,0.552083333,0.501556805,-0.394612938,-0.305974276,0.047112641,17.74049005,-22.18606449,-1.699909419,3.118570769,-2.453617136,-1.902481279,0.292936118,110.3064959,-137.9481077,-10.56966582,4.555565858,-3.10373704,2.637137361,-1.012328056,-266.2242498,-194.2817168,8.850131062,1502,40,30,MA04,Wind_missed,4,M,0,Naive,7,Failure,FALSE,FALSE,-50.10220157,30.55508684,0.125,125,247.4276401,2.888039681,0.308333333,308.3333333,687.356831,1.396931594,3.141982125,1.542780006,27.4228585,22.22311813,582.576799,8514.002381,18.02875529
1502040MA05_f240,-66.94131025,42.28591976,40.03988902,-39.87330627,-374.3823853,1426.960083,88.72671943,-3.1977005,-13.87780762,-1.565673828,55.66915607,-11.79263306,-44.12854004,-0.223190069,-0.968630064,-0.109279418,0.773074675,-0.163763682,-0.61281074,1.68975211,-0.413861389,-1.636721191,-0.071586914,-4.168707275,0.391113281,8.520117187,240,0.008333333,1502040MA05,2.316971791,18.22688822,-37.79301645,101.9603969,12.97552378,88.98487312,101.9603969,88.98487312,87.7700285,101.9603969,101.9603969,1.68975211,1.68975211,2.316971791,1.765971296,18.22688822,16.9965193,8.333333333,61,16.4,39,A,2,0.691666667,0.798876233,-0.680321307,-0.308723197,0.282941941,13.99899715,-28.28045427,2.384873587,4.967238089,-4.230089431,-1.919573471,1.75927125,87.04270948,-175.8416935,14.82862355,36.13491557,-19.4470319,25.21223599,-5.983252164,-2129.076978,-1502.46869,83.81482859,1502,40,34,MA05,Wind_missed,5,M,0,Naive,11,Failure,FALSE,FALSE,-29.04661743,34.88637544,0.15,150,355.3888735,2.595412764,0.391666667,391.6666667,931.6698808,1.68975211,2.55183809,1.162034606,25.67632274,21.54271931,582.576799,8514.002381,18.02875529
1502040MC01_f232,-36.69680403,21.89470811,45.6847273,-9.409467697,-394.6377258,1432.784424,62.55499962,-4.261387825,-12.51602173,-4.551879883,43.62598228,-5.363555908,-57.81958008,-0.304750581,-0.895075747,-0.325524945,0.600661722,-0.073847798,-0.796085422,1.268407283,-0.313402061,-1.211092529,-0.209501953,18.42554855,13.92231445,0.968554687,232,0.075,1502040MC01,2.831166823,19.79086786,-52.75789701,97.0090034,18.80240591,78.20659749,97.0090034,78.20659749,82.50047929,97.0090034,97.0090034,1.268407283,1.423588636,2.831166823,2.711362158,19.79086786,19.79086786,75,61,16.4,39,A,2,-0.053125,1.52774551,-0.879002329,1.02346158,0.71685957,-83.09378767,-97.21511361,-0.042876808,9.499188204,-5.465444672,6.363660768,4.457276375,-516.6590395,-604.4623627,-0.266598638,0.632632016,-0.089688805,0.448682005,0.315428178,28.79680763,4.832027274,-3.994820362,1502,40,75,MC01,Wind_missed,1,M,0,Naive,24,Failure,FALSE,FALSE,-114.3280785,34.52386477,0.191666667,191.6666667,230.6107854,2.818758341,0.508333333,508.3333333,1047.258942,0.472212774,5.013275642,2.100599487,24.40440994,19.11850041,582.576799,8514.002381,18.02875529
1502040PA01_f240,-3.415006276,7.306969134,58.03042323,23.73599625,-409.369751,1445.0625,58.58825894,-10.11825657,-7.606140137,-4.501342773,50.60624313,-27.81002808,-39.76342773,-0.753136362,-0.566150964,-0.335050302,0.721804155,-0.396658447,-0.567151513,0.615866859,-0.418080368,-0.449681396,-0.047827148,-1.593539429,25.53266602,-0.451757813,240,0.008333333,1502040PA01,1.643030372,18.52455237,-34.55182998,118.7904446,53.0669229,65.72352169,118.7904446,65.72352169,75.87604674,118.7904446,118.7904446,0.615866859,0.777592464,1.643030372,1.830029304,18.52455237,20.07380492,8.333333333,61,16.4,39,A,2,0.289583333,0.4983021,-0.488020807,-0.036464545,-0.093866994,1.957889643,-40.14214905,-0.604567331,3.098333724,-3.034406882,-0.226728586,-0.583644483,12.17373056,-249.5951232,-3.759067742,4.42988902,0.769542365,3.694216789,-0.283662065,-348.3189761,18.03456202,0.173054694,1502,40,29,PA01,Wind_Near-miss,1,P,0,Naive,6,Pivot,TRUE,FALSE,32.48559968,30.1335144,0.2,200,269.8664646,2.017207738,0.541666667,541.6666667,867.8174795,0.777592464,2.768590682,1.396158987,30.80419425,20.69575012,582.576799,8514.002381,18.02875529
1502040PA02_f239,-46.93635436,20.57363723,44.53593455,-19.82545662,-396.126709,1431.512451,67.89510568,-6.51930809,-11.82858276,-4.036132813,50.91426659,-32.9503479,-30.74304199,-0.462481958,-0.839123729,-0.28632465,0.748810261,-0.484609919,-0.452146458,1.2878848,-0.214593887,-1.174991455,-0.481655273,12.18898773,9.185888672,-0.455273437,239,0.016666667,1502040PA02,1.609605864,17.60510862,-26.88148208,122.9098612,28.86129978,94.04856144,122.9098612,94.04856144,112.5597506,122.9098612,122.9098612,1.2878848,1.376469339,1.609605864,1.750908555,17.60510862,19.80395886,16.66666667,61,16.4,39,A,2,0.029166667,0.41797749,-0.13653507,0.391510891,-0.05275016,-45.66181298,-17.09081013,0.944995787,2.598892826,-0.848945269,2.434329287,-0.327988987,-283.9151891,-106.266928,5.875777593,17.15526162,-7.178138403,14.47153167,-3.621605877,-1646.245739,-845.5277735,23.88061409,1502,40,31,PA02,Wind_Near-miss,2,P,0,Naive,8,Pivot,TRUE,FALSE,-18.1428187,37.90332048,0.2,200,370.4781123,2.276599511,0.533333333,533.3333333,1070.924695,1.295136099,2.312232012,1.288049819,30.81174224,21.88223984,582.576799,8514.002381,18.02875529
1502040PA03_f238,-15.99213151,54.89494521,36.64516805,11.08003902,-361.7992554,1423.601196,67.91223469,-6.70966053,-12.17202759,-1.089477539,44.03545094,-8.148773193,-53.56750488,-0.481273316,-0.873080248,-0.078146497,0.630688762,-0.116709142,-0.76720966,1.454874627,-0.444080772,-1.374353027,0.174946289,19.77919464,6.640136719,-26.02265625,238,0.025,1502040PA03,1.620825838,19.56721246,-50.10397572,100.4840045,28.86513851,71.61886595,100.4840045,71.61886595,82.57732884,100.4840045,100.4840045,1.454874627,1.578271571,1.620825838,1.510574177,19.56721246,17.61757276,25,61,16.4,39,A,2,0.017708333,1.066378146,-0.389999193,0.869227573,-0.479068269,-103.4944,-52.67722578,3.443488857,6.630506614,-2.42492988,5.40466737,-2.978741959,-643.5055954,-327.535495,21.4108623,29.20104364,-10.844666,23.20444007,-11.89574387,-2752.442422,-1425.116418,108.7446262,1502,40,32,PA03,Wind_Near-miss,3,P,0,Naive,9,Pivot,TRUE,FALSE,70.98149036,29.85094429,0.141666667,141.6666667,247.4776667,2.32177753,0.45,450,892.3525375,1.439218272,3.16310618,1.604766636,33.20464573,23.52840167,582.576799,8514.002381,18.02875529
1502040PA04_f230,-12.753865,101.3013622,67.74034929,14.31697369,-315.3370972,1454.651733,122.5291066,-5.681986809,-11.97869873,-4.383789063,56.8699007,-11.75997925,-37.04589844,-0.406904078,-0.857830461,-0.313936253,0.825600207,-0.170723725,-0.537808244,1.089787184,-0.413370094,-1.000777588,-0.123310547,2.536070251,6.213427734,8.1421875,230,0.091666667,1502040PA04,1.662778893,19.0707867,-32.53456079,101.6833722,25.37689877,76.30647339,101.6833722,76.30647339,79.24035282,101.6833722,101.6833722,1.089787184,1.154647627,1.662778893,1.221458197,19.0707867,,91.66666667,61,16.4,39,A,2,0.027083333,0.325800698,-0.117609646,0.294812445,-0.073482571,-32.14399801,-13.4738972,1.548618897,2.025757648,-0.731271114,1.833079454,-0.456898591,-199.8643654,-83.7777526,9.628974374,37.6097966,-24.27363606,21.79672455,1.600707805,-2251.676319,-2783.949038,278.7556482,1502,40,36,PA04,Wind_Near-miss,4,P,0,Naive,13,Pivot,TRUE,FALSE,11.7266683,42.54158107,0.35,350,525.4000643,2.502614458,0.575,575,1001.442203,1.052994468,3.558172846,1.393189072,30.83576836,21.93837845,582.576799,8514.002381,18.02875529
1502040UA01_f225,-25.26916867,-184.2936698,109.7400266,2.005069733,-600.3917847,1496.575806,215.9758344,-3.899547815,12.70391846,-4.055175781,1.445147991,-63.90081787,-29.41516113,-0.280666171,0.914352205,-0.291867342,0.020539081,-0.90818662,-0.41806125,1.502717592,-0.002567711,1.402946777,-0.538417969,16.84797363,7.548046875,-24.72539063,225,0.133333333,1502040UA01,0.945570799,23.3894686,-24.71224646,178.704449,162.9358019,15.76864706,178.704449,15.76864706,-1.190686843,178.704449,178.704449,1.502717592,1.470007517,0.945570799,1.10773821,23.3894686,23.3894686,133.3333333,61,16.4,39,A,2,0.584375,0.529227305,-0.511190024,-0.085287303,0.107202499,7.760514134,-49.36835599,-0.151506922,3.2906199,-3.178468022,-0.530297837,0.666561747,48.25318344,-306.9616647,-0.942036978,2.666939622,-1.74851261,-1.981531,0.296660299,173.7724278,-133.4852328,-2.506611299,1502,40,24,UA01,Wind_Uturn,1,U,0,Naive,2,U-Turn,TRUE,FALSE,53.55577622,15.98205296,0.808333333,808.3333333,270.7256787,2.705976619,1.2,1200,1034.514285,1.102628526,4.099119043,1.648027215,30.28676733,20.99391378,582.576799,8514.002381,18.02875529
1502040WA01_f240,-55.49179059,33.28523222,32.88794124,-28.27534676,-383.3618164,1419.848267,72.58692848,-2.714170456,-13.64633179,-1.475097656,57.73715019,-4.451934814,-41.05102539,-0.193985643,-0.975322842,-0.105427338,0.813394165,-0.062718333,-0.578322006,1.393656586,-0.046715469,-1.361147461,-0.29559082,12.70555115,12.61098633,11.87929687,240,0.008333333,1502040WA01,1.834439048,,-35.33260783,94.40917766,11.24897532,83.16020234,94.40917766,83.16020234,92.44352065,94.40917766,94.40917766,1.393656586,1.526053534,1.834439048,2.06409924,,,8.333333333,61,16.4,39,A,2,0.01875,1.336727833,-0.614381125,1.140950175,-0.328039373,-122.6789704,-74.56036045,3.003739537,8.311481971,-3.820087771,7.094179216,-2.039677239,-762.791068,-463.6000512,18.67659699,36.07939501,-17.65562315,29.46887835,-8.016325287,-3134.020529,-2098.165742,85.37897307,1502,40,26,WA01,Wind_success,1,W,0,Naive,4,Head-On,TRUE,TRUE,-79.90508815,26.03232434,0.108333333,108.3333333,232.8160763,2.716883394,0.375,375,880.7831651,1.526053534,3.414272668,1.421818417,28.1831429,23.12126791,582.576799,8514.002381,18.02875529
1502040WA02_f240,-30.06766861,34.18452817,29.39052118,-3.042425632,-382.5124207,1416.377563,54.18901546,-5.89830637,-12.30004883,-2.422485352,55.81377268,-25.86746216,-28.05566406,-0.425729417,-0.887795968,-0.174850747,0.825497324,-0.382585154,-0.414949115,1.087504826,-0.205490856,-1.032784424,-0.271655273,-1.063673544,-2.233740234,23.990625,240,0.008333333,1502040WA02,1.220994616,21.89572302,-24.51611209,114.8658456,25.61935764,89.24648801,114.8658456,89.24648801,103.6127899,114.8658456,114.8658456,1.087504826,1.135600185,1.220994616,0.76391476,21.89572302,21.89572302,8.333333333,61,16.4,39,A,2,0.016666667,0.928224606,-0.376365691,0.814305073,-0.238447129,-109.0507458,-59.03578163,1.770890371,5.771498048,-2.340159736,5.063171254,-1.482612214,-678.0537409,-367.0716078,11.0110099,24.54983427,-11.27193064,20.24211233,-6.496466114,-2708.826457,-1720.628085,41.49812846,1502,40,33,WA02,Wind_success,2,W,0,Naive,10,Head-On,TRUE,TRUE,-7.555896187,29.86636399,0.141666667,141.6666667,268.841486,2.567218816,0.391666667,391.6666667,835.4342274,1.135600185,3.944198642,1.402080372,27.14149995,22.7337916,582.576799,8514.002381,18.02875529
1502040WA03_f240,-75.94649689,13.34636129,48.09320501,-48.9187088,-403.3366394,1434.965088,90.87877705,,,,62.11621761,3.436584473,-38.62109375,,,,0.848298593,0.046932184,-0.527434231,1.315574352,-0.447604065,-1.124849854,-0.51487793,1.92288208,14.85615234,-19.93007813,240,0.008333333,1502040WA03,1.216932524,22.28135211,-31.83225951,86.83333491,,,86.83333491,,65.13456872,86.83333491,86.83333491,1.315574352,1.37685796,1.216932524,0.79674509,22.28135211,,8.333333333,61,16.4,39,A,2,0.016666667,0.688208776,-0.521700921,0.435788085,-0.107462613,-42.24779548,-53.64374506,1.667715742,4.279131992,-3.243822485,2.709635218,-0.668179078,-262.6875733,-333.545101,10.36949256,22.23657705,-15.07971458,15.07371454,-3.013433514,-1422.645995,-1592.916754,86.72093059,1502,40,35,WA03,Wind_success,3,W,0,Naive,12,Head-On,TRUE,TRUE,15.47126151,40.40555519,0.266666667,266.6666667,476.5704246,2.502960128,0.5,500,968.6546531,1.37685796,2.598350724,1.421912075,25.33902602,20.4807044,582.576799,8514.002381,18.02875529
1502040WA04_f229,-27.94467752,110.6001967,51.03892059,-0.971025527,-306.026001,1438.024658,124.9731168,-4.984722555,-12.76580811,-2.819824219,56.98876768,-15.19894409,-35.50732422,-0.356265503,-0.912391212,-0.201537013,0.827795596,-0.220773663,-0.515764909,1.127017991,-0.38614043,-1.058532715,-0.023950195,-0.349819279,-9.983056641,19.89667969,229,0.1,1502040WA04,1.75185594,17.70989949,-31.04859631,104.9332375,21.32937754,83.60386,104.9332375,83.60386,84.89185582,104.9332375,104.9332375,1.127017991,1.106011266,1.75185594,1.214447312,17.70989949,,100,61,16.4,39,A,2,0.035416667,0.449968587,-0.406517338,0.180983024,-0.06678719,-18.53482866,-42.57509027,-3.83414628,2.797806486,-2.527636099,1.125312949,-0.415268171,-115.24552,-264.7226208,-23.8398849,27.3726176,-22.74288688,13.12375135,-3.83987059,-1326.882173,-2290.880455,-147.7691025,1502,40,37,WA04,Wind_success,4,W,0,Naive,14,Head-On,TRUE,TRUE,-5.762525402,44.31398123,0.325,325,475.5932442,2.425144172,0.525,525,890.8164459,0.971984562,3.354573846,1.438502083,27.36667703,21.36174996,582.576799,8514.002381,18.02875529
1502040WA05_f232,-18.29059412,67.43151702,51.14722703,8.820707321,-349.2694092,1438.116455,86.58864911,-7.281098127,-10.77371216,-4.639404297,52.46160316,-34.56982422,-5.94140625,-0.527378623,-0.780352823,-0.336037587,0.831301573,-0.547790146,-0.094146958,0.876683944,-0.118400459,-0.807615967,-0.319863281,6.65057373,-4.105371094,1.096875,232,0.075,1502040WA05,1.765354234,26.00301756,-5.402224067,123.3830757,34.05164338,89.33143235,123.3830757,89.33143235,115.0426485,123.3830757,123.3830757,0.876683944,0.876683944,1.765354234,1.605779317,26.00301756,24.69350328,75,61,16.4,39,A,2,0.5875,0.34369703,-0.312633834,-0.042579166,-0.136289211,1.304261481,-17.58214923,-1.076368998,2.137033132,-1.943888956,-0.264747961,-0.847416574,8.109613283,-109.3219673,-6.692627549,12.59681652,-9.223569397,7.415469933,-3.121113368,-858.285777,-1206.632146,4.805647213,1502,40,38,WA05,Wind_success,5,W,0,Naive,15,Head-On,TRUE,TRUE,-12.66174026,47.4374335,0.275,275,405.8591607,2.725808832,0.45,450,813.0351992,0.656683654,3.019578158,1.537953803,28.11672934,22.89708305,582.576799,8514.002381,18.02875529
1502040WB01_f240,-60.6502551,39.40929972,52.3216212,-33.40615082,-377.1453247,1439.412231,89.26980673,-2.59003067,-13.18832397,-3.865966797,40.90719986,14.13476563,-60.50646973,-0.185197958,-0.94301998,-0.276432694,0.549884409,0.190002916,-0.813342504,1.454454646,-0.197938385,-1.436520996,-0.112543945,10.11882019,-4.161181641,24.03457031,240,0.008333333,1502040WB01,1.069969832,28.3741125,-54.42380058,70.93830708,11.1108111,59.82749598,70.93830708,59.82749598,63.0929176,70.93830708,70.93830708,1.454454646,1.463797665,1.069969832,0.910852437,28.3741125,25.83359826,8.333333333,61,16.4,39,A,2,0.033333333,0.646960948,-0.324634509,0.534062064,-0.167178393,-50.0098854,-30.73895074,1.709494668,4.022661998,-2.018506538,3.320681377,-1.039478767,-310.9505546,-191.1280881,10.62926481,31.98507648,-17.35994281,24.45967188,-3.816798041,-2269.846348,-1582.419972,168.8700242,1502,40,51,WB01,Wind_success,1,W,0,Naive,16,Head-On,TRUE,TRUE,21.04080267,24.63719389,0.05,50,127.8911647,2.351249222,0.583333333,583.3333333,1160.599421,1.463797665,3.512880734,1.354435021,25.83359826,20.56097527,582.576799,8514.002381,18.02875529
1502040WB02_f240,-57.56951678,36.28092467,36.97417704,-30.33551788,-380.2642212,1424.035889,77.44446091,-4.383628845,-13.20513916,-1.073974609,31.86164129,1.77947998,-64.44360352,-0.314123377,-0.94625778,-0.076959191,0.443065474,0.024745308,-0.896147675,1.39694988,-0.398281403,-1.333699951,-0.118681641,8.049298096,-4.921875,0.4359375,240,0.008333333,1502040WB02,1.725761194,18.47588017,-63.65622764,86.80333853,18.36430082,68.43903771,86.80333853,68.43903771,70.17619115,86.80333853,86.80333853,1.39694988,1.387524906,1.725761194,1.577358791,18.47588017,18.07983676,8.333333333,61,16.4,39,A,2,0.021875,1.136653748,-0.498304161,1.007243454,-0.170690749,-86.15705962,-48.20218782,-1.401101312,7.067464974,-3.098346534,6.262820002,-1.06131783,-535.7057961,-299.7106855,-8.711742219,36.46505991,-17.41467091,30.0392716,-7.583363005,-2549.332301,-1577.702924,-16.88090572,1502,40,52,WB02,Wind_success,2,W,0,Naive,17,Head-On,TRUE,TRUE,67.24784768,27.64045803,0.066666667,66.66666667,126.3423974,2.412609349,0.533333333,533.3333333,997.7562977,1.387524906,4.741937257,1.882340318,22.3464014,19.21109355,582.576799,8514.002381,18.02875529
1502040WB03_f235,-31.46357081,60.36715215,64.12157644,-4.222554684,-356.1671448,1451.212891,93.51858591,-6.24058485,-11.87301636,-3.993896484,52.14680624,-13.59487915,-41.93579102,-0.445910079,-0.848365624,-0.28537689,0.763674016,-0.199092844,-0.614136823,1.088991507,-0.48615899,-0.959978027,-0.167314453,-3.099643564,1.750341797,7.709765625,235,0.05,1502040WB03,1.644279613,19.13583577,-37.88922706,104.61199,27.72689758,76.88509242,104.61199,76.88509242,77.75309541,104.61199,104.61199,1.088991507,1.10240602,1.644279613,1.602444456,19.13583577,21.15276043,50,61,16.4,39,A,2,0.571875,0.520963027,-0.499730954,-0.114825315,-0.092122725,4.106438801,-22.86692397,3.641844245,3.239234423,-3.107218024,-0.713958751,-0.572799003,25.53294038,-142.1815434,22.64419282,50.29303023,-43.7498787,16.72086442,-6.286407628,-1622.526955,-4267.142778,174.5422547,1502,40,53,WB03,Wind_success,3,W,0,Naive,18,Head-On,TRUE,TRUE,61.24192023,36.7950959,0.283333333,283.3333333,454.5013737,2.599642829,0.491666667,491.6666667,919.1314181,0.850879222,2.817858883,1.233965281,28.03525071,20.81467916,582.576799,8514.002381,18.02875529
1502040WB04_f238,-73.04966794,64.54351298,50.95677439,-45.80359268,-351.9928589,1438.040771,109.9941449,-2.452327728,-13.69274902,-3.148071289,34.28056908,1.398651123,-65.05664063,-0.171943728,-0.960060225,-0.220725438,0.466090507,0.019016546,-0.884532651,1.328420125,-0.129004669,-1.307856445,-0.193828125,9.385675049,13.85463867,-5.691796875,238,0.025,1502040WB04,1.932815587,16.93314502,-62.19406389,87.66362151,10.15384115,77.50978036,87.66362151,77.50978036,82.03028885,87.66362151,87.66362151,1.328420125,1.428254694,1.932815587,2.157316172,16.93314502,18.92237134,25,61,16.4,39,A,2,0.022916667,0.683500265,-0.281940376,0.594827761,-0.184016769,-41.16411716,-21.88186404,1.778013887,4.2498555,-1.753043737,3.69850922,-1.144176112,-255.9494979,-136.0566557,11.05530236,34.33874128,-18.03025946,26.38171544,-2.428895822,-1937.1025,-1428.106058,164.0645139,1502,40,54,WB04,Wind_success,4,W,0,Naive,19,Head-On,TRUE,TRUE,-26.37614,28.91361768,0.175,175,330.5419791,2.416088134,0.325,325,661.2985782,1.328420125,3.740580127,1.779618285,26.65846811,21.43867543,582.576799,8514.002381,18.02875529
1502040WB05_f235,-52.82069536,72.20512123,56.80373459,-25.58560944,-344.3237915,1443.87146,105.9729666,-2.514610291,-13.14556885,-3.193359375,48.66736031,-3.035247803,-52.8737793,-0.182753058,-0.955373848,-0.232082162,0.676630218,-0.042199543,-0.735112744,1.129615448,-0.361460266,-1.057163086,-0.16668457,-3.984082031,-8.3953125,7.859179688,235,0.05,1502040WB05,1.177488428,20.74323323,-47.31674372,93.56875599,10.82926306,82.73949293,93.56875599,82.73949293,74.69241133,93.56875599,93.56875599,1.129615448,1.089879124,1.177488428,1.039390508,20.74323323,19.95347887,50,61,16.4,39,A,2,0.022916667,0.515611632,-0.341521328,0.366032798,-0.123444433,-28.09049896,-28.03099274,-0.51622334,3.205960613,-2.123505094,2.275912064,-0.767550549,-174.6605928,-174.2905961,-3.209764084,30.92736411,-22.92462675,17.13772458,-8.579634278,-1332.152707,-1882.431393,2.771522634,1502,40,55,WB05,Wind_success,5,W,0,Naive,20,Head-On,TRUE,TRUE,20.05471792,33.54517103,0.216666667,216.6666667,305.9286775,2.221724449,0.366666667,366.6666667,595.2768733,1.1221661,3.86962256,1.608757266,24.41945067,20.65744431,582.576799,8514.002381,18.02875529
1502040WB06_f238,-60.73376921,49.07144947,61.29133962,-33.49868393,-367.4422302,1448.393433,99.26341818,-3.405464172,-13.04473877,-3.821044922,48.76339245,-12.44540405,-54.93896484,-0.243022637,-0.930905938,-0.272679543,0.654495227,-0.16704042,-0.73738287,1.159643142,-0.232439117,-1.094245605,-0.305566406,-7.936413574,-3.030908203,1.170703125,238,0.025,1502040WB06,2.994688974,18.94833534,-47.50895083,104.3173989,14.6311086,89.68629026,104.3173989,89.68629026,92.32491201,104.3173989,104.3173989,1.159643142,1.159643142,2.994688974,2.538763184,18.94833534,18.94833534,25,61,16.4,39,A,2,0.016666667,0.570982222,-0.373407083,0.410802801,-0.133524932,-38.27464506,-34.19119793,0.895008601,3.550242863,-2.321763761,2.554282172,-0.83022889,-237.9833909,-212.5934078,5.564968177,34.10238046,-25.86412318,19.20947042,-5.804948534,-1645.065016,-2123.224427,349.719034,1502,40,56,WB06,Wind_success,6,W,0,Naive,21,Head-On,TRUE,TRUE,-13.06067718,38.05041695,0.2,200,345.8261165,2.606627306,0.466666667,466.6666667,934.6697545,1.242972839,3.534343352,1.852403959,24.4493559,19.44215675,582.576799,8514.002381,18.02875529
1502040WB07_f228,-53.32229419,122.9812565,81.4018954,-26.10229111,-293.5408325,1468.497437,156.8245041,-2.461458206,-13.07525635,-4.567626953,62.72637177,-0.955078125,-23.49377441,-0.17497934,-0.929489567,-0.324701978,0.93637437,-0.014257332,-0.350713226,1.363980294,-0.399766388,-1.217907715,-0.466186523,13.70365906,6.978076172,-3.127148437,228,0.108333333,1502040WB07,1.662734504,24.79779121,-20.53094543,90.87232397,10.6613364,80.21098757,90.87232397,80.21098757,72.70040381,90.87232397,90.87232397,1.363980294,1.444366703,1.662734504,1.106009875,24.79779121,,108.3333333,61,16.4,39,A,2,0.059375,0.590513992,-0.498325423,0.293960979,-0.118175675,-14.00126192,-26.38426447,-3.145557896,3.671687142,-3.098478739,1.82778522,-0.734790558,-87.05679134,-164.0515991,-19.5583926,27.70429346,-23.78219786,11.25367249,-5.72715283,-512.3456379,-1346.224413,-146.6170646,1502,40,57,WB07,Wind_success,7,W,0,Naive,22,Head-On,TRUE,TRUE,-12.58413661,35.80218331,0.241666667,241.6666667,374.2200065,2.515252914,0.45,450,843.6979198,0.884656991,2.436370004,1.36968122,25.35896549,21.24957012,582.576799,8514.002381,18.02875529
1502040WB08_f234,-14.54014194,65.83510087,67.73225759,12.67139626,-350.6951294,1454.824585,95.56848305,-5.316577911,-12.41802979,-4.414550781,55.23944664,-9.148864746,-44.64904785,-0.374108563,-0.87381232,-0.310636142,0.771344514,-0.127751581,-0.623463851,1.101393726,-0.458461304,-0.9765271,-0.221982422,-4.145800781,-5.975244141,15.19804687,234,0.058333333,1502040WB08,0.896749119,24.49890633,-38.56952682,99.40407216,23.17740228,76.22666988,99.40407216,76.22666988,74.25489024,99.40407216,99.40407216,1.101393726,1.081483547,0.896749119,0.434371254,24.49890633,,58.33333333,61,16.4,39,A,2,0.03125,0.427192976,-0.322643348,0.245245505,-0.135091639,-25.37053054,-35.05608675,1.32476194,2.656192705,-2.006125935,1.524883031,-0.839970332,-157.7484227,-217.9710977,8.237080662,29.67267507,-24.3492943,12.19647857,-7.865770126,-1296.431293,-2660.184768,61.17857548,1502,40,58,WB08,Wind_success,8,W,0,Naive,23,Head-On,TRUE,TRUE,2.033855189,39.51629056,0.266666667,266.6666667,386.2435354,2.609805102,0.541666667,541.6666667,986.245277,0.937056706,3.699973957,1.421294793,25.88716464,21.60120641,582.576799,8514.002381,18.02875529
1502040WC01_f233,-50.50443799,98.934279,68.26456045,-23.21694183,-317.5941162,1455.354492,130.3792163,-3.592647552,-12.94180298,-4.315917969,53.17681122,-5.618804932,-44.56567383,-0.254660338,-0.917363554,-0.305928459,0.763933445,-0.080719263,-0.640226594,1.209108861,-0.268928146,-1.152773437,-0.246445312,13.01682129,6.718359375,-0.235546875,233,0.066666667,1502040WC01,1.475071543,16.85022921,-39.80871814,96.03164567,15.51466682,80.51697885,96.03164567,80.51697885,82.90008966,96.03164567,96.03164567,1.209108861,1.289691373,1.475071543,1.492845113,16.85022921,18.11945464,66.66666667,61,16.4,39,A,2,0.026041667,0.697376346,-0.455995886,0.486736807,-0.203688001,-36.31786373,-35.24219606,1.03680365,4.336133944,-2.835282913,3.026423251,-1.266487541,-225.8165516,-219.1282848,6.446618853,51.87135647,-41.64558982,24.52508505,-8.887708504,-1891.098094,-2946.714228,437.2818923,1502,40,76,WC01,Wind_success,1,W,0,Naive,25,Head-On,TRUE,TRUE,11.20455342,36.83622859,0.225,225,391.7010352,2.620011061,0.491666667,491.6666667,1031.817398,1.060170489,3.133201858,1.467068811,26.7577932,19.40936778,582.576799,8514.002381,18.02875529
1502040WC02_f240,-56.79087962,29.39472119,59.07416129,-29.47739792,-387.12146,1446.187012,87.05751073,,,,50.71557808,-4.136016846,-51.7767334,,,,0.698611612,-0.056974001,-0.713229121,1.217147656,-0.55647995,-1.026357422,-0.344047852,11.18007202,0.962402344,-12.53320313,240,0.008333333,1502040WC02,1.798679393,20.96331798,-45.49825656,94.66233521,,,94.66233521,,66.19626248,94.66233521,94.66233521,1.217147656,1.244744355,1.798679393,1.119031635,20.96331798,,8.333333333,61,16.4,39,A,2,0.016666667,0.691592671,-0.448095392,0.482557099,-0.211304494,-44.54421834,-44.65457021,2.434434265,4.300172316,-2.786159364,3.000434743,-1.313845236,-276.9662295,-277.6523733,15.13678103,42.4808747,-28.15930921,23.36835599,-15.52523343,-2087.165367,-2234.478075,340.7593952,1502,40,77,WC02,Wind_success,2,W,0,Naive,26,Head-On,TRUE,TRUE,29.23090205,27.88474184,0.2,200,292.5139978,2.407497625,0.6,600,1061.302309,1.244744355,3.95624993,1.327719853,31.0850039,23.23656875,582.576799,8514.002381,18.02875529
1502040WC03_f227,-70.75733202,176.0176683,86.33548075,-43.47371292,-240.4657898,1473.428345,208.4289683,-1.548755646,-13.64823914,-3.017333984,46.23268127,9.598922729,-53.23510742,-0.110127199,-0.970483852,-0.214553239,0.649711241,0.134894361,-0.748116846,1.643032097,-0.358371277,-1.584733887,-0.244423828,6.647058105,6.865136719,-6.512695313,227,0.116666667,1502040WC03,0.721601368,14.04054289,-48.42751553,78.27077649,6.474035919,71.79674057,78.27077649,71.79674057,65.52825364,78.27077649,78.27077649,1.643032097,1.681755355,0.721601368,0.615265114,14.04054289,,116.6666667,61,16.4,39,A,2,0.019791667,0.889293733,-0.635941848,0.620274268,-0.041001735,-30.16690558,-31.36097125,2.774346987,5.529434374,-3.954147637,3.856730044,-0.254939842,-187.5712361,-194.9956759,17.25028417,32.83715057,-23.98148778,21.7172526,-3.185981094,-1011.459015,-1068.12105,146.806704,1502,40,80,WC03,Wind_success,3,W,0,Naive,27,Head-On,TRUE,TRUE,-20.05625622,37.624615,0.25,250,440.8181804,2.760918811,0.416666667,416.6666667,839.7650509,1.25054485,4.392169057,1.442859363,22.427024,20.05493661,582.576799,8514.002381,18.02875529
1503040MA01_f236,-78.92080395,109.3038762,10.42226715,-60.71829987,-311.2296448,1396.09021,135.2200219,0.945159912,-14.66317749,0.480224609,29.11245537,10.63903809,-65.27172852,0.064290238,-0.997396489,0.032665112,0.402899645,0.14723817,-0.903323196,2.02601046,0.574656372,-1.939595947,-0.111606445,-3.09276123,-7.442138672,22.2609375,236,0.041666667,1503040MA01,2.742842014,23.47115146,-64.59838425,69.92535796,-3.688072412,73.61343037,69.92535796,73.61343037,86.42866776,69.92535796,69.92535796,2.02601046,2.02601046,2.742842014,2.28720613,23.47115146,24.45771463,41.66666667,62,17.9,40,K,1,0.025,1.173509562,0.200772222,1.138243952,0.203017023,-112.0365487,18.47349795,1.01414306,6.685177241,1.143746872,6.484278282,1.156534914,-638.2429337,105.2386892,5.777307937,30.72633079,1.733300771,28.53732157,3.495811087,-2783.254546,-78.89897473,30.15201654,1503,40,34,MA01,Wind_missed,1,M,0,Naive,2,Failure,FALSE,FALSE,-102.413242,22.36574614,0.075,75,201.3001821,2.532359033,0.175,175,428.4564344,1.902918439,3.093982662,1.947242911,25.52705718,22.80858503,612.8355545,8795.438095,19.02580714
1503040PA01_f238,-46.52677706,102.0166206,31.30718092,-28.31245995,-318.492218,1416.960815,116.4142236,-0.25015831,-14.87924194,0.318969727,11.03296852,1.08114624,-72.32495117,-0.016806335,-0.999629098,0.021429279,0.150786186,0.014775889,-0.988455967,2.332193306,0.248093948,-2.31883667,0.02390625,-15.20559998,3.750292969,2.464453125,238,0.025,1503040PA01,0.898680082,21.16335946,-81.28564825,84.40332172,0.963198608,83.44012311,84.40332172,83.44012311,90.51020588,84.40332172,84.40332172,2.332193306,2.379761912,0.898680082,0.749229018,21.16335946,22.25493627,25,62,17.9,40,K,1,0.021875,2.602398632,-0.348520866,2.231984832,1.291996731,-177.2780198,-54.06477478,-3.417736933,14.82518479,-1.985432278,12.71503419,7.360167674,-1009.906542,-307.9928905,-19.46995398,67.90748391,-9.754068864,57.70714485,27.70451265,-4891.457363,-1657.611498,-59.45531157,1503,40,33,PA01,Wind_Near-miss,1,P,0,Naive,1,Pivot,TRUE,FALSE,-19.81958424,10.84333173,0.025,25,116.4142236,2.976259564,0.125,125,364.7586886,2.411113238,4.067944998,1.624683296,29.14225669,24.08345546,612.8355545,8795.438095,19.02580714
1503040PA02_f235,-72.60214123,69.06732807,52.09546865,-54.35579681,-351.4362793,1437.766846,112.9393845,-3.897327423,-13.59414673,-4.464599609,43.64948368,-2.039398193,-53.70483398,-0.262803973,-0.916678377,-0.301056183,0.630443457,-0.029455681,-0.775676099,1.348355108,-0.325797729,-1.304161377,-0.105263672,-21.89245605,10.90151367,11.38359375,235,0.05,1503040PA02,4.286998866,20.49516367,-50.86637028,92.67503725,15.99715141,76.67788584,92.67503725,76.67788584,78.64882604,92.67503725,92.67503725,1.348355108,1.416562209,4.286998866,3.700274069,20.49516367,20.03462046,50,62,17.9,40,K,1,0.011458333,0.989157599,-0.814369267,0.549547891,-0.115032899,-49.19853416,-61.8740561,1.187470098,5.634972298,-4.639248856,3.130630697,-0.655312358,-280.2711896,-352.4803249,6.764706768,30.97920852,-24.57902826,14.60209497,1.542502254,-1330.308014,-1331.387486,73.02594557,1503,40,37,PA02,Wind_Near-miss,2,P,0,Naive,5,Pivot,TRUE,FALSE,8.307512462,14.38726551,0.133333333,133.3333333,213.3961358,2.127231335,0.3,300,522.3187253,1.138546,4.572339162,2.642781094,24.15632754,20.7928441,612.8355545,8795.438095,19.02580714
1503040WA01_f240,-74.38615336,50.33410193,31.03573125,-56.13915634,-370.1723938,1416.614868,95.02651337,0.056461334,-14.76815796,-1.475585938,42.41532326,2.535583496,-56.17626953,0.003804211,-0.995038191,-0.099420955,0.602180511,0.035998287,-0.797547964,1.408696992,0.085362396,-1.404012451,-0.076743164,5.155773926,-5.103808594,-0.384960938,240,0.008333333,1503040WA01,2.212374791,19.76763749,-52.89658402,86.57893575,-0.219051042,86.7979868,86.57893575,86.7979868,90.05817267,86.57893575,86.57893575,1.408696992,1.364124154,2.212374791,2.212374791,19.76763749,20.39315186,8.333333333,62,17.9,40,K,1,0.028125,1.235020116,-0.39232349,1.169084075,-0.067818818,-93.45739822,-42.76676272,-2.26293063,7.035586794,-2.234964376,6.659966402,-0.386346078,-532.4023698,-243.6310688,-12.89132431,39.32392142,-10.94488226,35.55168435,-3.968184974,-2689.780366,-1369.308489,-53.87551047,1503,40,35,WA01,Wind_success,1,W,0,Naive,3,Head-On,TRUE,TRUE,-91.84299887,26.86291266,0.091666667,91.66666667,199.6689039,2.346502325,0.366666667,366.6666667,783.6490878,1.364124154,4.64410982,2.302024927,23.02894782,21.43078813,612.8355545,8795.438095,19.02580714
1503040WA02_f239,-91.87378098,49.44618505,38.36916809,-73.50954437,-371.022583,1423.9823,111.1661365,-1.193000793,-14.40203857,-2.880981445,51.79212189,-0.223388672,-45.23303223,-0.080959682,-0.977354311,-0.195509797,0.753185519,-0.003248624,-0.657800137,1.209868003,-0.030005493,-1.199534912,-0.154907227,-21.05881348,2.224072266,21.56835938,239,0.016666667,1503040WA02,0.927532955,14.80622427,-41.13231375,90.2471254,4.735316366,85.51180903,90.2471254,85.51180903,88.81421197,90.2471254,90.2471254,1.209868003,1.271551729,0.927532955,0.927532955,14.80622427,,16.66666667,62,17.9,40,K,1,0.022916667,0.656693755,-0.360286054,0.548372128,-0.026993631,-43.98083826,-25.26493382,-0.304461454,3.741012675,-2.052455478,3.12393268,-0.153775663,-250.5473398,-143.9277242,-1.734437323,31.44201438,-20.60831315,22.48305302,-4.365786268,-1818.07157,-1253.608554,23.96195121,1503,40,36,WA02,Wind_success,2,W,0,Naive,4,Head-On,TRUE,TRUE,-126.5582935,32.65762885,0.15,150,281.0096335,2.402994918,0.308333333,308.3333333,613.5638132,1.244361714,2.788835394,1.215205143,25.44326524,21.12078764,612.8355545,8795.438095,19.02580714
1503040WA03_f236,-97.60484042,78.17075551,33.79879888,-79.24796295,-342.3022766,1419.428467,129.5365998,0.104110718,-14.6880188,-2.466308594,46.64188766,7.548400879,-51.01489258,0.006990109,-0.986169795,-0.165590681,0.670779108,0.108557133,-0.733669365,1.063447983,-0.058633118,-1.061740723,0.013798828,-17.3175293,1.23046875,8.94375,236,0.041666667,1503040WA03,0.916203939,20.03244887,-47.19489848,80.80710625,-0.406113644,81.2132199,80.80710625,81.2132199,77.64623908,80.80710625,80.80710625,1.063447983,1.077126692,0.916203939,0.789730665,20.03244887,,41.66666667,62,17.9,40,K,1,0.027083333,0.499648696,-0.193406264,0.458994658,-0.03958207,-28.24094391,-6.892077765,1.625392831,2.846368021,-1.101784932,2.614772593,-0.225488709,-160.8812758,-39.26236558,9.259438114,31.38029811,-19.60277185,21.61391805,0.546894426,-1261.578424,-1159.201706,48.44318713,1503,40,38,WA03,Wind_success,3,W,0,Naive,6,Head-On,TRUE,TRUE,-104.2647044,24.06645998,0.133333333,133.3333333,227.6112689,2.01351621,0.283333333,283.3333333,502.7195511,1.025461738,3.391879022,1.508625406,26.57554431,23.24150323,612.8355545,8795.438095,19.02580714
1503040WA04_f224,-105.3722853,172.6610551,50.11952896,-87.02614594,-247.8017578,1435.77002,208.39176,-0.848777771,-14.43029785,-2.487060547,56.55731201,3.542205811,-34.89111328,-0.057867408,-0.983819279,-0.169561165,0.849869551,0.053227651,-0.524298163,1.458237308,0.065800781,-1.44418396,-0.190942383,-0.616113281,-3.684594727,33.65859375,224,0.141666667,1503040WA04,0.822780074,29.93198926,-31.62100792,86.41622466,3.366210279,83.05001438,86.41622466,83.05001438,89.02496534,86.41622466,86.41622466,1.458237308,1.491710947,0.822780074,1.17807274,29.93198926,26.04744784,141.6666667,62,17.9,40,K,1,0.027083333,0.484590911,-0.442731519,0.195416435,-0.025091226,-9.271906667,-13.4219767,-0.697939785,2.760587756,-2.522125742,1.113236355,-0.142938159,-52.81962879,-76.46149303,-3.975980528,32.52836585,-21.51691165,17.78560457,-1.805604256,-709.9096766,-903.9974922,15.8275972,1503,40,39,WA04,Wind_success,4,W,0,Naive,7,Head-On,TRUE,TRUE,-110.1368413,32.7063547,0.216666667,216.6666667,325.6786051,2.157203091,0.35,350,587.6140859,0.900186098,2.792734478,1.260991255,30.58979686,20.43086449,612.8355545,8795.438095,19.02580714
1503040WA05_f237,-51.66578524,64.63913434,35.68461711,-33.35009384,-355.8149109,1421.461914,90.11638559,-4.093570709,-13.85986328,-1.118408203,53.97175789,-12.10314941,-30.23632813,-0.282413315,-0.956184763,-0.077158401,0.856190752,-0.192000502,-0.479659465,1.202456278,-0.204677353,-1.147049561,-0.297128906,0.600704956,-7.353369141,1.161914063,237,0.033333333,1503040WA05,3.534283398,20.73245769,-28.66316352,102.6394582,16.45473402,86.18472421,102.6394582,86.18472421,92.52218943,102.6394582,102.6394582,1.202456278,1.202456278,3.534283398,3.083934269,20.73245769,20.80899442,33.33333333,62,17.9,40,K,1,0.028125,0.486748722,-0.219942939,0.40721462,-0.150750375,-36.4992242,-24.41788946,0.461452229,2.772880245,-1.252957434,2.319795253,-0.858785483,-207.9265401,-139.1023339,2.628772736,20.90696953,-11.60984149,15.70398454,-5.434466492,-1414.122764,-1222.77389,23.3640242,1503,40,40,WA05,Wind_success,5,W,0,Naive,8,Head-On,TRUE,TRUE,63.14955548,20.83865622,0.15,150,235.4145834,2.012957843,0.25,250,419.2755161,1.219970882,4.585844982,2.337402742,22.86996466,20.32448341,612.8355545,8795.438095,19.02580714
1503040WA06_f238,-96.08120813,68.45338459,30.2691129,-77.72114563,-351.9975281,1415.936035,121.7936107,0.469055176,-14.59024048,-1.459594727,55.47904778,-2.998474121,-35.35681152,0.031972531,-0.994524623,-0.099491362,0.842428984,-0.045530729,-0.53688021,1.232356398,0.098521729,-1.154886475,-0.418608398,18.45428467,10.03754883,-8.722265625,238,0.025,1503040WA06,0.92431178,27.26620536,-32.47151268,93.09365304,-1.84134244,94.93499548,93.09365304,94.93499548,97.96966917,93.09365304,93.09365304,1.232356398,1.287120823,0.92431178,1.124897519,27.26620536,26.88424453,25,62,17.9,40,K,1,0.033333333,0.398083852,-0.218983679,0.331029876,-0.030596118,-19.08442435,-16.63772444,-0.749907372,2.267779651,-1.247492783,1.885790678,-0.174298085,-108.7189772,-94.78076739,-4.272026288,30.84282297,-20.67468331,20.22537678,0.220524796,-1329.093939,-1335.459468,-97.99189418,1503,40,41,WA06,Wind_success,6,W,0,Naive,9,Head-On,TRUE,TRUE,-95.41478776,34.62540814,0.166666667,166.6666667,323.7051849,2.324936058,0.483333333,483.3333333,995.4677846,1.304364494,2.570388377,1.362995003,28.51516098,22.77608775,612.8355545,8795.438095,19.02580714
1503040WA07_f238,-96.76697781,71.91356583,31.46708654,-78.32050323,-348.498291,1417.09314,124.6017114,0.213088989,-14.59634399,-0.490234375,52.26926422,-2.597412109,-43.48913574,0.014589012,-0.999330098,-0.033563608,0.76815686,-0.038171954,-0.63912279,1.313323784,0.173190308,-1.277720947,-0.249506836,-6.983569336,5.144677734,6.35625,238,0.025,1503040WA07,1.086568271,19.66668093,-39.72643919,92.84485417,-0.83638975,93.68124392,92.84485417,93.68124392,100.5640384,92.84485417,92.84485417,1.313323784,1.374408184,1.086568271,1.039835223,19.66668093,19.10492482,25,62,17.9,40,K,1,0.020833333,0.548061346,-0.179052971,0.516177401,0.0432685,-37.05605506,-10.01908188,1.547636693,3.122162234,-1.020017972,2.940527734,0.246489334,-211.09866,-57.07609068,8.816481716,31.71488515,-15.80007678,23.80472363,4.235496766,-1668.975135,-1183.134354,-3.781700678,1503,40,42,WA07,Wind_success,7,W,0,Naive,10,Head-On,TRUE,TRUE,-78.35939803,38.45701869,0.158333333,158.3333333,329.0386955,2.624844899,0.383333333,383.3333333,836.9800663,1.40090762,2.455938837,1.345256379,29.10964554,23.38977261,612.8355545,8795.438095,19.02580714
1503040WA08_f224,-97.15978665,164.5541328,51.81397425,-78.80873871,-255.8866272,1437.439453,197.9969057,0.107643127,-14.30703735,-2.686645508,61.20083237,-0.90435791,-26.64160156,0.007394339,-0.982794564,-0.184553974,0.916807537,-0.013547563,-0.399099492,1.584748115,-0.054613953,-1.553961182,-0.306020508,1.428222656,2.277026367,8.412890625,224,0.141666667,1503040WA08,0.930693597,22.88688071,-23.52189543,90.84659176,-0.43107321,91.27766497,90.84659176,91.27766497,88.83376053,90.84659176,90.84659176,1.584748115,1.618649281,0.930693597,0.665417712,22.88688071,21.70158497,141.6666667,62,17.9,40,K,1,0.009375,0.603206057,-0.305999707,0.515321683,-0.068302924,-21.11675451,-14.29353231,1.686980571,3.43630724,-1.743200347,2.935652934,-0.389103904,-120.296631,-81.42651755,9.610287372,20.96702818,-13.19559117,14.91787587,-2.868057055,-620.0546287,-517.8307676,107.3863697,1503,40,43,WA08,Wind_success,8,W,0,Naive,11,Head-On,TRUE,TRUE,-83.24386144,39.64745325,0.241666667,241.6666667,360.0408479,2.425516977,0.5,500,918.5464636,1.061430179,2.15588747,1.345656773,32.95929399,24.43452628,612.8355545,8795.438095,19.02580714
1503040WB01_f234,-113.8538503,131.8598876,16.92337774,-95.40525818,-288.6046143,1402.579712,175.0317968,2.312400818,-14.42251587,-0.420288086,53.4231987,5.36807251,-44.70837402,0.158245298,-0.986980846,-0.028761715,0.764618238,0.076830408,-0.639887521,2.022411491,0.467559814,-1.964058838,-0.118359375,4.297192383,7.660546875,-3.8390625,234,0.058333333,1503040WB01,2.170996246,19.08838445,-39.7834327,84.26206221,-9.10886209,93.3709243,84.26206221,93.3709243,97.65253795,84.26206221,84.26206221,2.022411491,2.075146354,2.170996246,1.750209394,19.08838445,,58.33333333,62,17.9,40,K,1,0.030208333,1.367221905,-0.450481214,1.280985007,0.15949867,-107.0767148,-38.04078859,-1.105289502,7.788705827,-2.56627373,7.297436758,0.908622231,-609.9880563,-216.7084295,-6.296545395,43.19700303,-10.57707143,39.26155671,6.909010119,-3134.08948,-1035.608363,-19.99493954,1503,40,51,WB01,Wind_success,1,W,0,Naive,12,Head-On,TRUE,TRUE,-121.0561789,33.92783058,0.133333333,133.3333333,329.2465896,2.524509748,0.191666667,191.6666667,466.8385106,1.602560359,4.052173857,2.106232657,27.59602848,20.85961704,612.8355545,8795.438095,19.02580714
1503040WB02_f238,-41.3352267,62.00963504,37.3879275,-22.93586349,-358.4901123,1423.070801,83.37657301,-3.987201691,-14.0609436,-0.712768555,53.84784317,-13.95162964,-31.17382813,-0.272485686,-0.960926023,-0.048710661,0.844466027,-0.218795713,-0.488881954,1.094776488,-0.416688538,-1.000861816,-0.152255859,-2.334622192,-8.430029297,6.969726562,238,0.025,1503040WB02,1.990352802,21.53937597,-29.26712211,104.525559,15.83151888,88.69404017,104.525559,88.69404017,81.92214496,104.525559,104.525559,1.094776488,1.094776488,1.990352802,1.820754218,21.53937597,19.98598129,25,62,17.9,40,K,1,0.023958333,0.494007616,-0.147116633,0.454124595,-0.127165534,-46.70067294,-22.38641575,1.661627058,2.814232266,-0.838085004,2.587029121,-0.72442881,-266.0415271,-127.5295592,9.465855033,31.25698127,-18.82000756,18.3736923,-7.83952289,-1843.672638,-2074.38975,30.27902943,1503,40,52,WB02,Wind_success,2,W,0,Naive,13,Head-On,TRUE,TRUE,60.89735894,22.78410163,0.125,125,195.3856284,2.25807491,0.291666667,291.6666667,512.3012521,1.164180543,4.569135683,2.173212768,23.52681293,19.88922602,612.8355545,8795.438095,19.02580714
1503040WB03_f230,-125.1376964,135.9271745,43.35562566,-106.724617,-284.5681458,1428.986328,189.7771064,1.932876587,-14.25354004,-2.913085938,46.46946335,9.248504639,-49.19958496,0.131703073,-0.971213082,-0.198492947,0.680325054,0.135400518,-0.720294746,1.408702979,0.056023865,-1.406971436,-0.041674805,-0.325415039,4.023632813,22.35058594,230,0.091666667,1503040WB03,1.616174643,20.17402994,-46.07882056,78.74388762,-7.722588363,86.46647598,78.74388762,86.46647598,81.02413016,78.74388762,78.74388762,1.408702979,1.459605081,1.616174643,,20.17402994,,91.66666667,62,17.9,40,K,1,0.022916667,0.516426726,-0.254444146,0.449382863,-0.003127706,-19.14653549,-9.219232923,1.109259391,2.941948074,-1.449501793,2.560016709,-0.017817724,-109.0728082,-52.51956024,6.319160812,30.19422327,-18.03233188,21.11875528,3.593903422,-822.3989286,-862.7099496,93.27103847,1503,40,53,WB03,Wind_success,3,W,0,Naive,14,Head-On,TRUE,TRUE,-92.95792542,33.74799868,0.158333333,158.3333333,283.0145175,2.388119026,0.508333333,508.3333333,1013.117556,1.012724418,3.250288758,2.066482053,24.30976017,20.46586536,612.8355545,8795.438095,19.02580714
1503040WB04_f225,-47.54921032,126.8936764,33.16221975,-29.06454468,-293.5723572,1418.728638,139.5086568,-4.16852951,-14.04364014,-1.470703125,58.82198143,-18.96963501,-8.630371094,-0.283132595,-0.953864489,-0.099892298,0.94258784,-0.303977303,-0.138296648,1.358607079,-0.111614685,-1.338087158,-0.207070313,5.249349976,-3.638671875,3.246679687,225,0.133333333,1503040WB04,1.831221054,21.20406198,-7.949292568,107.8741108,16.53230266,91.34180815,107.8741108,91.34180815,103.1059012,107.8741108,107.8741108,1.358607079,1.358607079,1.831221054,1.245165901,21.20406198,,133.3333333,62,17.9,40,K,1,0.011458333,0.872565625,-0.517190173,0.687973926,-0.143446758,-57.41218514,-43.90879158,-0.490748637,4.970778295,-2.946297231,3.919207634,-0.817178689,-327.0622124,-250.1369088,-2.795666713,22.63125618,-14.84381778,15.99653254,-3.783513937,-1351.19529,-1165.739835,-6.916739411,1503,40,54,WB04,Wind_success,4,W,0,Naive,15,Head-On,TRUE,TRUE,-7.757081771,40.72744556,0.233333333,233.3333333,279.846937,2.353583828,0.616666667,616.6666667,1077.942311,0.961921959,4.05649705,1.698496352,22.94434811,20.84532401,612.8355545,8795.438095,19.02580714
1503040WB05_f222,-47.28171092,180.5003188,32.52625071,-28.9037323,-239.9920349,1418.186768,189.4040186,-3.366996765,-14.26159668,-2.028808594,54.47694016,-8.300735474,-40.09765625,-0.227600662,-0.964048696,-0.137142448,0.799364826,-0.121800453,-0.588371078,1.294240933,-0.271218109,-1.265170898,0.029033203,-4.697314453,5.939648438,12.68613281,222,0.158333333,1503040WB05,2.87739857,19.49863615,-36.04149996,98.66360859,13.28363099,85.37997761,98.66360859,85.37997761,86.56408616,98.66360859,98.66360859,1.294240933,1.337195068,2.87739857,2.7996857,19.49863615,19.34957938,158.3333333,62,17.9,40,K,1,0.021875,0.447702854,-0.284158946,0.345623015,-0.0153711,-31.35021141,-16.60164126,1.253427687,2.550446141,-1.618779243,1.968923977,-0.087565137,-178.5939601,-94.57521093,7.140449913,30.77533992,-23.81387177,17.64588431,0.541236104,-1516.373542,-1890.837231,6.087202514,1503,40,55,WB05,Wind_success,5,W,0,Naive,16,Head-On,TRUE,TRUE,5.542086985,34.28958165,0.266666667,266.6666667,343.0404513,2.246363995,0.625,625,1059.975127,0.895743945,3.416367481,1.931132739,23.6069958,19.92731096,612.8355545,8795.438095,19.02580714
1503040WB06_f240,-49.56914491,57.64196091,31.15701497,-31.1699791,-362.8427734,1416.828735,82.16115485,-3.456504822,-13.79205322,-3.0859375,51.62332153,-15.8649292,-43.12512207,-0.237566827,-0.947932809,-0.212097601,0.746953911,-0.2295546,-0.623990817,1.172314826,-0.129654236,-1.164312744,-0.043447266,7.101205444,19.86196289,-7.071679687,240,0.008333333,1503040WB06,3.098456163,21.79184508,-38.60815441,107.0832909,14.06943957,93.01385134,107.0832909,93.01385134,100.7291897,107.0832909,107.0832909,1.172314826,1.303865302,3.098456163,3.566139624,21.79184508,21.77026966,8.333333333,62,17.9,40,K,1,0.029166667,0.731052547,-0.262117886,0.682129448,-0.02077152,-75.41501788,-28.88947398,0.301079567,4.164615276,-1.493217084,3.88591317,-0.118329922,-429.6196449,-164.5757821,1.7151716,28.17622789,-13.60497326,23.2666634,-2.958522864,-2664.501435,-1259.393521,24.41090286,1503,40,56,WB06,Wind_success,6,W,0,Naive,17,Head-On,TRUE,TRUE,10.02852447,31.07677871,0.108333333,108.3333333,214.3304881,2.373477421,0.475,475,973.4441791,1.303865302,4.173278328,2.330150898,23.39242468,21.35402042,612.8355545,8795.438095,19.02580714
1503040WB07_f221,-105.4270587,220.4604187,12.48141301,-86.98314667,-200.0048218,1398.175171,244.6905119,-0.300079346,-14.78637695,-0.301025391,59.54563904,2.199615479,-28.10534668,-0.020285932,-0.999587096,-0.020349887,0.903823199,0.033387222,-0.426601591,1.514701695,0.018424072,-1.509726563,0.121274414,-6.780102539,-3.756225586,31.84804688,221,0.166666667,1503040WB07,0.418941183,31.89163768,-25.25208109,87.88445623,1.162618826,86.7218374,87.88445623,86.7218374,88.58363528,87.88445623,87.88445623,1.514701695,1.514701695,0.418941183,0.585399893,31.89163768,21.63949173,166.6666667,62,17.9,40,K,1,0.021875,0.50493107,-0.25751197,0.43137919,-0.050546668,-19.18472124,-10.34482244,-0.143714542,2.876460329,-1.466978382,2.457454493,-0.287951156,-109.2903424,-58.93174954,-0.818704182,59.85520121,-46.60480009,23.1718361,-1.108275841,-924.4073624,-1973.217254,28.23766978,1503,40,57,WB07,Wind_success,7,W,0,Naive,18,Head-On,TRUE,TRUE,-43.57798732,27.5326423,0.241666667,241.6666667,357.5963867,2.061950033,0.441666667,441.6666667,718.3673886,1.078013397,2.911317956,1.554702758,25.88773136,20.80819364,612.8355545,8795.438095,19.02580714
1503040WB08_f226,-78.1477288,126.5391451,39.58166606,-59.7831955,-293.9579163,1425.195679,153.9023426,-2.384262085,-14.40945435,-2.598388672,60.78143561,-14.28671265,-15.73461914,-0.160721823,-0.971333556,-0.175155981,0.943957779,-0.221877838,-0.244364352,0.98714039,-0.169042511,-0.966218262,-0.110874023,-13.67067261,-19.77011719,27.15117188,226,0.125,1503040WB08,1.873567278,22.05800642,-14.14427204,103.2272984,9.395326239,93.83197213,103.2272984,93.83197213,93.30368144,103.2272984,103.2272984,0.98714039,0.898968459,1.873567278,1.327446285,22.05800642,22.1433161,125,62,17.9,40,K,1,0.026041667,0.424381109,-0.196941219,0.372920032,-0.047372272,-15.14625538,-10.30541143,2.086359304,2.417588256,-1.121922645,2.124427949,-0.269867451,-86.28425798,-58.70723527,11.88544362,21.74328892,-13.0205591,15.92587744,-4.623019488,-644.6786527,-579.7576689,130.0056322,1503,40,59,WB08,Wind_success,8,W,0,Naive,19,Head-On,TRUE,TRUE,-53.37638944,41.66753765,0.291666667,291.6666667,362.8993557,2.070897704,0.7,700,1145.924975,0.842330024,2.907143971,1.838004424,23.57613454,20.32213846,612.8355545,8795.438095,19.02580714
1503040WC01_f217,-85.53039658,416.1776187,32.36596069,-67.22962189,-4.330571175,1418.140137,426.1065764,-0.111877441,-14.57981968,-0.246826172,19.60954666,34.4797163,-61.64428711,-0.00767212,-0.999827303,-0.016926378,0.267511733,0.470369297,-0.840946013,2.232804688,-0.198434143,-2.223736496,0.032197266,11.77772827,-3.171299744,-1.499414062,217,0.2,1503040WC01,1.188204222,,-57.24015153,29.62806,0.439647372,29.18841263,29.62806,29.18841263,24.52880263,29.62806,29.62806,2.232804688,2.217684615,1.188204222,1.623050546,,,200,62,17.9,40,K,1,0.021875,1.061091615,-0.496670885,0.937669474,-0.003066958,-59.70350256,-33.66108658,-0.24918424,6.044761583,-2.829404209,5.341657903,-0.01747166,-340.1152488,-191.7584119,-1.419537483,33.08558785,-16.63922619,27.87781968,-0.468428524,-1833.082423,-1105.927284,3.495932027,1503,40,66,WC01,Wind_success,1,W,0,Naive,20,Head-On,TRUE,TRUE,-42.41028577,15.91303336,,,,2.740787173,0.383333333,383.3333333,872.5110646,1.442961704,2.436043133,1.669362454,27.03798168,23.03250042,612.8355545,8795.438095,19.02580714
1503040WC02_f224,-84.3261153,150.4482021,31.30585912,-65.90021515,-270.0442505,1416.893188,175.2872273,-1.652984619,-14.32061768,-2.723632813,60.33817482,-8.657684326,-19.06689453,-0.112672201,-0.976134623,-0.185650672,0.944723705,-0.135554641,-0.298533181,1.37593394,-0.126589966,-1.368035889,0.075146484,-6.021606445,-4.024291992,33.28242187,224,0.141666667,1503040WC02,1.720998069,19.46019483,-17.36952385,98.16541039,6.584335995,91.5810744,98.16541039,91.5810744,92.87865226,98.16541039,98.16541039,1.37593394,1.358871435,1.720998069,1.5063102,19.46019483,,141.6666667,62,17.9,40,K,1,0.025,0.433589011,-0.272342213,0.330098387,-0.069743849,-14.44042082,-12.92195852,-0.203515051,2.470043267,-1.551462405,1.88048423,-0.397312477,-82.263303,-73.61302015,-1.15937205,21.30903557,-15.18086595,13.77196438,-3.735596117,-615.3489128,-721.9930358,-18.73193234,1503,40,67,WC02,Wind_success,2,W,0,Naive,21,Head-On,TRUE,TRUE,-40.26195701,37.51884754,0.258333333,258.3333333,347.1403138,2.621405306,0.5,500,885.8823785,0.793065185,3.588496893,1.800230792,24.84216302,20.86402567,612.8355545,8795.438095,19.02580714
1503040WC03_f223,-119.6569595,216.533211,44.32219543,-101.1556931,-203.9299011,1429.958252,251.3341927,1.163505554,-14.52381897,-1.889892578,59.07760239,2.775299072,-29.62634277,0.079190955,-0.988525653,-0.128630583,0.893109627,0.04195577,-0.447878229,1.499712378,0.182181702,-1.482550049,-0.134135742,-5.002514648,-1.457446289,-0.817382813,223,0.15,1503040WC03,1.486126302,20.88264811,-26.60763461,87.31038331,-4.580193133,91.89057644,87.31038331,91.89057644,94.31599688,87.31038331,87.31038331,1.499712378,1.499712378,1.486126302,1.925737137,20.88264811,21.21415291,150,62,17.9,40,K,1,0.026041667,0.555601948,-0.252933632,0.49448977,-0.014070201,-23.41332958,-13.72400263,-0.369115108,3.165119077,-1.440896789,2.816978969,-0.080154256,-133.3796188,-78.18205579,-2.102752291,33.3090108,-21.41791696,20.73375221,2.84296397,-1037.853553,-1144.694722,-65.20755029,1503,40,68,WC03,Wind_success,3,W,0,Naive,22,Head-On,TRUE,TRUE,-126.7784651,39.66173542,0.225,225,371.9875763,2.120258856,0.3,300,517.8527457,1.005532098,2.686203173,1.390450517,25.02014767,20.88114692,612.8355545,8795.438095,19.02580714
1503040WC04_f234,-97.0953419,107.9125568,43.95376282,-78.64918518,-312.5651855,1429.563599,151.6725374,-1.281494141,-14.23880005,-2.950073242,54.94745827,1.477783203,-35.9822998,-0.087788278,-0.975423686,-0.202093667,0.836373382,0.022493825,-0.547698451,1.343016253,-0.016833801,-1.341313477,-0.065478516,15.99829102,-1.613232422,6.823828125,234,0.058333333,1503040WC04,1.035906754,19.70781931,-33.20925993,88.45943129,5.142773085,83.3166582,88.45943129,83.3166582,87.74039346,88.45943129,88.45943129,1.343016253,1.343016253,1.035906754,0.844907172,19.70781931,,58.33333333,62,17.9,40,K,1,0.033333333,0.553233479,-0.293721986,0.457322222,-0.103203986,-23.0151076,-17.2155412,0.561762271,3.151626527,-1.673257381,2.605245165,-0.587926131,-131.1110523,-98.07243845,3.200212825,48.2183869,-35.85492761,24.39770271,-2.537218521,-1260.267138,-1872.419404,123.8981537,1503,40,69,WC04,Wind_success,4,W,0,Naive,23,Head-On,TRUE,TRUE,-60.41170608,33.36007869,0.166666667,166.6666667,317.7011786,2.651269132,0.416666667,416.6666667,892.1194501,1.040058755,2.475737123,1.486733354,27.48392421,22.96069458,612.8355545,8795.438095,19.02580714
1503040WC05_f226,-95.6589427,165.3435214,52.42216263,-77.20139313,-255.1264801,1437.99646,198.0838119,-1.843032837,-14.36698914,-2.784545898,58.67134476,-1.503372192,-27.30749512,-0.124951855,-0.974036872,-0.188783492,0.906367248,-0.023224409,-0.421851916,1.357181623,-0.203357849,-1.314900513,-0.267626953,-7.05970459,-5.661254883,22.44902344,226,0.125,1503040WC05,0.685476857,,-24.951562,91.46780405,7.310119128,84.15768492,91.46780405,84.15768492,82.67629406,91.46780405,91.46780405,1.357181623,1.357181623,0.685476857,1.143216811,,,125,62,17.9,40,K,1,0.014583333,0.590639569,-0.33064753,0.483405835,-0.076459855,-22.74211545,-18.28527403,1.986678701,3.364719242,-1.883612556,2.75383669,-0.435571809,-129.5558874,-104.1664268,11.31758928,24.85205452,-15.23245323,18.50561798,-1.279319122,-835.6563439,-753.8314117,144.4195902,1503,40,70,WC05,Wind_success,5,W,0,Naive,24,Head-On,TRUE,TRUE,-42.38149607,32.22610333,0.258333333,258.3333333,405.43869,2.593735914,0.466666667,466.6666667,877.8187876,,2.220827039,1.38230896,27.96312626,20.81373622,612.8355545,8795.438095,19.02580714
1503040WC06_f229,-100.4231188,121.8181246,33.71922582,-81.94137573,-298.6416931,1419.342896,161.4355737,-0.661865234,-14.74642944,-1.56237793,55.42968559,-10.69259644,-37.76477051,-0.044588881,-0.993445116,-0.105255088,0.816117314,-0.157432123,-0.556028467,0.980320434,-0.049064941,-0.957121582,-0.20625,33.95731201,8.582519531,-2.125195313,229,0.1,1503040WC06,1.294956777,14.68025774,-33.78158226,100.9184593,2.569886551,98.34857271,100.9184593,98.34857271,97.98387345,100.9184593,100.9184593,0.980320434,1.097226116,1.294956777,1.40614954,14.68025774,16.44983294,100,62,17.9,40,K,1,0.01875,0.467838077,-0.252144002,0.383504868,-0.09066358,-13.17590297,-10.72790384,-0.789495375,2.665151238,-1.436398473,2.18472699,-0.516486717,-75.0596753,-61.1140641,-4.497548794,29.30106131,-20.73645416,16.93355419,-4.835879497,-592.080242,-751.1777591,-116.1670379,1503,40,71,WC06,Wind_success,6,W,0,Naive,25,Head-On,TRUE,TRUE,-49.3771823,43.44693389,0.283333333,283.3333333,407.6376521,2.581006755,0.491666667,491.6666667,874.8255504,1.011590319,2.468247072,1.501901719,23.78026763,20.68388947,612.8355545,8795.438095,19.02580714
1503040WC07_f235,-65.86717803,84.63549124,30.40698598,-47.49598312,-335.8425903,1416.035034,111.4730295,-2.448947906,-14.46414185,-0.827636719,47.30727933,-4.655822754,-47.67602539,-0.166670806,-0.98440239,-0.056327404,0.702670078,-0.069154417,-0.70814718,0.953792709,-0.110108643,-0.947380371,-0.008188477,9.828094482,11.39941406,-5.893945313,235,0.05,1503040WC07,0.549544238,7.570862309,-45.08436407,95.62075663,9.609709911,86.01104672,95.62075663,86.01104672,88.99133693,95.62075663,95.62075663,0.953792709,1.060702295,0.549544238,0.730462779,,,50,62,17.9,40,K,1,0.021875,0.49515179,-0.108134573,0.471532,-0.105545169,-34.99957923,-10.76081915,1.832394693,2.820750327,-0.616014399,2.686194554,-0.601263239,-199.3834547,-61.30157406,10.43867361,28.94773285,-17.60007122,17.32128013,-3.638797876,-1307.27651,-1380.553064,12.09271101,1503,40,72,WC07,Wind_success,7,W,0,Naive,26,Head-On,TRUE,TRUE,1.840508575,34.21557075,0.2,200,295.5612316,2.364061576,0.558333333,558.3333333,1016.102445,0.97115537,3.757323442,1.752317969,26.7756164,20.60095676,612.8355545,8795.438095,19.02580714
1503040WC08_f227,-47.42033246,147.4983767,23.70871811,-28.92989159,-272.9336853,1409.40979,156.7372399,-4.343515396,-13.93432617,-2.078369141,56.65639687,-17.63644409,-16.93737793,-0.294618731,-0.945159189,-0.140974861,0.918138311,-0.285805238,-0.274476607,1.250571663,-0.089950562,-1.244388428,0.085649414,-7.522119141,-22.75092773,55.94414063,227,0.116666667,1503040WC08,2.650319146,19.59402734,-15.93082578,107.2907271,17.3129533,89.97777378,107.2907271,89.97777378,103.1562952,107.2907271,107.2907271,1.250571663,1.124195521,2.650319146,,19.59402734,,116.6666667,62,17.9,40,K,1,0.055208333,0.490043793,-0.41490534,0.22855936,-0.125527275,-19.00259336,-34.92800394,-3.131771588,2.791651401,-2.363607274,1.302042932,-0.715096078,-108.2528075,-198.975709,-17.84088415,30.81334948,-21.32882481,17.92961332,-6.059688506,-1418.826963,-1882.266028,-139.1856057,1503,40,73,WC08,Wind_success,8,W,0,Naive,27,Head-On,TRUE,TRUE,-9.182407046,49.00576008,0.216666667,216.6666667,287.1566542,2.411228765,0.558333333,558.3333333,980.4606993,0.890218172,3.87978582,1.897379261,25.80784802,21.20363914,612.8355545,8795.438095,19.02580714
1504040MA01_f238,-0.176450175,69.140423,21.84748157,24.89687729,-350.8633118,1406.560547,72.5102867,-7.851041794,-12.7177124,1.807739258,43.61750412,0.997375488,-44.69677734,-0.5214976,-0.844761328,0.120077272,0.698324156,0.015968163,-0.715603516,2.00096451,-0.165515213,-1.969086914,0.314897461,-20.206604,22.02495117,11.14804688,238,0.025,1504040MA01,3.304646475,24.71482497,-45.69268131,88.69007981,31.68833161,57.00174821,88.69007981,57.00174821,83.88527291,88.69007981,88.69007981,2.00096451,2.164046905,3.304646475,2.645211891,24.71482497,24.71482497,25,62,18.1,39,K,2,0.551041667,0.562365842,-0.44955603,-0.322763407,-0.099892437,12.3931089,-15.05225435,-0.797214418,3.16825175,-2.532704821,-1.818381654,-0.562773134,69.82018828,-84.80125855,-4.4913396,21.88824586,-4.256018793,17.54004199,-7.875374655,-2318.07429,-789.3191269,71.42344395,1504,40,45,MA01,Wind_missed,1,M,0,Naive,1,Failure,FALSE,FALSE,19.22982394,21.38408769,0.125,125,303.3627642,2.852218054,0.241666667,241.6666667,609.3983472,1.829587608,3.723553595,1.542238113,30.8046169,24.53165514,582.576799,8795.438095,19.30045986
1504040MA02_f238,-38.83939846,89.71904049,33.72980839,-13.7773962,-330.2937927,1418.406494,103.4200419,-6.815684319,-14.34661865,2.086669922,53.86028957,-17.88314819,-26.37207031,-0.425454418,-0.895556779,0.130255877,0.860666559,-0.285765779,-0.421415465,1.59513815,-0.05805954,-1.575230713,-0.244423828,-13.42486725,14.21103516,10.490625,238,0.025,1504040MA02,1.298643463,21.29553083,-24.92398403,108.3676344,25.41110833,82.95652604,108.3676344,82.95652604,106.2567935,108.3676344,108.3676344,1.59513815,1.725528189,1.298643463,1.186754196,21.29553083,21.06986143,25,62,18.1,39,K,2,0.030208333,0.844568538,-0.435759831,0.689833087,-0.218035998,-81.9147542,-56.86331069,-0.29080452,4.758122824,-2.454979917,3.886375599,-1.228369292,-461.490624,-320.3560212,-1.638331955,25.55860236,-12.65027871,20.05291817,-6.658325763,-2423.858729,-1630.310143,6.263432363,1504,40,46,MA02,Wind_missed,2,M,0,Naive,2,Failure,FALSE,FALSE,-42.36521866,29.72412074,0.133333333,133.3333333,305.7986862,2.701965501,0.308333333,308.3333333,757.0902091,1.697591667,2.700204964,1.655864738,29.54384808,24.10156142,582.576799,8795.438095,19.30045986
1504040PA01_f237,-37.46065942,95.29252934,31.44454746,-12.36445808,-324.5828552,1416.253662,107.1108151,-5.825628281,-13.78790283,1.67590332,37.53014183,-10.54629517,-55.9621582,-0.386785905,-0.915431987,0.111269678,0.550280012,-0.154633453,-0.820536656,1.452657454,-0.11452961,-1.417921143,0.294272461,9.753250122,16.48081055,1.622460937,237,0.033333333,1504040PA01,3.809146766,20.29741537,-55.13855121,105.6958233,22.90490171,82.79092159,105.6958233,82.79092159,101.0779022,105.6958233,105.6958233,1.452657454,1.592482156,3.809146766,3.809146766,20.29741537,21.97632051,33.33333333,62,18.1,39,K,2,0.032291667,0.58538089,-0.136087537,0.52355485,-0.223699102,-52.65217184,-16.17042384,0.43353091,3.297913728,-0.766688775,2.949598723,-1.26027404,-296.631344,-91.10079207,2.442422642,31.76632416,-11.54183652,26.18780972,-6.548629414,-2712.59638,-1282.803667,11.30684783,1504,40,52,PA01,Wind_Near-miss,1,P,0,Naive,6,Pivot,TRUE,FALSE,-16.78504857,32.11665544,0.15,150,317.9752589,2.473906416,0.35,350,782.465245,1.43079529,3.809146766,1.955208428,30.91628039,25.25733452,582.576799,8795.438095,19.30045986
1504040PA02_f234,12.25784005,142.8175134,6.014045343,37.38289642,-277.0610046,1390.706299,143.4686917,-8.247873306,-12.29248047,1.823120117,53.61360931,-3.71786499,-32.57348633,-0.552993044,-0.824170782,0.122234266,0.853132393,-0.059160931,-0.518329146,1.985623178,-0.370084991,-1.950600586,-0.029897461,4.495330811,-9.874072266,11.86171875,234,0.058333333,1504040PA02,2.576395633,21.37831353,-31.22024053,93.96685661,33.86038644,60.10647018,93.96685661,60.10647018,83.2238908,93.96685661,93.96685661,1.985623178,1.985623178,2.576395633,1.971349032,21.37831353,21.00736793,58.33333333,62,18.1,39,K,2,0.021875,1.912003075,0.063559285,1.82125697,0.578566352,-165.2682187,-35.09310097,2.672718064,10.77182616,0.35807974,10.26058155,3.259522041,-931.0866413,-197.7072045,15.0575356,43.39371661,-0.155821567,38.48922948,11.06182423,-3451.779603,-959.743251,64.94312685,1504,40,54,PA02,Wind_Near-miss,2,P,0,Naive,8,Pivot,TRUE,FALSE,19.956471,33.59118947,0.191666667,191.6666667,420.3915854,2.525086878,0.366666667,366.6666667,831.7763972,1.823371835,3.141349973,1.708132627,29.4448986,22.56012863,582.576799,8795.438095,19.30045986
1504040PB01_f232,-25.3655894,149.4349831,45.18789042,-0.288264811,-270.2231445,1430.077637,158.1650175,-6.279446065,-14.40600586,0.872314453,46.12765843,-4.135742188,-45.70031738,-0.39896618,-0.915289194,0.055422718,0.708953196,-0.063563765,-0.702385232,1.78566898,-0.073690106,-1.774766235,0.182724609,11.92171955,11.00390625,14.1609375,232,0.075,1504040PB01,2.087701922,26.56850549,-44.61868613,95.12336148,23.55194633,71.57141515,95.12336148,71.57141515,92.74574793,95.12336148,95.12336148,1.78566898,1.875586208,2.087701922,1.937591861,26.56850549,27.1273966,75,62,18.1,39,K,2,0.025,0.786551581,-0.504252389,0.564068598,-0.214987291,-68.96636729,-64.06353041,2.050082652,4.431267401,-2.840852685,3.177844722,-1.211193513,-388.5421153,-360.9205559,11.54973767,43.05773531,-17.08820583,33.0299804,-6.180449955,-3690.211315,-2112.65347,239.8957165,1504,40,71,PB01,Wind_Near-miss,1,P,0,Naive,14,Pivot,TRUE,FALSE,-1.922375431,30.99514907,0.2,200,395.856076,2.547003054,0.391666667,391.6666667,841.2793327,1.541752929,2.821767979,1.710884455,29.62475149,23.73794615,582.576799,8795.438095,19.30045986
1504040PC01_f240,-17.6266091,52.26488964,35.22303577,7.392475605,-367.591156,1419.957153,65.44446719,-7.983047068,-13.25109863,0.791870117,49.3677516,-9.405670166,-39.65405273,-0.515359613,-0.855447927,0.051120565,0.771174827,-0.146926198,-0.619436905,1.608995778,-0.479006252,-1.531087646,-0.123251953,13.75252762,6.598388672,-9.45,240,0.008333333,1504040PC01,3.054760503,24.7196677,-38.27502593,100.7868613,31.0666164,69.72024493,100.7868613,69.72024493,83.41438225,100.7868613,100.7868613,1.608995778,1.694103141,3.054760503,2.224063825,24.7196677,26.14202561,8.333333333,62,18.1,39,K,2,0.025,1.591176786,-0.609287001,1.06059243,1.017721284,-112.9761079,-88.99342209,2.391393083,8.964357823,-3.432595763,5.97515633,5.733629247,-636.4838063,-501.3703611,13.47260938,38.07397114,-14.69282359,24.44720455,19.89560492,-2580.630258,-2128.110503,81.34042771,1504,40,89,PC01,Wind_Near-miss,1,P,0,Naive,21,Pivot,TRUE,FALSE,70.58925195,23.52798035,0.133333333,133.3333333,308.5367175,2.589382622,0.308333333,308.3333333,736.3890225,1.694103141,2.883938827,2.041043863,29.36440416,23.92980861,582.576799,8795.438095,19.30045986
1504040UA01_f240,-38.87929529,7.156710116,52.15466385,-13.78871536,-412.7305908,1436.858643,65.44407584,-3.885343552,13.53295898,-6.114257813,6.132878304,-52.52914429,-32.26428223,-0.253117638,0.881628758,-0.398324234,0.098995879,-0.84791652,-0.520804561,0.531443338,-0.362107544,0.191729736,-0.338452148,-3.039683533,-5.084033203,-10.73144531,240,0.008333333,1504040UA01,0.947140876,36.41522152,-31.38623533,173.3407561,163.9811062,9.35964992,173.3407561,9.35964992,55.44030366,173.3407561,173.3407561,0.531443338,0.479825565,0.947140876,1.227340529,,,8.333333333,62,18.1,39,K,2,0.010416667,0.322660207,-0.27460628,-0.122162974,-0.117376352,10.19525487,-23.67001087,-0.302305471,1.817800244,-1.54707445,-0.688240691,-0.661273864,57.43793751,-133.3518997,-1.703125912,4.090958721,-3.421385589,-1.87459713,-1.194715076,167.6711278,-307.7211,-5.73760468,1504,40,48,UA01,Wind_Uturn,1,U,0,Naive,3,U-Turn,TRUE,FALSE,125.4423537,28.11323577,0.691666667,691.6666667,355.2993227,2.471708376,0.85,850,649.9569316,0.479825565,3.925445573,2.084696766,29.51777068,22.69013407,582.576799,8795.438095,19.30045986
1504040UC01_f239,-60.00660976,-1.605464617,59.08867391,-34.98670197,-421.4625244,1443.971802,84.23088576,-5.738735199,12.4704895,-6.568603516,5.420934677,-46.08151245,-49.45605469,-0.377097552,0.8194473,-0.43162896,0.079937804,-0.679523941,-0.729285377,0.829168019,-0.506728592,0.550202637,-0.357802734,-4.956454468,0.333105469,-2.420507812,239,0.016666667,1504040UC01,1.635135598,,-46.82651811,173.2906779,155.2888105,18.00186741,173.2906779,18.00186741,35.93529672,173.2906779,173.2906779,0.829168019,0.793909038,1.635135598,1.434802345,,,16.66666667,62,18.1,39,K,2,0.017708333,0.479252493,-0.375747246,-0.240414229,-0.175208325,15.74307279,-21.23890884,-1.394323989,2.700008491,-2.116881542,-1.354443573,-0.987087127,88.69318543,-119.6555784,-7.855330266,4.863424647,-4.038331685,-2.308590652,-1.412431076,163.723852,-269.0590614,-9.271218468,1504,40,94,UC01,Wind_Uturn,1,U,0,Naive,25,U-Turn,TRUE,FALSE,33.67415799,22.36078871,0.683333333,683.3333333,296.3666871,2.346442463,0.741666667,741.6666667,418.3632122,0.829168019,3.573967119,1.753443637,31.21134842,24.48232434,582.576799,8795.438095,19.30045986
1504040WA01_f232,-23.35668455,107.3089498,50.0061311,1.78988862,-312.5744324,1434.754395,120.6704544,-7.878682375,-13.56079102,0.473144531,51.99459624,-23.55517578,-27.26818848,-0.50212996,-0.864266273,0.030154794,0.821917891,-0.372354471,-0.43104887,1.065299656,0.041795597,-1.057078857,-0.125302734,26.10294571,-0.146337891,0.615234375,232,0.075,1504040WA01,1.452909271,23.486189,-25.5341425,114.3720109,30.15615436,84.21585658,114.3720109,84.21585658,116.6362361,114.3720109,114.3720109,1.065299656,1.078300323,1.452909271,1.813736552,23.486189,23.486189,75,62,18.1,39,K,2,0.067708333,0.283141061,-0.167845746,0.149731432,-0.171980128,-16.57945968,-13.03768983,0.534264141,1.595157626,-0.94560789,0.843555628,-0.968900136,-93.40521457,-73.45162263,3.009932633,37.82809401,-31.72054878,13.29998824,-5.176277858,-1512.674925,-3503.424202,135.5746277,1504,40,50,WA01,Wind_success,1,W,0,Naive,4,Head-On,TRUE,TRUE,-4.077563422,36.47256571,0.208333333,208.3333333,336.7613489,2.61333128,0.375,375,731.8280222,0.940363518,3.761126415,2.121076689,31.95534249,22.32428981,582.576799,8795.438095,19.30045986
1504040WA02_f228,-47.00633694,119.1729112,46.12761993,-21.89512253,-300.7156982,1430.801392,136.159964,-5.55288887,-13.55178833,-0.62878418,56.18121338,-7.891998291,-27.63391113,-0.378808804,-0.924480364,-0.042894606,0.890280998,-0.12506131,-0.437903429,1.04792724,-0.263906937,-1.002711182,-0.151904297,6.013201904,6.443701172,0.741796875,228,0.108333333,1504040WA02,1.175125257,26.47419244,-25.97018799,97.99624331,22.28152333,75.71471999,97.99624331,75.71471999,83.25077947,97.99624331,97.99624331,1.04792724,1.082652953,1.175125257,0.879532067,26.47419244,,108.3333333,62,18.1,39,K,2,0.014583333,0.516329863,-0.220429949,0.425009011,-0.193324871,-28.07447162,-15.45087033,1.268541009,2.908894653,-1.241856312,2.394412037,-1.089151964,-158.1657121,-87.04697776,7.146695214,18.61454376,-10.91020266,12.59296172,-5.042647271,-845.0602164,-786.7331783,12.00731831,1504,40,51,WA02,Wind_success,2,W,0,Naive,5,Head-On,TRUE,TRUE,-29.7882356,33.3938246,0.241666667,241.6666667,326.2780425,2.49254937,0.475,475,853.3545367,0.780109734,3.236360152,1.422617673,29.32893325,24.46799028,582.576799,8795.438095,19.30045986
1504040WA03_f234,-55.63451744,99.56990725,50.21490046,-30.60728645,-320.3456116,1434.915527,124.6230404,-6.103433609,-14.45846558,0.713012695,45.36406136,-18.96322632,-43.20544434,-0.388503588,-0.920328805,0.045385599,0.693068931,-0.289718835,-0.660089732,1.064441223,-0.069957047,-1.027957764,-0.267290039,-0.016973877,-3.603955078,4.616015625,234,0.058333333,1504040WA03,1.157739126,21.01858274,-41.30671662,112.686055,22.88634126,89.79971378,112.686055,89.79971378,108.7928282,112.686055,112.686055,1.064441223,1.064441223,1.157739126,,21.01858274,,58.33333333,62,18.1,39,K,2,0.034375,0.430313795,-0.273368432,0.330652801,-0.033292464,-28.79391469,-25.48990837,-0.254972599,2.424298087,-1.540100674,1.862828851,-0.18756279,-162.2189041,-143.6048223,-1.436462394,37.59527194,-30.94859838,17.22596238,-3.865944732,-1525.227221,-2740.899785,-2.136972327,1504,40,53,WA03,Wind_success,3,W,0,Naive,7,Head-On,TRUE,TRUE,4.320441913,31.5745811,0.216666667,216.6666667,349.6786378,2.357567101,0.408333333,408.3333333,755.5121282,1.122856825,4.044923082,2.410215189,26.53267352,20.84688371,582.576799,8795.438095,19.30045986
1504040WA04_f236,-2.918982924,70.65510714,35.04462855,22.25213623,-349.2593384,1419.795044,78.92268758,-8.671014786,-12.49453735,0.83203125,45.79092407,-28.86169434,-34.63110352,-0.569289535,-0.820320289,0.054626442,0.712607984,-0.449151753,-0.538936511,0.9737225,-0.234525604,-0.931853027,0.157426758,-16.11076355,6.522802734,7.753710938,236,0.041666667,1504040WA04,0.427826593,29.86961045,-32.61127188,122.2229398,34.76004714,87.4628927,122.2229398,87.4628927,108.0963206,122.2229398,122.2229398,0.9737225,0.995629292,0.427826593,0.524033191,29.86961045,29.86961045,41.66666667,62,18.1,39,K,2,0.01875,0.303316335,-0.116326851,0.269089293,-0.077844816,-38.88596612,-18.50425396,1.654082938,1.70882091,-0.655361194,1.515992899,-0.438561442,-219.075415,-104.2491037,9.318757951,31.08234873,-23.78436332,14.03536286,-2.951804793,-1976.402878,-3265.3316,83.58831228,1504,40,55,WA04,Wind_success,4,W,0,Naive,9,Head-On,TRUE,TRUE,41.74657214,33.88442351,0.225,225,343.5780023,2.178145208,0.508333333,508.3333333,864.7821021,0.771275525,4.314994744,2.317990409,29.86961045,23.9627394,582.576799,8795.438095,19.30045986
1504040WA05_f225,-41.64003677,138.9533221,42.30799026,-16.54146957,-280.9405212,1427.044678,151.1022317,-6.624071121,-14.02270508,0.259521484,55.55643082,-17.13592529,-19.66088867,-0.427064515,-0.904066341,0.016731767,0.905218434,-0.2792072,-0.320348132,1.148080342,-0.225631485,-1.124747314,-0.046069336,3.045959473,9.967675781,11.90039062,225,0.133333333,1504040WA05,1.473042768,23.07458824,-18.68397976,107.1419493,25.28519932,81.85674994,107.1419493,81.85674994,95.79861405,107.1419493,107.1419493,1.148080342,1.242139605,1.473042768,1.332212842,23.07458824,21.809105,133.3333333,62,18.1,39,K,2,0.026041667,0.674512656,-0.482264464,0.424155029,-0.206108763,-26.38005934,-32.30016764,-1.571292469,3.800063488,-2.716977307,2.389600881,-1.16117374,-148.619747,-181.9724012,-8.852333732,26.31408193,-18.18489829,16.21345995,-8.068125617,-1025.689309,-1244.617567,-51.807252,1504,40,56,WA05,Wind_success,5,W,0,Naive,10,Head-On,TRUE,TRUE,-12.61178472,40.77467459,0.291666667,291.6666667,411.5273089,2.38292556,0.45,450,754.6209581,0.974399521,3.063971568,1.619499465,31.41534794,24.71127692,582.576799,8795.438095,19.30045986
1504040WA06_f231,-19.14565585,137.8910745,34.54348404,5.911888599,-282.0340271,1419.270508,143.4355495,-7.411845326,-13.02279663,-0.358032227,52.41897535,-17.27536011,-35.39318848,-0.494500227,-0.868849201,-0.023887036,0.799487416,-0.263481553,-0.539812322,1.564608964,-0.261656513,-1.492368164,0.390351563,-2.276937103,0.289599609,28.1953125,231,0.083333333,1504040WA06,3.728830047,22.25338311,-32.67086371,108.2403129,29.6461044,78.5942085,108.2403129,78.5942085,98.29573744,108.2403129,108.2403129,1.564608964,1.539278644,3.728830047,3.380833291,22.25338311,22.25338311,83.33333333,62,18.1,39,K,2,0.032291667,0.562757723,-0.219894616,0.485296299,-0.181190823,-53.64212762,-27.72187744,1.325924188,3.170459525,-1.238840359,2.734058036,-1.02079127,-302.2085483,-156.17927,7.469980067,23.79309171,-11.01864609,19.34348437,-5.927443591,-2171.134099,-1390.165106,79.78846988,1504,40,57,WA06,Wind_success,6,W,0,Naive,11,Head-On,TRUE,TRUE,14.48008966,38.12958726,0.233333333,233.3333333,404.5877825,2.35096937,0.383333333,383.3333333,728.319468,0.995750143,3.898951252,2.261565997,29.32874658,22.68326789,582.576799,8795.438095,19.30045986
1504040WB01_f237,-8.764042948,76.64863959,41.20669486,16.35764503,-342.987915,1426.036865,87.4632157,-7.939833641,-13.83334351,0.905883789,48.64600945,-5.652191162,-42.81970215,-0.496994427,-0.865899077,0.056703857,0.747789032,-0.086885782,-0.658226728,1.352528444,-0.401929321,-1.291311035,0.017373047,-1.234121704,15.90424805,-12.90058594,237,0.033333333,1504040WB01,1.235856456,29.90225685,-41.16477278,96.62749248,29.85424897,66.77324351,96.62749248,66.77324351,79.33838449,96.62749248,96.62749248,1.352528444,1.481998298,1.235856456,1.235856456,29.90225685,,33.33333333,62,18.1,39,K,2,0.025,0.664358491,-0.239780278,0.558166133,-0.26893901,-68.43981482,-31.21258804,1.576748049,3.742857044,-1.350872026,3.144591468,-1.515146237,-385.5756287,-175.8452048,8.883069332,31.42453199,-16.18083066,21.91582331,-9.350080268,-2778.748861,-2140.873679,80.08226791,1504,40,69,WB01,Wind_success,1,W,0,Naive,12,Head-On,TRUE,TRUE,18.88006836,29.09621804,0.166666667,166.6666667,323.6477979,2.454973808,0.433333333,433.3333333,909.618557,1.231858642,3.044469372,1.657461579,25.58701334,23.21307404,582.576799,8795.438095,19.30045986
1504040WB02_f231,-63.65295325,150.443003,45.19262746,-38.5435524,-269.1689758,1430.05481,169.4909118,-4.491069794,-15.02706909,1.782714844,46.40535307,-6.670196533,-48.49035645,-0.284518253,-0.951994878,0.11293855,0.68801445,-0.098893582,-0.7189271,1.456164388,-0.059700165,-1.453656006,0.061113281,4.346905518,3.271948242,2.351953125,231,0.083333333,1504040WB02,1.061206167,11.62367093,-45.96597076,98.17953677,16.63958118,81.53995559,98.17953677,81.53995559,95.82777934,98.17953677,98.17953677,1.456164388,1.484606195,1.061206167,1.427341528,,,83.33333333,62,18.1,39,K,2,0.029166667,0.739080137,-0.460586027,0.570239613,-0.094481451,-46.42098911,-38.30242246,-0.642445918,4.163823195,-2.594845522,3.212610929,-0.532288768,-261.5261614,-215.7878518,-3.619406178,31.47565725,-19.85704979,23.18362884,-4.054873302,-1908.830602,-1738.98237,27.13975117,1504,40,70,WB02,Wind_success,2,W,0,Naive,13,Head-On,TRUE,TRUE,-39.89488772,37.06129853,0.2,200,375.3869656,2.479440062,0.4,400,839.585182,1.367446651,2.771268614,1.743705567,29.03336635,24.71484065,582.576799,8795.438095,19.30045986
1504040WB03_f234,-27.75984798,107.4894148,41.74965524,-2.655187845,-312.1878662,1426.639282,118.6069862,-7.113637686,-13.74084473,0.299072266,49.59801316,-16.02008057,-33.57519531,-0.459658469,-0.887885486,0.019325007,0.799978398,-0.25839177,-0.541542478,1.413349658,-0.150921578,-1.402042236,-0.095170898,10.17760735,6.659472656,8.736328125,234,0.058333333,1504040WB03,1.793466436,17.65024823,-32.78870388,107.9003753,27.37061045,80.52976489,107.9003753,80.52976489,101.75648,107.9003753,107.9003753,1.413349658,1.486002247,1.793466436,1.550837953,17.65024823,,58.33333333,62,18.1,39,K,2,0.030208333,0.639829197,-0.326921653,0.518796752,-0.182629584,-54.49335884,-36.23175763,1.128355091,3.604664121,-1.84180834,2.92279259,-1.028896951,-307.0042072,-204.1221585,6.356917016,51.96745897,-38.85422871,24.98283156,-6.497248421,-2729.596928,-4182.722827,157.1507511,1504,40,72,WB03,Wind_success,3,W,0,Naive,15,Head-On,TRUE,TRUE,62.99511517,29.03672543,0.191666667,191.6666667,349.4939942,2.190176838,0.291666667,291.6666667,557.1027069,1.161080571,3.577166644,2.286313727,26.12397831,22.44827786,582.576799,8795.438095,19.30045986
1504040WB04_f237,-27.435523,98.0074327,36.20081725,-2.382945299,-321.6861572,1421.120361,108.0215902,-6.07510066,-14.22225952,0.745727539,43.67489171,-14.73922729,-45.75805664,-0.392362228,-0.918548966,0.04816304,0.672435624,-0.226930878,-0.704508842,1.390040771,-0.152797651,-1.381604004,0.006049805,5.803173351,11.24912109,-1.457226563,237,0.033333333,1504040WB04,0.651339897,10.28546624,-44.78987777,108.6483037,23.12996374,85.51833998,108.6483037,85.51833998,102.3373586,108.6483037,108.6483037,1.390040771,1.489108168,0.651339897,0.898499084,,,33.33333333,62,18.1,39,K,2,0.036458333,0.554704108,-0.164533946,0.502160368,-0.168701489,-54.55500759,-20.57824058,1.267401366,3.125087141,-0.926949905,2.82906668,-0.950428971,-307.3515234,-115.9335114,7.140274705,27.04759132,-9.611003761,23.07552605,-5.912394128,-2557.760501,-1231.278469,59.42290575,1504,40,73,WB04,Wind_success,4,W,0,Naive,16,Head-On,TRUE,TRUE,36.02813227,33.72688034,0.183333333,183.3333333,379.0574702,2.322218124,0.4,400,841.1912388,1.494086145,4.255518978,2.065367849,28.9397922,24.21096935,582.576799,8795.438095,19.30045986
1504040WB05_f227,-40.67898498,178.8273181,23.73388087,-15.6099081,-240.8373718,1408.616333,184.9250838,-5.409047127,-14.25531006,2.254272461,57.07538509,-17.91110229,-16.30944824,-0.350945873,-0.92490269,0.146260071,0.920522204,-0.288873519,-0.263041751,1.480875195,-0.118686333,-1.470910034,-0.123808594,-3.056478882,1.381420898,14.07480469,227,0.116666667,1504040WB05,1.528501482,26.12842574,-15.25062573,107.4226308,20.77879186,86.64383897,107.4226308,86.64383897,102.8094831,107.4226308,107.4226308,1.480875195,1.504789795,1.528501482,1.513376224,26.12842574,24.17870202,116.6666667,62,18.1,39,K,2,0.025,0.561373398,-0.19887681,0.507346851,-0.134860222,-41.54218175,-17.80259524,0.258756443,3.162660527,-1.120430429,2.858286238,-0.759774338,-234.0399793,-100.296105,1.45777978,30.31557,-14.99344427,24.38517071,-5.764287542,-2104.952527,-1347.446398,83.15719353,1504,40,74,WB05,Wind_success,5,W,0,Naive,17,Head-On,TRUE,TRUE,-33.39073979,39.83341394,0.233333333,233.3333333,387.9396211,2.38857092,0.391666667,391.6666667,743.7591333,1.003974165,3.307112752,1.911402315,30.3649783,25.97645476,582.576799,8795.438095,19.30045986
1504040WB06_f238,-11.35800239,54.00669424,43.2248237,13.75805664,-365.6571655,1428.138428,70.10073199,-9.429378986,-11.96136475,-0.900268555,47.86352158,-18.9744873,-36.96936035,-0.618007215,-0.783955096,-0.059004147,0.755121608,-0.299352093,-0.583249245,0.863197082,-0.2637743,-0.782629395,-0.251044922,11.21053162,14.45185547,-7.076953125,238,0.025,1504040WB06,1.005222757,14.68025581,-35.67940326,111.6248098,38.24940724,73.37540253,111.6248098,73.37540253,92.99913981,111.6248098,111.6248098,0.863197082,0.989949328,1.005222757,1.005222757,14.68025581,,25,62,18.1,39,K,2,0.025,0.465471191,-0.2786282,0.347639169,-0.134821229,-45.38342729,-38.15876821,0.003500838,2.622367515,-1.569733112,1.958526503,-0.759554657,-255.6807548,-214.9785338,0.019722991,22.31928141,-14.88128883,14.06838492,-6.283329967,-1805.478605,-1900.023565,-23.05693709,1504,40,75,WB06,Wind_success,6,W,0,Naive,18,Head-On,TRUE,TRUE,75.55021649,33.27438361,0.241666667,241.6666667,373.9479959,2.378457365,0.416666667,416.6666667,748.7742696,0.863197082,3.715200207,2.006702277,25.81444861,21.82709938,582.576799,8795.438095,19.30045986
1504040WB07_f233,-29.1550536,114.6364168,35.82061921,-4.072395325,-305.0161133,1420.740601,123.5906225,-6.68083477,-13.64056396,0.206054688,56.17611313,-23.00405884,-17.98327637,-0.43981329,-0.897986782,0.01356501,0.887297741,-0.363347485,-0.284044581,1.441137037,-0.132591419,-1.434016113,-0.053789062,11.66139507,9.103271484,9.240820313,233,0.066666667,1504040WB07,1.963165201,27.8287092,-16.50174705,112.2690477,26.09455086,86.17449683,112.2690477,86.17449683,106.9864083,112.2690477,112.2690477,1.441137037,1.532850079,1.963165201,1.684636026,27.8287092,27.50364698,66.66666667,62,18.1,39,K,2,0.040625,0.470403131,-0.313146392,0.305743326,-0.172451332,-27.88547334,-31.47768446,0.681085238,2.650153036,-1.764201395,1.72249407,-0.971554801,-157.1009352,-177.3387027,3.837092041,38.9144697,-26.87159731,21.36577357,-9.209644638,-2073.152045,-2640.88894,178.9764966,1504,40,76,WB07,Wind_success,7,W,0,Naive,19,Head-On,TRUE,TRUE,1.401734582,35.44918905,0.191666667,191.6666667,352.3203439,2.50615327,0.358333333,358.3333333,751.6202948,1.164756855,3.12426044,1.839628553,29.87526412,23.84308376,582.576799,8795.438095,19.30045986
1504040WB08_f236,-27.92588383,89.07971962,44.02100654,-2.826073647,-330.5973206,1428.957031,103.212889,-6.491223335,-13.32516479,-0.599975586,43.20240498,-15.55227661,-47.06713867,-0.437582531,-0.898268175,-0.040445201,0.65702717,-0.236520821,-0.715802487,1.307344826,-0.22195502,-1.28217041,-0.126196289,8.113846207,8.029248047,-4.899023438,236,0.041666667,1504040WB08,3.056499318,20.11132038,-45.7090045,109.7981846,25.97257435,83.82561027,109.7981846,83.82561027,99.97710899,109.7981846,109.7981846,1.307344826,1.382446482,3.056499318,2.809744875,20.11132038,20.16116078,41.66666667,62,18.1,39,K,2,0.027083333,0.61322978,-0.271812172,0.491750693,-0.2456627,-49.85120642,-30.86421246,0.976475585,3.454808559,-1.531333034,2.770420742,-1.384012366,-280.8512896,-173.8825295,5.501259591,36.34668765,-23.49537749,22.40429106,-7.928417919,-2408.168273,-2609.07119,141.5543484,1504,40,77,WB08,Wind_success,8,W,0,Naive,20,Head-On,TRUE,TRUE,29.30895185,36.12282824,0.225,225,418.9651964,2.407109245,0.433333333,433.3333333,875.4843366,1.253814286,3.236292201,2.124055624,29.64647024,23.48116757,582.576799,8795.438095,19.30045986
1504040WC01_f237,-16.05492877,80.4146848,38.8518603,9.015676498,-339.4423218,1423.631958,90.74000947,-7.830332279,-13.01266479,1.108154297,39.45873451,-11.62582397,-49.29370117,-0.514228869,-0.854559892,0.072774042,0.614593666,-0.181079243,-0.767779222,1.310745853,-0.299167557,-1.275549316,0.039082031,14.65584412,6.705175781,-9.333984375,237,0.033333333,1504040WC01,1.907851217,16.44006729,-50.15488165,106.4166846,31.0373005,75.37938414,106.4166846,75.37938414,93.21710336,106.4166846,106.4166846,1.310745853,1.401372698,1.907851217,1.483843349,16.44006729,,33.33333333,62,18.1,39,K,2,0.032291667,0.825423743,-0.451471883,0.634401324,-0.273920526,-74.75190548,-55.92204629,1.4883723,4.650265046,-2.543498338,3.574084616,-1.543211056,-421.1366297,-315.0531341,8.385178816,28.89012503,-13.70857093,22.42921893,-7.861485221,-2603.46526,-1717.840839,100.4643366,1504,40,91,WC01,Wind_success,1,W,0,Naive,22,Head-On,TRUE,TRUE,83.16215074,31.61225718,0.258333333,258.3333333,459.5378833,2.470187608,0.433333333,433.3333333,854.7868284,1.241031404,3.322761764,1.984697448,25.3695378,21.67888194,582.576799,8795.438095,19.30045986
1504040WC02_f239,-36.35534442,73.9019448,39.63405635,-11.26649761,-345.9355469,1424.416992,91.40058498,-5.677103996,-14.37857056,-0.012451172,31.14046383,-3.807373047,-60.67346191,-0.367242108,-0.930125037,-0.000805445,0.455907021,-0.055741241,-0.888280194,1.312267107,-0.13431118,-1.303249512,0.074472656,-1.107243347,2.463134766,-8.861132813,239,0.016666667,1504040WC02,0.484382776,21.64110833,-62.65792609,96.97064306,21.54563852,75.42500454,96.97064306,75.42500454,91.08658843,96.97064306,96.97064306,1.312267107,1.337918324,0.484382776,0.484382776,21.64110833,,16.66666667,62,18.1,39,K,2,0.026041667,0.667469732,-0.171879222,0.604919617,-0.223708811,-59.69998189,-18.46561851,1.676474566,3.760385121,-0.968331655,3.407990835,-1.260328739,-336.3372345,-104.0314396,9.444907713,39.97950881,-21.04662494,28.22959261,-5.746726076,-2894.087755,-2343.568027,119.4060985,1504,40,92,WC02,Wind_success,2,W,0,Naive,23,Head-On,TRUE,TRUE,1.866058808,28.96967944,0.191666667,191.6666667,394.0590699,2.525552173,0.375,375,823.1428816,1.337918324,3.144933846,1.723450711,29.29303114,23.1474775,582.576799,8795.438095,19.30045986
1504040WC03_f232,-40.2669672,133.0682789,37.08378677,-15.19773006,-286.7770386,1421.883545,143.8881605,-6.210829735,-14.52215576,0.5625,52.148139,-15.49575806,-35.09985352,-0.392977307,-0.918859138,0.035591015,0.805474254,-0.239345725,-0.542148365,1.443077517,-0.166167297,-1.429493408,0.106816406,-5.102174377,9.163037109,8.82421875,232,0.075,1504040WC03,0.915521869,32.14916418,-32.83000749,106.5492549,23.15540746,83.39384741,106.5492549,83.39384741,99.91883094,106.5492549,106.5492549,1.443077517,1.511286591,0.915521869,0.917864764,32.14916418,,75,62,18.1,39,K,2,0.028125,0.662402096,-0.273498569,0.567617135,-0.204415894,-52.57601905,-28.06159328,0.909548142,3.73183512,-1.540833839,3.197836437,-1.151636473,-296.2023151,-158.0931582,5.124204345,32.2920173,-16.50468213,24.75442051,-7.403200631,-2352.218681,-1676.025356,86.68316392,1504,40,93,WC03,Wind_success,3,W,0,Naive,24,Head-On,TRUE,TRUE,-13.7488626,36.29552496,0.225,225,416.1443766,2.557283018,0.4,400,822.9279605,1.188253251,2.901653905,1.703688172,28.13964253,23.84758133,582.576799,8795.438095,19.30045986
1504040WC04_f237,-45.06663558,94.62982597,44.68835322,-20.01973724,-325.2130432,1429.511108,113.9423298,-5.697925568,-14.47451782,0.699829102,37.98768997,-6.549377441,-55.11230469,-0.365923037,-0.929559267,0.044943302,0.564825097,-0.097380303,-0.819444743,1.430444877,0.0349189,-1.429874268,0.020317383,8.392208862,12.78896484,8.878710937,237,0.033333333,1504040WC04,1.656790193,21.81011395,-55.02924894,99.78207852,21.48718775,78.29489077,99.78207852,78.29489077,101.1810183,99.78207852,99.78207852,1.430444877,1.518994088,1.656790193,1.384885637,21.81011395,22.26829575,33.33333333,62,18.1,39,K,2,0.032291667,0.800656397,-0.374401336,0.691298666,-0.15159307,-68.74853033,-41.0270471,0.922798623,4.510730988,-2.109298966,3.894632366,-0.854043709,-387.3148674,-231.1378182,5.198854794,38.93862841,-22.0884691,28.12402552,-6.295738172,-2762.915119,-2307.803833,173.2855827,1504,40,95,WC04,Wind_success,4,W,0,Naive,26,Head-On,TRUE,TRUE,-25.69899689,29.14010987,0.183333333,183.3333333,375.7447869,2.368122983,0.366666667,366.6666667,778.1467606,1.428656885,3.506568276,2.083638328,27.66654374,22.324962,582.576799,8795.438095,19.30045986
1504040WC05_f227,-29.85464014,145.267643,52.6051829,-4.811920643,-274.5474854,1437.488403,157.3572143,-5.665220737,-13.81811523,-1.166259766,54.27888918,-5.343902588,-36.01416016,-0.378190015,-0.922448294,-0.07785536,0.830475404,-0.081762537,-0.551022224,1.020258947,-0.203156719,-0.995998535,-0.087421875,-3.189020348,4.242919922,5.80078125,227,0.116666667,1504040WC05,0.681671236,-9.095036736,-33.43717007,95.62280313,22.29289611,73.32990702,95.62280313,73.32990702,84.09416289,95.62280313,95.62280313,1.020258947,1.055134068,0.681671236,1.386499672,,,116.6666667,62,18.1,39,K,2,0.025,0.463807496,-0.217550314,0.384607763,-0.140947234,-30.90336945,-19.68171465,0.571614637,2.612994604,-1.225633052,2.166799843,-0.794067291,-174.1031319,-110.8826714,3.220357533,36.93371938,-28.96877434,16.00190919,-7.759894847,-1302.980751,-2481.719255,-120.248064,1504,40,96,WC05,Wind_success,5,W,0,Naive,27,Head-On,TRUE,TRUE,-4.905529568,36.1428573,0.291666667,291.6666667,415.6036133,2.182577798,0.533333333,533.3333333,898.3835818,0.875296558,3.552705255,2.28981267,29.49019146,20.98492885,582.576799,8795.438095,19.30045986
1601040MA01_f235,25.85206699,44.69721793,34.22988981,49.10471344,-369.1390076,1422.143677,61.95043192,-3.368595123,-14.3243103,-2.200073242,40.84173584,10.74908447,-52.86584473,-0.226404931,-0.962743923,-0.147868002,0.60359816,0.158860231,-0.781301919,1.564042041,0.006009064,-1.540294189,0.271450195,0.677636719,6.472265625,-7.374023438,235,0.05,1601040MA01,0.414506271,27.02849103,-51.37993291,75.25478502,13.23358075,62.02120427,75.25478502,62.02120427,75.47830871,75.25478502,75.25478502,1.564042041,1.628616362,0.414506271,0.373811312,27.02849103,,50,60,15.6,38,F,1,0.007291667,0.057831136,-0.013757725,0.053705069,0.016459978,-6.510707142,-2.577140666,0.32800341,0.378021455,-0.089929328,0.35105083,0.10759299,-42.5581643,-16.84584693,2.144040997,1.121378834,-0.328542262,0.994754812,0.340979695,-110.5062259,-45.79092272,5.11976177,1601,40,37,MA01,Wind_missed,1,M,0,Naive,1,Failure,FALSE,FALSE,-17.8076717,8.364637686,0.091666667,91.66666667,116.6638081,2.912798678,0.233333333,233.3333333,457.7608746,1.32789543,3.208231095,1.820457023,28.97550518,26.02865957,553.0840879,8237.142857,17.74698207
1601040UA01_f240,-82.56465454,-1.351269531,44.93527832,-58.86465454,-415.0512695,1432.035278,94.01025128,-4.29888916,12.39932251,3.288208008,5.583770752,-42.35754395,-51.29846191,-0.317751814,0.916494256,0.243047453,0.083639704,-0.634476701,-0.768403355,0.922250139,-0.177487793,0.85145874,-0.306694336,6.063574219,-0.039550781,-5.197851563,240,0.008333333,1601040UA01,1.668073085,21.44499938,-50.21072723,172.4903015,160.878387,11.6119145,172.4903015,11.6119145,4.265075354,172.4903015,172.4903015,0.922250139,0.922250139,1.668073085,1.613094028,21.44499938,21.60015955,8.333333333,60,15.6,38,F,1,0.0125,0.527084198,-0.350124937,-0.39019187,-0.054594734,21.52322754,-17.46967002,-1.017604507,3.445360913,-2.288641508,-2.550544716,-0.35686625,140.6896415,-114.1929856,-6.651716758,6.375190005,-4.418332035,-4.584204082,-0.134015092,248.9563924,-234.3696857,-2.758870826,1601,40,44,UA01,Wind_Uturn,1,U,0,Naive,3,U-Turn,TRUE,FALSE,69.15500296,17.24274799,0.666666667,666.6666667,238.0350975,2.740866276,0.916666667,916.6666667,860.5779472,0.922250139,4.57673146,2.102800417,30.21090725,25.77452737,553.0840879,8237.142857,17.74698207
1601040WA01_f237,-27.99490381,71.38578351,12.34143219,-4.797125816,-342.3967896,1400.222168,77.665666,-1.865900993,-13.75177002,1.801757813,25.57103062,2.537506104,-62.08044434,-0.133333383,-0.982672726,0.128749845,0.380586268,0.037766956,-0.92397389,0.910663272,-0.162994251,-0.737340088,0.508989258,6.637939453,5.444384766,-8.421679688,237,0.033333333,1601040WA01,0.403618394,26.78775698,-67.51413153,84.33288536,7.726956979,76.60592838,84.33288536,76.60592838,71.86770919,84.33288536,84.33288536,0.910663272,0.997863777,0.403618394,0.508660367,26.78775698,24.6178179,33.33333333,60,15.6,38,F,1,0.334375,0.232127093,-0.230653199,0.012999706,-0.022651641,-2.263162385,-23.03355119,-0.784494053,1.517331795,-1.507697475,0.084974429,-0.148065676,-14.79348318,-150.5620871,-5.127957081,17.91175957,-13.18082926,9.570677542,-2.931435633,-1045.493806,-1531.300429,-68.44217217,1601,40,39,WA01,Wind_success,1,W,0,Naive,2,Head-On,TRUE,TRUE,10.17360144,24.82058894,0.191666667,191.6666667,284.5335243,2.472898635,0.333333333,333.3333333,605.8106988,0.78351604,3.902266303,1.974585512,31.36892122,26.70699641,553.0840879,8237.142857,17.74698207
1601040WA02_f232,-37.90191776,114.6947004,11.14749552,-14.5649929,-299.0285034,1399.003052,121.3082698,-3.613208771,-9.151672363,9.592163086,42.86598969,8.867828369,-48.11901855,-0.262948916,-0.666006999,0.698063425,0.6589645,0.136322155,-0.739717553,1.335108484,-0.076096802,-1.320479736,0.181816406,-4.278927612,-2.224511719,-8.182617187,232,0.075,1601040WA02,1.865830148,23.20400844,-47.70736097,78.31190885,21.54480282,56.76710603,78.31190885,56.76710603,75.01370707,78.31190885,78.31190885,1.335108484,1.335108484,1.865830148,1.850509696,23.20400844,23.5814322,75,60,15.6,38,F,1,0.025,0.469774819,-0.19882926,0.39631973,-0.155196575,-39.56985031,-21.54070739,-0.285050124,3.070749995,-1.299675772,2.59060035,-1.01446451,-258.6539609,-140.803901,-1.863270724,24.45577925,-14.46909766,16.56533478,-4.634853773,-1696.09246,-1608.285432,-34.02706604,1601,40,45,WA02,Wind_success,2,W,0,Naive,4,Head-On,TRUE,TRUE,-49.58116615,24.74222737,0.191666667,191.6666667,327.885521,2.57668316,0.258333333,258.3333333,481.089442,1.164179173,3.867594048,2.012461713,26.87457271,23.9713959,553.0840879,8237.142857,17.74698207
1601040WA03_f226,5.376333515,174.7540666,-15.0859553,28.71458626,-238.9779205,1372.775879,175.4863949,-6.208292007,-9.556594849,8.165893555,52.07691765,6.4556427,-34.51086426,-0.44282493,-0.681652609,0.582456695,0.829161939,0.102785907,-0.549477512,1.504284923,-0.110056686,-1.481777344,0.234726563,15.40876465,2.821069336,-5.690039063,226,0.125,1601040WA03,1.364689394,29.36176602,-33.33117548,82.93345832,33.0091362,49.92432212,82.93345832,49.92432212,78.68570375,82.93345832,82.93345832,1.504284923,1.521311989,1.364689394,1.08367643,29.36176602,30.22398827,125,60,15.6,38,F,1,0.047916667,0.398536429,-0.270643932,0.264830758,-0.12428925,-30.96357269,-32.4736883,-2.058720242,2.605090119,-1.769102596,1.731103957,-0.812434381,-202.3978018,-212.2688875,-13.457118,22.04058077,-14.79384116,13.73864385,-7.086526597,-1604.758409,-1806.842779,-125.6079604,1601,40,46,WA03,Wind_success,3,W,0,Naive,5,Head-On,TRUE,TRUE,0.295043545,28.57079551,0.241666667,241.6666667,394.8099128,2.280874278,0.35,350,629.0026676,0.911826146,3.826472116,2.317657017,31.51812331,25.65015613,553.0840879,8237.142857,17.74698207
1601040WA04_f233,-42.69393092,117.4840319,42.13185933,-19.32595253,-296.2613525,1429.93811,131.9104358,-3.255422592,-10.33691406,8.424194336,42.95227242,5.558776855,-50.48352051,-0.237163456,-0.753062987,0.613717877,0.64574308,0.083570472,-0.758967622,1.383130349,-0.050517654,-1.382182617,0.008291016,7.859783936,3.342919922,0.629296875,233,0.066666667,1601040WA04,1.114982059,28.29221869,-49.37327002,82.62590895,17.4808706,65.14503835,82.62590895,65.14503835,80.53272637,82.62590895,82.62590895,1.383130349,1.414808313,1.114982059,1.107188502,28.29221869,29.9680355,66.66666667,60,15.6,38,F,1,0.026041667,0.45487124,-0.247249912,0.373242147,-0.080409117,-38.50929782,-28.24969284,-0.306705062,2.973330633,-1.616184258,2.439750439,-0.525605644,-251.7215086,-184.6581397,-2.004821309,26.58064779,-18.16742958,17.64044252,-4.272917794,-1864.436097,-2028.609517,67.54657332,1601,40,47,WA04,Wind_success,4,W,0,Naive,6,Head-On,TRUE,TRUE,-33.11585069,9.215031933,0.175,175,327.5185525,2.480677527,0.266666667,266.6666667,536.15443,1.257193448,3.565833267,1.947895037,31.74523851,25.60614213,553.0840879,8237.142857,17.74698207
1601040WA05_f237,-29.2829533,62.37829819,28.25737432,-5.929304123,-351.3081665,1416.151733,74.47833673,-5.13947773,-9.327545166,8.311767578,36.40934563,4.920776367,-55.48095703,-0.380438281,-0.690450554,0.615259902,0.547153907,0.073948652,-0.833759077,1.063453203,-0.249178877,-1.027763672,0.112001953,5.793985176,4.101416016,-23.39472656,237,0.033333333,1601040WA05,1.918682004,22.45773531,-56.48684508,82.30302948,28.85476587,53.44826361,82.30302948,53.44826361,68.67476845,82.30302948,82.30302948,1.063453203,1.144739279,1.918682004,2.078886539,22.45773531,23.2442,33.33333333,60,15.6,38,F,1,0.027083333,0.392262541,-0.180107854,0.312786897,-0.153608005,-33.10810239,-21.2217489,0.279252825,2.564079954,-1.177300631,2.044576092,-1.004080594,-216.4158256,-138.7189834,1.825375855,23.0151211,-14.94157452,13.54571686,-6.99605522,-1456.490055,-1715.199492,-2.465703798,1601,40,48,WA05,Wind_success,5,W,0,Naive,7,Head-On,TRUE,TRUE,0.09482989,28.61994586,0.258333333,258.3333333,403.4988203,2.448023451,0.333333333,333.3333333,575.0805229,1.064822588,2.986262694,1.933887748,30.08583911,25.75686358,553.0840879,8237.142857,17.74698207
1601040WA06_f227,-37.7876395,169.3232618,7.333018748,-14.43822956,-244.4212189,1395.167236,173.6434446,-4.618847847,-11.0849762,6.482666016,49.19966984,9.8646698,-43.16125488,-0.338456239,-0.812276023,0.475031617,0.743335413,0.149040805,-0.652103751,1.538914847,-0.028703613,-1.520007935,0.238769531,5.805189514,6.958740234,-14.66894531,227,0.116666667,1601040WA06,2.445060386,24.9516669,-40.70040409,78.66237187,22.62033956,56.04203231,78.66237187,56.04203231,77.58053512,78.66237187,78.66237187,1.538914847,1.620600513,2.445060386,2.524155701,24.9516669,25.26340997,116.6666667,60,15.6,38,F,1,0.045833333,0.297634685,-0.23494532,0.173721196,-0.056639637,-16.93107887,-24.61181503,-2.759135787,1.945531501,-1.535753539,1.135553334,-0.370233054,-110.6724079,-160.8786334,-18.03548395,17.33490446,-12.34403954,10.50026911,-2.985407061,-1005.342318,-1288.190646,-103.384877,1601,40,49,WA06,Wind_success,6,W,0,Naive,8,Head-On,TRUE,TRUE,-38.75299389,29.84554338,0.258333333,258.3333333,429.4715012,2.322960839,0.341666667,341.6666667,609.1030051,0.928288101,3.141622832,1.931810704,29.72078891,25.02468683,553.0840879,8237.142857,17.74698207
1601040WA07_f231,-10.77066758,129.0946109,11.0637001,12.5653019,-284.6315613,1398.905396,130.0147349,-6.78015852,-9.437866211,7.118408203,50.81683159,7.044311523,-38.82409668,-0.49752585,-0.692547586,0.522346503,0.789850712,0.109490385,-0.603446525,1.490498058,-0.251903915,-1.463822021,0.123911133,-0.292428589,2.84765625,-16.425,231,0.083333333,1601040WA07,2.278273749,24.2809115,-37.11713763,82.10786141,35.69344825,46.41441316,82.10786141,46.41441316,72.34367007,82.10786141,82.10786141,1.490498058,1.530704285,2.278273749,1.651569213,24.2809115,25.94676397,83.33333333,60,15.6,38,F,1,0.025,0.548253597,-0.221056601,0.447789247,-0.226275884,-51.25830288,-27.06145439,0.207296652,3.583737702,-1.444967949,2.927038176,-1.479084535,-335.0571955,-176.8910499,1.355024081,24.32321118,-13.11005649,17.04990531,-6.480271891,-2005.236695,-1601.358755,67.44009361,1601,40,50,WA07,Wind_success,7,W,0,Naive,9,Head-On,TRUE,TRUE,12.03144521,28.73036957,0.241666667,241.6666667,424.1717753,2.218172955,0.35,350,658.3886673,1.094101992,3.094067141,2.180052758,28.87073314,24.37418302,553.0840879,8237.142857,17.74698207
1601040WA08_f231,-18.48499823,118.5115513,19.26892115,4.871109009,-295.2217712,1407.122192,121.4824032,-7.618606806,-9.218811035,6.599731445,52.74104691,-3.387939453,-37.26843262,-0.557745294,-0.674893534,0.483155156,0.815558387,-0.052389222,-0.576298435,1.181568343,-0.195466061,-1.162137451,0.085634766,0.744035339,12.44443359,1.977539063,231,0.083333333,1601040WA08,1.894401281,26.54711565,-35.1906132,93.67547295,39.57099699,54.10447596,93.67547295,54.10447596,84.12795466,93.67547295,93.67547295,1.181568343,1.283668715,1.894401281,1.894401281,26.54711565,25.90366709,83.33333333,60,15.6,38,F,1,0.060416667,0.327756128,-0.266465337,0.168380586,-0.089823616,-19.23665561,-30.94788956,-1.631967565,2.142424602,-1.741788618,1.100643677,-0.587144857,-125.7431385,-202.2952868,-10.66758836,21.458565,-16.10701945,11.57712589,-6.798277235,-1256.230493,-1935.842076,-129.2992737,1601,40,51,WA08,Wind_success,8,W,0,Naive,10,Head-On,TRUE,TRUE,-3.715575466,27.55242291,0.233333333,233.3333333,388.5810984,2.313459763,0.233333333,233.3333333,388.5810984,1.071051766,2.918598347,1.837075186,29.39425053,23.98201768,553.0840879,8237.142857,17.74698207
1601040WB01_f231,3.485953736,131.0405038,-21.16455129,26.75541687,-282.7138062,1366.751343,132.7844258,-6.878322601,-5.361175537,10.22851563,53.69889069,-3.564483643,-30.59020996,-0.511719821,-0.398850118,0.760960845,0.867461976,-0.057581339,-0.494160003,1.257729939,-0.635812225,-1.031378174,0.337470703,1.664483643,11.29042969,16.41796875,231,0.083333333,1601040WB01,1.68021,25.92037225,-29.61437524,93.79767065,52.06605617,41.73161448,93.79767065,41.73161448,62.14514345,93.79767065,93.79767065,1.257729939,1.314922701,1.68021,1.390609686,25.92037225,26.58283118,83.33333333,60,15.6,38,F,1,0.085416667,0.248953589,-0.143002406,0.153742773,-0.133758591,-11.91310983,-11.83113786,-0.50232697,1.627320581,-0.934755591,1.00496153,-0.874332079,-77.87173875,-77.33591727,-3.283531769,0.299010005,-0.048592483,0.100647431,-0.267168159,-3.785230018,-11.50478537,-1.32663441,1601,40,59,WB01,Wind_success,1,W,0,Naive,11,Head-On,TRUE,TRUE,74.90615716,23.92098106,0.241666667,241.6666667,400.0723456,2.340383801,0.383333333,383.3333333,710.1121435,0.98906523,2.780182457,1.897990777,28.53447079,25.97664928,553.0840879,8237.142857,17.74698207
1601040WB02_f231,-23.27261472,140.4737428,-7.674842834,-0.002346094,-273.2877197,1380.21228,142.5951971,-4.293137019,-6.903259277,10.84545898,42.44964224,9.856262207,-47.07189941,-0.316743971,-0.509316555,0.800168672,0.661752141,0.153650355,-0.733809016,1.566816792,-0.198198358,-1.496348877,0.420205078,7.606040163,6.834375,-8.783789062,231,0.083333333,1601040WB02,2.598729745,22.6011116,-47.20667511,76.92827313,31.87748114,45.05079199,76.92827313,45.05079199,69.38310122,76.92827313,76.92827313,1.566816792,1.650642027,2.598729745,2.598729745,22.6011116,23.3356505,83.33333333,60,15.6,38,F,1,0.019791667,0.608332988,-0.135663072,0.540354439,-0.244298251,-51.35394506,-14.58832014,1.566627297,3.976455195,-0.886780989,3.53210373,-1.596890303,-335.6823742,-95.35863182,10.2404824,25.12407366,-9.548140185,19.63171387,-7.488897643,-1961.955423,-1037.505058,125.5403049,1601,40,60,WB02,Wind_success,2,W,0,Naive,12,Head-On,TRUE,TRUE,16.41944503,29.20435151,0.233333333,233.3333333,437.540027,2.574704977,0.266666667,266.6666667,517.0172206,1.265866219,3.240259998,1.958442395,29.36232341,25.5916341,553.0840879,8237.142857,17.74698207
1601040WB03_f234,-51.67487762,111.1799484,19.59733226,-27.69993782,-302.5153809,1407.743896,124.1584848,-5.378004074,-9.340637207,8.657714844,24.37301159,7.565765381,-63.00231934,-0.389009961,-0.67564116,0.626242982,0.358559391,0.111302463,-0.926847844,1.415149844,0.1647892,-1.329246826,0.456723633,-4.629144287,5.436474609,-10.93359375,234,0.058333333,1601040WB03,1.303585013,20.71984186,-67.94866429,72.75483688,29.93179488,42.823042,72.75483688,42.823042,79.82184404,72.75483688,72.75483688,1.415149844,1.493610599,1.303585013,1.286581392,20.71984186,20.93734073,58.33333333,60,15.6,38,F,1,0.01875,0.456918829,-0.156066761,0.42457583,-0.064446471,-41.22544632,-18.10578809,0.460953452,2.98671499,-1.020152609,2.775300366,-0.421263535,-269.476,-118.351062,3.013087875,31.78121517,-20.58708746,19.07180427,-3.004074705,-1916.035528,-2122.275431,42.30159324,1601,40,63,WB03,Wind_success,3,W,0,Naive,13,Head-On,TRUE,TRUE,-77.4181588,24.88277394,0.208333333,208.3333333,400.2227249,2.693565493,0.283333333,283.3333333,583.2784444,1.244514896,3.635147062,2.063439276,28.63414245,25.03120344,553.0840879,8237.142857,17.74698207
1601040WB04_f236,-33.97597404,92.11246065,13.69470444,-9.984827995,-321.594574,1401.911133,99.1292951,-8.285380363,-5.238372803,9.193481445,40.86191273,-5.270385742,-52.41162109,-0.616515137,-0.389787311,0.684086937,0.612928246,-0.079055729,-0.786173745,1.379086219,-0.110564346,-1.251254883,0.569223633,19.85168381,5.704980469,-5.146875,236,0.041666667,1601040WB04,1.916091146,19.87935548,-51.82936602,97.34945661,57.69717021,39.6522864,97.34945661,39.6522864,92.29975826,97.34945661,97.34945661,1.379086219,1.462097529,1.916091146,2.134507175,19.87935548,20.73038907,41.66666667,60,15.6,38,F,1,0.026041667,0.485300795,-0.164758678,0.434305219,-0.140536174,-47.59294333,-20.1562476,0.084018282,3.172237746,-1.076968559,2.838897903,-0.918634713,-311.0980509,-131.7541825,0.549197466,38.75016522,-25.52861836,21.56225722,-7.782662642,-2289.174053,-2965.141901,19.54353967,1601,40,65,WB04,Wind_success,4,W,0,Naive,14,Head-On,TRUE,TRUE,-29.21817188,31.70679446,0.233333333,233.3333333,447.675058,2.559155847,0.25,250,487.7859146,1.19613463,3.680216981,2.403779219,31.2403214,25.60591439,553.0840879,8237.142857,17.74698207
1601040WB05_f223,-67.80344885,264.8224061,-24.11591441,-44.20667648,-148.8221283,1363.996216,274.4262957,-3.455348969,-11.04759216,6.556762695,57.05541706,-9.68031311,-31.68237305,-0.259734706,-0.830435109,0.492864496,0.864793539,-0.146725283,-0.480212273,2.058926611,-0.073132324,-2.024300537,0.368833008,78.3043396,-31.72543945,-35.68359375,223,0.15,1601040WB05,2.98201887,26.4693354,-28.6992668,99.62939496,17.3680867,82.26130826,99.62939496,82.26130826,97.56035832,99.62939496,99.62939496,2.058926611,2.058926611,2.98201887,3.284704016,26.4693354,26.13734461,150,60,15.6,38,F,1,0.021875,0.486911218,-0.154673483,0.447772364,-0.112510255,-42.38321907,-16.83052744,0.902926323,3.182764507,-1.011045248,2.926927816,-0.735439305,-277.0439465,-110.0151391,5.90210648,22.71175208,-11.74090096,16.17988607,-0.729174567,-1572.33975,-1364.519686,5.24536881,1601,40,72,WB05,Wind_success,5,W,0,Naive,15,Head-On,TRUE,TRUE,-66.80920893,35.90345716,0.25,250,498.1310418,2.515658252,0.216666667,216.6666667,414.6945981,1.171364485,5.04762622,2.915463447,28.86483768,24.84708755,553.0840879,8237.142857,17.74698207
1601040WB06_f226,-20.54177767,169.099779,-7.244370015,3.018022537,-244.5367737,1380.890259,170.4968644,-6.93012023,-11.449646,3.047119141,59.48441887,-11.49511719,-16.42663574,-0.504886229,-0.834151271,0.221994488,0.947621318,-0.183123889,-0.261685841,1.158372104,-0.18680048,-1.14062439,0.076860352,94.86526794,7.259985352,14.92558594,226,0.125,1601040WB06,1.423401998,29.5253389,-15.17011755,100.9373536,31.18523593,69.75211767,100.9373536,69.75211767,91.63656732,100.9373536,100.9373536,1.158372104,1.258244953,1.423401998,1.056415631,29.5253389,,125,60,15.6,38,F,1,0.034375,0.382310663,-0.246189911,0.260110786,-0.133769762,-22.98331288,-25.06908374,-2.290305258,2.499028083,-1.609255409,1.700251191,-0.8744051,-150.2336972,-163.8676355,-14.97090644,35.17128966,-29.29680445,14.52271451,-5.53067905,-1364.766725,-2934.885652,-105.6123134,1601,40,73,WB06,Wind_success,6,W,0,Naive,16,Head-On,TRUE,TRUE,-10.16043835,43.39600775,0.341666667,341.6666667,548.7128207,2.320845991,0.291666667,291.6666667,439.9403615,0.86506782,3.48153448,2.374178548,29.5253389,25.75509746,553.0840879,8237.142857,17.74698207
1601040WB07_f228,-42.4432395,159.9967831,32.83489086,-18.89521599,-253.6365967,1420.952515,168.7558273,,,,55.68098259,-0.940002441,-35.79614258,,,,0.841085255,-0.014199142,-0.540716171,1.220721209,-0.103572922,-1.212888794,0.091289062,7.330819702,-4.051098633,-0.186328125,228,0.108333333,1601040WB07,1.580519238,25.01854668,-32.73240504,90.96717146,,,90.96717146,,86.08632031,90.96717146,90.96717146,1.220721209,1.220721209,1.580519238,1.357186385,25.01854668,26.07492142,108.3333333,60,15.6,38,F,1,0.027083333,0.324736182,-0.217815738,0.232638176,-0.062364826,-23.28769102,-24.09131702,-1.390430046,2.122684295,-1.423783585,1.520672563,-0.407656567,-152.2233083,-157.4763241,-9.088743979,33.01607073,-27.32419212,14.8085122,-3.204123077,-1562.7311,-2972.888458,-179.0987502,1601,40,74,WB07,Wind_success,7,W,0,Naive,17,Head-On,TRUE,TRUE,-33.46620088,33.46891211,0.275,275,462.026864,2.363541436,0.3,300,515.1663713,0.832019314,3.788187073,1.914682425,30.95391025,24.20214146,553.0840879,8237.142857,17.74698207
1601040WB08_f238,-29.1496728,79.60885544,21.64422607,-5.612289429,-334.0176392,1409.782471,87.49711887,-7.05147934,-7.458312988,8.096801758,29.35527611,-13.84365845,-51.29040527,-0.539385232,-0.570504952,0.61934455,0.483639052,-0.228079403,-0.845028433,1.003008213,0.030097275,-0.999547119,0.07762207,7.470565796,-6.080712891,-15.33164062,238,0.025,1601040WB08,1.543798084,20.44331952,-57.67498241,115.2481022,43.39392977,71.85417244,115.2481022,71.85417244,116.9728092,115.2481022,115.2481022,1.003008213,0.971380586,1.543798084,1.279985254,20.44331952,19.2093793,25,60,15.6,38,F,1,0.03125,0.435057939,-0.174289105,0.379050614,-0.12336673,-42.50727338,-22.72325913,-0.636561706,2.843818166,-1.13926555,2.477718314,-0.806404196,-277.8548451,-148.5338189,-4.160976233,26.27037057,-15.20341503,18.01427788,-2.473683975,-2038.426329,-1897.715447,-26.6166173,1601,40,75,WB08,Wind_success,8,W,0,Naive,18,Head-On,TRUE,TRUE,-34.47752842,42.94028553,0.325,325,575.9097954,2.217596582,0.316666667,316.6666667,554.3043751,1.116017498,4.265349027,2.912195162,28.55352745,23.90571924,553.0840879,8237.142857,17.74698207
1601040WB09_f220,-14.95786229,244.1180718,16.16144562,8.607164383,-169.516571,1404.319214,245.1092878,-8.620019453,-9.06993103,5.080078125,51.57340813,-7.941452026,-18.49719238,-0.638300089,-0.671615397,0.376172506,0.931555046,-0.143444073,-0.334109254,1.482249182,0.062644386,-1.479483032,0.065332031,19.31080627,7.925976563,-14.59863281,220,0.175,1601040WB09,1.955473878,24.09971453,-19.51838124,98.75384749,43.54310058,55.2107469,98.75384749,55.2107469,101.1784216,98.75384749,98.75384749,1.482249182,1.482249182,1.955473878,2.057295983,24.09971453,24.09971453,175,60,15.6,38,F,1,0.022916667,0.415846926,-0.195512638,0.356699251,-0.086424063,-40.81924295,-24.45958771,1.173356739,2.718242642,-1.277996196,2.331615443,-0.564923191,-266.8207939,-159.8835779,7.669813403,32.57671405,-24.49773622,17.60639942,-2.981065459,-2032.405978,-3018.624283,25.46391146,1601,40,76,WB09,Wind_success,9,W,0,Naive,19,Head-On,TRUE,TRUE,-12.68754168,42.41156781,0.341666667,341.6666667,549.7789786,2.217305115,0.366666667,366.6666667,604.0444021,0.903283517,3.433886982,2.349073768,28.44163911,24.09807261,553.0840879,8237.142857,17.74698207
1601040WB10_f210,13.95204771,314.6915373,16.45912174,37.50374985,-98.94880676,1404.608032,315.4303821,-7.373369217,-10.5632782,4.678344727,56.92482376,-26.05419922,-2.290039063,-0.537992455,-0.770741815,0.341351978,0.908676853,-0.415896725,-0.036555326,1.421136601,-0.0720401,-1.377322083,-0.342670898,88.46757202,-55.18355713,34.69921875,210,0.258333333,1601040WB10,1.404789861,18.56072514,-2.094932647,114.5933263,34.91577402,79.67755225,114.5933263,79.67755225,111.5992293,114.5933263,114.5933263,1.421136601,1.421136601,1.404789861,1.557386933,18.56072514,19.89692569,258.3333333,60,15.6,38,F,1,0.045833333,0.266489689,-0.19702254,0.157536605,-0.085913276,-15.00869841,-20.11915964,-0.948916071,1.741947797,-1.287865887,1.029760452,-0.561584364,-98.10649426,-131.5117518,-6.202725014,24.77339444,-20.75228082,12.0224787,-3.582491697,-1241.978867,-2214.680889,-17.80906905,1601,40,77,WB10,Wind_success,10,W,0,Naive,20,Head-On,TRUE,TRUE,-5.732029728,43.78601043,0.383333333,383.3333333,538.6288267,2.39607211,0.391666667,391.6666667,554.9927254,0.786911525,4.092551066,2.436333772,30.49692842,24.36759193,553.0840879,8237.142857,17.74698207
1601040WB11_f222,-38.45008263,258.7537081,18.57777947,-14.90647125,-154.8917847,1406.718262,262.2537401,-4.236671448,-11.70513916,4.859741211,58.28321075,-5.22605896,-18.78601074,-0.317038734,-0.875919351,0.363664311,0.948332995,-0.085033822,-0.305669396,1.613128148,0.113912773,-1.590043945,-0.246914062,85.9241272,-18.82485352,10.12675781,222,0.158333333,1601040WB11,0.152920159,55.47662774,-17.7984409,95.12381664,19.8977072,75.22610944,95.12381664,75.22610944,99.22155831,95.12381664,95.12381664,1.613128148,1.589430502,0.152920159,0.864299684,,,158.3333333,60,15.6,38,F,1,0.034375,0.745941034,-0.400743431,0.627313356,-0.048069571,-67.19268591,-47.27366584,-2.034504573,4.875949787,-2.619516497,4.100523072,-0.314213597,-439.2145591,-309.0110481,-13.29882884,26.58593075,-14.3326579,21.35990794,-2.107867994,-2294.005536,-1669.795739,-54.56621464,1601,40,78,WB11,Wind_success,11,W,0,Naive,21,Head-On,TRUE,TRUE,-54.69208198,40.40381966,0.291666667,291.6666667,517.5091692,2.271791034,0.35,350,640.2365957,1.165086377,3.353509856,2.265025092,28.89336502,24.22567022,553.0840879,8237.142857,17.74698207
1601040WC01_f225,-22.59191964,224.1121261,-18.85384623,0.889489889,-189.5637054,1369.246826,226.0356331,-7.705806971,-10.80407715,2.341918945,57.55992341,-10.76499939,-19.93371582,-0.571833529,-0.801750367,0.173789427,0.930520589,-0.174028264,-0.322250828,1.545339544,-0.279077511,-1.514536743,0.127939453,95.01780281,-15.8657959,25.78007812,225,0.133333333,1601040WC01,1.206197951,27.73204219,-18.79910018,100.5932221,35.49765776,65.09556433,100.5932221,65.09556433,90.15267694,100.5932221,100.5932221,1.545339544,1.545339544,1.206197951,0.994267231,27.73204219,27.37560671,133.3333333,60,15.6,38,F,1,0.026041667,0.619135136,-0.180699432,0.545851607,-0.229612837,-44.48658989,-16.56282297,0.44471893,4.047064974,-1.18116757,3.56803675,-1.500897005,-290.7929293,-108.2652507,2.906968611,27.23212033,-12.54118435,20.48350216,-8.276218218,-1690.813281,-1109.498932,56.36562937,1601,40,89,WC01,Wind_success,1,W,0,Naive,22,Head-On,TRUE,TRUE,13.00180231,35.03040478,0.291666667,291.6666667,521.2849124,2.326345012,0.308333333,308.3333333,555.7910486,1.140148859,4.155252692,2.477745083,27.37560671,24.86009883,553.0840879,8237.142857,17.74698207
1601040WC02_f223,-50.92120734,256.2362228,-27.67017822,-27.43390656,-157.4629974,1360.414307,262.7082221,-5.606437683,-10.49935913,6.544799805,57.49187088,-7.943115234,-20.60803223,-0.41274819,-0.772967028,0.481830785,0.933489282,-0.128971502,-0.334610388,1.910768787,-0.662288818,-1.792258301,-0.014868164,10.57553558,-76.10998535,0.958007812,223,0.15,1601040WC02,1.701224486,19.95891181,-19.54884758,97.86622424,28.10128242,69.76494182,97.86622424,69.76494182,77.58556403,97.86622424,97.86622424,1.910768787,1.690946857,1.701224486,1.553023824,19.95891181,,150,60,15.6,38,F,1,0.026041667,0.435071656,-0.223479199,0.359260924,-0.101370518,-29.06942358,-19.44610603,-0.933059395,2.843907828,-1.460803607,2.348360183,-0.662622828,-190.0164265,-127.112241,-6.099075596,38.10623644,-29.43541291,18.52066835,-5.497646135,-1532.507942,-2480.339469,-22.69662905,1601,40,90,WC02,Wind_success,2,W,0,Naive,23,Head-On,TRUE,TRUE,-26.69177618,36.0991828,0.291666667,291.6666667,551.6684455,2.422246779,0.291666667,291.6666667,551.6684455,1.065748991,4.586808484,2.413692337,29.0554533,23.8800394,553.0840879,8237.142857,17.74698207
1601040WC03_f204,86.0846133,425.222635,-111.8908867,109.7255173,11.55399704,1276.275757,448.0451098,-6.066719055,-11.79994678,2.329956055,56.65764618,8.068767548,-23.6517334,-0.450348219,-0.875940515,0.172958653,0.91495258,0.130300854,-0.381946938,2.272453846,-1.480171509,-1.68526886,0.364702148,-92.56091309,-85.51351318,-64.62421875,204,0.308333333,1601040WC03,2.962291141,,-22.45433275,81.89485542,27.20910316,54.68575226,81.89485542,54.68575226,40.6020204,81.89485542,81.89485542,2.272453846,1.583911495,2.962291141,3.938632418,,,308.3333333,60,15.6,38,F,1,0.267708333,0.403467036,-0.39423297,-0.073589524,0.044165552,7.984755358,-46.61039009,-2.586897305,2.637319731,-2.576959947,-0.481028404,0.288694422,52.19349036,-304.6754517,-16.90962259,37.80864514,-29.63251532,13.31042274,-10.42510951,-1625.588121,-3579.552765,-9.803643479,1601,40,91,WC03,Wind_success,3,W,0,Naive,24,Head-On,TRUE,TRUE,97.83975047,9.50349494,0.366666667,366.6666667,549.2290442,2.141106745,0.575,575,930.7942533,,5.075996435,3.320169919,30.98717432,26.21545799,553.0840879,8237.142857,17.74698207
1601040WC04_f240,-30.08781475,56.51506257,20.21099841,-6.624739647,-357.1805725,1408.310913,67.13950663,-8.099348068,-6.984375,8.35949707,25.10627842,-4.663421631,-52.19128418,-0.59666701,-0.514528591,0.615831802,0.432096688,-0.080260762,-0.898248664,1.337643815,-0.02260603,-1.29555542,0.332138672,11.81970978,-0.437255859,-12.99023437,240,0.008333333,1601040WC04,1.174884811,20.5985687,-63.92880835,100.5226088,49.22755561,51.29505324,100.5226088,51.29505324,99.52296141,100.5226088,100.5226088,1.337643815,1.370272098,1.174884811,1.602400825,20.5985687,22.62526823,8.333333333,60,15.6,38,F,1,0.028125,0.903028161,-0.203166738,0.866862779,-0.15077154,-96.53144159,-28.13200538,1.160134649,5.902772154,-1.328028311,5.66637199,-0.985539641,-630.9915132,-183.8888589,7.583385327,28.81887826,-5.926613159,26.62660923,-3.782081616,-2894.968375,-868.1759105,44.16589829,1601,40,92,WC04,Wind_success,4,W,0,Naive,25,Head-On,TRUE,TRUE,-23.1248491,35.55856244,0.316666667,316.6666667,580.6871243,2.248538709,0.341666667,341.6666667,629.911676,1.370272098,4.097864657,2.669996832,28.32659929,24.45028325,553.0840879,8237.142857,17.74698207
1601040WC05_f218,-39.88554111,298.432247,-5.909475962,-16.40016365,-115.2636261,1382.216187,301.1437935,-8.212999344,-10.25441742,2.699584961,58.44174767,-8.248550415,-17.20397949,-0.612340825,-0.764543884,0.201274347,0.950623835,-0.134172384,-0.279842982,1.677254729,-1.01334177,-1.336043701,-0.036181641,-60.70088081,-44.94265137,-44.23183594,218,0.191666667,1601040WC05,1.115293548,26.61601147,-16.25083364,98.03374089,38.69204206,59.34169883,98.03374089,59.34169883,60.85471352,98.03374089,98.03374089,1.677254729,1.574004944,1.115293548,1.391238995,26.61601147,23.88431971,191.6666667,60,15.6,38,F,1,0.021875,0.427438249,-0.161951512,0.390027235,-0.065984239,-34.19189706,-16.38189512,-0.310126374,2.794010977,-1.05861912,2.549468561,-0.431315376,-223.5002037,-107.0825901,-2.027185203,25.63711682,-16.71004122,16.40694171,-4.340131268,-1453.946563,-1552.677071,-132.4740003,1601,40,93,WC05,Wind_success,5,W,0,Naive,26,Head-On,TRUE,TRUE,-36.79448574,42.640415,0.35,350,591.6759859,2.152233153,0.333333333,333.3333333,557.7793273,1.023318943,3.415418816,2.002122241,31.5627288,23.73540418,553.0840879,8237.142857,17.74698207
1601040WC06_f221,-19.21683669,288.7673267,-16.64894333,4.239608288,-124.9257202,1371.483154,289.8845341,-5.992237329,-11.52310181,3.802124023,56.45462465,-13.38560486,-20.45727539,-0.442783628,-0.851475092,0.280949865,0.917652187,-0.217578801,-0.332526584,1.719780646,-1.002739277,-1.384675598,0.186635742,-81.83425369,5.936132812,21.54550781,221,0.166666667,1601040WC06,0.973990962,30.98303929,-19.42220081,103.3387269,27.47530987,75.86341704,103.3387269,75.86341704,67.42783244,103.3387269,103.3387269,1.719780646,1.719780646,0.973990962,0.998852399,30.98303929,31.26515762,166.6666667,60,15.6,38,F,1,0.025,0.383565372,-0.146742269,0.346459914,-0.074529384,-39.2674823,-16.11162681,0.241561723,2.507229668,-0.959201737,2.264684558,-0.487171929,-256.6774894,-105.3159428,1.579002598,25.26945569,-15.83302402,17.21387957,-4.800896743,-1953.153221,-1790.872966,7.513085455,1601,40,94,WC06,Wind_success,6,W,0,Naive,27,Head-On,TRUE,TRUE,-7.253888333,37.26738859,0.308333333,308.3333333,577.3101765,2.281514207,0.275,275,504.2387758,1.150546081,3.741868772,2.402450147,31.26515762,24.99060027,553.0840879,8237.142857,17.74698207
1602040MB01_f237,-91.04941474,100.7061355,36.64636663,-62.47173309,-308.643219,1425.686279,140.6224656,-0.806560516,-15.60522461,2.519287109,11.37449265,1.729217529,-66.52514648,-0.050958358,-0.98593547,0.159168136,0.168479308,0.025613219,-0.985372359,2.455273075,0.68803894,-2.23098999,0.76003418,-0.524047852,4.820800781,-4.185351563,237,0.033333333,1602040MB01,1.703603737,,-80.18804393,81.35574674,2.958716088,78.39703065,81.35574674,78.39703065,98.49554745,81.35574674,81.35574674,2.455273075,2.503895807,1.703603737,1.199238658,,,33.33333333,60,15.2,35,F,2,0.010416667,0.355327414,-0.224885512,0.273846046,0.026313889,-21.1905316,-18.42662396,1.511463134,2.383770558,-1.50868028,1.83713982,0.176530914,-142.1600568,-123.6179421,10.1398912,8.574664198,-5.141223772,6.672570976,0.82651365,-508.3623545,-422.1523791,34.82576466,1602,40,97,MB01,Wind_missed,1,M,0,Naive,10,Failure,FALSE,FALSE,-14.62298091,29.29796442,0.033333333,33.33333333,140.6224656,3.022250175,0.1,100,301.6365882,2.34259756,3.653714039,1.994532374,30.31975442,26.25663836,469.2022214,8237.142857,17.45853152
1602040UA01_f238,-41.78407749,-6.249171056,42.25525871,-13.38282871,-415.7773743,1431.289551,59.75339454,-6.716490746,14.00180054,-2.051391602,4.845557213,-39.6600647,-46.48388672,-0.428777316,0.893867747,-0.130959785,0.079052271,-0.647029441,-0.75835588,0.484692817,-0.267236023,0.088007813,-0.394672852,-4.419593811,10.73452148,0.609960937,238,0.025,1602040UA01,3.656802401,22.41693393,-49.31946949,173.0342827,154.3735413,18.66074142,173.0342827,18.66074142,64.80621651,173.0342827,173.0342827,0.484692817,0.46140416,3.656802401,3.444141782,22.41693393,22.23764231,25,60,15.2,35,F,2,0.048958333,0.298498834,-0.261115342,-0.144532,-0.005552788,9.944339758,-16.72812542,-0.992893022,2.00252698,-1.751733864,-0.969615945,-0.037251761,66.71318736,-112.2232941,-6.660980999,2.758039481,-2.569828768,0.004179886,-0.883767822,-17.49555505,-199.5127002,6.29871757,1602,40,61,UA01,Wind_Uturn,1,U,0,Naive,1,U-Turn,TRUE,FALSE,164.0609203,55.93001093,0.575,575,326.1995235,2.816602251,0.841666667,841.6666667,918.0445719,0.484692817,4.194762146,1.964196263,30.25824368,22.42758656,469.2022214,8237.142857,17.45853152
1602040WA01_f228,13.60575273,87.0710022,-13.17660217,41.90105438,-322.4033508,1375.748291,89.10723189,-12.37083244,-7.244140625,5.647827148,35.24510193,-27.0909729,-39.46801758,-0.80287264,-0.470148014,0.366546545,0.592889762,-0.455721777,-0.663927249,0.589481266,-0.311964111,-0.26404541,0.424790039,6.144873047,3.293261719,5.380664062,228,0.108333333,1602040WA01,1.566486526,20.22804168,-41.60007939,127.5475021,59.64751507,67.89998706,127.5475021,67.89998706,77.79196996,127.5475021,127.5475021,0.589481266,0.601017751,1.566486526,1.18447646,20.22804168,18.67433823,108.3333333,60,15.2,35,F,2,0.102083333,0.529334305,-0.307407677,0.401864737,-0.155563687,-30.76625193,-26.46871256,-0.526554901,3.551123509,-2.062293367,2.695973602,-1.043623774,-206.400302,-177.5695745,-3.53247743,0.158066631,0.149767006,-0.015457079,-0.010272298,-1.545864194,11.31223611,0.15754871,1602,40,78,WA01,Wind_success,1,W,0,Naive,2,Head-On,TRUE,TRUE,119.7973821,36.6557904,0.316666667,316.6666667,317.2938989,2.470874854,0.616666667,616.6666667,926.0868378,0.81650153,4.248793683,2.077319075,29.08049354,22.66545404,469.2022214,8237.142857,17.45853152
1602040WA02_f240,-34.98207333,41.07699903,7.799043274,-6.771990776,-368.4542542,1396.74292,54.51504728,-7.223079681,-13.40713501,5.458251953,44.4147253,-5.226837158,-38.1809082,-0.446484841,-0.828743805,0.337394416,0.755316491,-0.088887554,-0.649304244,1.550001265,-0.303807793,-1.369310303,0.659692383,11.27350903,14.39472656,-2.265820312,240,0.008333333,1602040WA02,0.898602515,7.767180743,-40.48916534,96.71184129,28.31351955,68.39832175,96.71184129,68.39832175,84.20230942,96.71184129,96.71184129,1.550001265,1.684216512,0.898602515,,,,8.333333333,60,15.2,35,F,2,0.016666667,1.359343573,0.042861652,1.268691884,-0.486208525,-147.7889974,0.437112338,1.330155816,9.119372895,0.287544222,8.511221603,-3.261807343,-991.4660313,2.932437748,8.92356218,33.308866,-0.252834681,30.56711768,-10.9460062,-3509.022841,-117.6656491,30.81168251,1602,40,79,WA02,Wind_success,2,W,0,Naive,3,Head-On,TRUE,TRUE,33.66363315,25.96786096,0.166666667,166.6666667,381.7144379,2.655435117,0.275,275,657.7253718,1.684216512,4.112052127,2.562080654,29.94861769,23.81846182,469.2022214,8237.142857,17.45853152
1602040WA03_f240,-13.00063053,48.69035576,16.35404732,15.29138756,-360.8355408,1405.303833,52.98322377,-9.500056744,-11.71942139,4.15625,40.13560677,-16.13607788,-43.11547852,-0.607097041,-0.748924584,0.265603369,0.657150255,-0.26420001,-0.705940435,1.014694166,-0.218519669,-0.890654297,0.434267578,1.504220581,12.69052734,3.397851563,240,0.008333333,1602040WA03,0.807466741,39.89394852,-44.90557051,111.9020491,39.02909126,72.87295788,111.9020491,72.87295788,98.1169754,111.9020491,111.9020491,1.014694166,1.100460706,0.807466741,1.264840351,,,8.333333333,60,15.2,35,F,2,0.021875,0.63219682,0.003906783,0.611114486,-0.161853766,-81.18866272,-1.266045524,-0.141058563,4.241193073,0.026209274,4.099758876,-1.085821771,-544.6670769,-8.493468077,-0.946313839,17.23474282,-0.836896753,16.13699302,-4.303381593,-2117.373054,-157.9320118,-2.494097685,1602,40,80,WA03,Wind_success,3,W,0,Naive,4,Head-On,TRUE,TRUE,47.78725033,28.66830127,0.175,175,331.0257944,2.547404021,0.291666667,291.6666667,604.9958537,1.100460706,4.20449034,2.042374086,30.40546987,24.8689274,469.2022214,8237.142857,17.45853152
1602040WA04_f180,-93.33351287,1130.754343,-193.7876723,-65.00563812,721.2930298,1195.185791,1151.030057,-6.376853943,-14.42175293,1.224853516,30.83062744,38.89251709,-23.76245117,-0.403185517,-0.911835516,0.077443078,0.560296727,0.706808516,-0.431844069,1.642393671,-0.705812531,-1.481228027,-0.072451172,8.654974365,-6.063574219,2.591015625,180,0.508333333,1602040WA04,3.79397674,23.81649754,-25.58464645,38.40434115,23.85353483,14.55080632,38.40434115,14.55080632,12.926309,38.40434115,38.40434115,1.642393671,1.642393671,3.79397674,3.882351603,23.81649754,23.44263292,508.3333333,60,15.2,35,F,2,0.025,1.305502839,0.324904766,1.264398192,-0.008471626,-133.6749619,30.44505413,-1.817098965,8.758173756,2.179675378,8.482416682,-0.05683325,-896.779776,204.2454954,-12.19029787,38.84028612,6.830168077,35.59733882,1.520870617,-3745.958524,667.2663951,-75.23982117,1602,40,81,WA04,Wind_success,4,W,0,Naive,5,Head-On,TRUE,TRUE,-105.3910999,20.45499642,,,,2.862936657,0.2,200,515.5282677,,4.706795681,2.660387827,32.09819528,24.65479461,469.2022214,8237.142857,17.45853152
1602040WA05_f240,-92.76469524,51.71892166,10.24716492,-64.3199234,-357.7121582,1399.20752,106.7011712,-2.926803589,-14.20245361,5.556152344,40.04489326,-5.165618896,-45.57861328,-0.188474639,-0.91458215,0.357794357,0.65765118,-0.084834172,-0.74853062,0.602018355,0.472930298,0.095778809,-0.359985352,32.5017334,204.5197266,-129.7951172,240,0.008333333,1602040WA05,2.778129137,17.6021226,-48.46325549,97.35031883,11.64435017,85.70596866,97.35031883,85.70596866,-161.2008719,97.35031883,97.35031883,0.602018355,1.730849644,2.778129137,3.114419636,17.6021226,19.42543922,8.333333333,60,15.2,35,F,2,0.023958333,0.909407323,-0.004350307,0.908929704,-0.029147008,-60.74963177,-1.694310874,1.22241165,6.100903895,-0.029184728,6.097699708,-0.195537345,-407.5485819,-11.36655439,8.200743279,28.17439689,0.557122317,27.52028442,-1.514269606,-1773.60293,-67.00835183,55.3227969,1602,40,82,WA05,Wind_success,5,W,0,Naive,6,Head-On,TRUE,TRUE,-86.57956466,31.43372766,0.108333333,108.3333333,272.2122268,2.710911781,0.175,175,445.5195409,1.730849644,4.141555191,2.717179792,31.73746593,24.1442755,469.2022214,8237.142857,17.45853152
1602040WA06_f238,-107.6216611,75.56066221,25.54184596,-79.32243347,-333.9140015,1414.561035,133.9560432,-5.437347412,-14.53219604,3.693359375,42.37598419,-7.321685791,-42.65661621,-0.34090765,-0.911131188,0.231564101,0.699601599,-0.120876558,-0.704234663,1.183025476,0.056975098,-1.175507813,0.120351563,-9.240710449,8.516162109,5.1328125,238,0.025,1602040WA06,1.217607758,23.38935846,-44.76774672,99.80273391,20.51377284,79.28896107,99.80273391,79.28896107,102.5776027,99.80273391,99.80273391,1.183025476,1.248756157,1.217607758,0.982480231,23.38935846,23.99142268,25,60,15.2,35,F,2,0.0375,0.408714166,-0.293074878,0.283641655,0.026491456,-15.68102284,-15.7735554,-0.740581157,2.74192409,-1.966139503,1.902855225,0.177722153,-105.1986397,-105.8194091,-4.968306664,29.09600052,-18.65517572,18.58665378,1.038340438,-971.4601497,-991.9760079,167.964581,1602,40,83,WA06,Wind_success,6,W,0,Naive,7,Head-On,TRUE,TRUE,-123.6064133,39.74187684,0.216666667,216.6666667,425.953924,2.453973948,0.3,300,621.2480356,1.199809011,3.865388993,1.779857273,30.18186609,24.74104222,469.2022214,8237.142857,17.45853152
1602040WA07_f237,-98.2641631,84.84301128,11.05380249,-69.81620789,-324.5747986,1400.008911,130.2933953,-6.12335968,-13.71206665,5.063110352,42.18143272,-14.66287231,-41.43029785,-0.386386528,-0.865237076,0.319484357,0.692453967,-0.240706952,-0.680123273,1.076948422,-0.101007385,-1.038643799,0.266147461,-2.609912109,5.801220703,-2.633203125,237,0.033333333,1602040WA07,1.508896085,20.60864867,-42.85327681,109.1681862,24.06397364,85.10421256,109.1681862,85.10421256,103.6136781,109.1681862,109.1681862,1.076948422,1.127306334,1.508896085,1.414660528,20.60864867,20.28746033,33.33333333,60,15.2,35,F,2,0.047916667,0.363384157,-0.206288864,0.298710257,0.0162829,-15.51609453,-10.63671386,-1.500804528,2.437820504,-1.383921702,2.003945343,0.109236427,-104.0921918,-71.3580893,-10.06838625,19.26697041,-9.51013999,15.56193404,-0.506094155,-737.8486359,-480.1961933,-50.00783206,1602,40,84,WA07,Wind_success,7,W,0,Naive,8,Head-On,TRUE,TRUE,-65.99713798,42.66104793,0.208333333,208.3333333,393.0294186,2.532043995,0.341666667,341.6666667,712.8366076,1.076874121,3.738216238,1.973925786,28.94967296,23.37192591,469.2022214,8237.142857,17.45853152
1602040WA08_f213,-67.84198819,218.0340859,-40.7782458,-39.41257858,-191.3917542,1348.181396,231.9574601,-7.871047974,-12.68756104,4.6328125,49.63963032,-13.74864197,-29.5567627,-0.503489424,-0.811588599,0.296348352,0.835878262,-0.23151242,-0.497704259,1.670584204,-0.325485992,-1.546838379,0.540556641,4.631671143,11.43457031,18.34980469,213,0.233333333,1602040WA08,0.565263562,30.67763009,-29.8482309,105.4810854,31.81443773,73.66664763,105.4810854,73.66664763,93.59825112,105.4810854,105.4810854,1.670584204,1.726094422,0.565263562,0.565263562,30.67763009,,233.3333333,60,15.2,35,F,2,0.001041667,0.295783987,-0.187769871,0.227443535,-0.022362499,-7.960986017,-6.461626669,-0.945042913,1.984313996,-1.259684089,1.525841182,-0.150022385,-53.40754285,-43.34885182,-6.339970921,6.674718785,-5.223731952,3.72031603,-0.091912142,-131.3402808,-184.7178461,-21.03971813,1602,40,85,WA08,Wind_success,8,W,0,Naive,9,Head-On,TRUE,TRUE,-31.51637616,32.19935999,0.358333333,358.3333333,475.5703094,2.535563093,0.466666667,466.6666667,730.9591317,0.372772559,2.716363927,1.512775551,30.67763009,24.4960497,469.2022214,8237.142857,17.45853152
1602040WB01_f240,-1.941928585,56.03746179,21.34296646,26.43432045,-353.4541321,1410.499634,59.99575341,-12.23102665,-10.17028809,0.674682617,39.4890728,-24.91244507,-42.4642334,-0.768217571,-0.638784808,0.042376086,0.625690208,-0.394728765,-0.672830562,0.75394923,-0.57670372,-0.401429443,0.273325195,9.666952515,2.778662109,-9.5484375,240,0.008333333,1602040WB01,0.711068112,19.81095263,-42.28590664,122.2465707,50.25595235,71.99061834,122.2465707,71.99061834,67.08740912,122.2465707,122.2465707,0.75394923,0.858370849,0.711068112,0.610144682,19.81095263,19.81095263,8.333333333,60,15.2,35,F,2,0.653125,0.245274488,-0.234839038,-0.021297077,-0.067502853,0.529468264,-20.38647837,-1.948859518,1.645462972,-1.575455094,-0.142874834,-0.452853642,3.552022188,-136.7659376,-13.07423452,26.49953621,-19.28152669,9.597803576,-9.928134001,-1128.300594,-2123.651833,-7.150144104,1602,40,99,WB01,Wind_success,1,W,0,Naive,11,Head-On,TRUE,TRUE,144.317172,31.66888234,0.266666667,266.6666667,408.4825926,2.486742309,0.525,525,989.428524,0.858370849,3.232063052,1.654268545,28.65949256,23.9512271,469.2022214,8237.142857,17.45853152
1602040WB02_f219,27.518311,117.3784444,0.756077723,55.86172104,-292.1207581,1389.958496,120.5633788,-10.33145523,-12.1862793,0.896362305,43.12008286,-31.3782959,-24.57836914,-0.645655632,-0.761571307,0.056017411,0.734334174,-0.53437177,-0.418569149,0.746021363,-0.475225067,-0.552062988,0.161044922,11.79277954,0.982177734,1.154882813,219,0.183333333,1602040WB02,0.646874918,13.49182315,-24.74428481,126.0432183,40.29108021,85.7521381,126.0432183,85.7521381,85.32079752,126.0432183,126.0432183,0.746021363,0.81590815,0.646874918,0.704874896,,,183.3333333,60,15.2,35,F,2,0.014583333,0.416865617,-0.256839215,0.321521849,-0.06659025,-30.88108242,-24.33052636,-0.522193634,2.796609399,-1.723046788,2.156980538,-0.446731302,-207.1706607,-163.2252118,-3.503219175,14.74526006,-10.37982295,9.709335932,-2.512679392,-925.0110516,-1008.318122,-24.1159035,1602,40,100,WB02,Wind_success,2,W,0,Naive,12,Head-On,TRUE,TRUE,128.1366183,41.28291162,0.4,400,413.93274,2.523697,0.516666667,516.6666667,665.7636962,0.663262064,2.387986323,1.451811361,31.63020381,24.01904471,469.2022214,8237.142857,17.45853152
1602040WB03_f235,-51.41974105,125.5761655,8.738723819,-23.1494751,-283.9109192,1397.858643,135.9769407,-1.575647354,-15.62567139,1.019287109,48.90231514,-6.21484375,-39.16516113,-0.10011767,-0.992865446,0.064766174,0.776719503,-0.098710876,-0.622063483,1.758174995,-0.004285126,-1.734689941,0.286376953,6.423101807,4.106689453,0.699609375,235,0.05,1602040WB03,1.852894695,19.15787133,-38.46697801,97.2427171,5.75807649,91.48464061,97.2427171,91.48464061,97.10118223,97.2427171,97.2427171,1.758174995,1.791954121,1.852894695,1.683329699,19.15787133,17.84523361,50,60,15.2,35,F,2,0.027083333,0.325079254,-0.06732989,0.307094293,-0.082681936,-29.96540491,-6.841924032,0.505726611,2.180845957,-0.45169329,2.06019098,-0.554684941,-201.0276922,-45.90013726,3.39274753,21.69844372,-4.98234649,19.83488104,-0.520840104,-1980.628747,-566.9963973,63.26135572,1602,40,102,WB03,Wind_success,3,W,0,Naive,13,Head-On,TRUE,TRUE,-30.44079885,27.79547855,0.141666667,141.6666667,317.1663416,2.669945328,0.15,150,338.3009013,1.518435031,4.206624197,2.268330918,29.75690619,23.29913725,469.2022214,8237.142857,17.45853152
1602040WB04_f223,-111.1961957,230.0637973,11.90060272,-82.93709564,-179.3444366,1401.042114,255.8037707,0.278495789,-16.19265747,0.083984375,55.35355759,2.45463562,-27.8963623,0.017196119,-0.999838688,0.005185735,0.892306339,0.039569036,-0.449692883,1.447081715,-0.202137451,-1.426001587,0.140375977,0.999755859,10.76132812,-1.304296875,223,0.15,1602040WB04,1.168538602,20.86409452,-26.72398137,87.46090064,-0.985326854,88.4462275,87.46090064,88.4462275,79.39290583,87.46090064,87.46090064,1.447081715,1.537678765,1.168538602,0.987450564,20.86409452,19.83699242,150,60,15.2,35,F,2,0.023958333,0.34361889,-0.177198229,0.293824341,0.018492869,-13.95826714,-9.551964097,-0.473070513,2.305222062,-1.188762543,1.971167395,0.124062356,-93.64125859,-64.08087274,-3.173668892,24.2528581,-15.81050794,16.86392893,1.548913286,-861.4334616,-858.6999869,28.74552034,1602,40,103,WB04,Wind_success,4,W,0,Naive,14,Head-On,TRUE,TRUE,-64.06534271,35.04848308,0.266666667,266.6666667,462.6897719,2.391971568,0.425,425,817.2986436,1.045205924,2.941085858,1.641376919,29.81835443,23.59584099,469.2022214,8237.142857,17.45853152
1602040WB05_f215,-50.88242069,188.7983001,26.52856496,-22.6822567,-220.6257019,1415.651611,197.3260845,-3.820053101,-15.40878296,-0.810180664,53.91457939,-18.5241394,-24.32165527,-0.240316807,-0.969355511,-0.050967886,0.869876467,-0.298874871,-0.392413996,1.07141846,-0.104478607,-1.063634033,0.075527344,5.960028076,1.479199219,3.527929688,215,0.216666667,1602040WB05,1.320783216,26.41634553,-23.10478893,108.9618563,13.92370019,95.03815609,108.9618563,95.03815609,103.3518055,108.9618563,108.9618563,1.07141846,1.087924647,1.320783216,0.992505792,26.41634553,28.35415209,216.6666667,60,15.2,35,F,2,-0.007291667,0.33344982,-0.208694991,0.253766044,-0.056903231,-14.96414625,-12.8083692,1.024288038,2.237001233,-1.400063593,1.702429931,-0.38174439,-100.3893588,-85.92698511,6.871599471,21.32208692,-13.44913089,11.95202855,1.497531237,-689.169629,-823.6185418,159.7816621,1602,40,104,WB05,Wind_success,5,W,0,Naive,15,Head-On,TRUE,TRUE,-22.20511744,47.63882461,0.358333333,358.3333333,419.3602924,2.416674596,0.458333333,458.3333333,647.5007733,0.770488017,3.335967468,1.613417434,29.39837303,24.65895978,469.2022214,8237.142857,17.45853152
1602040WB06_f230,-104.2989986,114.4236146,29.22042999,-76.09588623,-294.9918823,1418.299316,157.559126,-3.047538757,-15.81903076,-0.851928711,51.03980827,-21.48242188,-26.24145508,-0.188907712,-0.980573883,-0.052808485,0.83290258,-0.350564887,-0.428226053,0.876547003,-0.061075745,-0.874416504,-0.000424805,9.142272949,3.448828125,-7.822265625,230,0.091666667,1602040WB06,1.760190817,24.22592135,-25.35503358,112.8260029,10.90444785,101.9215551,112.8260029,101.9215551,108.8305291,112.8260029,112.8260029,0.876547003,0.915820248,1.760190817,1.33497116,24.22592135,24.97140101,91.66666667,60,15.2,35,F,2,0.015625,0.248976395,-0.126151151,0.204742143,-0.064465396,-5.961873248,-4.082387103,0.05690569,1.670297806,-0.846305089,1.373545281,-0.432476379,-39.99617638,-27.38734419,0.381760884,25.79267907,-20.58760854,10.46299119,-1.448206195,-311.807086,-665.7028069,-110.3427879,1602,40,105,WB06,Wind_success,6,W,0,Naive,16,Head-On,TRUE,TRUE,-64.04403812,48.36542081,0.325,325,518.8573587,2.462192689,0.333333333,333.3333333,539.1018293,0.897970396,3.38679517,2.016420468,32.02581844,24.50116836,469.2022214,8237.142857,17.45853152
1602040WB07_f226,-98.7827269,137.2864066,14.54019877,-70.61167908,-272.1386414,1403.661499,169.7557126,-2.598579407,-15.74996948,-0.584716797,53.07734489,-24.00271606,-15.98083496,-0.162679586,-0.985999702,-0.036605188,0.878696309,-0.397365355,-0.264562983,0.954546633,-0.001243286,-0.948409424,0.108061523,14.05733643,11.76987305,10.6453125,226,0.125,1602040WB07,1.272363742,23.72185163,-15.34098679,114.3335052,9.368798786,104.9647064,114.3335052,104.9647064,114.2583952,114.3335052,114.3335052,0.954546633,1.053344665,1.272363742,1.141419516,23.72185163,24.23102524,125,60,15.2,35,F,2,0.246875,0.2260047,-0.225306196,0.01491916,-0.009626055,-0.95229397,-8.115103201,-1.134377945,1.516188532,-1.51150251,0.10008756,-0.064577921,-6.388615795,-54.44146253,-7.610155146,15.38923808,-12.02176264,8.415336379,1.05649993,-391.8753261,-577.0643684,-67.27716172,1602,40,106,WB07,Wind_success,7,W,0,Naive,17,Head-On,TRUE,TRUE,-54.38961198,49.3481914,0.316666667,316.6666667,475.0370937,2.522742379,0.408333333,408.3333333,692.3327683,0.818874634,3.63491771,1.635195172,27.92154972,23.80288111,469.2022214,8237.142857,17.45853152
1602040WB08_f203,-38.15228548,223.4279982,22.1030543,-9.938076973,-186.0222931,1411.239868,227.7371561,-5.155399323,-15.01876831,-0.820922852,53.18461323,-21.79701233,-25.14733887,-0.324235451,-0.944566427,-0.051629811,0.847720844,-0.347427208,-0.400828774,1.123629697,-0.158767662,-1.111345825,0.047402344,-4.64138031,9.887255859,-1.304296875,203,0.316666667,1602040WB08,1.050307133,21.78494632,-23.62999938,112.2856243,18.9454902,93.34013406,112.2856243,93.34013406,104.1553212,112.2856243,112.2856243,1.123629697,1.201179147,1.050307133,1.367611498,21.78494632,23.39106984,316.6666667,60,15.2,35,F,2,0.011458333,0.460730663,-0.300445648,0.342981007,-0.066099815,-13.48705522,-12.93624083,-1.670892175,3.090885048,-2.01558749,2.300942721,-0.443441139,-90.48005838,-86.78483231,-11.20944632,14.63346563,-10.4634699,9.429051598,-1.169049173,-372.9442638,-435.2584977,-55.01223791,1602,40,107,WB08,Wind_success,8,W,0,Naive,18,Head-On,TRUE,TRUE,-16.15615174,51.75011498,0.458333333,458.3333333,473.0084382,2.471444646,0.608333333,608.3333333,817.358059,0.775930367,3.159091038,1.790501124,28.64846628,21.0976412,469.2022214,8237.142857,17.45853152
1602040WC01_f236,-1.341414302,79.90145887,1.691850258,26.8682251,-329.5436096,1390.832886,79.93062541,-7.266712189,-13.97799683,1.818481445,48.6810379,-18.40905762,-27.05493164,-0.458217946,-0.881412229,0.114668203,0.829919627,-0.313839616,-0.461235416,1.136690711,-0.428244095,-0.995013428,0.344414063,-0.788708496,8.38828125,1.288476563,236,0.041666667,1602040WC01,0.376504117,3.776070934,-27.46685541,110.7144444,27.46847459,83.2459698,110.7144444,83.2459698,87.42787092,110.7144444,110.7144444,1.136690711,1.192976384,0.376504117,0.653955703,,,41.66666667,60,15.2,35,F,2,0.034375,0.645020292,-0.064425066,0.603234345,-0.219109363,-76.94118413,-12.72281917,-1.201947084,4.327221378,-0.432205818,4.046893696,-1.469930064,-516.1721901,-85.35305907,-8.06345348,17.69567797,-2.394865283,15.6250159,-5.858431069,-1973.564491,-411.9815967,-28.61683327,1602,40,114,WC01,Wind_success,1,W,0,Naive,19,Head-On,TRUE,TRUE,39.79847014,31.65868784,0.2,200,362.2975761,2.744835165,0.375,375,791.8388393,1.116615303,3.234564692,1.64102575,30.23150351,26.45099286,469.2022214,8237.142857,17.45853152
1602040WC02_f237,-61.35775453,82.11185061,11.94885457,-33.10357285,-327.3277283,1401.062012,103.1983778,-0.011325836,-15.88601685,-0.372924805,50.05235672,0.69833374,-38.16711426,-0.000712747,-0.999724321,-0.023468564,0.795137757,0.011093814,-0.606327366,1.871078283,0.14687027,-1.861662598,0.116513672,5.119134521,10.17597656,-12.14824219,237,0.033333333,1602040WC02,1.943530585,29.61911902,-37.32441875,89.20065742,0.04084866,89.15980876,89.20065742,89.15980876,93.71149265,89.20065742,89.20065742,1.871078283,1.961374624,1.943530585,2.051885256,29.61911902,26.96299428,33.33333333,60,15.2,35,F,2,0.016666667,1.414072411,-0.065533947,1.4033088,-0.161339696,-140.8164024,-15.00983671,-1.11580958,9.486530023,-0.439644921,9.414320624,-1.082373051,-944.6892667,-100.6958805,-7.485586312,35.06543962,-3.320116346,33.98426017,-3.60705634,-3335.304086,-524.2335019,-29.20621191,1602,40,116,WC02,Wind_success,2,W,0,Naive,20,Head-On,TRUE,TRUE,-98.51659391,31.40887011,0.141666667,141.6666667,330.0916335,2.557411927,0.216666667,216.6666667,513.6914971,1.75327699,4.670861785,2.067684115,29.58876418,24.07696017,469.2022214,8237.142857,17.45853152
1602040WC03_f236,-40.68886671,88.88333855,6.890931193,-12.45105267,-320.556488,1395.977417,97.9965136,-5.964449883,-14.61471558,0.717773438,46.62662792,-19.86016846,-34.62854004,-0.37746676,-0.924908324,0.04542508,0.759628681,-0.323556608,-0.564159009,1.228539225,-0.506670456,-1.103712158,0.185507813,-2.196386719,5.543261719,12.79335938,236,0.041666667,1602040WC03,1.15695591,19.56804492,-34.34391177,113.0711183,22.20099118,90.8701271,113.0711183,90.8701271,88.41314078,113.0711183,113.0711183,1.228539225,1.251803112,1.15695591,0.953017739,19.56804492,19.10970866,41.66666667,60,15.2,35,F,2,0.035416667,0.801761017,-0.198821814,0.751169921,-0.197571162,-61.93400642,-18.35084858,0.166219709,5.3787415,-1.333827808,5.039343076,-1.325437614,-415.4941479,-123.1095909,1.115111395,23.01446371,-7.284621557,20.02050278,-7.005654674,-1613.481154,-630.3540593,6.903935615,1602,40,117,WC03,Wind_success,3,W,0,Naive,21,Head-On,TRUE,TRUE,32.30180693,30.57644922,0.183333333,183.3333333,322.2299533,2.588651289,0.341666667,341.6666667,692.8530235,1.129432665,3.204648917,1.616970438,31.99577412,23.7436357,469.2022214,8237.142857,17.45853152
1602040WC04_f219,-65.84525904,205.8263474,20.870681,-37.59653473,-203.5937347,1409.945923,217.1075051,-4.313545227,-15.16304016,-1.289428711,55.19702148,-15.73072815,-11.72265625,-0.272710533,-0.958636236,-0.081520135,0.942254227,-0.268535234,-0.200114465,1.317466242,-0.479073944,-1.216680908,0.160913086,-4.569488525,6.423706055,14.60214844,219,0.183333333,1602040WC04,0.380186683,29.69587999,-11.54365269,105.9071459,15.87986518,90.02728068,105.9071459,90.02728068,84.41486787,105.9071459,105.9071459,1.317466242,1.345159229,0.380186683,0.380186683,29.69587999,,183.3333333,60,15.2,35,F,2,0.013541667,0.348327032,-0.183854422,0.279886221,-0.095880005,-11.8678814,-6.796588689,2.312552512,2.336807379,-1.233416679,1.877661301,-0.643226288,-79.6175729,-45.59599789,15.51412691,27.95983092,-17.43111941,15.52951744,-1.223188583,-633.556423,-697.5156495,322.2235553,1602,40,118,WC04,Wind_success,4,W,0,Naive,22,Head-On,TRUE,TRUE,-3.076091704,41.26856958,0.333333333,333.3333333,442.0245368,2.704477408,0.475,475,794.5337968,0.876961842,3.693042544,1.469444267,31.11685332,22.86288565,469.2022214,8237.142857,17.45853152
1602040WC05_f222,-115.7537535,124.6936196,40.39677429,-87.50283051,-284.7182007,1429.466797,174.8694645,-2.001022339,-15.62884521,-3.168701172,44.25595856,-17.70413208,-44.56958008,-0.124504503,-0.972433726,-0.197158001,0.678179676,-0.271298667,-0.682985622,0.789064473,0.042322083,-0.787565918,-0.02390625,7.237133789,10.00019531,-14.02734375,222,0.158333333,1602040WC05,1.615522666,23.02548929,-43.07739294,111.8033611,7.29610852,104.5072526,111.8033611,104.5072526,114.8793533,111.8033611,111.8033611,0.789064473,0.876035791,1.615522666,1.297552855,23.02548929,22.71295205,158.3333333,60,15.2,35,F,2,0.325,0.222350562,-0.221794601,-0.01384594,0.007430839,1.098795309,-6.764232155,-0.737362635,1.491674162,-1.487944409,-0.092887692,0.049850968,7.371443363,-45.37892893,-4.946714694,24.57904912,-16.48665301,14.00823634,5.102328712,-501.2957915,-600.4795657,155.4234125,1602,40,119,WC05,Wind_success,5,W,0,Naive,23,Head-On,TRUE,TRUE,-84.24534726,47.29135224,0.4,400,505.003802,2.351658663,0.533333333,533.3333333,799.3528205,0.849222898,2.896609564,1.578788527,25.43782467,21.73250152,469.2022214,8237.142857,17.45853152
1602040WC06_f215,-81.19591405,218.3082947,22.63047663,-52.95089722,-191.0964355,1411.685547,234.015868,-4.660972595,-14.88964844,-2.243774414,52.21290958,-26.32870483,-8.649536133,-0.295697459,-0.944616412,-0.142347628,0.883291035,-0.445405344,-0.146325071,1.343247455,-0.267110596,-1.316290283,0.018588867,-12.18339844,4.856835937,10.17421875,215,0.216666667,1602040WC06,1.883075777,22.08503016,-8.414018675,116.7598275,17.38191667,99.3779108,116.7598275,99.3779108,105.2887417,116.7598275,116.7598275,1.343247455,1.368432593,1.883075777,2.327261986,22.08503016,22.28254547,216.6666667,60,15.2,35,F,2,0.0125,0.57217424,-0.321950675,0.468625613,-0.064196251,-15.18583057,-10.6571926,1.065334084,3.838522036,-2.159857388,3.143849577,-0.430670779,-101.8765634,-71.49547424,7.146963405,16.40683417,-9.625981434,13.04602882,-1.667735051,-407.2725723,-301.3397813,26.60515732,1602,40,120,WC06,Wind_success,6,W,0,Naive,24,Head-On,TRUE,TRUE,-42.35013347,54.02707434,0.375,375,517.3037577,2.410258339,0.466666667,466.6666667,727.3319872,0.838712351,2.892819858,1.60052702,30.86777711,21.18061175,469.2022214,8237.142857,17.45853152
1602040WC07_f213,-65.06901592,230.4976412,34.37318217,-36.85020828,-178.9012909,1423.428955,241.9600279,-3.507808685,-15.43191528,-1.59362793,56.11264992,-17.61421204,-16.71374512,-0.220539107,-0.97021848,-0.10019283,0.917756003,-0.288090989,-0.273363313,1.215686741,-0.281066437,-1.167568359,-0.188891602,9.532589722,13.09812012,-13.134375,213,0.233333333,1602040WC07,1.071510779,24.06388634,-15.86450205,107.4274925,12.8062262,94.6212663,107.4274925,94.6212663,93.89232424,107.4274925,107.4274925,1.215686741,1.329017089,1.071510779,0.717326993,24.06388634,24.25082738,233.3333333,60,15.2,35,F,2,0.011458333,0.241883983,-0.140087425,0.196448318,-0.017071404,-7.625380769,-5.905060946,0.436640601,1.622717229,-0.939798808,1.317904832,-0.114526234,-51.15608158,-39.61504201,2.929273026,24.58788766,-21.15186657,8.703675584,-1.992549854,-318.4447692,-854.0243053,-29.20001591,1602,40,121,WC07,Wind_success,7,W,0,Naive,25,Head-On,TRUE,TRUE,-32.36255944,51.05275718,0.383333333,383.3333333,485.0495432,2.504661812,0.491666667,491.6666667,729.022497,0.744918013,2.977108199,1.778026574,28.49790268,22.69029482,469.2022214,8237.142857,17.45853152
1602040WC08_f219,-14.52135632,213.6628874,0.854971822,13.72514248,-195.7172699,1389.892944,214.1574893,-5.33725071,-14.84524536,0.874267578,54.36046696,-19.78036499,-0.444335938,-0.337806159,-0.939587737,0.055334289,0.939693937,-0.341930268,-0.007680946,1.564667189,-0.24424736,-1.536655884,0.164970703,-2.282505798,-20.12145996,25.72910156,219,0.183333333,1602040WC08,0.176073531,51.17414282,-0.44009009,109.9951352,19.77482708,90.22030808,109.9951352,90.22030808,100.9636756,109.9951352,109.9951352,1.564667189,1.388261249,0.176073531,0.345827691,,,183.3333333,60,15.2,35,F,2,0.036458333,0.399650618,-0.289864412,0.242677389,-0.12964152,-18.76802212,-23.92213507,-0.569557281,2.681119832,-1.94460158,1.628039924,-0.86972079,-125.908266,-160.4854538,-3.820965751,21.6228471,-14.6481832,12.54507726,-7.090389906,-956.6663336,-1165.882014,57.45329003,1602,40,124,WC08,Wind_success,8,W,0,Naive,26,Head-On,TRUE,TRUE,-3.186536049,50.48128317,0.35,350,547.9236167,2.467494119,0.425,425,725.9193956,0.894612405,3.642829253,1.684378386,29.06224441,23.88029767,469.2022214,8237.142857,17.45853152
1602040WC09_f229,-10.00918373,107.1371216,7.361040243,18.27658463,-302.2433167,1396.381958,107.8551412,-10.07831573,-12.23016357,0.181396484,44.54273605,-32.42880249,-26.22290039,-0.635906821,-0.771680968,0.01144549,0.729980955,-0.531453842,-0.429749485,1.013109772,-0.510579071,-0.82394165,0.29465332,-4.653671265,4.855517578,11.93730469,229,0.1,1602040WC09,0.629252866,29.9636443,-25.45166286,126.0560395,39.49036676,86.56567276,126.0560395,86.56567276,94.27042716,126.0560395,126.0560395,1.013109772,1.013109772,0.629252866,0.629252866,29.9636443,29.68287483,100,60,15.2,35,F,2,0.036458333,0.269030396,-0.248608699,0.02336742,-0.100125086,-1.878470158,-22.73723769,-1.824655498,1.804833268,-1.667831057,0.156764057,-0.671705086,-12.60201629,-152.536381,-12.24099207,21.4101304,-15.91933869,9.58461252,-8.545496143,-745.8211212,-1367.805751,-106.3877021,1602,40,128,WC09,Wind_success,9,W,0,Naive,27,Head-On,TRUE,TRUE,83.24278802,39.45702188,0.35,350,481.7851969,2.433341095,0.508333333,508.3333333,821.9879062,0.807817709,3.146989048,1.347932691,29.68287483,23.84501387,469.2022214,8237.142857,17.45853152
