FrameID,X,Y,Z,X_raw,Y_raw,Z_raw,Distance_peak_theta,X_Vbeak,Y_Vbeak,Z_Vbeak,X_Vtail,Y_Vtail,Z_Vtail,X_Ubeak,Y_Ubeak,Z_Ubeak,X_Utail,Y_Utail,Z_Utail,Speed,v_x,v_y,v_z,a_x,a_y,a_z,Frame_peak_theta,Timing_peak_theta,FlightID,Wingbeat_amplitude,Wingbeat_frequency,Pitch_at_peak_theta,Peak_theta,Peak_theta_abs,Timing_peak_theta_ms,FlightID.1,Brood,Order,Mass,Chord,Tail,Timing_peakFtotal,Peak_Ftotal,Peak_Fx,Peak_Fy,Peak_Fz,Peak_Tx,Peak_Ty,Peak_Tz,Peak_Ftotal_r,Peak_Fx_r,Peak_Fy_r,Peak_Fz_r,Peak_Tx_r,Peak_Ty_r,Peak_Tz_r,BirdID,Age,Trial,Code,Category,Iteration,Bird_1stSide,Category_short,Early_life_experience,Wind,Wind_side,Wind_trial,First_side,Side,Outcome,Success,Head_on,Timing_theta50,Timing_theta50_ms,Distance_theta50,Peak_Speed,Timing_peakSpeed,Timing_peakSpeed_ms,Distance_peakSpeed,Impact_speed,Peak_amplitude,Mean_amplitude,Peak_frequency,Mean_frequency,Tail_area,Wing_area,MI
03011YOWE01_f235,120.65268688201904,103.61023241678872,17.661977895101018,-66.58836365,-329.2355042,1413.968017578125,160.0128012893923,-0.350967407,-12.96862793,5.143432617,-37.11071014,-16.1293335,-63.78527832,-0.02514856,-0.929266691,0.3685525282129106,-0.491288221,-0.213527349,-0.844418116,1.3271599525713198,-0.183260193,-1.282203369,0.289350586,0.9388366699218842,-7.341064453,-0.355078125,235,0.05,03011YOWE01,1.0165039052659506,22.874774033768787,-57.60964531,-113.4910889,113.49108888990855,50,03011YOWE01,C,1,20.3,63,41,0.023958333,0.7038182576301782,-0.311287448,-0.605916399,0.1769903430315454,32.14842471633039,-16.77750731,0.6839467852084392,3.534235487213601,-1.563135275,-3.042619622,0.8887600519804635,161.43386770476684,-84.24854154,3.4344505466345243,301,1YO,125,WE01,Wind_success,1,Right,W,1,Experienced,Left,1,FALSE,Second,Head-On,TRUE,TRUE,0.2916666666666667,291.6666666666667,522.8571753920501,2.048924410953441,0.35,350,631.2354983394807,1.4192790021231774,3.4642881374862244,1.9420500319449625,30.36222043153916,25.79014615734099,643.8603544,9081.45,20.873369856756383
03011YOWE02_f232,46.16130994160969,131.98010018666588,-2.21301829,-141.1099091,-300.9289246,1394.1387939453125,139.83744430859886,1.0586395263671875,-13.1116333,5.173950195,-52.45127869,-15.78201294,-50.76330566,0.074893562,-0.927583847,0.3660316390222347,-0.702345844,-0.211328141,-0.679743138,1.304959393612792,-0.044848022,-1.202753906,0.5042724609375019,0.3229980468750021,11.678906250000075,-4.747851563,232,0.075,03011YOWE02,1.2288077718221655,24.54800707803429,-42.82357416,-106.7459632,106.7459631670368,75,03011YOWE02,C,1,20.3,63,41,0.030208333,0.9558917713607454,-0.427413135,-0.819511779,0.2438186523192335,85.85443319081077,-44.39655242,2.4382721008620023,4.800026972380376,-2.146262407,-4.115192494,1.224339556596182,431.1195130675482,-222.9380516,12.243825295702091,301,1YO,126,WE02,Wind_success,2,Right,W,1,Experienced,Left,2,FALSE,Second,Head-On,TRUE,TRUE,0.3416666666666667,341.6666666666667,604.9647518523341,2.200780413,0.4583333333333333,458.3333333333333,835.9471185193679,1.3159366319218335,3.5260633288548964,1.9706673898535836,30.770713934515346,24.93557895600824,643.8603544,9081.45,20.873369856756383
03011YOWE03_f236,103.6936176300049,107.02392120361328,30.64105224609375,-83.55230713,-325.8701172,1426.947509765625,152.13599222321696,-0.496749878,-13.52770996,3.017089844,-51.53437805,-15.74279785,-50.18103027,-0.03581734,-0.975393482,0.2175423466323432,-0.699885104,-0.213801934,-0.681505374,1.4111484327588295,-0.103491211,-1.405605469,0.070019531,-5.264648438,-0.516796875,9.97734375,236,0.041666667,03011YOWE03,1.1292769774444096,16.070014838694263,-42.96139055,-106.9869412,106.98694118529858,41.66666666666666,03011YOWE03,C,1,20.3,63,41,0.028125,1.1301454996084246,-0.534182128,-0.974638965,0.2048345450740075,62.46258907666616,-34.50553094,1.1794198670267382,5.675045066150577,-2.682404747,-4.89416633,1.0285801914905748,313.65696548041427,-173.2701171,5.922477149720241,301,1YO,127,WE03,Wind_success,3,Right,W,1,Experienced,Left,3,FALSE,Second,Head-On,TRUE,TRUE,0.2583333333333333,258.33333333333337,500.7185665,2.240516155419088,0.325,325,635.0047041767169,1.4482922219040637,3.608294517831341,1.962068792302246,28.34030635323424,24.357056623105528,643.8603544,9081.45,20.873369856756383
03011YOWE04_f237,78.67983309427896,101.30264606475828,17.282788085937455,-108.5312576,-331.6156616,1413.6046142578125,129.4273425497437,-0.254379272,-13.3711853,3.990234375,-47.41007233,-17.95022583,-57.25732422,-0.018226984,-0.95808269,0.285911413,-0.619947344,-0.234722165,-0.748712759,1.3747862888724935,-0.127114563,-1.358481445,0.1685449218749961,-4.01517334,-4.405517578,-27.88066406,237,0.033333333,03011YOWE04,0.9492650786224528,15.710198112764532,-48.47899583,-110.7374822,110.73748222046504,33.333333333333336,03011YOWE04,C,1,20.3,63,41,0.035416667,1.0911815839248578,-0.406426027,-0.9738051,0.2778466485604544,84.46504339964581,-37.02764781,2.025255970406086,5.479387093,-2.040875287,-4.889979062,1.395211725044086,424.1426683320317,-185.9349704,10.169857692241685,301,1YO,128,WE04,Wind_success,4,Right,W,1,Experienced,Left,4,FALSE,Second,Head-On,TRUE,TRUE,0.2583333333333333,258.33333333333337,512.1460243,2.1418390653313737,0.4583333333333333,458.3333333333333,917.9375076581622,1.4940321213944503,3.0982188206541195,2.093236006091535,29.78956064371321,24.879065223483444,643.8603544,9081.45,20.873369856756383
03011YOWE05_f232,85.87774553298951,158.1983350753784,20.095292154947856,-101.3052673,-274.6967468,1416.373779296875,181.1229448889436,-1.013626099,-13.90240479,2.452270508,-39.84660339,-3.914611816,-67.20910645,-0.071617289,-0.982268055,0.173264052,-0.509343337,-0.050038931,-0.859107368,1.659149849542683,-0.110036316,-1.617059326,0.3546679687500013,-2.040930176,8.927929687500079,-12.88828125,232,0.075,03011YOWE05,2.166181759394342,25.036821770472148,-59.2165055,-95.61084975,95.61084975485642,75,03011YOWE05,C,1,20.3,63,41,0.016666667,0.8612011291365868,-0.238604846,-0.823489511,0.08124123,60.79204460565452,-14.2600737,-3.106416028,4.324536283658409,-1.198158337,-4.135166745,0.4079542362782314,305.26829768384783,-71.60720537,-15.59892152,301,1YO,129,WE05,Wind_success,5,Right,W,1,Experienced,Left,5,FALSE,Second,Head-On,TRUE,TRUE,0.2,200,397.5350480670028,2.247680629287625,0.275,275,548.6284971390213,1.6012122719492807,2.952068649114304,1.988707785896065,29.16385043327133,25.049184638398085,643.8603544,9081.45,20.873369856756383
03011YOWE06_f214,234.61282784144083,351.7472202936808,-175.145121,47.38570022583008,-81.12450409,1221.1136474609375,457.6517228,-4.443778992,-10.56402588,8.482666016,-43.72130418,-5.873855591,-64.29187012,-0.311660833,-0.740899381,0.5949248963490544,-0.56073699,-0.075333711,-0.824559798,2.104500018907169,-0.640090485,-1.712299805,1.042705078124976,-5.701519775,13.80355224609895,23.343749999996216,214,0.225,03011YOWE06,1.894585237198039,27.59543282456774,-55.54388692,-97.65173814,97.65173814058716,225,03011YOWE06,C,1,20.3,63,41,0.013541667,1.1221168713134322,-0.223751295,-1.000624303,0.4558866467950786,67.9827643,-13.16599767,0.7040281528473431,5.634729171065174,-1.123570976,-5.024652151,2.2892426386821456,341.37662034032326,-66.11328378,3.5352894796570453,301,1YO,131,WE06,Wind_success,6,Right,W,1,Experienced,Left,6,FALSE,Second,Head-On,TRUE,TRUE,0.425,425,908.0822958,2.4890294376389304,0.3416666666666667,341.6666666666667,720.7822615512414,,3.1658308677360565,1.9553860555017784,30.149613943370447,27.39888436722489,643.8603544,9081.45,20.873369856756383
03011YOWE07_f212,40.29617319107055,439.3169620196024,-92.04416962,-146.9658051,6.428543567657471,1304.248779296875,450.6609633110075,0.3862457275390625,-13.27520704,4.82421875,-30.40071106,14.880099773406982,-67.37475586,0.027335394,-0.939513347,0.341419753,-0.403198897,0.1973519566013473,-0.893578679,1.8721213666879328,-0.17409668,-1.832956867,0.3388183593750012,-15.93171387,-3.554070282,-34.13320313,212,0.2416666666666666,03011YOWE07,0.681478453,,-63.32644517,-63.91984566,63.91984565549069,241.66666666666663,03011YOWE07,C,1,20.3,63,41,0.041666667,0.7996699628585349,-0.312135239,-0.725181786,0.127102397,73.58373720850575,-38.96371927,-0.207917968,4.015556473782833,-1.567392471,-3.641512813,0.638246873,369.5020021216199,-195.6569865,-1.044063654,301,1YO,133,WE07,Wind_success,7,Right,W,1,Experienced,Left,7,FALSE,Second,Head-On,TRUE,TRUE,0.2416666666666666,241.66666666666663,450.6609633110075,2.9343346254039053,0.2083333333333333,208.33333333333331,401.8888733417275,1.1375724375024767,3.863129492,2.184009435836779,24.16835792081017,23.717834536330017,643.8603544,9081.45,20.873369856756383
03011YOWE08_f238,52.87144870758056,86.22622693,40.57074941,-134.2917175,-346.6353455,1436.8367919921875,108.97861261442776,2.3877410888671875,-13.58230591,1.985351563,-39.2016449,-10.91555786,-66.18481445,0.1713759584828381,-0.974846353,0.1424951509756269,-0.504565038,-0.140494331,-0.851865873,1.3192930957111044,0.033143921,-1.313283691,0.1213330078125004,-3.001904297,1.9705078124957505,-5.04140625,238,0.025,03011YOWE08,1.2401529986377444,24.503031907393016,-58.41519566,-105.5596712,105.5596711877929,25,03011YOWE08,C,1,20.3,63,41,0.034375,0.9890238217999168,-0.601220926,-0.784076105,0.04388826,71.34009561929061,-51.32048957,-0.317089223,4.966400133571939,-3.019041223,-3.937251649,0.2203856528250875,358.23551728803216,-257.7067211,-1.592268987,301,1YO,134,WE08,Wind_success,8,Right,W,1,Experienced,Left,8,FALSE,Second,Head-On,TRUE,TRUE,0.175,175,339.7274602360052,2.139092891192049,0.3333333333333333,333.3333333333333,649.5743264692572,1.388497485879586,5.3631331334785095,3.328054362492015,30.435685560089656,25.93992785048066,643.8603544,9081.45,20.873369856756383
03011YOWE09_f238,80.79548492431641,78.73883819580078,15.905920664469477,-106.4374542,-354.1406555,1412.1854248046875,113.9329335037255,-0.86655426,-13.09988403,4.908203125,-30.81086731,-9.931152344,-69.49865723,-0.061826062,-0.934637655,0.3501856540411685,-0.401873258,-0.129534313,-0.906487036,1.4382204579632991,-0.130407715,-1.369749756,0.4186376953125015,7.261083984374441,-6.436230469,-10.25683594,238,0.025,03011YOWE09,1.638210482644053,18.63655963897657,-65.02431244,-107.8654953,107.8654953482196,25,03011YOWE09,C,1,20.3,63,41,0.029166667,1.1286676269183282,-0.339428868,-1.046832457,0.2506401041347241,83.89505227878733,-26.06105295,0.1157342902882498,5.667623903016064,-1.7044479,-5.256687191,1.258593594224874,421.2804481141055,-130.8660257,0.5811617294519508,301,1YO,136,WE09,Wind_success,9,Right,W,1,Experienced,Left,9,FALSE,Second,Head-On,TRUE,TRUE,0.2333333333333333,233.33333333333331,453.0671958426152,2.155699676972471,0.2166666666666666,216.66666666666669,417.64082787888367,1.5330204435434018,3.364650440565632,2.211915182303654,31.03722914289394,26.687945917065964,643.8603544,9081.45,20.873369856756383
03011YOWE10_f232,101.516429,126.79968007405596,3.701140085856196,-85.69020844,-306.0780334,1399.984375,162.47289824450405,0.3539276123046875,-13.46624756,4.156616211,-49.95212555,-21.70877075,-53.62365723,0.025105508,-0.955215078,0.2948454987909024,-0.653542535,-0.284024051,-0.701578572,1.184303604287835,0.1279733276367192,-1.155834961,0.2241503906250007,-8.284790039,9.455712890625064,-23.64082031,232,0.075,03011YOWE10,0.2656344614087914,18.43528762895432,-44.55379065,-113.4893577,113.4893576506466,75,03011YOWE10,C,1,20.3,63,41,0.026041667,0.9202581681389898,-0.480074565,-0.783534193,-0.049776267,33.869588178073364,-19.37226794,0.3254346716152052,4.621092220861339,-2.410702686,-3.934530427,-0.249952381,170.0767196339985,-97.2781767,1.6341758013849603,301,1YO,140,WE10,Wind_success,10,Right,W,1,Experienced,Left,10,FALSE,Second,Head-On,TRUE,TRUE,0.3333333333333333,333.3333333333333,561.1868122215079,2.1600919120033897,0.425,425,745.9249006963657,1.363156588526082,3.3683145908254657,1.982415181125921,30.397911681328807,24.77642421716183,643.8603544,9081.45,20.873369856756383
03011YOWE11_f235,69.18781490325927,119.60222256978352,24.56351242065421,-117.990448,-313.2879944,1420.864990234375,140.33891661673655,1.7344436645507812,-13.56811523,3.415527344,-51.69569397,-20.01251221,-47.99194336,0.1230232237555191,-0.962379644,0.2422616503731059,-0.705046548,-0.272938645,-0.654533316,1.2489475743773577,0.1359640502929692,-1.222298584,0.2176464843750007,-1.272546387,-6.096972656,13.99042969,235,0.05,03011YOWE11,2.518500505047023,22.076651556936497,-40.88427296,-111.1624896,111.16248957335648,50,03011YOWE11,C,1,20.3,63,41,0.032291667,0.987962576,-0.428524118,-0.888948758,0.046981244,71.51134414070725,-37.81581623,0.9176790830004232,4.961071070265964,-2.151841229,-4.463871481,0.2359171250151644,359.09544468400713,-189.8927717,4.608141300474649,301,1YO,142,WE11,Wind_success,11,Right,W,1,Experienced,Left,11,FALSE,Second,Head-On,TRUE,TRUE,0.25,250,463.1449429,2.2594872678883955,0.4083333333333333,408.3333333333333,799.1327440465495,1.4400060948929454,3.292661452772323,2.009675658142001,27.595587700935045,24.83171864688768,643.8603544,9081.45,20.873369856756383
03011YOWE12_f234,61.44608818689983,112.7101821899414,19.934360758463527,-125.7770386,-320.2015991,1416.243164,129.9099136386851,2.0720977783203125,-13.93716431,4.244995117,-38.70761108,-13.78265381,-65.3581543,0.1408065984631596,-0.947081127,0.2884628945591655,-0.501390181,-0.178530452,-0.846601893,1.4012628900014517,0.1263995361328129,-1.364725342,0.291694336,-0.187426758,4.794433593750033,-27.05800781,234,0.058333333,03011YOWE12,3.0250534540340537,19.55117697328976,-57.84397377,-109.5993346,109.5993346206382,58.333333333333336,03011YOWE12,C,1,20.3,63,41,0.019791667,0.7816374372681395,-0.223639255,-0.748630653,0.022242133,61.20741642,-17.01542763,-2.523687744,3.925005836349454,-1.123008367,-3.759261701,0.1116892514385461,307.3540943858302,-85.44326252,-12.67274142,301,1YO,144,WE12,Wind_success,12,Right,W,1,Experienced,Left,12,FALSE,Second,Head-On,TRUE,TRUE,0.2583333333333333,258.33333333333337,457.6337102668473,2.197965221356443,0.4,400,755.1151408286058,1.3250778597272943,3.535813455,2.549932407986944,27.40501723755889,24.309679729374263,643.8603544,9081.45,20.873369856756383
03011YOWE13_f234,69.32883577346803,111.74779052734374,13.189218139648348,-117.8769608,-321.1418152,1409.4967041015625,132.1666055877309,0.6874160766601562,-13.52984619,3.930786133,-44.2261734,-23.53240967,-55.71557617,0.048732039,-0.959152703,0.2786597934227837,-0.590262148,-0.314073988,-0.743604819,1.364074524585584,-0.002724609,-1.228912354,0.5920019531250021,-5.149401855,-2.922802734,45.214453125000325,234,0.058333333,03011YOWE13,2.270405955666522,20.999097383338345,-48.03940299,-118.0171025,118.0171025,58.333333333333336,03011YOWE13,C,1,20.3,63,41,0.026041667,0.8804016396939696,-0.414568582,-0.760438961,0.1580269748654745,67.22616789090793,-36.50011172,3.677319980389855,4.4209519776942665,-2.081763268,-3.818557321,0.7935351725417138,337.5773584354354,-183.2859389,18.46572553587048,301,1YO,146,WE13,Wind_success,13,Right,W,1,Experienced,Left,13,FALSE,Second,Head-On,TRUE,TRUE,0.2833333333333333,283.3333333333333,495.8853402042028,2.248032614322516,0.5083333333333333,508.3333333333333,969.6562941408172,1.3113445720970751,3.098688621750441,2.222671624423826,29.900692015422987,25.138152200358512,643.8603544,9081.45,20.873369856756383
03011YOWE14_f237,82.31496760050456,96.44102561,21.585001373291107,-104.9378662,-336.4319153,1417.891113,128.6177965735957,-0.00365448,-13.5914917,3.942382813,-42.75317383,-13.72268677,-61.60583496,-0.000258236,-0.960413034,0.2785798587385018,-0.560824587,-0.180010499,-0.808128704,1.384261353,0.1428433227539029,-1.354075928,0.2495068359374942,7.920812988280637,-5.905810547,0.7857421874991873,237,0.033333333,03011YOWE14,0.9797038625637694,25.121950491710383,-53.91350162,-107.7953156,107.79531556737248,33.333333333333336,03011YOWE14,C,1,20.3,63,41,0.03125,1.0448504737267863,-0.386706541,-0.964897591,0.1055613742351998,67.03061287673451,-28.08511916,-0.181079007,5.246734627,-1.941853545,-4.845249848,0.5300782565051234,336.59537556798125,-141.029909,-0.90929135,301,1YO,147,WE14,Wind_success,14,Right,W,1,Experienced,Left,14,FALSE,Second,Head-On,TRUE,TRUE,0.275,275,520.4276531334366,2.219487232130983,0.4583333333333333,458.3333333333333,919.2070590868004,1.448438414218073,4.130936823653289,2.200458828337557,27.938944929461847,25.17504261183937,643.8603544,9081.45,20.873369856756383
03011YOWE15_f236,102.51002486546837,110.98085708618164,13.554560343424557,-84.71508789,-321.9218445,1409.869141,151.68645932846462,-0.403533936,-13.11581421,4.692382813,-35.01776123,-16.63391113,-67.59765625,-0.028956687,-0.94116132,0.3367148339319761,-0.449375231,-0.213459324,-0.86746586,1.325712189136779,-0.021565247,-1.243066406,0.4602539062500017,9.832653809,3.773144531250039,10.659375000000075,236,0.041666667,03011YOWE15,0.5507279554145094,20.658587705357338,-60.16547829,-115.4083516,115.40835162091344,41.66666666666666,03011YOWE15,C,1,20.3,63,41,0.042708333,0.9241022869144254,-0.368269628,-0.841014899,-0.105054547,44.15769061413116,-18.35521688,-0.1776383,4.640395529415672,-1.849272271,-4.223170781,-0.527533216,221.7386029844441,-92.17103731,-0.892013779,301,1YO,148,WE15,Wind_success,15,Right,W,1,Experienced,Left,15,FALSE,Second,Head-On,TRUE,TRUE,0.25,250,485.3806658059369,2.021158352871357,0.2416666666666666,241.66666666666663,469.2330897,1.4719191800380609,4.237220803,2.3767518983129903,28.56771086404993,25.917551329198044,643.8603544,9081.45,20.873369856756383
03011YOWI01_f235,15.74826458,89.76055799894391,24.26458447163691,147.8122100830078,-344.2058105,1425.002197265625,94.30660458846222,-8.596572876,-10.96105957,-1.026611328,56.43023681640625,-19.51409912,-42.33740234,-0.615455861,-0.784736947,-0.073498354,0.7709489516690399,-0.266601296,-0.578412883,1.6752852263572804,-0.827975464,-1.455977783,0.034145508,-4.092626953,-0.017138672,4.485937500000032,235,0.05,03011YOWI01,3.510077850925503,25.50727111979412,-35.33899052,109.07585997532728,109.07585997532728,50,03011YOWI01,C,1,20.3,63,41,0.017708333,1.1379599578518105,-0.28014786,1.0044451552517843,-0.455587502,-124.9147507,-39.52320876,1.105968522268605,5.714285502637853,-1.4067673,5.043838624766043,-2.287740479,-627.2615693,-198.4664726,5.553639958565478,301,1YO,70,WI01,Wind_success,1,Right,W,1,Experienced,Right,1,TRUE,First,Head-On,TRUE,TRUE,0.1583333333333333,158.33333333333331,301.36142373441845,2.350831644011516,0.225,225,450.9327858933863,1.7562986793373834,3.469201049561494,2.0979987599007144,26.45921087534812,22.280089519985825,643.8603544,9081.45,20.873369856756383
03011YOWI02_f235,-113.2625484,72.27204202016196,59.03610521952305,18.80181121826172,-361.6436768,1459.88916,146.75460693922213,0.096593857,-12.94161987,-4.742675781,43.11846160888672,12.146759033203123,-64.84448242,0.007007879,-0.938913859,-0.344080885,0.5470955488947071,0.1541204753741117,-0.822759588,9.08249477,-7.232970886,-0.070817871,5.492797852,,,,235,0.05,03011YOWI02,2.1503490894502515,25.649447267932125,-55.36200087,74.26711680893004,74.26711680893004,50,03011YOWI02,C,1,20.3,63,41,-0.002083333,1.2533831227719083,-0.488541686,1.1542223392811986,-0.008189342,-64.93221588,-31.87488799,4.230668942664325,6.293884910701898,-2.453220478,5.795947330718119,-0.04112292,-326.0582389,-160.0602983,21.244376868201865,301,1YO,75,WI02,Wind_success,2,Right,W,1,Experienced,Right,2,TRUE,First,Head-On,TRUE,TRUE,0.125,125,259.3196610734137,,,,,,5.197532401517575,2.478472035575362,30.243007533809568,24.566392661955103,643.8603544,9081.45,20.873369856756383
03011YOWI03_f228,-51.12665752,135.90699170430503,16.98346481323233,81.00361633300781,-297.9720764,1417.615478515625,146.19536100750167,-5.616630554,-12.91906738,0.778808594,46.57212829589844,-12.14587402,-57.84619141,-0.39809699,-0.915680993,0.055200597,0.6188929905660855,-0.161405471,-0.768713042,1.3846538305276157,-0.296404724,-1.260966797,0.4892578125000017,0.1551269531250027,5.469873046875017,17.12636718750012,228,0.1083333333333333,03011YOWI03,1.9800519245437795,22.253933694936013,-50.23846135,104.61698424052722,104.61698424052722,108.33333333333334,03011YOWI03,C,1,20.3,63,41,-0.003125,1.067834532905009,-0.481435953,0.910637538,-0.281476976,-63.03868205,-35.13121387,-0.736374242,5.362149475025528,-2.417538917,4.572782059741275,-1.413441478,-316.5498263,-176.4119948,-3.697715921,301,1YO,77,WI03,Wind_success,3,Right,W,1,Experienced,Right,3,TRUE,First,Head-On,TRUE,TRUE,0.3166666666666666,316.66666666666663,504.5785009153328,2.243032763122264,0.35,350,577.4984906284785,1.240004674615704,5.589864794156177,2.6685003997903047,30.22953434745845,24.76828414020001,643.8603544,9081.45,20.873369856756383
03011YOWI04_f232,-25.53621464,113.20381253560384,40.41082382202149,106.48638153076172,-320.6451721,1441.050781,122.8830179992181,-6.83190155,-11.95397949,-2.493286133,51.56949615478516,-14.67330933,-51.49816895,-0.488255874,-0.854315693,-0.178187814,0.6936761871117727,-0.197374922,-0.692716744,1.4951370528587975,-0.574091492,-1.378553467,-0.07378418,-3.813903809,1.3183593750000049,-11.96894531,232,0.075,03011YOWI04,1.6609071196937255,26.16525895675933,-43.84554933,105.88289010202696,105.88289010202696,75,03011YOWI04,C,1,20.3,63,41,0.016666667,0.8833469104748436,-0.548482391,0.6393731572949544,-0.265839795,-51.90758699,-46.36757814,-1.544967831,4.435741705582639,-2.754213762,3.210623307346752,-1.334919102,-260.654841,-232.8355912,-7.758082539,301,1YO,79,WI04,Wind_success,4,Right,W,1,Experienced,Right,4,TRUE,First,Head-On,TRUE,TRUE,0.2,200,332.57110367430545,2.5067305154352155,0.3666666666666666,366.6666666666666,711.9869639776538,1.2230055288852912,4.661148869617463,2.549222214,29.905989397645342,25.75621346664122,643.8603544,9081.45,20.873369856756383
03011YOWI05_f213,62.51342201,223.0261882,-160.1130554,194.4525451660156,-210.8785553,1240.595947265625,281.5755654831179,-10.01544189,-7.789794922,6.602905273,40.14845275878906,-16.49050903,-62.32922363,-0.700212206,-0.544609968,0.4616306416805482,0.5286001767264591,-0.217116362,-0.820635326,1.0929088116070782,-0.346375122,-0.787410278,0.6741357421875024,1.6209228515625154,15.182446289062606,-17.41289063,213,0.2333333333333333,03011YOWI05,2.935012271253145,22.92960514007121,-55.148443,112.3298359,112.3298359,233.33333333333331,03011YOWI05,C,1,20.3,63,41,0.011458333,0.5447502827518608,0.099113328,0.4977309341759426,-0.197973069,-42.86968588,6.095233318937848,2.566301692239232,2.735472915200939,0.497699279,2.4993644475374106,-0.994125171,-215.270865,30.607318956417483,12.886728091066376,301,1YO,83,WI05,Wind_success,5,Right,W,1,Experienced,Right,5,TRUE,First,Head-On,TRUE,TRUE,0.4,400,527.5801116993377,2.290339750359057,0.6083333333333333,608.3333333333333,933.6633195775654,1.1205490916487968,4.7052963506264085,3.032988925240879,28.73389691673407,25.32136783,643.8603544,9081.45,20.873369856756383
03011YOWI06_f227,-68.35017446,131.2941423416138,16.160527038574173,63.5421257,-302.6203613,1417.09375,148.8994989781221,-5.585105896,-12.76638794,1.682739258,41.01439285,-25.44122314,-55.77844238,-0.397916582,-0.909554367,0.1198884795976595,0.5560451524477485,-0.344914744,-0.756206062,0.9459901209484632,-0.071033478,-0.914315186,0.2321191406250008,12.603570556640712,-7.564746094,6.598828125000047,227,0.1166666666666666,03011YOWI06,1.4210416925099365,17.699952242666278,-49.13086467,121.81132238930822,121.81132238930822,116.66666666666669,03011YOWI06,C,1,20.3,63,41,0.0125,1.2064221637712866,-0.470185659,1.0900657439680637,-0.214794221,-59.23682539,-28.50206711,-1.89346493,6.058069647295091,-2.361045373,5.473783883782325,-1.078592875,-297.4587376,-143.1236203,-9.508066715,301,1YO,85,WI06,Wind_success,6,Right,W,1,Experienced,Right,6,TRUE,First,Head-On,TRUE,TRUE,0.3416666666666667,341.6666666666667,449.5331599790583,2.244508213847563,0.5,500,782.8125198832977,1.646237388137764,5.517754323533969,2.0086553146758366,28.35210331213996,24.26084022790063,643.8603544,9081.45,20.873369856756383
03011YOWI07_f224,-48.51128626,154.4694423675537,1.1317230224608466,83.48239135742188,-279.434082,1402.054931640625,161.91181030677117,-4.868804932,-12.96466064,2.026733398,37.210914611816406,-16.40283203,-64.97741699,-0.347864674,-0.926294544,0.1448053397425774,0.4854426824880469,-0.213986538,-0.847676332,1.366315850663469,-0.329941406,-1.195008545,0.5743798828125021,4.795971679687534,-2.439404297,-2.283398438,224,0.1416666666666666,03011YOWI07,1.7542635207552415,19.25406440548764,-57.95982675,113.78822148873208,113.78822148873208,141.66666666666666,03011YOWI07,C,1,20.3,63,41,-0.005208333,0.6320873109454211,-0.362571494,0.4890780850897049,-0.16993795,-28.12113044,-21.33772548,-0.018621783,3.1740373045772183,-1.820658994,2.455914017011418,-0.853346341,-141.2107402,-107.1477556,-0.093509603,301,1YO,87,WI07,Wind_success,7,Right,W,1,Experienced,Right,7,TRUE,First,Head-On,TRUE,TRUE,0.3583333333333333,358.3333333333333,518.2527070884082,2.294004999672635,0.4833333333333333,483.3333333333333,787.1192452017683,0.9814943149050908,5.168740714679823,2.722764825378514,30.42812734357418,25.369689503561677,643.8603544,9081.45,20.873369856756383
03011YOWI08_f224,-34.51083927,160.00326067606608,-25.26413676,97.46144104003906,-273.9182129,1375.6236572265625,165.62100730402315,-5.293083191,-12.07540894,4.062133789,41.74934387207031,-22.67596436,-58.02905273,-0.383664388,-0.875275186,0.2944401242353226,0.5566787986215743,-0.302357532,-0.773749726,1.4381869690423856,-0.399051819,-1.121854248,0.8065869140625029,-2.257250977,3.1607666015625324,-0.247851562,224,0.1416666666666666,03011YOWI08,0.4704476532740971,29.52896153416884,-50.69181549,118.50839399127676,118.50839399127676,141.66666666666666,03011YOWI08,C,1,20.3,63,41,0,0.773808195,-0.355179515,0.656040201,-0.205518584,-46.08330202,-28.63867497,-2.352377463,3.885691160160798,-1.783540045,3.294317155469275,-1.032015106,-231.4080938,-143.809599,-11.8125039,301,1YO,88,WI08,Wind_success,8,Right,W,1,Experienced,Right,8,TRUE,First,Head-On,TRUE,TRUE,0.3666666666666666,366.6666666666666,572.3492927722228,2.223082373318068,0.5166666666666667,516.6666666666667,886.5004732838627,1.0677558703091303,4.989928999,2.184150606641395,29.85777001706069,26.081852710381177,643.8603544,9081.45,20.873369856756383
03011YOWI09_f211,-22.17773533,289.50686003367105,-87.38951594,109.80538940429688,-144.3717957,1313.547852,303.2210438725398,-4.437431335,-12.86001587,3.863647461,52.54931641,-7.508895874,-51.68066406,-0.313774895,-0.909343678,0.273202104,0.7093035243893264,-0.101354055,-0.697578573,1.6326430924295765,-0.276188965,-1.433014526,0.7319238281250026,-9.455383301,2.997399902,28.233984375000187,211,0.25,03011YOWI09,4.690526986528524,21.92335688997484,-44.23305399,98.13207982,98.13207982,250,03011YOWI09,C,1,20.3,63,41,0.004166667,0.8886845424574114,-0.46585746,0.7361973366317285,-0.175358274,-46.76639585,-30.67098495,-3.760248542,4.462544716396816,-2.33931125,3.696827589379131,-0.880564589,-234.8382612,-154.0148785,-18.88215273,301,1YO,90,WI09,Wind_success,9,Right,W,1,Experienced,Right,9,TRUE,First,Head-On,TRUE,TRUE,0.3583333333333333,358.3333333333333,494.0460232064159,2.2024811008952554,0.4833333333333333,483.3333333333333,739.1063649302603,0.976024278,4.690526986528524,2.0849934406381583,25.39219565349463,22.684794284123328,643.8603544,9081.45,20.873369856756383
03011YOWI10_f236,-97.79744984,68.61097844,31.204480997721248,34.10178756713867,-365.282959,1432.1282958984375,123.4727792,-0.75994873,-13.78671265,1.054077148,32.770626068115234,-5.058746338,-69.7154541,-0.054878593,-0.99558741,0.076118649,0.4244932019352512,-0.0655283,-0.903056789,1.215163657894226,0.030943451,-1.213776855,-0.049101563,-2.608868408,-0.029443359,-11.17265625,236,0.041666667,03011YOWI10,0.6439651681107599,35.69981786393756,-64.56282369,98.77538587744183,98.77538587744183,41.66666666666666,03011YOWI10,C,1,20.3,63,41,0.008333333,1.1423724508166355,-0.520317022,1.016908008717634,0.013532008,-63.08447151,-34.29695243,-1.744156059,5.736442912,-2.612780874,5.106421057820932,0.067951213,-316.7797588,-172.2227366,-8.75830965,301,1YO,92,WI10,Wind_success,10,Right,W,1,Experienced,Right,10,TRUE,First,Head-On,TRUE,TRUE,0.2916666666666667,291.6666666666667,504.9552322986208,2.231406412618348,0.2833333333333333,283.3333333333333,487.0648712759384,1.4856244131959937,4.798774785,2.596005123480652,28.884472699250807,24.465117350738364,643.8603544,9081.45,20.873369856756383
03011YOWI11_f222,-60.3959142,186.7030970255534,-11.24838053,71.54213715,-247.2041016,1389.6829833984375,196.5508559030337,-3.669403076,-13.13296509,1.940185547,54.58512878417969,-18.20263672,-45.90563965,-0.266414355,-0.953509427,0.140865768,0.7415608994458224,-0.247290131,-0.623646553,1.4046347606229013,-0.259848633,-1.261105957,0.5613281249999871,-4.800805664,-3.647680664,11.343164062497989,222,0.1583333333333333,03011YOWI11,1.5046916159033217,19.47334632282549,-38.58291687,108.44212232614156,108.44212232614156,158.33333333333331,03011YOWI11,C,1,20.3,63,41,0.002083333,0.70647642,-0.405260808,0.5677808971229051,-0.111792052,-39.24601698,-28.59567268,-0.333446094,3.5475834959668826,-2.035024116,2.8511215414195075,-0.561365713,-197.0745493,-143.5936622,-1.674405295,301,1YO,93,WI11,Wind_success,11,Right,W,1,Experienced,Right,11,TRUE,First,Head-On,TRUE,TRUE,0.2916666666666667,291.6666666666667,424.0725069,2.266810645265667,0.5,500,883.8800615183895,0.943716966,5.466551836923382,2.355001454559092,27.976926550955834,24.56743856750456,643.8603544,9081.45,20.873369856756383
03011YOWI12_f236,-58.29430898,88.18923798,33.00876363118482,73.64477539,-345.7516174,1433.9488525390625,110.74812247054784,-3.263557434,-13.56973267,0.238891602,27.466529846191406,-9.284759521,-71.20214844,-0.233800829,-0.972133879,0.017114163,0.3572701377742898,-0.120771256,-0.926160004,1.326821809059577,-0.001316528,-1.269052734,0.3872460937500013,13.047802734375091,-9.655664063,14.131054687500097,236,0.041666667,03011YOWI12,0.4245535308714418,27.174206593462443,-67.84392874,108.6772609824574,108.6772609824574,41.66666666666666,03011YOWI12,C,1,20.3,63,41,0.01875,0.6352007668832981,-0.285792487,0.5613479873278102,-0.081799178,-47.32785316,-29.32879011,-0.668383221,3.189671577124468,-1.435111891,2.818818574229625,-0.410755982,-237.6576287,-147.275024,-3.35629784,301,1YO,94,WI12,Wind_success,12,Right,W,1,Experienced,Right,12,TRUE,First,Head-On,TRUE,TRUE,0.35,350,619.7477612490338,2.326034747,0.45,450,839.2042413757441,1.2483591087109756,4.741826898867953,2.610468587965651,30.655614772246857,25.81143444458363,643.8603544,9081.45,20.873369856756383
03011YOWI13_f229,-73.64248514,121.8561241785685,20.85646972656241,63.624542236328125,-314.7088013,1419.3253173828125,143.8996975227231,-5.918769836,-12.94113159,1.344604492,37.04882049560547,-12.41802979,-65.04345703,-0.414079554,-0.905366849,0.094069079,0.4882681528209739,-0.1636578,-0.857210788,1.1765840091519986,-0.318286743,-1.098695068,0.2755224609374936,10.24672851562582,5.901855468753376,-16.28613281,229,0.1,03011YOWI13,2.5328038483281925,22.424963211095744,-59.00483813,108.53013011971429,108.53013011971429,100,03011YOWI13,C,1,20.3,63,41,-0.003125,0.9647467029935684,-0.453893431,0.8173562695185658,-0.238003535,-41.97092401,-26.75319905,-3.214452001,4.844492164,-2.279233672,4.104368566902003,-1.195138846,-210.7577169,-134.3416492,-16.14142602,301,1YO,104,WI13,Wind_success,13,Right,W,1,Experienced,Right,13,TRUE,First,Head-On,TRUE,TRUE,0.3833333333333333,383.33333333333337,533.2231183320421,1.9986438580755568,0.5833333333333334,583.3333333333334,916.1118987639002,1.025072313661041,2.839629141112207,1.7695659819092595,28.657258748276647,23.15066296717268,643.8603544,9081.45,20.873369856756383
03011YOWI14_f227,-74.12520126,147.55531444549558,29.29872258504224,63.20200347900391,-289.0017395,1427.712158203125,167.70668271606073,-4.752086639,-13.25402832,0.603759766,54.86300659179688,-20.77767944,-47.13818359,-0.337191877,-0.94046069,0.042840736,0.7290052249585703,-0.276088348,-0.626359805,1.3690235885956197,-0.262833252,-1.330059814,0.1899609375000006,11.309326171875076,4.922753906250037,10.091601562500072,227,0.1166666666666666,03011YOWI14,1.335789880938316,18.16394087347928,-38.7820633,110.74264394722468,110.74264394722468,116.66666666666669,03011YOWI14,C,1,20.3,63,41,-0.009375,1.0142456170305747,-0.473590371,0.8682328689364355,-0.224895571,-48.75442252,-29.78215865,-0.738573737,5.093051812168012,-2.378142192,4.3598462860177625,-1.129316978,-244.8211713,-149.5516219,-3.708760724,301,1YO,105,WI14,Wind_success,14,Right,W,1,Experienced,Right,14,TRUE,First,Head-On,TRUE,TRUE,0.275,275,426.8800600803718,2.3272671143607537,0.4166666666666667,416.6666666666667,732.2551569,1.1659073808353722,4.335764909445401,2.449870040402761,28.78750472413725,23.35523729830054,643.8603544,9081.45,20.873369856756383
03011YOWI15_f237,-91.52942591,82.99025358,25.307939402262264,45.70919418334961,-353.6154175,1423.735107421875,126.11704798411596,-4.862930298,-12.68414307,2.652099609,39.535640716552734,-8.95123291,-62.0078125,-0.351346144,-0.916427851,0.191613886,0.5336731935269237,-0.120828522,-0.83701457,1.4370802583296638,-0.228026276,-1.408641357,0.170097656,5.5392517089849935,4.2895019531294025,-15.0890625,237,0.033333333,03011YOWI15,1.098973068602223,21.04010997297393,-56.82619545,102.75721107927872,102.75721107927872,33.333333333333336,03011YOWI15,C,1,20.3,63,41,0.01875,1.0528961485681203,-0.368996186,0.9698451355217138,-0.178416724,-55.93174583,-22.62721729,-0.298221773,5.287136121119598,-1.852920695,4.870094030529386,-0.895922651,-280.8622238,-113.6229609,-1.497525765,301,1YO,106,WI15,Wind_success,15,Right,W,1,Experienced,Right,15,TRUE,First,Head-On,TRUE,TRUE,0.3,300,603.3077424312178,2.480939694431933,0.275,275,541.8244127672664,1.421961115907976,3.489900473663033,2.0752029293841137,28.425149690428203,24.351209904714267,643.8603544,9081.45,20.873369856756383
03021YOME01_f224,151.19342244466145,330.56934356689453,-27.28576457,-31.58413887,-93.00763702,1370.0196533203125,364.5271661272809,4.419153213500977,-13.83265686,2.088867188,-33.91148186,5.447334289550781,-53.5682373,0.3012193988347826,-0.94286493,0.142381875,-0.532918974,0.085604864,-0.841824907,3.031202798277738,-0.823617096,-2.878993835,0.4703613281250016,-11.20841675,10.798791503906372,11.645507812500082,224,0.1416666666666666,03021YOME01,3.356256949240973,25.186056128247248,-57.33333,-80.87431221,80.87431220954807,141.66666666666666,03021YOME01,C,1,17.6,59,39,0.011458333,1.3375342199577098,-0.714950093,-1.09046182,0.2978878552311715,100.61670758493524,-68.02555541,-0.299373127,7.746815748990533,-4.140893412,-6.315806109,1.7253258226251706,582.7582452097537,-393.9947376,-1.733928313,302,1YO,41,ME01,Wind_missed,1,Left,M,1,Experienced,Left,3,TRUE,First,Failure,FALSE,FALSE,0.1916666666666666,191.66666666666669,514.9915675493817,3.0991116991889207,0.1916666666666666,191.66666666666669,514.9915675493817,,4.0699061447180735,2.6017379472369733,31.60048875194368,25.692362380933893,582.5767989919827,7964.859523809524,20.59096943
03021YOME02_f226,82.65627272688562,210.5936660605304,16.855749537526435,-99.97820282,-212.9891357,1414.1470947265625,226.8608998888687,4.2212677001953125,-14.22001648,0.19140625,-40.86089325,-3.271209717,-48.03369141,0.2845560314597574,-0.958572577,0.012902712,-0.647075333,-0.051803055,-0.760664155,2.206613524847412,-0.485397949,-2.086464844,0.529335938,-14.16818848,0.6174316406249702,14.677734375000112,226,0.125,03021YOME02,2.116236144235398,27.668294473904087,-49.52278339,-94.57717913,94.57717913,125,03021YOME02,C,1,17.6,59,39,0.5427083333333333,0.4129733078922454,-0.340614661,0.2322995564083859,-0.023780701,-21.35821997,-30.63233869,0.7945672326226673,2.391885065634819,-1.972793654,1.3454473427415543,-0.137734575,-123.7038966,-177.4183271,4.602025024457112,302,1YO,48,ME02,Wind_missed,2,Left,M,1,Experienced,Left,8,TRUE,First,Failure,FALSE,FALSE,0.2666666666666666,266.6666666666667,584.6891351,2.835065382137814,0.2416666666666666,241.66666666666663,514.4971118,1.3554949312215616,3.2639313817693125,2.0119771309336123,30.723143883532064,26.386058565852284,582.5767989919827,7964.859523809524,20.59096943
03021YOME03_f235,5.161966927846265,41.88107630411781,44.22533493041988,-177.2095642,-381.648468,1441.379638671875,61.127331895505904,8.917037963867188,-11.20809937,-2.144287109,-50.09927368,-20.90527344,-23.13122559,0.6157255929315654,-0.773924442,-0.148064016,-0.849015696,-0.354274703,-0.391997172,1.0619579888731083,0.1716760253906256,-1.013884277,-0.265180664,-14.74013672,-1.463818359,-17.60625,235,0.05,03021YOME03,0.5513296764191736,35.92676100003398,-23.07882647,-112.6496539,112.6496538520719,50,03021YOME03,C,1,17.6,59,39,0.4270833333333333,0.2725419320023896,-0.267619587,0.017552543,-0.048484735,-2.373381043,-19.50810175,-0.523229881,1.5785256927207254,-1.550016143,0.1016619344960315,-0.280816968,-13.74629925,-112.9882642,-3.030476097,302,1YO,53,ME03,Wind_missed,3,Left,M,1,Experienced,Left,11,TRUE,First,Failure,FALSE,FALSE,0.1666666666666666,166.66666666666666,213.8016912242853,2.251283695965981,0.35,350,600.1247370374186,0.8958039016139095,3.0371323163024533,2.084570888305208,30.529547004527902,25.11393435,582.5767989919827,7964.859523809524,20.59096943
03021YOPE01_f237,-17.00099826,28.206855855610968,39.12471377517727,-199.6873322,-395.3085632,1436.3780517578125,51.14101961263586,13.033828735351562,-6.222015381,-3.404785156,-39.67564392,-11.62393188,-47.8269043,0.878367868,-0.419310281,-0.229453213,-0.6275871,-0.1838667,-0.756523277,1.083986909734985,0.6478948974609225,-0.868930664,0.01480957,-16.28503418,-11.07729492,7.787109375,237,0.033333333,03021YOPE01,2.291798204184528,25.102737773442616,-49.15864896,-106.3292123,106.32921229108952,33.333333333333336,03021YOPE01,C,1,17.6,59,39,0.696875,0.2327524830735351,-0.231624659,-0.008596394,0.021209383,-1.018129954,-19.94751234,-0.297374737,1.348070632202386,-1.341538427,-0.049789143,0.1228418519645789,-5.896869813,-115.5332704,-1.72235391,302,1YO,42,PE01,Wind_Near-miss,1,Left,P,1,Experienced,Left,4,TRUE,First,Pivot,TRUE,FALSE,0.1,100,125.29084695963368,1.9803250871896905,0.625,625,1067.954482454984,1.0502428575444365,2.553916243907986,1.603449547335828,26.540271509525155,25.389110395435225,582.5767989919827,7964.859523809524,20.59096943
03021YOPE02_f240,20.327948420302675,48.45783174462787,34.35321134491278,-162.3917694,-375.1302185,1431.620849609375,62.78160617631086,5.526245117,-14.64599609,0.217041016,-38.79154968,-1.019897461,-52.1204834,0.3529928005796535,-0.93552332,0.013863648,-0.596978955,-0.015695617,-0.802103344,1.5123717216686896,-0.163886719,-1.446075439,0.4114306640625014,17.664697265625122,45.27026367187533,-25.98222656,240,0.008333333,03021YOPE02,1.912456130616312,23.75596995,-53.33142895,-91.50605896,91.50605896,8.333333333333334,03021YOPE02,C,1,17.6,59,39,0.027083333,0.4941670969909827,-0.217034735,-0.443162286,0.026537364,51.42634024829765,-22.22934964,-3.162748305,2.862148416452268,-1.257035577,-2.566735511,0.1537007948224499,297.8543477,-128.7493608,-18.31820675,302,1YO,43,PE02,Wind_Near-miss,2,Left,P,1,Experienced,Left,5,TRUE,First,Pivot,TRUE,FALSE,0.15,150,361.8071105365907,2.735772239280303,0.175,175,429.19013241289616,1.844104083540652,3.608460403052229,2.6232739095065654,30.40071144,25.87533518175158,582.5767989919827,7964.859523809524,20.59096943
03021YOPE03_f233,27.95400862260297,77.96542868100062,57.11354371,-154.3534088,-345.5166626,1454.231934,100.60810873415907,7.983795166015625,-11.56268311,-1.645874023,-47.32061768,-8.151977539,-38.05603027,0.5643342925793277,-0.817307866,-0.11633855,-0.772335071,-0.133051056,-0.62112475,1.2966911835693122,-0.045681152,-1.29588501,0.001816406,-13.2501709,-17.79697266,-5.2453125,233,0.066666667,03021YOPE03,0.8548516102302834,15.17537921975276,-38.39831629,-99.7744703,99.77447029966504,66.66666666666667,03021YOPE03,C,1,17.6,59,39,0.004166667,0.32394201,-0.274565474,-0.170662788,-0.020650412,17.065399665395432,-28.29580001,-1.052889217,1.876227934728148,-1.590245769,-0.988455589,-0.11960437,98.84046697129222,-163.8854139,-6.098190721,302,1YO,59,PE03,Wind_Near-miss,3,Left,P,1,Experienced,Left,15,TRUE,First,Pivot,TRUE,FALSE,0.2083333333333333,208.33333333333331,296.04314580762644,2.396229886826323,0.5083333333333333,508.3333333333333,938.5743300389554,0.8785782594655528,3.263399983086551,1.9388254353124583,29.67533667991472,24.753077626380183,582.5767989919827,7964.859523809524,20.59096943
03021YOPI01_f230,-23.33344934,124.9405083907278,46.25907072368432,102.6211395263672,-307.7360535,1446.1529541015625,135.2570963725862,-0.097587585,-14.44888306,-1.040161133,57.26597595214844,-0.759857178,-29.36804199,-0.006736402,-0.997396187,-0.071801588,0.8897499292721004,-0.011806013,-0.456295607,1.8309190978093848,0.1824060058593756,-1.819639893,-0.088901367,-0.841113281,3.3174316406191138,12.17285156249948,230,0.091666667,03021YOPI01,0.9589510564244316,27.851982220300343,-27.14832692,90.76020802555392,90.76020802555392,91.66666666666666,03021YOPI01,C,1,17.6,59,39,0.04375,0.4549770733900201,0.049321502,0.4473846092243534,0.066472086,-61.10915705,4.668579077911541,4.148042248455102,2.6351651456654857,0.285663411,2.5911906289057627,0.3849972533804897,-353.9359018,27.03977317852574,24.02489487,302,1YO,83,PI01,Wind_Near-miss,1,Left,P,1,Experienced,Right,1,FALSE,Second,Pivot,TRUE,FALSE,0.1833333333333333,183.3333333333333,317.8030345,2.573735359704151,0.35,350,710.2447738327372,1.246936729027121,3.820433453,1.7652742180558822,27.851982220300343,24.734757635956147,582.5767989919827,7964.859523809524,20.59096943
03021YOPI02_f207,118.09807051022848,284.8743890126546,11.215588124593069,243.8465118408203,-148.910202,1411.2037353515625,308.5876880086966,-4.454681396,-14.07939148,0.766235352,50.76679992675781,16.93969727,-25.71728516,-0.301253023,-0.952135262,0.051817559,0.8549943903292787,0.28529169,-0.433120358,2.219763250721948,-0.075741577,-2.218051758,0.043110352,-22.28972168,6.0534667968820015,21.90058593749944,207,0.2833333333333333,03021YOPI02,1.854077086401908,,-25.6657495,71.54734790570487,71.54734790570487,283.3333333333333,03021YOPI02,C,1,17.6,59,39,0.014583333,0.2709720984598097,-0.228741828,0.073150901,-0.125506972,-8.916710055,-24.02707924,0.9497627114341722,1.569433430983051,-1.324841465,0.4236800400662092,-0.72691926,-51.64436831,-139.1615654,5.500896067522542,302,1YO,91,PI02,Wind_Near-miss,2,Left,P,1,Experienced,Right,3,FALSE,Second,Pivot,TRUE,FALSE,0.3083333333333333,308.33333333333337,361.8807818846549,2.601447283,0.3666666666666666,366.6666666666666,496.8924483093321,0.6789448696936907,2.016963719435474,1.257079135,27.061770060665925,23.295278912010414,582.5767989919827,7964.859523809524,20.59096943
03021YOPI03_f237,-42.06865427,48.435197130839015,32.150616709391215,83.62348937988281,-385.3389893,1432.1483154296875,71.75933491702126,-2.451927185,-14.18707275,-0.044433594,49.12757873535156,-4.768280029,-40.48278809,-0.17030272,-0.985386959,-0.00308621,0.769583249,-0.07469508,-0.634162651,1.244253635475539,-0.269336243,-1.211279297,0.091801758,12.50738525390686,0.5431640625038766,8.319726562499545,237,0.033333333,03021YOPI03,0.4721022767597407,-5.953780935,-39.3579075,95.54371387,95.54371387,33.333333333333336,03021YOPI03,C,1,17.6,59,39,0.010416667,0.5501108709746136,-0.299584316,0.4307324161044396,-0.165350518,-45.34944974,-31.48503,0.7116224305799999,3.186167124076855,-1.735151492,2.494743397880407,-0.957687644,-262.6578268,-182.3569989,4.121620045524046,302,1YO,92,PI03,Wind_Near-miss,3,Left,P,1,Experienced,Right,4,FALSE,Second,Pivot,TRUE,FALSE,0.25,250,453.0145713617837,2.5935886514549966,0.3666666666666666,366.6666666666666,740.9402057566531,1.208334079516393,3.987709258292776,1.5938162239388256,30.54253617257729,25.690218369590344,582.5767989919827,7964.859523809524,20.59096943
03021YOPI04_f222,25.69792167210983,206.6619370024083,26.13985637082897,151.37673950195312,-227.2348022,1426.183349609375,209.88766394178776,-1.664596558,-14.44799805,-0.321044922,57.40290832519531,-9.22756958,-29.7076416,-0.114427939,-0.993186383,-0.022069317,0.8791989009902348,-0.141332021,-0.455010497,1.753532395724399,-0.172272949,-1.744678345,0.035991211,12.953540039062794,4.718847656255478,5.435156249999778,222,0.1583333333333333,03021YOPI04,2.0413929769794583,27.55792444815642,-27.06560963,99.13222188679175,99.13222188679175,158.33333333333331,03021YOPI04,C,1,17.6,59,39,0.022916667,0.4490908688865834,-0.265487135,0.3033677252007807,-0.197907082,-34.20952325,-30.90459138,1.425933197113073,2.601073052118567,-1.53766527,1.757064481980242,-1.146250822,-198.1368922,-178.9951776,8.258810566172464,302,1YO,93,PI04,Wind_Near-miss,4,Left,P,1,Experienced,Right,5,FALSE,Second,Pivot,TRUE,FALSE,0.2666666666666666,266.6666666666667,428.4728949288981,2.348135803653833,0.3916666666666666,391.6666666666667,694.8467057210779,0.9523085662258678,2.9093923422911394,1.4995929052002874,29.89974961919464,26.02412556975295,582.5767989919827,7964.859523809524,20.59096943
03021YOPI05_f230,-55.01014786,121.99593485471848,43.30200246281311,70.72334289550781,-311.9195557,1443.403076171875,140.6562757429035,2.400390625,-14.26834106,-0.593994141,60.00750732421875,1.434936523,-27.66552734,0.1657610299279983,-0.985312509,-0.041018774,0.907919411,0.021710729,-0.418582115,1.589534597709986,0.1039242553710941,-1.57715332,-0.168544922,14.301892089843804,10.762207031244747,-8.217773438,230,0.091666667,03021YOPI05,2.118898906065695,24.761624561616674,-24.74510277,88.63016904040542,88.63016904040542,91.66666666666666,03021YOPI05,C,1,17.6,59,39,0.009375,0.7111618194129872,-0.401453621,0.5743561749717973,-0.121248125,-57.75092251,-43.20846634,2.897869833959644,4.118952248476665,-2.325164611,3.326592617527321,-0.7022526,-334.4854654,-250.257543,16.784066779953452,302,1YO,94,PI05,Wind_Near-miss,5,Left,P,1,Experienced,Right,6,FALSE,Second,Pivot,TRUE,FALSE,0.15,150,241.37923218716213,2.6138776129919408,0.2666666666666666,266.6666666666667,513.6168268788705,1.280029036627825,3.611996342588761,2.345170808503065,28.583472425655287,25.05645529692785,582.5767989919827,7964.859523809524,20.59096943
03021YOPI06_f224,-66.94933527,162.89941495259603,33.62807846069336,58.71573257446289,-270.8765564,1433.6322021484375,179.30220452177238,2.823650360107422,-13.94720459,0.510498047,54.15909957885742,-9.10168457,-34.1348877,0.1982995758334586,-0.97948556,0.035851304,0.8375657778739758,-0.140756763,-0.527893078,1.2467502909477512,-0.069415283,-1.240352783,0.1053222656250003,8.869702148437565,6.822070312500068,-0.757617188,224,0.1416666666666666,03021YOPI06,0.9755467163489292,23.559784039876103,-31.8632088,99.53967693,99.53967693,141.66666666666666,03021YOPI06,C,1,17.6,59,39,0.013541667,0.4418034725502853,-0.327166874,0.2829562095730411,-0.089932909,-19.59462929,-24.52159435,2.116930491463597,2.5588654466122533,-1.894905908,1.6388437677986345,-0.52087914,-113.4894199,-142.0257295,12.260972636129624,302,1YO,99,PI06,Wind_Near-miss,6,Left,P,1,Experienced,Right,10,FALSE,Second,Pivot,TRUE,FALSE,0.3333333333333333,333.3333333333333,530.0228284243044,2.300705022500068,0.3416666666666667,341.6666666666667,549.3854851236639,0.937067756,3.362631097653878,1.7632286405536894,30.69060521097489,25.30991190498436,582.5767989919827,7964.859523809524,20.59096943
03021YOPI07_f224,-26.05025474,217.8162324781956,18.65578006752344,99.61896514892578,-216.0270844,1418.6397705078125,220.1603166627752,0.3735504150390625,-14.71807861,1.343994141,60.87090301513672,-8.852355957,-22.85900879,0.025267149,-0.995538658,0.090908478,0.9276078064951768,-0.134900488,-0.348346976,1.6204262800884444,-0.197289734,-1.584906006,0.273735352,-7.170556641,6.429638671875027,26.375976562500192,224,0.1416666666666666,03021YOPI07,1.3651945490456838,23.347648537977832,-20.38624208,98.27442392180473,98.27442392180473,141.66666666666666,03021YOPI07,C,1,17.6,59,39,0.040625,0.3181207270469934,-0.216712751,0.2294048834382522,-0.040122063,-27.46573465,-25.9066565,0.821056546,1.842511856216948,-1.255170693,1.3286817917607974,-0.232381515,-159.0777885,-150.0478205,4.755447511498441,302,1YO,100,PI07,Wind_Near-miss,7,Left,P,1,Experienced,Right,11,FALSE,Second,Pivot,TRUE,FALSE,0.2833333333333333,283.3333333333333,514.9935296692943,2.5695406716588933,0.4,400,796.9988806759607,1.081766516119245,3.318262987740153,1.5671807072580628,26.76348890572845,24.25425375107032,582.5767989919827,7964.859523809524,20.59096943
03021YOUE01_f240,31.995677185058582,15.534812227884911,44.51874364217133,-150.7146301,-408.063385,1441.854736328125,56.982210249897214,-1.423690796,-11.99658203,7.670410156,-5.912216187,-63.6897583,-22.28369141,-0.09948826,-0.83832745,0.5360122881766283,-0.087285723,-0.9402915,-0.328987991,0.5635442537066516,-0.032706299,0.4527758789062516,-0.333925781,-7.955639648,-16.91894531,1.5416015625000157,240,0.008333333,03021YOUE01,0.7405415177521687,19.554953860533622,-19.20736216,-174.6965251,174.6965251021526,8.333333333333334,03021YOUE01,C,1,17.6,59,39,0.010416667,0.3265517562662811,-0.283394408,0.1601717975305659,-0.025858352,-19.53324879,-29.99063935,0.8619898302377504,1.8913432273786088,-1.641381753,0.927693202,-0.149768049,-113.1339125,-173.7016921,4.992527513,302,1YO,45,UE01,Wind_Uturn,1,Left,U,1,Experienced,Left,6,TRUE,First,U-Turn,TRUE,FALSE,,,,1.1419719503438703,0.5833333333333334,583.3333333333334,115.6228481852197,0.5799030067628558,3.173694544256138,1.704588974471626,26.46327738145401,22.480178955375795,582.5767989919827,7964.859523809524,20.59096943
03021YOUI01_f240,-86.76613935,14.853567123413086,17.909155527750727,38.88496398925781,-418.8788757,1417.8594970703125,89.83167172787024,9.803039551,-9.917236328,2.598388672,21.34737014770508,-58.56344604,-34.2989502,0.6911045646534179,-0.699155324,0.1831838240144029,0.3000486366007037,-0.823140369,-0.48208998,0.5706046729897772,-0.233830719,0.4282324218750015,-0.295854492,13.296093750000091,-5.229492188,-1.575,240,0.008333333,03021YOUI01,1.1356943381121691,,-28.82199108,159.97234340719925,159.97234340719925,8.333333333333334,03021YOUI01,C,1,17.6,59,39,0.004166667,0.3932332597887214,-0.348694707,-0.181029335,-0.016515991,9.932410011026958,-23.23325258,1.0410948863091392,2.277553399758603,-2.019592176,-1.048497215,-0.095658368,57.52716390410386,-134.5638297,6.029879566,302,1YO,89,UI01,Wind_Uturn,1,Left,U,1,Experienced,Right,2,FALSE,Second,U-Turn,TRUE,FALSE,,,,2.695920094829435,0.7,700,657.0515545447996,0.6490862426223085,4.7553292311783055,2.423736560765441,28.68023754863897,24.978502352294992,582.5767989919827,7964.859523809524,20.59096943
03021YOWE01_f235,43.70792521,134.96384157567036,-8.514781976,-138.8976746,-288.6072998,1388.779541015625,142.12009981428622,5.596313477,-13.43283081,2.029418945,-29.06533813,12.94384766,-55.73876953,0.3808882978382159,-0.914246152,0.1381234148011852,-0.452868077,0.2016785549561811,-0.868467769,2.3227902068655424,-0.268547974,-2.24723877,0.5226416015625018,-21.54836426,2.122119140625046,3.8900390625000254,235,0.05,03021YOWE01,0.8018675208876369,35.41604155086698,-60.28106963,-65.99485848,65.99485848,50,03021YOWE01,C,1,17.6,59,39,0.019791667,2.342708514765917,-0.146959095,-2.245250586,0.6523312150948635,250.0311484850353,-17.7544262,-1.42109904,13.568648148722993,-0.851167033,-13.00418512,3.7782134133471375,1448.1463052835425,-102.8312147,-8.230811786,302,1YO,37,WE01,Wind_success,1,Left,W,1,Experienced,Left,1,TRUE,First,Head-On,TRUE,TRUE,0.091666667,91.66666666666666,239.73584221728083,2.8697020380520124,0.1583333333333333,158.33333333333331,419.91943535973536,2.3087537531123306,4.070792310970292,2.626582146083892,28.43224768077627,26.37950665607123,582.5767989919827,7964.859523809524,20.59096943
03021YOWE02_f240,13.825807575393071,43.94135649169414,13.072580357434164,-168.8979645,-379.6011353,1410.3568115234375,47.88411137990889,6.748901367,-13.11624146,-0.380493164,-28.44604492,15.966094970703123,-55.20776367,0.4573784574964359,-0.888898201,-0.025786327,-0.443604377,0.2489846878423725,-0.86094238,2.3207296443423977,0.066066284,-2.304525146,0.2656787109375009,0.063500977,7.981787109375073,7.041796875000052,240,0.008333333,03021YOWE02,0.1797897801188311,,-59.42255849,-60.69552878,60.69552878058687,8.333333333333334,03021YOWE02,C,1,17.6,59,39,0.01875,2.806348832300369,0.1958050210530116,-2.77869102,0.3407790776108018,322.76570197847445,22.35608443288547,4.439620828458034,16.25398962272014,1.1340759721817464,-16.09379934,1.9737459318575763,1869.414917399189,129.48339144243738,25.71367822987926,302,1YO,39,WE02,Wind_success,2,Left,W,1,Experienced,Left,2,TRUE,First,Head-On,TRUE,TRUE,0.066666667,66.66666666666667,185.73667303161605,2.983164030837282,0.225,225,622.7512687,2.376136732755905,3.347780086928497,2.291240445011003,26.98079978916708,24.515753640885052,582.5767989919827,7964.859523809524,20.59096943
03021YOWE03_f229,-39.06902603,46.70442530314125,39.62349141438813,-221.8438873,-376.9508057,1436.8919677734375,72.64787133368444,14.23028564453125,-0.592071533,-2.126342773,-41.83439636,-29.44723511,-28.29077148,0.9881835154269224,-0.041114799,-0.147658096,-0.715601691,-0.503712091,-0.483930107,0.4754983076353412,0.3647277832031165,-0.304844971,0.01190918,5.263110351561227,-7.047949219,-5.890429687,229,0.1,03021YOWE03,0.7880512719008778,44.00814398081695,-28.94239972,-125.1417176,125.14171761694732,100,03021YOWE03,C,1,17.6,59,39,0.3322916666666666,0.2370064936569491,-0.232666738,0.015317993,0.042469118,-2.067292831,-24.70252174,0.05902651,1.372709281212058,-1.34757401,0.088719727,0.2459753388818598,-11.97347808,-143.0736363,0.3418734949897072,302,1YO,46,WE03,Wind_success,3,Left,W,1,Experienced,Left,7,TRUE,First,Head-On,TRUE,TRUE,0.1666666666666666,166.66666666666666,101.47888972780788,2.487474807,0.475,475,649.7602193087963,0.6708037270597785,3.880252627483314,1.7717452757904926,27.301675487312338,24.11824838,582.5767989919827,7964.859523809524,20.59096943
03021YOWE04_f238,44.82620795567831,48.80885137,21.28480478922529,-137.8569946,-374.7779846,1418.5709228515625,69.60413642,2.7263946533203125,-14.06338501,0.535888672,-38.53321838,12.82458496,-47.31274414,0.1901882363218089,-0.981035665,0.0373826,-0.617994687,0.2056803377762635,-0.758800478,2.308649496810038,-0.328771362,-2.262568359,0.3202441406250012,-4.047583008,-6.705175781,18.81210937500066,238,0.025,03021YOWE04,2.662532919550889,15.820365442452673,-49.35856447,-71.59158049,71.59158049424252,25,03021YOWE04,C,1,17.6,59,39,0.005208333,2.034944088717707,-0.583948626,-1.846153575,0.6258741290498032,201.5344040739572,-69.96806932,-1.80054436,11.786118575188272,-3.382150787,-10.69266967,3.624977579984496,1167.2597770940897,-405.2455132,-10.42850732,302,1YO,50,WE04,Wind_success,4,Left,W,1,Experienced,Left,9,TRUE,First,Head-On,TRUE,TRUE,0.075,75,171.6040770250588,2.8260948543662407,0.2166666666666666,216.66666666666669,547.9698159407559,2.188656008123504,3.449716826594872,2.2536761554975997,29.191397084752985,26.25982784521086,582.5767989919827,7964.859523809524,20.59096943
03021YOWE05_f217,103.23760353724164,355.52167835235593,-18.84127858,-79.42694855,-68.12161255,1378.439941,370.6867415234846,5.560302734,-12.66418457,0.168457031,-36.88571167,16.339900970458984,-51.16516113,0.4019855140357187,-0.915565031,0.012178705,-0.566105982,0.2507777474672128,-0.785260809,2.675775425379925,-0.505210876,-2.542671204,0.6628417968750023,-15.80449219,-20.74954834,7.062890625000049,217,0.2,03021YOWE05,0.7797959471221458,,-51.74480636,-66.10726679,66.10726679166015,200,03021YOWE05,C,1,17.6,59,39,0.010416667,0.7487519598886966,-0.424270764,-0.616927087,0.004978536,53.70561168149494,-37.63514339,-2.529181513,4.336669214441991,-2.457318391,-3.573157531,0.028834999,311.0555769,-217.9776167,-14.64867432,302,1YO,52,WE05,Wind_success,5,Left,W,1,Experienced,Left,10,TRUE,First,Head-On,TRUE,TRUE,0.2916666666666667,291.6666666666667,613.9800485278616,2.855300486479555,0.2333333333333333,233.33333333333331,457.6145792281932,1.209990843619439,3.032892051,2.019603163947255,30.08524327585182,26.167084522378463,582.5767989919827,7964.859523809524,20.59096943
03021YOWE06_f225,128.252952,227.5174390157064,-17.32953135,-54.06439209,-196.0323029,1379.8695068359375,261.7504869350634,2.301624298095703,-14.55026245,2.32434082,-48.76663971,6.6116790771484375,-36.32055664,0.1543324002848957,-0.975648776,0.155855627,-0.797304474,0.1080968740219958,-0.593818694,2.0337074269571263,-0.436434174,-1.89194458,0.6050097656250022,-0.367932129,6.266821289,21.67558593750016,225,0.1333333333333333,03021YOWE06,1.0908693992466314,,-36.42846522,-82.2790356,82.27903559678339,133.33333333333334,03021YOWE06,C,1,17.6,59,39,0.00625,0.8110706660718712,-0.222193876,-0.773186781,0.1031877371701038,60.87346371338997,-18.51841934,-1.690708188,4.697610659762018,-1.286916622,-4.478192363,0.5976492978529782,352.5707980805183,-107.2561587,-9.792351193,302,1YO,55,WE06,Wind_success,6,Left,W,1,Experienced,Left,12,TRUE,First,Head-On,TRUE,TRUE,0.2916666666666667,291.6666666666667,635.4952599900188,2.6501393748598514,0.2083333333333333,208.33333333333331,425.5365168018442,1.355065735,3.4836689524668163,1.9126830921881448,29.46150176275829,25.72525886825052,582.5767989919827,7964.859523809524,20.59096943
03021YOWE07_f212,191.7644297281901,477.15060640970864,-16.61904373,9.471794128417969,53.63574219,1380.5604248046875,514.5118952178719,1.564255714416504,-14.51247025,1.357543945,-41.61404419,13.299644470214844,-45.00024414,0.1067057718109988,-0.989968791,0.092604919,-0.663503327,0.2120524097141114,-0.717493631,2.2659165555980083,-0.079405174,-2.263169861,0.078325195,-6.337477112,-4.569763184,-10.77011719,212,0.2416666666666666,03021YOWE07,0.3856637990708142,-1.194264794,-45.84793582,-72.27637517,72.27637516852718,241.66666666666663,03021YOWE07,C,1,17.6,59,39,0.01875,0.8723631505743477,-0.384138282,-0.776324153,0.1038077818252993,40.636668521125465,-20.40629385,-2.456628458,5.052608369094312,-2.224876531,-4.496363598,0.601240512,235.36204082757308,-118.1904704,-14.22845692,302,1YO,57,WE07,Wind_success,7,Left,W,1,Experienced,Left,13,TRUE,First,Head-On,TRUE,TRUE,0.2666666666666666,266.6666666666667,568.3276939,2.3950907335641105,0.325,325,703.0412615,1.4429486497896211,3.1014284157856893,1.7669392338565066,27.94455689720987,24.870725086915844,582.5767989919827,7964.859523809524,20.59096943
03021YOWE08_f222,77.19844884872435,73.37806873321534,90.37032547,-105.1472321,-350.1598816,1487.506348,139.68084049437144,8.543464660644531,-9.246490479,-7.661499023,-44.22010803,-13.52185059,-44.90734863,0.5797185165937594,-0.627422475,-0.519872561,-0.686021978,-0.209775306,-0.696683692,0.7146527697329265,-0.109101562,-0.701385498,-0.08296875,0.5820556640628382,-6.652880859,19.37460937499989,222,0.1583333333333333,03021YOWE08,2.7262975268947955,24.8036838,-44.16153802,-107.0028519,107.00285189164322,158.33333333333331,03021YOWE08,C,1,17.6,59,39,0.014583333,0.3139465678427658,-0.303724977,-0.067672472,-0.041641595,2.081750616685564,-19.12983731,-0.595317416,1.818335695502999,-1.759133635,-0.391949725,-0.24118244,12.057215600300966,-110.7974082,-3.447997267,302,1YO,58,WE08,Wind_success,8,Left,W,1,Experienced,Left,14,TRUE,First,Head-On,TRUE,TRUE,0.5416666666666666,541.6666666666666,769.3405751642192,2.743463306152591,0.4916666666666666,491.6666666666666,637.9574854571778,0.5260370660448606,3.7221030517195066,2.059762370413368,29.166802748768312,24.51416951777497,582.5767989919827,7964.859523809524,20.59096943
03021YOWI01_f229,-83.89781421,129.7349318186442,43.10467249552403,41.85398864746094,-304.0534363,1443.066650390625,160.39952791137907,3.805274963378906,-13.95397949,-0.166381836,53.39550781,0.007476807,-38.0423584,0.2630771023902589,-0.964706237,-0.011502783,0.8144347419813753,0.000114043,-0.580255149,1.1504213498435745,0.040361938,-1.149693604,0.006694336,7.421594238280976,7.273388671878545,12.860156249999728,229,0.1,03021YOWI01,1.6786913363259286,19.636268640864976,-35.46849047,89.99197705,89.99197705,100,03021YOWI01,C,1,17.6,59,39,0.030208333,0.4924093197828719,-0.321255772,0.3676097190401591,-0.064224308,-22.2828461,-22.73366249,0.631266224,2.8519676106412275,-1.860669608,2.129145347049388,-0.371978433,-129.059205,-131.6702721,3.656207858046473,302,1YO,95,WI01,Wind_success,1,Left,W,1,Experienced,Right,7,FALSE,Second,Head-On,TRUE,TRUE,0.3166666666666666,316.66666666666663,514.8385966085199,2.285950823415431,0.3666666666666666,366.6666666666666,625.1569612129141,0.9271992683122996,3.175501079599596,1.6561324943708238,30.376629464789897,24.22096298356825,582.5767989919827,7964.859523809524,20.59096943
03021YOWI02_f220,41.02069867478532,244.24654976161884,-17.56172502,166.70640563964844,-189.6428986,1382.565673828125,248.28912375670268,-1.34753418,-14.18211365,3.675170898,57.23808288574219,0.1876373291015625,-28.72167969,-0.091591654,-0.963955694,0.2498006997268954,0.8937813480363622,0.002929985,-0.448493386,1.845826520657794,-0.481918945,-1.756928101,0.296704102,12.260961914062582,-7.092553711,5.101171875000035,220,0.175,03021YOWI02,1.2352177063481806,28.16650375223185,-26.64706216,89.81217420319672,89.81217420319672,175,03021YOWI02,C,1,17.6,59,39,0.020833333,0.4965605582192928,-0.225871825,0.4088398344018681,-0.168535742,-42.31665097,-26.2698035,1.4940921698358385,2.876011017394662,-1.308218801,2.3679445510255537,-0.976136027,-245.09227,-152.1511184,8.653578038619209,302,1YO,97,WI02,Wind_success,2,Left,W,1,Experienced,Right,8,FALSE,Second,Head-On,TRUE,TRUE,0.25,250,399.5096645263916,2.445478858405888,0.4583333333333333,458.3333333333333,890.9917867362162,0.9645304175184778,3.163297114771193,1.4820131180911946,28.16650375223185,23.67737507,582.5767989919827,7964.859523809524,20.59096943
03021YOWI03_f220,17.059464359283453,206.38677965799968,5.618057759602834,142.71864318847656,-227.5415802,1405.8248291015625,207.1668185661392,-3.07951355,-14.12704468,2.406494141,58.24455261230469,-12.17892456,-17.06201172,-0.210095356,-0.963797181,0.1641795805535449,0.940914447,-0.196745027,-0.275629095,1.4112695680135243,-0.315005493,-1.374805298,0.048618164,13.244897460937592,-6.388330078,-6.30703125,220,0.175,03021YOWI03,0.8104515085849872,25.74711692753464,-15.99950761,101.81037127301448,101.81037127301448,175,03021YOWI03,C,1,17.6,59,39,0.016666667,0.4466767849733016,-0.235968695,0.3624056195827565,-0.111808282,-36.68329548,-29.51258108,0.6752880075985495,2.5870910073979565,-1.366698494,2.099003912883169,-0.64757832,-212.4646434,-170.9328438,3.9111760239930806,302,1YO,98,WI03,Wind_success,3,Left,W,1,Experienced,Right,9,FALSE,Second,Head-On,TRUE,TRUE,0.325,325,489.9678584134926,2.3204164651785284,0.325,325,489.9678584134926,0.8128522487943931,2.9585852382345115,1.5286394651320454,28.805279864626726,23.717234651472097,582.5767989919827,7964.859523809524,20.59096943
03021YOWI04_f234,-59.15735701,88.68962306976317,30.934167226155523,66.54403686523438,-345.1648254,1430.977783203125,111.00614771512662,1.227020263671875,-14.23080444,1.886108398,44.47422790527344,-6.8409729,-46.90429688,0.085164825,-0.987729386,0.1309107083039184,0.6842376025080059,-0.105248615,-0.721624301,0.8475319313440388,0.015170288,-0.842138672,0.094248047,10.775280761718824,-5.816162109,5.663671875,234,0.058333333,03021YOWI04,0.86134105,32.40496784151296,-46.1887491,98.74463190443028,98.74463190443028,58.333333333333336,03021YOWI04,C,1,17.6,59,39,0.030208333,0.3145728935081676,-0.244843586,0.1972752986651175,-0.009496326,-18.58137788,-21.50070398,-0.567427684,1.821963288,-1.418100652,1.1425916195505368,-0.055001426,-107.620806,-124.5291446,-3.286463744,302,1YO,102,WI04,Wind_success,4,Left,W,1,Experienced,Right,12,FALSE,Second,Head-On,TRUE,TRUE,0.325,325,551.8906357322875,2.489558767925889,0.4083333333333333,408.3333333333333,754.3952836446248,0.9686152910719746,4.0997677813799465,2.0050957976803976,26.106638328408103,23.073038162361136,582.5767989919827,7964.859523809524,20.59096943
03021YOWI05_f220,-54.06160754,251.8690824508667,-18.33555094,71.60774993896484,-182.0004578,1381.7642822265625,258.2573997631119,2.2938003540039062,-14.05889893,2.455932617,61.327903747558594,-1.235733032,-26.49523926,0.1586860792191082,-0.972600577,0.1699024578000147,0.9178359552574724,-0.018494032,-0.396528851,1.842590929005618,-0.026408386,-1.822597046,0.2694140625000009,4.543835449218783,10.332641601562564,3.0972656250000217,220,0.175,03021YOWI05,1.3254423864641156,25.22891840346124,-23.36135878,91.15433111673946,91.15433111673946,175,03021YOWI05,C,1,17.6,59,39,0.009375,0.4715949458811301,-0.105127771,0.4446026924408078,-0.116954652,-36.45905841,-10.64966126,1.7462221181466666,2.7314135962904857,-0.608885712,2.5750781463766548,-0.677385388,-211.1658929,-61.68138529,10.11388030619652,302,1YO,103,WI05,Wind_success,5,Left,W,1,Experienced,Right,13,FALSE,Second,Head-On,TRUE,TRUE,0.275,275,480.3693340086926,2.5563929045287903,0.2666666666666666,266.6666666666667,459.4372935641736,0.8588790939819041,3.724262533784252,1.974333772307412,27.48259590876436,23.75851183508768,582.5767989919827,7964.859523809524,20.59096943
03021YOWI06_f227,5.388877438602961,150.68496506597404,20.36546832186196,131.02415466308594,-283.2130737,1420.3890380859375,152.15042227003798,-2.871780396,-13.92037964,0.682006836,56.87329102,-11.48126221,-28.59387207,-0.201813525,-0.978250594,0.04792783,0.8792502792760999,-0.177498134,-0.442055832,1.2954769977025955,-0.374172363,-1.221657715,0.2140283203125007,21.365771484375152,-1.044140625,2.7421875000000204,227,0.1166666666666666,03021YOWI06,1.127566256040175,25.088150358296403,-26.23512508,101.41316046155114,101.41316046155114,116.66666666666669,03021YOWI06,C,1,17.6,59,39,0.025,0.3752873081884058,-0.182664255,0.3017657708787098,-0.128108365,-31.29223143,-16.53817783,1.700648095565029,2.173612896096317,-1.057966449,1.7477861810693505,-0.741986173,-181.2403359,-95.78687,9.849921784154786,302,1YO,104,WI06,Wind_success,6,Left,W,1,Experienced,Right,14,FALSE,Second,Head-On,TRUE,TRUE,0.3333333333333333,333.3333333333333,516.0823877869492,2.454659820182912,0.4666666666666667,466.6666666666667,812.5778607022095,1.0809409031297237,2.2829782809047217,1.3646815514481274,30.73125841101168,24.93462362776929,582.5767989919827,7964.859523809524,20.59096943
03021YOWI07_f235,-4.845713743,70.18557879130043,4.5867319742837935,121.0178680419922,-363.7290039,1404.9063720703125,70.50201785870196,-1.118011475,-14.35302734,2.426635742,47.68695068359375,-3.528900146,-40.83337402,-0.076578301,-0.983111958,0.1662126433351268,0.758383286,-0.05612141,-0.649388311,1.0023766746083087,-0.326976013,-0.893184814,0.3163330078125011,5.096337890625042,5.183789062500034,-12.48925781,235,0.05,03021YOWI07,0.9613547972859368,,-40.49549903,94.23225242765125,94.23225242765125,50,03021YOWI07,C,1,17.6,59,39,0.046875,0.2624874059370854,-0.221640942,0.1193128388439255,-0.074426994,-17.19299911,-25.90505652,-0.369911001,1.5202912492880956,-1.283714104,0.6910436871230975,-0.431070998,-99.57950554,-150.0385536,-2.142474057,302,1YO,105,WI07,Wind_success,7,Left,W,1,Experienced,Right,15,FALSE,Second,Head-On,TRUE,TRUE,0.3083333333333333,308.33333333333337,504.1771744,2.3127493684705254,0.5666666666666667,566.6666666666666,1034.6368506989131,1.0515168725796948,3.521008837724768,1.8659754210722237,30.01668265296132,27.777778209326744,582.5767989919827,7964.859523809524,20.59096943
03031YOME01_f228,226.5071294784546,201.6822517,33.11619542,46.100528717041016,-232.3583832,1429.9547119140625,305.0866971381613,0.335296631,-14.42192078,3.337280273,-41.72853661,-19.33973694,-45.23828125,0.022644756,-0.974005843,0.2253881807978733,-0.646833704,-0.299785104,-0.701238227,1.871451608404664,-0.332564392,-1.838521729,-0.107563477,-1.692938232,5.017456054687539,-5.593359375,228,0.1083333333333333,03031YOME01,1.9454325157610048,22.07615100567525,-44.52643173,-114.8660955,114.8660955322218,108.33333333333334,03031YOME01,C,3,17.9,60,36,-0.020833333,0.08231567,-0.056475805,-0.059646608,0.005351183,1.469162087908212,-0.545627588,0.055418996,0.468770722,-0.321618035,-0.339675099,0.03047388,8.366574342155774,-3.107236303,0.3155997263152683,303,1YO,115,ME01,Wind_missed,1,Right,M,1,Experienced,Left,3,FALSE,Second,Failure,FALSE,FALSE,0.3166666666666666,316.66666666666663,723.8364865091955,2.545489195784436,0.225,225,525.6812614604404,0.627608901,1.916452910976319,1.1301206673458792,30.62546941390441,24.774012152588487,496.39679914109774,8237.142857142857,20.49569900002755
03031YOME02_f235,52.17097854614258,97.34406967163083,43.690401458740325,-128.3465271,-337.0206604,1440.4847412109375,118.77091429438138,7.0410003662109375,-12.84518433,2.327880859,-52.82237244,-3.524108887,-25.62304688,0.4747111867627107,-0.866034992,0.156948023,-0.898115922,-0.059918897,-0.435657569,2.193405200558545,-0.090689392,-2.185415039,0.1635937500000006,-0.384631348,4.398925781250005,-24.44765625,235,0.05,03031YOME02,1.5427593205631345,24.684836614016525,-25.82714339,-93.81690131,93.81690131467764,50,03031YOME02,C,3,17.9,60,36,0.6895833333333333,0.5480813132501184,-0.3638917,0.3737699818899157,0.1681426691058157,-23.17590359,-20.84584933,-1.185837568,3.1212097634389626,-2.072287998,2.128542770117801,0.9575377371500734,-131.9819793,-118.712802,-6.753099779,303,1YO,122,ME02,Wind_missed,2,Right,M,1,Experienced,Left,6,FALSE,Second,Failure,FALSE,FALSE,0.2583333333333333,258.33333333333337,658.2349932100581,2.862354809931637,0.2,200,495.8428529662293,2.2140744323389665,1.7857735997479682,1.035737885924622,31.278546605324923,26.493939700316623,496.39679914109774,8237.142857142857,20.49569900002755
03031YOME03_f239,114.01570612589518,29.65721352895099,67.67725931803375,-66.55478668,-404.7003479,1464.4512939453125,135.8651647277133,6.088058471679688,-13.41818237,-1.825439453,-55.25371552,-14.2237854,-23.87695313,0.4100429739359794,-0.903741551,-0.122947016,-0.893353147,-0.229973013,-0.386047364,1.6561482060675148,-0.334930573,-1.601268311,-0.258046875,-17.45864868,9.718505859375073,-16.40917969,239,0.016666667,03031YOME03,1.896979199037432,23.025636036779243,-22.7087773,-104.4360301,104.43603007555242,16.666666666666668,03031YOME03,C,3,17.9,60,36,0.034375,0.1209785576358954,-0.100249286,-0.064460827,0.020753166,2.6090273838972204,-4.856704591,-0.066473366,0.6889478734838779,-0.570898957,-0.367091081,0.1181849897154372,14.857871536268544,-27.65792853,-0.378552074,303,1YO,128,ME03,Wind_missed,3,Right,M,1,Experienced,Left,11,FALSE,Second,Failure,FALSE,FALSE,0.2333333333333333,233.33333333333331,583.1609300478191,2.785710451455232,0.1666666666666666,166.66666666666666,411.7246271705572,1.6972293819537505,2.4827997493103973,1.2732271956762549,29.16925497907205,25.377757207805185,496.39679914109774,8237.142857142857,20.49569900002755
03031YOPE01_f238,12.963164052133097,88.27558046895734,28.567164070793524,-167.4556885,-345.9093933,1425.3240966796875,93.68406797541148,6.8560638427734375,-12.88973999,1.662597656,-40.50480652,-9.359283447,-45.23339844,0.466587613,-0.877207849,0.1131476441382274,-0.659308373,-0.152343746,-0.736277022,1.6769724626845757,0.1341870117187505,-1.671591797,0.003369141,-3.86784668,5.908447265619538,1.0529296874999905,238,0.025,03031YOPE01,2.637685830259381,17.52621977152903,-47.41523321,-103.0107594,103.01075939642952,25,03031YOPE01,C,3,17.9,60,36,0.022916667,1.2555554791708148,-0.454912082,-1.167482086,0.080374986,141.4434487,-54.85344796,-2.537118419,7.150128868449221,-2.590630257,-6.648569101,0.457718925,805.4911967319119,-312.3790452,-14.44836485,303,1YO,116,PE01,Wind_Near-miss,1,Right,P,1,Experienced,Left,4,FALSE,Second,Pivot,TRUE,FALSE,0.1666666666666666,166.66666666666666,372.0753920995783,2.5868223530913754,0.3083333333333333,308.33333333333337,709.1684679223549,1.762715070430106,2.7903153955653086,1.2143698782260497,28.85949478128376,22.92091313062745,496.39679914109774,8237.142857142857,20.49569900002755
03031YOPE02_f235,54.34583495457966,119.0895145,26.91235071818028,-126.1265717,-315.2558594,1423.6373291015625,133.64152375608748,3.0274734497070312,-14.12765503,2.490112305,-46.93902588,-4.075378418,-41.17834473,0.2064926780141119,-0.963594684,0.1698412775182461,-0.750133239,-0.06512868,-0.658071712,2.1800263331470715,-0.222380676,-2.162596436,0.1619824218750005,-16.97156982,2.157714843749997,-20.90917969,235,0.05,03031YOPE02,0.9311869945761166,19.61908523287837,-41.15297588,-94.96213737,94.96213737077306,50,03031YOPE02,C,3,17.9,60,36,0.014583333,0.8753130630257386,-0.439560843,-0.735099145,0.1805227707815059,81.86772461589965,-50.88163307,-1.960542779,4.984726923420626,-2.503208124,-4.186237648,1.0280398566136817,466.2197655789592,-289.7603806,-11.16488578,303,1YO,118,PE02,Wind_Near-miss,2,Right,P,1,Experienced,Left,5,FALSE,Second,Pivot,TRUE,FALSE,0.2166666666666666,216.66666666666669,541.5193480103505,2.657570075,0.2333333333333333,233.33333333333331,584.3160277724313,1.902224270223816,2.3432833462849323,1.2105505696867978,31.226335398582933,25.58408927956473,496.39679914109774,8237.142857142857,20.49569900002755
03031YOPI01_f237,-14.03456292,53.90290684215967,32.862633460026245,114.29798126220705,-387.4339905,1432.0120849609375,64.67182539815154,-3.645797729,-13.53085327,5.669433594,37.20232391357422,-10.68789673,-48.06726074,-0.241174879,-0.895085835,0.3750413663965938,0.6028112763266534,-0.173182317,-0.778862279,1.4231198707192017,0.082643738,-1.365047607,0.3938085937499909,-1.465905762,31.166894531253728,-0.10546875,237,0.033333333,03031YOPI01,1.3735126691471191,24.145850570195968,-51.15652448,106.02888763426829,106.02888763426829,33.333333333333336,03031YOPI01,C,3,17.9,60,36,0.002083333,0.6629614905911928,-0.157546628,0.6139774711816978,-0.194238675,-75.69214838,-24.3340433,3.8935472701631824,3.775428621980722,-0.897195475,3.496474758863648,-1.106149095,-431.0511357,-138.5773455,22.172946714748843,303,1YO,86,PI01,Wind_Near-miss,1,Right,P,1,Experienced,Right,8,TRUE,First,Pivot,TRUE,FALSE,0.2166666666666666,216.66666666666669,488.93502227916775,2.909915906,0.2,200,440.2125893384535,1.4883046812513705,1.7264421517535824,1.1756901291691315,29.10183740436619,26.31049412898569,496.39679914109774,8237.142857142857,20.49569900002755
03031YOUE01_f240,-3.822157033,1.6582044601440202,40.78832066853852,-184.2081909,-432.389679,1437.623291015625,41.00055645205628,9.094879150390623,-11.5802002,-0.461791992,-45.55503845,3.883483887,-35.91882324,0.6173563672615002,-0.786058859,-0.031346236,-0.783511972,0.066792966,-0.617776408,1.9937215138773592,-0.299254761,-1.970310059,0.057011719,-18.80441895,-9.103710938,-9.235546875,240,0.008333333,03031YOUE01,0.8274260677731048,14.642279541456393,-38.1539372,-85.12742,85.12741999914022,8.333333333333334,03031YOUE01,C,3,17.9,60,36,0.5041666666666667,0.3554626664823611,-0.221737051,0.2684554415689794,-0.071540641,-13.78612001,-9.653876563,0.7288966559605329,2.024286393899516,-1.262746663,1.5287982367153536,-0.407409157,-78.50910319,-54.97683109,4.150915756698688,303,1YO,113,UE01,Wind_Uturn,1,Right,U,1,Experienced,Left,1,FALSE,Second,U-Turn,TRUE,FALSE,0.2833333333333333,283.3333333333333,691.9040425372284,2.985810273814842,0.2,200,464.45083014696735,1.9284534961961888,2.5895092300717986,1.305335561534959,30.14553753097182,25.03757267,496.39679914109774,8237.142857142857,20.49569900002755
03031YOUE02_f227,51.207748031616205,-74.37218558,85.85176417,-129.2178497,-508.4036255,1482.652344,124.5952681989314,4.285125732421875,12.436981201171877,-6.642578125,-18.12295532,-51.40374756,-10.09448242,0.2907829948054353,0.8439571825519572,-0.450756613,-0.326941443,-0.927333048,-0.182106317,0.575719285,0.061948242,0.5355688476562519,-0.201943359,5.788916015625041,18.662695312500134,11.45917968750008,227,0.1166666666666666,03031YOUE02,1.6125012015546796,21.59367824384704,-10.49247092,-160.5793385,160.57933846752815,116.66666666666669,03031YOUE02,C,3,17.9,60,36,0.076041667,0.403112456,-0.37438703,0.1491634602501722,-0.009179637,-10.92788205,-31.14681674,-1.112756502,2.295642092693364,-2.132056733,0.8494550666585359,-0.052276136,-62.23202895,-177.3746818,-6.336918217,303,1YO,114,UE02,Wind_Uturn,2,Right,U,1,Experienced,Left,2,FALSE,Second,U-Turn,TRUE,FALSE,0.675,675,744.0733766531262,2.9472568508069523,0.5333333333333333,533.3333333333334,364.2740675117072,0.7663756046779507,3.241938803324076,1.431048813112359,31.256917318824183,25.570632314449245,496.39679914109774,8237.142857142857,20.49569900002755
03031YOUE03_f239,114.14409367243448,-19.56874332,57.74241460164399,-66.42490387,-453.9333801,1454.527099609375,129.40632240976942,1.8977508544921875,-13.79452515,3.569458008,-9.474220276,-39.22216797,-53.58581543,0.1320203935685394,-0.959640532,0.2483156574016555,-0.141239945,-0.584716916,-0.798847549,1.225915561679296,-0.158766174,1.0345092773437536,-0.638320313,2.4161682128906423,-1.08984375,-2.557617188,239,0.016666667,03031YOUE03,38.09205083576366,,-53.02019185,-166.4201789,166.42017885578423,16.666666666666668,03031YOUE03,C,3,17.9,60,36,0.014583333,0.7059165148819471,-0.554912413,0.4318173378346069,0.062642852,-17.35873494,-23.24048953,-1.884610221,4.020048604388106,-3.160111462,2.459110460962801,0.3567380931583239,-98.85440658,-132.3497829,-10.73246556,303,1YO,125,UE03,Wind_Uturn,3,Right,U,1,Experienced,Left,8,FALSE,Second,U-Turn,TRUE,FALSE,,,,3.1001945348289754,0.8,800,451.1382915367234,1.225915561679296,3.841485261767353,1.2278451175285798,31.509777765015173,26.03986366304544,496.39679914109774,8237.142857142857,20.49569900002755
03031YOUE04_f233,107.03086303075152,-63.49973831,90.76802546183262,-73.51960754,-497.8651733,1487.5614013671875,154.0345962860628,-1.140022278,13.57989501953125,-5.43762207,-5.210281372,-35.74951172,-47.47192383,-0.077698128,0.9255366668772612,-0.3706007,-0.087339749,-0.599267708,-0.795770057,0.8412507695861734,-0.076796265,0.7183703613281276,-0.430986328,-4.561743164,4.072412109375031,-6.711328125,233,0.066666667,03031YOUE04,1.1729210486281412,21.62847627328392,-52.72805004,-171.7078598,171.70785980970982,66.66666666666667,03031YOUE04,C,3,17.9,60,36,0.009375,0.6579067049777542,-0.524667558,0.3968897226219902,0.006613172,-17.70988965,-25.24365954,0.2503493078546605,3.7466426629864302,-2.987873268,2.260204913592846,0.037660648,-100.85416,-143.757422,1.425687548645838,303,1YO,127,UE04,Wind_Uturn,4,Right,U,1,Experienced,Left,10,FALSE,Second,U-Turn,TRUE,FALSE,,,,2.843195648202249,0.7666666666666667,766.6666666666667,526.5319508318279,1.209047561348267,2.928466552224518,1.188873100440398,31.46414735,26.32026297193274,496.39679914109774,8237.142857142857,20.49569900002755
03031YOUE05_f208,133.6039119084676,135.67785987854006,-276.6756383,-46.9569931,-298.6651611,1120.136719,335.86886694299454,24.300249099731445,-389.2185059,468.9122314453125,30.23822784423828,-401.2241211,474.1612548828125,0.039843958,-0.638182996,0.7688529916913558,0.048624567,-0.645188249,0.7624747703164921,0.4062049252992344,0.405902252,-0.012319336,-0.009697266,48.592968750000345,-1.517871094,-0.27421875,208,0.275,03031YOUE05,120.95517994141696,23.570494065319853,49.68285659422612,175.69005523790975,175.69005523790975,275,03031YOUE05,C,3,17.9,60,36,0.0125,0.710603694,-0.549329758,0.4416203105806807,0.090365524,-33.2202766,-43.12071722,0.8159605896206713,4.046741120320485,-3.1283194,2.5149363639922817,0.5146129744522374,-189.182607,-245.5635694,4.646726858471126,303,1YO,130,UE05,Wind_Uturn,5,Right,U,1,Experienced,Left,13,FALSE,Second,U-Turn,TRUE,FALSE,0.275,275,335.86886694299454,1.481643945731182,0.1416666666666666,141.66666666666666,243.8071488,1.1670963464903663,4.925917695781696,2.2296867316749065,30.005010037223904,24.46392820284702,496.39679914109774,8237.142857142857,20.49569900002755
03031YOUE06_f219,140.54650745391845,-133.0864213,128.5939893086752,-40.03209305,-567.4373779,1525.360107421875,232.3827239050321,0.05475235,14.10101318359375,-3.767822266,-10.88600922,-42.93231201,-44.0715332,0.003751234,0.966099204,-0.258143868,-0.174226585,-0.687115909,-0.705348726,0.7701478014525039,-0.060840912,0.7404052734375026,-0.203041992,-6.047589111,9.736523437500065,4.57734375,219,0.1833333333333333,03031YOUE06,1.744504957196478,25.609373184394745,-44.85772398,-165.7718278,165.77182776468578,183.3333333333333,03031YOUE06,C,3,17.9,60,36,0.003125,0.7416352101386668,-0.576937278,0.4651520226092056,-0.028279994,-20.42904232,-25.32121532,1.6989935069523814,4.223459189053849,-3.285538517,2.648944598825765,-0.161048721,-116.3391723,-144.1990861,9.675416756088485,303,1YO,131,UE06,Wind_Uturn,6,Right,U,1,Experienced,Left,14,FALSE,Second,U-Turn,TRUE,FALSE,,,,3.114499741278784,0.7416666666666667,741.6666666666667,497.9529169066279,0.927443343,4.124694052007832,1.4290495824676366,30.660952350682017,25.274387594678387,496.39679914109774,8237.142857142857,20.49569900002755
03031YOUE07_f235,-7.8244332,63.631860542297375,17.10227483113613,-188.3734589,-370.7159424,1413.887451171875,66.35301979087721,5.793228149414063,-13.26391602,2.627929688,-52.2247467,-5.931182861,-24.11181641,0.3938157061584924,-0.901662824,0.1786430568460095,-0.903117641,-0.102567388,-0.416963377,2.0098461800026604,0.090194092,-2.005316162,0.1002685546875003,-9.684887695,-3.922998047,-30.50332031,235,0.05,03031YOUE07,1.2161486840190028,20.68105617731079,-24.64302067,-96.47933969,96.47933968930192,50,03031YOUE07,C,3,17.9,60,36,0.603125,0.3659246007966195,-0.29686733,0.2137159888953345,0.009801935,-16.64016914,-21.17514495,-0.691822685,2.083864946819854,-1.690598067,1.2170683710917178,0.055819996,-94.76232292,-120.5880726,-3.939787156,303,1YO,132,UE07,Wind_Uturn,7,Right,U,1,Experienced,Left,15,FALSE,Second,U-Turn,TRUE,FALSE,0.275,275,603.0921388640289,2.6402073727698245,0.2083333333333333,208.33333333333331,432.7335959074043,2.250206661750028,3.0347507926139365,1.2030521730442016,31.30342607815281,26.08815499562768,496.39679914109774,8237.142857142857,20.49569900002755
03031YOUI01_f234,-47.37433583,-33.29649041,65.58894322713218,81.25234222,-474.005127,1464.6854248046875,87.49224790164187,5.8734283447265625,-13.19818115,-0.182617188,16.341476440429688,-38.9619751,-50.18249512,0.4065435224105823,-0.913543971,-0.01264029,0.2491078097038968,-0.593932397,-0.764976867,0.9406777143496168,-0.103634949,0.9095141601562532,-0.216606445,-0.070751953,-0.372216797,-18.16875,234,0.058333333,03031YOUI01,0.1363598669520185,,-49.90493402,157.24579255059075,157.24579255059075,58.333333333333336,03031YOUI01,C,3,17.9,60,36,0,0.4713397141883202,-0.380168954,-0.277837852,-0.020948046,24.742746696501325,-32.34394082,-2.057484885,2.684182223066875,-2.164983592,-1.582229126,-0.119294789,140.9048268868349,-184.1920559,-11.71695104,303,1YO,78,UI01,Wind_Uturn,1,Right,U,1,Experienced,Right,1,TRUE,First,U-Turn,TRUE,FALSE,,,,2.9717360598121143,0.9583333333333334,958.3333333333334,737.9108545435192,0.9529767812154716,2.1932468617961964,1.3148886320568005,31.44706625,25.21987823248573,496.39679914109774,8237.142857142857,20.49569900002755
03031YOUI02_f240,-68.92876622,18.77162011464435,38.14375890096039,59.68041229248047,-421.9231873,1437.226563,80.98453480308461,,,,14.731491088867188,-53.42593384,-32.37939453,,,,0.2295144820475403,-0.832368255,-0.504466243,0.8386567785598436,-0.157730255,0.7209118652343776,-0.3984375,9.842047119140696,-6.662548828,22.032421875000164,240,0.008333333,03031YOUI02,3.237737483239324,20.564397866097405,-30.2959268,164.58451363469223,164.58451363469223,8.333333333333334,03031YOUI02,C,3,17.9,60,36,-0.008333333,0.6245421610316336,-0.485211208,-0.385715965,-0.076460376,28.754855719543265,-36.77337815,-1.695660962,3.5566384833150164,-2.763177511,-2.196572675,-0.435426032,163.75295827164885,-209.4167857,-9.6564386,303,1YO,80,UI02,Wind_Uturn,2,Right,U,1,Experienced,Right,2,TRUE,First,U-Turn,TRUE,FALSE,0.7416666666666667,741.6666666666667,385.8523342742449,3.062909435393623,0.7916666666666666,791.6666666666666,527.6372815532445,0.999549341,2.860075004505219,1.4861498412385166,30.811451807760733,26.761184485779506,496.39679914109774,8237.142857142857,20.49569900002755
03031YOUI03_f225,-97.7286382,291.85619150797527,-16.58829676,30.83833885192871,-148.8162384,1382.4666748046875,308.2305871198332,1.0291996002197266,-13.80064392,3.798461914,36.02492713928223,14.829879760742188,-43.47375488,0.07171725,-0.961664022,0.2646865018634579,0.6171250764501591,0.2540432808014011,-0.744727233,3.148976786915002,0.4413276672363297,-3.022591553,0.7650000000000028,-8.497705078,-5.501074219,13.3171875,225,0.1333333333333333,03031YOUI03,1.940455546443715,26.35952541208103,-48.13567565,67.62518740628732,67.62518740628732,133.33333333333334,03031YOUI03,C,3,17.9,60,36,-0.005208333,0.442969154,-0.073063338,0.4368766654336359,-0.004711645,-47.98748947,-6.441488557,1.0157963929871638,2.522617751062671,-0.416080606,2.487922285625977,-0.026831843,-273.2788311,-36.68294556,5.784750442697076,303,1YO,81,UI03,Wind_Uturn,3,Right,U,1,Experienced,Right,3,TRUE,First,U-Turn,TRUE,FALSE,0.1916666666666666,191.66666666666669,485.2308244900634,3.094921637791616,0.1666666666666666,166.66666666666666,409.0031970448392,1.575401254674473,3.1324491919173885,1.6523080205396428,30.712759980160182,26.588443246966587,496.39679914109774,8237.142857142857,20.49569900002755
03031YOUI04_f225,-156.3932845,-113.0301249,53.17451095581055,-27.87901306,-553.703186,1452.2376708984375,200.15543257777136,-5.121482849,-13.71026611,0.180541992,0.6521492004394531,-54.27111816,-41.49255371,-0.349906452,-0.936703435,0.012334867,0.009545725,-0.794384424,-0.607340322,1.0577025122999062,0.431548691,0.9592675781250036,0.1109326171875004,5.105841064453165,0.5282226562500077,9.602929688,225,0.1333333333333333,03031YOUI04,1.3403031412495836,24.93139125787994,-37.39743837,179.31153807510492,179.31153807510492,133.33333333333334,03031YOUI04,C,3,17.9,60,36,0.038541667,0.6332718553970945,-0.533260673,-0.318133889,0.1243266916615053,17.084689925099877,-29.55373425,2.3628618471338907,3.6063522878666414,-3.036809281,-1.811706723,0.7080148045347945,97.29377687287445,-168.3024063,13.456009698995386,303,1YO,83,UI04,Wind_Uturn,4,Right,U,1,Experienced,Right,5,TRUE,First,U-Turn,TRUE,FALSE,,,,3.1614827202758664,0.7333333333333333,733.3333333333333,181.78477543961964,0.9702487885139176,2.1413530422130784,1.0396351243919877,29.281495039176743,24.382422674452545,496.39679914109774,8237.142857142857,20.49569900002755
03031YOUI05_f222,-138.5404394,-159.4376344,76.16292292277012,-10.3404274,-601.3456421,1475.441895,224.5319652706977,-2.026593208,-14.3583374,1.625854492,2.6472415924072266,-55.26586914,-40.24645996,-0.138888463,-0.984019585,0.1114246460069561,0.038691854,-0.807761157,-0.588238773,1.160671891717706,0.281713142,1.1151049804687243,-0.156005859,-3.627026367,-11.21484375,-11.61914062,222,0.1583333333333333,03031YOUI05,0.588772419,32.29053907008256,-36.03212555,177.2576215721169,177.2576215721169,158.33333333333331,03031YOUI05,C,3,17.9,60,36,0.00625,0.6383989905615113,-0.412825639,-0.473739932,0.1126886867503338,27.46193950532552,-24.70950108,-1.741027711,3.635550262595523,-2.350956663,-2.697850965,0.6417387727170079,156.39006774141947,-140.7155,-9.914792857,303,1YO,91,UI05,Wind_Uturn,5,Right,U,1,Experienced,Right,12,TRUE,First,U-Turn,TRUE,FALSE,,,,2.9190102683273387,0.75,750,247.4119591935065,1.1142120017873025,2.4399968556627254,0.970453831,29.57257970608605,24.774342617785216,496.39679914109774,8237.142857142857,20.49569900002755
03031YOWE01_f231,33.423187414805085,160.7468063990275,39.23984959920245,-147.1489868,-273.6123962,1436.009766,168.8088001883185,4.336944580078125,-13.94207764,0.765258789,-52.77423096,-2.335784912,-24.00366211,0.2966225453509585,-0.953559466,0.052339384,-0.909528695,-0.040255696,-0.413687118,1.8901502284351432,0.154758911,-1.8540271,-0.333618164,-7.182861328,13.206884765625077,-14.56523438,231,0.083333333,03031YOWE01,1.0924902992039072,24.71849657862332,-24.43666519,-92.53425448,92.53425448,83.33333333333333,03031YOWE01,C,3,17.9,60,36,0.00625,0.7665895226587838,-0.291598043,-0.708625951,-0.021893818,75.11770367800497,-28.72547389,-1.208329102,4.365568839565053,-1.660590568,-4.035478282,-0.124680766,427.7797919008933,-163.5856348,-6.881184417,303,1YO,123,WE01,Wind_success,1,Right,W,1,Experienced,Left,7,FALSE,Second,Head-On,TRUE,TRUE,0.2666666666666666,266.6666666666667,594.3228222750963,2.656999789169097,0.2333333333333333,233.33333333333331,507.6167038564195,1.440922764804869,2.026540193348121,1.2658548379146468,29.55557496613857,25.455838409727445,496.39679914109774,8237.142857142857,20.49569900002755
03031YOWE02_f223,88.19575417836506,352.2730313618978,0.5513117472330578,-92.36485291,-82.086586,1397.32666,363.1460912974747,2.1195831298828125,-13.98243713,3.192016602,-53.26473999,-4.35018158,-26.18310547,0.1461989566602951,-0.964443287,0.2201704147440443,-0.895033611,-0.07309824,-0.439967593,2.433353412,-0.096013184,-2.429324341,-0.101850586,2.2906494140621483,3.8362060546796033,-23.95019531,223,0.15,03031YOWE02,0.611007646,23.38160664188197,-26.10181345,-94.66903773,94.66903773215256,150,03031YOWE02,C,3,17.9,60,36,0.020833333,0.8003369875695144,-0.207261406,-0.770559416,0.06180769,63.59322650317146,-17.52438806,-0.398389782,4.557753674961215,-1.180310854,-4.388176559,0.3519820186199088,362.1502770697524,-99.79776685,-2.268747443,303,1YO,126,WE02,Wind_success,2,Right,W,1,Experienced,Left,9,FALSE,Second,Head-On,TRUE,TRUE,0.25,250,629.0134503705359,2.878583727238935,0.2333333333333333,233.33333333333331,581.7849636778027,1.5178400633864562,1.8605957286798835,0.8992437050410446,29.292153252806227,25.22677478304675,496.39679914109774,8237.142857142857,20.49569900002755
03031YOWE03_f204,130.03404006958007,763.6300859451294,6.245516713460347,-50.52966309,329.27935791015625,1403.034423828125,774.6475109470119,1.0239639282226562,-14.34017944,3.833496094,-14.25661469,36.88348388671875,-39.90759277,0.068819358,-0.963785855,0.2576445659831515,-0.253764073,0.6565165221133492,-0.710344882,2.538987921489577,-0.069128723,-2.537878418,-0.029223633,-0.203356934,-3.173730469,-8.593945313,204,0.3083333333333333,03031YOWE03,1.2825387945514524,,-45.26298282,-21.13306884,21.133068837349697,308.33333333333337,03031YOWE03,C,3,17.9,60,36,0.015625,0.7855854011831358,-0.27834148,-0.729554899,0.086139958,63.34960498394733,-22.23363336,-2.834658929,4.47374644,-1.585097183,-4.154664314,0.4905492517699363,360.7629028863908,-126.6159452,-16.14279653,303,1YO,129,WE03,Wind_success,3,Right,W,1,Experienced,Left,12,FALSE,Second,Head-On,TRUE,TRUE,,,,2.5867092044081854,0.325,325,816.3385290288188,,1.924436107,1.276311349583992,30.34750905362265,26.63516459252366,496.39679914109774,8237.142857142857,20.49569900002755
03031YOWI01_f224,73.90179218778033,227.1382927944367,13.11324888480226,202.512207,-213.5740662,1412.2237548828125,239.21796805100547,-7.56338501,-12.3589325,1.944091797,46.997344970703125,-0.64491272,-28.30041504,-0.517351851,-0.845377645,0.1329800729181739,0.8566123206458429,-0.01175471,-0.515826675,2.3404839521741394,-0.689915771,-2.233383179,0.1178173828125004,3.481787109375033,15.354272460937628,-35.18085938,224,0.1416666666666666,03031YOWI01,0.3831360100257356,-4.047716801,-31.05272713,90.78618181466013,90.78618181466013,141.66666666666666,03031YOWI01,C,3,17.9,60,36,-0.004166667,0.4200137128960081,-0.160579532,0.3332705643670391,-0.198888069,-44.81252954,-18.25644906,2.3916821584673325,2.391891257330669,-0.914467236,1.8979069605580847,-1.13262643,-255.1980908,-103.9667029,13.620135413455271,303,1YO,82,WI01,Wind_success,1,Right,W,1,Experienced,Right,4,TRUE,First,Head-On,TRUE,TRUE,0.75,750,1349.3908116130604,2.6043959779725263,0.1833333333333333,183.3333333333333,340.13198537911563,,1.664083209791936,1.0838694788450605,27.554931034305223,24.836065172804105,496.39679914109774,8237.142857142857,20.49569900002755
03031YOWI02_f161,-180.141619,1328.1304825464886,32.72139689127607,-51.61417389,887.4183959960938,1431.820556640625,1340.6909678826178,-6.360412598,-13.40258789,1.386352539,39.16803265,6.061523438,-46.90014648,-0.426876997,-0.899510274,0.093044594,0.6378701095472256,0.098714803,-0.763791275,0.8923548222697545,-0.700737762,-0.530097656,0.1557568359375005,13.575531005859482,-3.844335938,-27.60820313,161,0.6666666666666666,03031YOWI02,0.5580010511612532,16.64692638740202,-49.79957799,81.20286915442813,81.20286915442813,666.6666666666666,03031YOWI02,C,3,17.9,60,36,-0.009375,2.703464302524909,-0.097835462,2.697505230817676,0.150376152,-228.6287466,-19.1430509,1.010614649438232,15.395670263070455,-0.557152729,15.361734581732671,0.856361096,-1301.993443,-109.0157171,5.755241484508636,303,1YO,84,WI02,Wind_success,2,Right,W,1,Experienced,Right,6,TRUE,First,Head-On,TRUE,TRUE,0.7083333333333334,708.3333333333334,1355.5344129775544,3.130958376743177,0.1916666666666666,191.66666666666669,536.9619131295559,2.895220178,2.687925366883246,1.386418437354501,30.55991946135017,26.71979414937975,496.39679914109774,8237.142857142857,20.49569900002755
03031YOWI03_f221,-133.2428962,341.4316961924235,42.03512827555346,-4.738977432,-99.32622528,1441.09375,368.9122179647256,,,,48.13809013366699,12.591827392578123,-35.5045166,,,,0.7875209987309945,0.205997547,-0.580840501,1.070755097366006,0.4466761779785172,-0.960242615,0.1578955078125005,13.836524963379004,208.27661132812648,-21.5296875,221,0.1666666666666666,03031YOWI03,1.1571098148492194,21.814364971635914,-35.50968071,75.34117082979995,75.34117082979995,166.66666666666666,03031YOWI03,C,3,17.9,60,36,-0.0125,0.8518657072865876,-0.335650268,0.7828189675516671,-0.014441091,-60.69478561,-28.8276132,3.326842213177636,4.851199080214509,-1.911458879,4.457992173,-0.082239028,-345.6442555,-164.1672971,18.945678581185746,303,1YO,85,WI03,Wind_success,3,Right,W,1,Experienced,Right,7,TRUE,First,Head-On,TRUE,TRUE,0.225,225,526.2063736122221,2.8678859431735604,0.2,200,456.5428021929301,1.6290231134538404,2.317234449057544,1.5454236699197492,29.30871421,25.672024130190067,496.39679914109774,8237.142857142857,20.49569900002755
03031YOWI04_f222,-100.2774025,276.9053820927938,17.088302866617823,27.95201873779297,-165.0157623,1416.4351806640625,294.9985731907959,-0.780221939,-14.3143158,3.508178711,48.03808594,-3.611450195,-36.72192383,-0.052865649,-0.969897865,0.2377043436549736,0.7930489684151039,-0.059620545,-0.606233226,2.2893931131893885,0.4318109893798729,-2.235750732,0.2372314453124945,11.259558105467152,7.613525390632018,-3.531445313,222,0.1583333333333333,03031YOWI04,1.5496165832612812,23.260000617360163,-37.3176362,94.29934576011787,94.29934576011787,158.33333333333331,03031YOWI04,C,3,17.9,60,36,-0.010416667,0.792183209,-0.250556146,0.7514583544114033,-0.009284217,-59.49130924,-25.66640071,1.4449549179761163,4.511319593964846,-1.426865447,4.279399964757221,-0.052871696,-338.7907063,-146.1648455,8.228719514212019,303,1YO,87,WI04,Wind_success,4,Right,W,1,Experienced,Right,9,TRUE,First,Head-On,TRUE,TRUE,0.2833333333333333,283.3333333333333,615.1513671406129,2.7679382101529417,0.25,250,526.4490624697564,,2.184202331189512,1.485328503550441,28.65004742,25.320914002281032,496.39679914109774,8237.142857142857,20.49569900002755
03031YOWI05_f234,-110.9157586,78.45422604878746,33.284638722737554,17.31871986,-363.4469299,1432.5518798828125,139.8757958611802,3.267187118530273,-14.04876709,1.84375,38.09139442443848,1.051483154296875,-50.85461426,0.2246873398360055,-0.966146104,0.1267963137076125,0.5994185475743276,0.01654648,-0.800264718,1.867113133185213,0.41261879,-1.812659912,-0.173554688,-1.206889343,1.1957519531249925,-21.64042969,234,0.058333333,03031YOWI05,1.3162590591611891,24.7095373,-53.1553885,88.41879635420636,88.41879635420636,58.333333333333336,03031YOWI05,C,3,17.9,60,36,-0.016666667,1.1421988550602074,-0.352236738,1.0632748439641502,0.2235936290961808,-68.66425437,-27.5553355,-0.229795014,6.504586331,-2.005915399,6.055130404866486,1.273319489838671,-391.0287324,-156.9219386,-1.308635095,303,1YO,89,WI05,Wind_success,5,Right,W,1,Experienced,Right,10,TRUE,First,Head-On,TRUE,TRUE,0.25,250,556.8894326,2.8081820919066063,0.25,250,556.8894326,1.1848570214387486,2.339817056753487,1.0683269258227537,28.30849667558644,24.029423264097797,496.39679914109774,8237.142857142857,20.49569900002755
03031YOWI06_f233,-92.97840745,119.90689640045169,7.721408843994141,35.26280975341797,-322.0255127,1407.03418,151.92849703140024,2.9159812927246094,-13.56890869,5.357788086,34.015586853027344,-6.460083008,-53.14685059,0.1960064474586224,-0.912074983,0.3601398306569729,0.5362686536727918,-0.101845664,-0.837880297,1.6975183821518105,0.4683169555664079,-1.597397461,0.3325195312500011,6.205325317,-1.793408203,-21.36269531,233,0.066666667,03031YOWI06,0.2711240090799875,49.46983360868162,-56.91695648,100.75328741980456,100.75328741980456,66.66666666666667,03031YOWI06,C,3,17.9,60,36,-0.008333333,0.8398288483922471,-0.050872307,0.8349325198002786,0.074914553,-69.88016574,-9.69610764,1.3990557103351828,4.782651657425425,-0.289707272,4.754768078,0.4266228933538123,-397.9530962,-55.21732835,7.967333016333708,303,1YO,90,WI06,Wind_success,6,Right,W,1,Experienced,Right,11,TRUE,First,Head-On,TRUE,TRUE,0.275,275,667.9399706501453,2.9336828568875983,0.2083333333333333,208.33333333333331,484.5504798483179,1.5011100750783288,1.8844829514835868,1.1824636298908555,30.337995302128856,25.92095619,496.39679914109774,8237.142857142857,20.49569900002755
03031YOWI07_f240,-93.14881795,77.21706434885658,36.90877100626631,35.064666748046875,-364.6817627,1436.212646484375,126.4967774,-0.212825775,-14.28765869,3.408935547,28.23394012451172,-13.13668823,-57.02026367,-0.014487557,-0.972594925,0.2320543542379528,0.4345720960054357,-0.202197714,-0.877646385,1.3203660979288074,0.078541718,-1.317044678,0.05090332,-1.956445313,11.012255859375044,-14.90800781,240,0.008333333,03031YOWI07,0.7465586447371839,19.60413444,-61.35973868,114.95161786271416,114.95161786271416,8.333333333333334,03031YOWI07,C,3,17.9,60,36,0.015625,0.8446796023993652,-0.201789904,0.819626662,-0.031250603,-52.07360819,-15.44058861,0.6670548789436929,4.810275698605147,-1.149151782,4.667604383,-0.177965724,-296.5484324,-87.9309598,3.7987396223423415,303,1YO,92,WI07,Wind_success,7,Right,W,1,Experienced,Right,13,TRUE,First,Head-On,TRUE,TRUE,0.2083333333333333,208.33333333333331,519.4092985984718,2.775252097,0.2166666666666666,216.66666666666669,541.5953029357462,1.4228225248778217,1.7263933234048845,0.741637475,29.23768773991188,23.622412533249463,496.39679914109774,8237.142857142857,20.49569900002755
03031YOWI08_f234,-47.34306766,91.1967982,29.468907928466702,80.91059875488281,-350.7423706,1428.852051,106.89545636555454,-2.018966675,-13.99084473,3.506347656,32.620697021484375,-6.830749512,-52.74377441,-0.138625791,-0.960635923,0.2407519761734431,0.5228404471655868,-0.109482398,-0.845370612,1.8165113730500229,0.2075912475585944,-1.796341553,0.1725585937500006,-2.437756348,-4.241601563,-29.39589844,234,0.058333333,03031YOWI08,1.102383089052351,24.50777798034424,-57.71166564,101.8268085640688,101.8268085640688,58.333333333333336,03031YOWI08,C,3,17.9,60,36,-0.017708333,0.8757422927564127,-0.124366877,0.8634791435235022,-0.076558552,-88.22938144,-17.50740784,1.9786114581378609,4.987171297993797,-0.708243651,4.917335198511963,-0.435985128,-502.4480859,-99.701068,11.267783177226868,303,1YO,93,WI08,Wind_success,8,Right,W,1,Experienced,Right,14,TRUE,First,Head-On,TRUE,TRUE,0.2,200,419.0730901544683,2.9157387727314057,0.2333333333333333,233.33333333333331,513.5842026875455,1.4858964629691906,1.8061166166813285,0.949808219,31.30553717132358,25.81011221493095,496.39679914109774,8237.142857142857,20.49569900002755
03031YOWI09_f236,-69.81070719,119.08046976725262,16.311151631673283,58.42145156860352,-322.8533936,1415.637207,138.99549196136243,-1.04391098,-13.76748657,4.864624023,36.32253646850586,-14.4178772,-48.79675293,-0.071310651,-0.940471413,0.3323075569943735,0.5810062935550766,-0.230624791,-0.780540769,1.8910676097481616,0.079412842,-1.869217529,0.275419922,7.259161376953175,0.3730957031250184,-25.44082031,236,0.041666667,03031YOWI09,0.5429939979341777,11.762979659823706,-51.31011443,111.6501209165533,111.6501209165533,41.66666666666666,03031YOWI09,C,3,17.9,60,36,0.014583333,0.8076316186151395,-0.161258433,0.7871100437863834,-0.081989804,-66.43601858,-15.24550761,2.04375675,4.599295090604955,-0.918333438,4.482428964779887,-0.466914985,-378.3393902,-86.82001383,11.63877214490202,303,1YO,94,WI09,Wind_success,9,Right,W,1,Experienced,Right,15,TRUE,First,Head-On,TRUE,TRUE,0.2166666666666666,216.66666666666669,545.3809401068478,2.738005750023166,0.1916666666666666,191.66666666666669,478.63070495723474,1.8916049722003807,1.904638766633167,1.0364578214814248,27.848344246393328,24.88971968639646,496.39679914109774,8237.142857142857,20.49569900002755
03041YOME01_f224,112.58309307098388,271.4764928181966,37.13371658325195,-66.51483154,-149.1638184,1435.6956787109375,296.23192249584355,-0.54737854,-15.30175781,0.688110352,-34.24884796,28.80551147460937,-48.37341309,-0.035713353,-0.998353128,0.044895307,-0.519714274,0.4371135486968597,-0.734049603,2.424202463356044,-0.439712219,-2.302172241,0.6192041015625022,28.18586425781269,21.24349365234388,30.462890625000213,224,0.1416666666666666,03041YOME01,0.345270856,,-47.22696968,-49.93397914,49.93397913850151,141.66666666666666,03041YOME01,L,1,18.3,59,38,0.00625,0.7344691755883138,-0.446470305,-0.571109232,0.1180825194357556,50.874660153555126,-42.70820185,-3.425584181,4.091226058,-2.486981082,-3.181259407,0.657757053,283.3879789974272,-237.8982184,-19.08158944,304,1YO,59,ME01,Wind_missed,1,Left,M,1,Experienced,Left,5,TRUE,First,Failure,FALSE,FALSE,,,,2.907774491259146,0.225,225,517.9930723381426,1.6665910739855094,4.1464169792545285,2.732744119959565,30.14552762210397,24.81682988332026,553.0840879319021,7964.859523809524,21.484058634497945
03041YOME02_f192,-44.0461044,797.2406363169353,-147.8665927,-223.0842743,376.6368408203125,1250.6922607421875,812.0327707261113,-1.170761108,-68.20245361,27.15148926,0.2049102783203125,-52.38189697,26.31774902,-0.015946593,-0.928965584,0.3698224583825497,0.003495455,-0.893554844,0.4489404446554113,3.3542300385760977,-0.996917725,1.5802441406249634,-2.785649414,-53.14680176,472.1255859374857,-369.2917969,192,0.4083333333333333,03041YOME02,6.651110887180545,29.27161048897481,26.675724279430867,179.77586847901645,179.77586847901645,408.3333333333333,03041YOME02,L,1,18.3,59,38,0.475,0.562539581,-0.463629921,0.3180816482431927,-0.017948298,-18.48609295,-26.34927033,1.953307451809032,3.1335237313345474,-2.582565582,1.7718155793028896,-0.099977708,-102.9733959,-146.7737857,10.880541500582272,304,1YO,74,ME02,Wind_missed,2,Left,M,1,Experienced,Left,12,TRUE,First,Failure,FALSE,FALSE,0.4083333333333333,408.3333333333333,812.0327707261113,2.589000442009945,0.2916666666666667,291.6666666666667,470.1227904608107,1.1638197399191277,4.236885889533705,2.7263416245693404,23.70181611859012,22.62396393076265,553.0840879319021,7964.859523809524,21.484058634497945
03041YOPE01_f234,-13.14794607,128.9283436876662,-6.359733679,-192.4358521,-291.6000671,1392.1580810546875,129.7529672275783,,,,5.255584716796875,-14.32562256,2.576538086,,,,0.3396123946282958,-0.925712217,0.1664941802611721,2.3498295125445887,0.3537725830078137,-2.269398193,0.4963623046875017,6.457104492187541,-7.158911133,-5.127539063,234,0.058333333,03041YOPE01,1.736579914578627,22.76044686006913,9.584045444176622,159.8536267028485,159.8536267028485,58.333333333333336,03041YOPE01,L,1,18.3,59,38,0.013541667,1.6410348848703211,-0.3457195,-1.545546622,-0.429836201,192.3652478258451,-45.81832636,-7.380469385,9.141084345016075,-1.925767174,-8.609184461,-2.394323852,1071.5353900382963,-255.2225974,-41.11155331,304,1YO,54,PE01,Wind_Near-miss,1,Left,P,1,Experienced,Left,3,TRUE,First,Pivot,TRUE,FALSE,0.091666667,91.66666666666666,207.28080287989005,2.593867821476661,0.175,175,408.4210195,1.873679092381641,4.462180131303814,3.131983569654997,28.100789126138785,24.105041942251024,553.0840879319021,7964.859523809524,21.484058634497945
03041YOPE02_f224,36.294161478678376,277.77243620554606,-9.22405014,-142.7684326,-142.839035,1389.361572265625,280.2853466986756,2.740081787109375,-14.75169373,3.100463867,-38.54370117,28.8692627,-37.21972656,0.178844706,-0.962840721,0.2023667872862376,-0.633281593,0.4743284147527394,-0.611528396,2.4290017593769155,-0.225448608,-2.3462677,0.5867285156250022,-11.39128418,-15.83668213,1.0142578125000137,224,0.1416666666666666,03041YOPE02,0.6084059727017702,,-37.70009815,-53.1667602,53.166760196386576,141.66666666666666,03041YOPE02,L,1,18.3,59,38,0.015625,0.9979289152693114,-0.416577843,-0.895495945,0.1428706878821694,109.12629159256544,-54.03296329,-4.104578727,5.558780297061164,-2.320470596,-4.988196192,0.7958350065572067,607.8680257825763,-300.9807283,-22.86380423,304,1YO,70,PE02,Wind_Near-miss,2,Left,P,1,Experienced,Left,10,TRUE,First,Pivot,TRUE,FALSE,0.1416666666666666,141.66666666666666,280.2853466986756,2.6129994964862644,0.2,200,419.5958047373214,1.665266195074773,4.700847536127752,2.526694634646522,29.310895175086152,25.663242456834325,553.0840879319021,7964.859523809524,21.484058634497945
03041YOPE03_f234,-46.73088999,71.87146381578947,-8.157000411,-225.8641357,-348.7029724,1390.4346923828125,86.11515572703617,12.85021973,-7.377197266,6.13269043,-39.07925415,-26.25094604,-39.06665039,0.8013236020860759,-0.460032779,0.3824268915369421,-0.638800374,-0.429105277,-0.63859435,1.1650021748486712,0.5956787109375021,-0.833884277,0.554106445,3.835546875000016,2.6063964843750136,19.55917968750014,234,0.058333333,03041YOPE03,1.3349408503980351,24.47059804158784,-39.68708338,-123.8906833,123.89068329875356,58.333333333333336,03041YOPE03,L,1,18.3,59,38,0.4708333333333333,0.2550980209068422,-0.2475104,0.034578735,-0.051165546,-2.092897315,-22.94338721,-0.648278891,1.420976815822163,-1.378711365,0.1926145114804393,-0.285008303,-11.65810128,-127.8019374,-3.61111886,304,1YO,79,PE03,Wind_Near-miss,3,Left,P,1,Experienced,Left,15,TRUE,First,Pivot,TRUE,FALSE,0.1083333333333333,108.33333333333334,146.49655145682382,2.5407020753513128,0.4916666666666666,491.6666666666666,905.0563551573476,0.9896535188754556,3.017406661240343,1.54360976,25.951904342722283,24.161041962915743,553.0840879319021,7964.859523809524,21.484058634497945
03041YOUE01_f240,83.77126185099283,-7.094309298,54.31476999918618,-95.69895172,-427.395752,1452.7537841796875,100.0901982043726,-1.609733582,-14.87643433,6.428955078,-14.68074036,-49.82192993,-52.7532959,-0.098842076,-0.913454048,0.3947555518527503,-0.198304041,-0.672983092,-0.712579305,0.9888150292135132,0.034410095,0.9397778320312534,-0.305595703,8.674255371,20.26406250000016,5.663671875000039,240,0.008333333,03041YOUE01,2.195468329987705,20.998297289394323,-45.44516403,-163.5816407,163.58164069955484,8.333333333333334,03041YOUE01,L,1,18.3,59,38,0.0125,0.6124644706516599,-0.403031961,0.4584283377072499,-0.050213798,-29.97901586,-26.56453538,1.022324428007702,3.411621188659168,-2.245015741,2.5535911148279045,-0.279706765,-166.9926185,-147.9728802,5.694671033838015,304,1YO,49,UE01,Wind_Uturn,1,Left,U,1,Experienced,Left,1,TRUE,First,U-Turn,TRUE,FALSE,,,,2.013745061,0.1166666666666666,116.66666666666669,195.68163221055457,0.9888150292135132,1.8383976262370856,1.2567027448180694,22.911924488042352,22.594152253328584,553.0840879319021,7964.859523809524,21.484058634497945
03041YOUE02_f170,-117.4360884,64.06572475433347,32.557919820149664,-296.4414063,-356.5163879,1431.14209,137.67959216308142,68.55670166015625,-4.458709717,18.53686523,55.91969299316406,4.150634766,18.8692627,0.9634380339018992,-0.062658944,0.2605014617628559,0.9451763200637754,0.070155637,0.3189355899870975,25.17059433499146,-0.796351318,-25.08651306,1.8951269531250063,-112.9056152,-2724.683643,160.7818359375011,170,0.5916666666666667,03041YOUE02,2.9729750466242306,19.92448356717801,18.59856609412757,85.75500959849681,85.75500959849681,591.6666666666666,03041YOUE02,L,1,18.3,59,38,0.015625,0.5090474842819981,-0.388779703,0.3279572816763554,0.020584102,-22.13772564,-28.60142637,1.878170833679261,2.8355558022203176,-2.165626148,1.826825987067704,0.1146599717796593,-123.3141471,-159.3190085,10.462006727156192,304,1YO,75,UE02,Wind_Uturn,2,Left,U,1,Experienced,Left,13,TRUE,First,U-Turn,TRUE,FALSE,0.5916666666666667,591.6666666666666,137.67959216308142,2.772912437392761,0.7583333333333333,758.3333333333333,414.26864085584754,0.7660084376525643,4.994736034494241,2.8125894723298974,28.656857687417485,23.98215689521552,553.0840879319021,7964.859523809524,21.484058634497945
03041YOUI01_f237,-63.51266238,-49.10434043,57.22620875040684,66.03323364257812,-478.1882935,1457.6903076171875,98.58972309065598,-0.405860901,15.30499267578125,-4.816894531,0.1727447509765625,-35.60211182,-55.32421875,-0.025286916,0.9535682228096608,-0.300113672,0.002625704,-0.54114869,-0.840922827,0.8662644305092363,-0.031029968,0.865213623,-0.029267578,-9.45802002,-3.428613281,22.130859374999662,237,0.033333333,03041YOUI01,0.6870990420789425,22.361224166980435,-57.23769653,179.72199774147833,179.72199774147833,33.333333333333336,03041YOUI01,L,1,18.3,59,38,0.032291667,0.5105838121719368,-0.385207785,-0.305833066,0.1370289302624013,23.372266804598564,-31.32316336,0.2878411916964777,2.8441136354224072,-2.145729431,-1.703587094,0.7632945653894004,130.19093266377322,-174.4799461,1.603366653278286,304,1YO,110,UI01,Wind_Uturn,1,Left,U,1,Experienced,Right,1,FALSE,Second,U-Turn,TRUE,FALSE,,,,2.905192970284793,0.8166666666666667,816.6666666666666,149.84701118106304,0.9826422088321424,3.162543170529407,2.2442457391238047,28.95259195760996,23.73410312880876,553.0840879319021,7964.859523809524,21.484058634497945
,,,,,,,,,,,,,,,,,,,,,,,,,,,,,03041YOUI02,,,,,,,03041YOUI02,L,1,18.3,59,38,0.01875,0.7380989853967906,-0.48741984,-0.528962626,0.1655613236418089,33.304129354990785,-32.18456462,-0.309208023,4.111445248780327,-2.715082969,-2.946489455,0.9222290382948642,185.5145544303002,-179.2782241,-1.722386676,304,1YO,118,UI02,Wind_Uturn,2,Left,U,1,Experienced,Right,5,FALSE,Second,U-Turn,TRUE,FALSE,,,,2.5693052086927213,1.0083333333333333,1008.3333333333331,411.49603659264096,1.185078110506211,,,,,553.0840879319021,7964.859523809524,21.484058634497945
03041YOUI03_f237,-98.37451064,-47.61050746,59.85266342163095,31.226747512817383,-475.4689331,1460.262939453125,124.60596326891778,-2.256109238,14.94396973,-4.623046875,9.878004074,-38.2845459,-51.453125,-0.142750323,0.9455466407537848,-0.292513069,0.1522270276735057,-0.589991924,-0.79292904,0.9668022891200844,-0.004879532,0.9645849609374778,-0.065258789,13.062277221679448,17.82553710937158,11.102343749999994,237,0.033333333,03041YOUI03,0.8962359435934375,23.673449287598554,-52.46008352,165.5323420499651,165.5323420499651,33.333333333333336,03041YOUI03,L,1,18.3,59,38,0.026041667,0.573843055,-0.412381738,-0.397505828,-0.03501815,16.57836693023355,-17.72944162,-1.617674751,3.1964876621683573,-2.29709696,-2.214233428,-0.195062191,92.34675740842982,-98.75860822,-9.010960999,304,1YO,120,UI03,Wind_Uturn,3,Left,U,1,Experienced,Right,7,FALSE,Second,U-Turn,TRUE,FALSE,0.6166666666666667,616.6666666666667,153.56938551672476,2.603958396651073,0.8,800,529.4149101660515,0.9617863917420296,4.279302480072221,2.772789298770923,25.85397928209086,23.604655276664054,553.0840879319021,7964.859523809524,21.484058634497945
03041YOUI04_f238,-89.33579311,-46.34880524,41.80001525878902,39.95925521850586,-473.2723389,1442.213867,108.97860778047524,-1.716899872,15.510162353515623,-1.063598633,11.91863250732422,-27.50762939,-57.53137207,-0.109768461,0.9916283849629688,-0.068000229,0.1837208811512508,-0.424018939,-0.886822743,1.0599153785325794,-0.113639374,1.0455358886718789,-0.131762695,-0.313769531,9.729492187503176,-28.38515625,238,0.025,03041YOUI04,0.3673468761086605,,-62.47667005,156.57365748110865,156.57365748110865,25,03041YOUI04,L,1,18.3,59,38,0.016666667,0.5114929893820769,-0.293018085,-0.412830656,-0.073050181,19.932432363617146,-13.88361023,-0.67008855,2.8491780405968976,-1.632203592,-2.29959758,-0.406912659,111.02996476004267,-77.33610861,-3.732605571,304,1YO,122,UI04,Wind_Uturn,4,Left,U,1,Experienced,Right,8,FALSE,Second,U-Turn,TRUE,FALSE,,,,2.677026401656333,0.8083333333333333,808.3333333333334,265.011827,1.0467679659045466,4.449932843207387,3.074291403301928,28.895651794751064,23.979178706669423,553.0840879319021,7964.859523809524,21.484058634497945
03041YOUI05_f217,-134.3113648,-170.5302563,-74.69324366,-5.007363796,-597.5682983,1325.743164,229.5630450874908,4.0282334089279175,12.87530517578125,6.977050781,0.6963467597961426,-37.25286865,-41.22375488,0.2652224205033326,0.8477213847319284,0.4593751424821933,0.012531726,-0.670417048,-0.741878654,1.0522579953068514,0.2659203529357919,0.6834887695312525,0.7545703125000027,-5.504280853,-2.605078125,-9.645117188,217,0.2,03041YOUI05,2.3712930629018687,23.13215254923996,-47.89169492,178.92912717915482,178.92912717915482,200,03041YOUI05,L,1,18.3,59,38,0.020833333,0.4165362624970412,-0.24074106,-0.309322767,0.1409454704357786,19.52926818821267,-15.64212593,-0.051351961,2.3202389805041204,-1.341003996,-1.723025835,0.7851109352883957,108.78421254219607,-87.13159837,-0.286046696,304,1YO,123,UI05,Wind_Uturn,5,Left,U,1,Experienced,Right,9,FALSE,Second,U-Turn,TRUE,FALSE,,,,1.1922598289507926,0.1333333333333333,133.33333333333334,168.35295428321473,0.8905840016676762,3.052927616869353,2.2196708473112987,25.93154207975078,23.68574434651345,553.0840879319021,7964.859523809524,21.484058634497945
03041YOUI06_f231,-95.96448634,-95.22670676,77.01886723836265,33.270835876464844,-522.1964111,1477.512939453125,155.59310470025443,-1.911664963,14.4822998,-5.687988281,16.09985352,-49.1854248,-37.07299805,-0.121946606,0.923837252,-0.362841229,0.2528968082314298,-0.772605597,-0.582343365,0.9112568397324182,-0.136765137,0.8849707031250031,-0.168852539,-8.713476563,-1.165429688,7.011914063,231,0.083333333,03041YOUI06,1.153831902944059,22.10545342223376,-35.61553183,161.87518797502582,161.87518797502582,83.33333333333333,03041YOUI06,L,1,18.3,59,38,0.023958333,0.6464171803981095,-0.439281389,-0.472009914,-0.045756685,19.30797775179311,-18.48289871,-2.3568338,3.6007485414019897,-2.44693654,-2.629244797,-0.254879236,107.55155468543369,-102.955603,-13.12831114,304,1YO,127,UI06,Wind_Uturn,6,Left,U,1,Experienced,Right,12,FALSE,Second,U-Turn,TRUE,FALSE,0.625,625,146.2527413798193,2.650640523092325,0.7916666666666666,791.6666666666666,539.7802273749542,1.0193398924905506,4.783968122970356,2.248348376,25.17433695946532,23.634151600556383,553.0840879319021,7964.859523809524,21.484058634497945
03041YOWE01_f229,130.79812081654867,258.5970781962077,-35.92187475,-48.66899872,-161.7932129,1362.625244140625,292.01194897812115,-0.79309082,-14.97158813,4.340454102,-31.3290863,21.589645385742188,-49.6986084,-0.050812334,-0.959210862,0.2780874470072327,-0.500540252,0.3449346217516197,-0.794027432,2.702273852068352,-0.603297729,-2.598601685,0.430795898,-0.186767578,-1.941943359,5.686523437498514,229,0.1,03041YOWE01,1.7359561202669225,25.13380928000364,-52.56349046,-55.42831594,55.42831593894141,100,03041YOWE01,L,1,18.3,59,38,0.01875,2.2716588168339524,0.364860258,-2.216039002,0.3412944673792679,166.64883784606164,28.40467237224248,1.1652670381140455,12.653859487831376,2.032387259711613,-12.34403949,1.9011183379247665,928.2868370407224,158.2230264213637,6.490906669975688,304,1YO,51,WE01,Wind_success,1,Left,W,1,Experienced,Left,2,TRUE,First,Head-On,TRUE,TRUE,0.15,150,424.3434613940769,2.8848341558086723,0.1916666666666666,191.66666666666669,536.7016242424495,2.388566243820508,4.628046830974742,2.585606139844776,27.598511047881907,25.181632245800262,553.0840879319021,7964.859523809524,21.484058634497945
03041YOWE02_f217,205.32065629959104,553.9755160013835,-74.12914581,26.074432373046875,133.3015137,1324.437255859375,595.4330982497171,-0.599693298,-15.01167297,4.025756836,-37.76635551,25.11705017089844,-45.25622559,-0.038556384,-0.96515306,0.2588300141802179,-0.589431265,0.39200962,-0.706327999,2.9298056821079985,-0.466459579,-2.837385864,0.561621094,9.991406250000088,3.329077148,-2.464453125,217,0.2,03041YOWE02,0.994350945,,-44.93693114,-56.37354432,56.37354432253653,200,03041YOWE02,L,1,18.3,59,38,0.022916667,1.3210854145664623,-0.17823105,-1.291196964,0.2151993610952747,93.20610465931448,-10.82521299,-4.991506095,7.358864404931191,-0.99280343,-7.192376265,1.1987286369728378,519.1875395315055,-60.29986683,-27.80427073,304,1YO,56,WE02,Wind_success,2,Left,W,1,Experienced,Left,4,TRUE,First,Head-On,TRUE,TRUE,0.2166666666666666,216.66666666666669,643.8188919440246,3.011130393691761,0.1166666666666666,116.66666666666669,342.8676930649875,2.141657746952821,4.451482619330948,2.495108934788712,28.773516567202904,25.400093094976583,553.0840879319021,7964.859523809524,21.484058634497945
03041YOWE03_f217,123.90006484985352,437.9700105667114,15.21374994913731,-55.20436859,17.323123931884766,1413.782470703125,455.4123564563418,-0.473747253,-15.6085422,2.18347168,-35.1546936,28.86229705810547,-45.82458496,-0.030045533,-0.989909647,0.1384779982780616,-0.544476289,0.4470195804695543,-0.709731686,2.337444499393796,0.092537842,-2.282558441,0.4949853515625018,-2.763226318,4.735162354,-9.72421875,217,0.2,03041YOWE03,0.8462548283854037,26.40521880299829,-45.21308873,-50.6137187,50.613718700569166,200,03041YOWE03,L,1,18.3,59,38,0.016666667,1.042807193040932,-0.299949394,-0.984495345,0.1680658175459724,65.41200510452971,-18.75177427,-4.21619442,5.808766525965653,-1.670813177,-5.483951052,0.9361798630034726,364.3655971910547,-104.4533251,-23.48553901,304,1YO,60,WE03,Wind_success,3,Left,W,1,Experienced,Left,6,TRUE,First,Head-On,TRUE,TRUE,0.2,200,455.4123564563418,2.476589371909929,0.2416666666666666,241.66666666666663,545.3148405817067,,4.698696005212817,2.7802242994226987,28.249026239423834,25.569680980289444,553.0840879319021,7964.859523809524,21.484058634497945
03041YOWE04_f229,-93.41684281,200.67518914540608,-13.76102905,-272.774231,-220.0096588,1384.8302001953125,221.7805311,39.94146728515625,-27.2505188,43.15209961,46.573089599609375,-41.06333923,43.28833008,0.616309099,-0.420483869,0.665850141,0.6153053765982793,-0.542512718,0.5719084232980483,5.8893789460847685,-3.346673584,-0.199059448,-4.84199707,-485.7826904,192.4899169921844,-599.0044922,229,0.1,03041YOWE04,3.990191262818788,22.819045776891688,34.883413416148485,131.40251784803513,131.40251784803513,100,03041YOWE04,L,1,18.3,59,38,0.017708333,0.6719754328973381,-0.165975061,-0.645506215,-0.085586145,78.18005275121658,-17.83003668,-1.314858035,3.7431161071135066,-0.924533684,-3.595674175,-0.476741951,435.48766871774967,-99.31895455,-7.324175929,304,1YO,62,WE04,Wind_success,4,Left,W,1,Experienced,Left,7,TRUE,First,Head-On,TRUE,TRUE,0.1,100,221.7805311,2.741692462487946,0.425,425,935.1100769538084,1.2347261883859044,4.140674962897209,3.137693992170295,30.755330577375943,26.590450925941784,553.0840879319021,7964.859523809524,21.484058634497945
03041YOWE05_f232,151.85309702555338,196.6531625747681,14.41213251749673,-27.17129898,-223.9538879,1412.963379,248.87655371812787,-3.516746521,-15.07559204,1.003540039,-30.65355682,-0.18170166,-63.546875,-0.226699139,-0.971814067,0.064690947,-0.434468917,-0.002575353,-0.900683145,2.402454402953816,-0.467207336,-2.309020386,0.4710937500000017,2.4502807617187794,5.195874023437544,-9.45703125,232,0.075,03041YOWE05,1.2789845569051204,,-64.24800939,-90.33962181,90.33962180598805,75,03041YOWE05,L,1,18.3,59,38,0.022916667,1.2731164184570436,-0.250237602,-1.209696461,0.3079627083145584,64.65045181730841,-13.07550148,-0.54031775,7.091661895450964,-1.393902742,-6.738392635,1.7154498772556075,360.1235040485531,-72.8346868,-3.009741092,304,1YO,65,WE05,Wind_success,5,Left,W,1,Experienced,Left,8,TRUE,First,Head-On,TRUE,TRUE,0.2083333333333333,208.33333333333331,561.1570978237505,2.740054153438963,0.1416666666666666,141.66666666666666,399.51065454125376,2.0899516594476624,4.070193134096798,1.9080398546566024,28.416368317914863,26.31751637,553.0840879319021,7964.859523809524,21.484058634497945
03041YOWE06_f217,-4.784432405,434.86609013607625,-42.62667558,-183.8322449,14.25678253173828,1355.964355,436.976476,1.3889312744140625,-15.63040781,3.154663086,-23.83885193,41.28911972045898,-32.86621094,0.086775894,-0.976536877,0.1970930556984232,-0.411671753,0.7130194161989402,-0.567564692,2.338678451783478,-0.012584839,-2.263002777,0.5899804687500021,15.39404296875011,11.088775634765684,12.417187500000082,217,0.2,03041YOWE06,1.3475576968525582,,-34.58057835,-30.00059067,30.000590669902635,200,03041YOWE06,L,1,18.3,59,38,0.025,0.9336613150337644,-0.165350014,-0.917904993,0.042816441,90.48689318795545,-15.23924049,-1.836524077,5.200789397646899,-0.921051979,-5.113021691,0.2385011452674796,504.0406699306241,-84.88739875,-10.2300211,304,1YO,67,WE06,Wind_success,6,Left,W,1,Experienced,Left,9,TRUE,First,Head-On,TRUE,TRUE,,,,2.5007671012562502,0.2833333333333333,283.3333333333333,637.9245575145521,1.748096214957716,3.789315781754615,2.2415467955534054,29.75476408288096,25.07204605653144,553.0840879319021,7964.859523809524,21.484058634497945
03041YOWE07_f238,34.13610432093228,86.33789820661127,41.19515322245229,-144.863266,-334.2690125,1439.843262,101.57040382890116,5.135925293,-14.36233521,-1.698486328,-42.11296082,-4.81048584,-54.10009766,0.3346470858982592,-0.935822339,-0.110670126,-0.612753113,-0.069993658,-0.787168667,1.401205078796129,0.3368151855468762,-1.360008545,0.017548828,-1.157739258,-25.11430664,-2.511914062,238,0.025,03041YOWE07,0.8702884754141771,25.58525511603652,-51.92170072,-96.51654638,96.51654638,25,03041YOWE07,L,1,18.3,59,38,0.033333333,0.667830633,-0.272485872,-0.609274636,-0.023100259,56.74648758757467,-24.99599809,0.3732118486039588,3.7200282590694447,-1.517832654,-3.393852801,-0.128675762,316.0959185595977,-139.2356305,2.0789082658152926,304,1YO,71,WE07,Wind_success,7,Left,W,1,Experienced,Left,11,TRUE,First,Head-On,TRUE,TRUE,0.2,200,394.1974509401495,2.6080771805074847,0.2833333333333333,283.3333333333333,592.3970343358249,1.401205078796129,3.1260834623706275,1.332023130563117,25.041540397835607,23.37878285021849,553.0840879319021,7964.859523809524,21.484058634497945
03041YOWE08_f240,-0.432296976,40.803025152090925,22.12118574871147,-179.7286682,-379.8314209,1420.788818359375,46.41573656817855,9.727828979492188,-11.97827148,2.372558594,-41.91110229,-18.37207031,-45.51171875,0.6230941884180908,-0.767241217,0.1519689002102702,-0.649383497,-0.284662503,-0.705172555,1.2484408328861722,0.3531042480468763,-1.060253906,0.556582031,-16.25053711,8.778515625000068,4.239843750000036,240,0.008333333,03041YOWE08,2.0281979884663297,22.02254508156049,-44.84348621,-113.6706305,113.67063052724922,8.333333333333334,03041YOWE08,L,1,18.3,59,38,0.020833333,0.5187471047261869,0.083348439,-0.467651809,-0.208454749,61.13745916214947,12.384297317007048,-2.619636049,2.8895857618588527,0.4642772176487101,-2.604968771,-1.161159009,340.5550217083575,68.98446058169174,-14.59220294,304,1YO,77,WE08,Wind_success,8,Left,W,1,Experienced,Left,14,TRUE,First,Head-On,TRUE,TRUE,0.15,150,272.7375708512495,2.425509229971309,0.2416666666666666,241.66666666666663,471.7711890370942,1.3397659402658222,3.587117146436574,2.151997224320129,27.91386559085163,22.80103940010636,553.0840879319021,7964.859523809524,21.484058634497945
03041YOWI01_f157,-118.7170473,1417.5738930384318,-20.33435516,10.84446144104004,988.5303955078124,1380.1597900390625,1422.6816107429058,-5.838209152,-12.60742188,-2.851928711,41.74291801452637,43.03723145,-7.455688477,-0.41162633,-0.888893609,-0.201076892,0.6909089188655149,0.7123317789738179,-0.123403008,1.184541686,-0.349465942,-0.875288086,-0.717553711,-7.174072266,-17.68535156,23.795507812500173,157,0.7,03041YOWI01,3.0891627958389902,25.72242076365277,-7.088540877,44.12535025257099,44.12535025257099,700,03041YOWI01,L,1,18.3,59,38,0.019791667,0.824908148,-0.218306652,0.7867503907365448,0.1176413272099844,-62.82467132,-19.60168435,-0.228566976,4.594999796551963,-1.216037231,4.382448993925819,0.6552994725466061,-349.9533281,-109.1875935,-1.273190486,304,1YO,112,WI01,Wind_success,1,Left,W,1,Experienced,Right,2,FALSE,Second,Head-On,TRUE,TRUE,,,,2.669632526305202,0.2333333333333333,233.33333333333331,567.0722280060905,1.5851556608207098,4.177434446441027,3.252654985391295,25.81655288656216,24.29336766,553.0840879319021,7964.859523809524,21.484058634497945
03041YOWI02_f225,-164.1994227,191.35856380462644,21.95000610351553,-34.6709404,-237.5809631,1422.598876953125,253.10344355178253,0.7799949645996094,-15.7596283,2.092651367,-0.171611786,-173.3971252,46.14758301,0.049003644,-0.990107944,0.1314720565904328,-0.000956412,-0.966361545,0.2571856340361123,1.9432998754119373,0.4886787414550799,-1.836925049,0.4041210937500014,-3.057220459,21.48706054687519,-2.7,225,0.1333333333333333,03041YOWI02,0.6505614626420028,44.07594073747313,14.903132922659813,-179.9432942,179.94329417040862,133.33333333333334,03041YOWI02,L,1,18.3,59,38,-0.0125,0.7477849580256541,-0.203195716,0.7153869313878775,-0.078200914,-32.36191791,-10.11517714,2.937209528342036,4.165399185762571,-1.131864529,3.984931910606872,-0.435603871,-180.2661381,-56.34474213,16.36118786084254,304,1YO,114,WI02,Wind_success,2,Left,W,1,Experienced,Right,3,FALSE,Second,Head-On,TRUE,TRUE,0.1583333333333333,158.33333333333331,298.5596586655692,2.6832303747095336,0.25,250,505.17570564209086,1.2470771267902798,4.016370266464101,2.3889635800450613,27.48920783577328,25.424739675163096,553.0840879319021,7964.859523809524,21.484058634497945
03041YOWI03_f210,-233.2551202,595.7622166315714,-20.41781896,-103.6796341,167.9568634033203,1380.0755615234375,640.1230016314249,0.7385025024414062,-14.91700745,3.234741211,27.566123962402344,36.81257629394531,-33.34289551,0.048326385,-0.976144343,0.211676125,0.4852765448517577,0.6480519298027803,-0.586971355,2.6995901381884257,0.1880685424804694,-2.68439209,0.2155371093750007,-6.242211914,-25.61286621,0.068554688,210,0.2583333333333333,03041YOWI03,0.8210988019478023,,-35.94237961,36.82673358041913,36.82673358041913,258.33333333333337,03041YOWI03,L,1,18.3,59,38,0.004166667,1.7415657123338202,-0.253626856,1.7220374659172577,-0.05754576,-108.8757573,-18.06713008,-0.286166489,9.701072911737326,-1.412781959,9.592294390787016,-0.320548117,-606.4724706,-100.63964,-1.594038026,304,1YO,116,WI03,Wind_success,3,Left,W,1,Experienced,Right,4,FALSE,Second,Head-On,TRUE,TRUE,,,,2.561516142612792,0.1166666666666666,116.66666666666669,264.40854110163474,2.05990427,4.748602138689641,3.875050229666396,23.340600746407283,20.99852864483299,553.0840879319021,7964.859523809524,21.484058634497945
03041YOWI04_f199,-266.7923161,826.7245339711508,-50.9844429,-137.1309204,398.8553466796875,1349.4425048828125,870.2017055992699,0.122192383,-15.1991272,0.071655273,101.60004043579102,-809.7069397,119.2679443359375,0.008039085,-0.999956574,0.004714229,0.1231925003829464,-0.981789201,0.1446152601441513,2.4821354244944622,-0.01340332,-2.426894531,0.5205761718749881,13.159643554687284,7.411376953132566,-0.409570313,199,0.35,03041YOWI04,4.783481337974342,22.01768273892787,8.315000396492579,172.84804476403045,172.84804476403045,350,03041YOWI04,L,1,18.3,59,38,0.020833333,0.9794928885813708,-0.257298896,0.9405707138955548,0.092359781,-58.89132088,-17.08207232,1.927638482816996,5.456085786118607,-1.433236386,5.239276938863291,0.5144732507224131,-328.0433197,-95.15255604,10.73755720892028,304,1YO,119,WI04,Wind_success,4,Left,W,1,Experienced,Right,6,FALSE,Second,Head-On,TRUE,TRUE,0.35,350,870.2017055992699,2.906562922866855,0.2,200,478.5394671216273,1.5769264229882582,4.783481337974342,1.6480115975503515,23.330292869235173,21.99399803033448,553.0840879319021,7964.859523809524,21.484058634497945
03041YOWI05_f197,-53.92107598,777.4189214706421,-110.6150879,75.42235565185547,350.2437438964844,1289.898681640625,787.0980622288774,2.6422653198242188,-14.92733765,2.312255859,-15.13339615,45.925079345703125,-33.62731934,0.172306118,-0.973434268,0.1507857022186364,-0.25694412,0.7797442797353977,-0.570945337,2.371672449040506,0.2344720458984383,-2.312852783,0.4696435546875017,-12.88927002,-6.775048828,12.98144531250009,197,0.3666666666666666,03041YOWI05,1.7239794943660642,24.07495322540945,-34.8161733,-18.23826984,18.23826983686945,366.6666666666666,03041YOWI05,L,1,18.3,59,38,-0.00625,0.7656192616097607,-0.174225531,0.6670926364634291,-0.33287495,-77.4076244,-20.84191368,3.239631402297777,4.264741908333532,-0.970491419,3.715917383641255,-1.854218959,-431.184998,-116.0960639,18.045773534855016,304,1YO,124,WI05,Wind_success,5,Left,W,1,Experienced,Right,10,FALSE,Second,Head-On,TRUE,TRUE,,,,2.508914405703865,0.2333333333333333,233.33333333333331,465.0929896942765,1.130040765810202,3.767015068901567,3.094495565225113,28.010333102373394,25.33475574385753,553.0840879319021,7964.859523809524,21.484058634497945
03041YOWI06_f210,-129.5734971,579.4756571,-68.37336171,-0.278818011,152.27137756347656,1332.047363,597.7091641394753,-2.16135776,-15.81266785,2.046142578,31.91061198711396,40.04548645019531,-27.87414551,-0.134326526,-0.982743706,0.1271660013746938,0.547351342,0.6868859406064552,-0.478115272,17.32901138078968,1.2206759405136152,-17.22034241,1.5047900390625053,107.8273378,-1798.597046,113.4404296875008,210,0.2583333333333333,03041YOWI06,4.236482275188165,,-28.56237966,38.54990959044565,38.54990959044565,258.33333333333337,03041YOWI06,L,1,18.3,59,38,0.014583333,0.934562143,-0.127917294,0.9239885679851112,-0.057347118,-84.79721908,-15.9451919,3.023940585020429,5.205807296678692,-0.712539863,5.146909131,-0.319441618,-472.3473821,-88.81977185,16.84430733120786,304,1YO,126,WI06,Wind_success,6,Left,W,1,Experienced,Right,11,FALSE,Second,Head-On,TRUE,TRUE,,,,2.692075304,0.1666666666666666,166.66666666666666,365.6271714,1.6904205335425468,4.622918305052073,3.2927694690683422,26.247818684287488,23.915651376304517,553.0840879319021,7964.859523809524,21.484058634497945
03041YOWI07_f156,-106.5001433,1443.351769765218,51.85758311,22.721981048583984,1016.3411865234376,1452.428223,1448.204343572137,-7.024713516,-12.56750488,-3.704101563,33.10448455810547,47.69372559,-5.937255859,-0.472523588,-0.845364367,-0.249159678,0.5672494875968265,0.8172379591870916,-0.101735622,0.9181813406616712,-0.251046982,-0.613381348,-0.635449219,11.769158935546962,22.085156250000164,-10.08808594,156,0.7083333333333334,03041YOWI07,2.751329921971997,24.387180390346984,-5.839124114,34.76473348061828,34.76473348061828,708.3333333333334,03041YOWI07,L,1,18.3,59,38,0.019791667,1.157526636704337,-0.277536985,1.1224019117371458,0.055272827,-75.61043985,-22.49962574,3.3633922277377266,6.447790181226567,-1.545968954,6.252134332298065,0.3078871640157243,-421.1741106,-125.3300454,18.73516055178293,304,1YO,128,WI07,Wind_success,7,Left,W,1,Experienced,Right,13,FALSE,Second,Head-On,TRUE,TRUE,,,,2.843847242391825,0.2166666666666666,216.66666666666669,574.3157480077782,,4.452621718406091,4.017201257706534,23.86526414289761,23.396299126737564,553.0840879319021,7964.859523809524,21.484058634497945
03041YOWI08_f231,-114.8985764,-147.7041248,8.743155162,14.272266387939451,-574.7205811,1409.2918701171875,187.3356188348356,-6.407331467,54.53863525390625,48.4798584,-10.13864326,40.10052490234375,52.31811523,-0.087470058,0.7445373467612744,0.6618256026263453,-0.152018352,0.6012654298319206,0.784455419,1.5633966766191831,0.5655897903442404,1.4213598632812552,-0.322573242,1.856442260742217,31.951757812500244,-26.60097656,231,0.083333333,03041YOWI08,0.2066123317236811,,51.67033915044802,-14.18878755,14.188787553113286,83.33333333333333,03041YOWI08,L,1,18.3,59,38,0.026041667,0.5891988024131168,-0.418321168,-0.390763955,0.1395211817641992,22.884946372349773,-25.09194099,0.6186793594029611,3.2820240437889114,-2.330181472,-2.176679061,0.7771771960372725,127.47640342657915,-139.7700628,3.4462400884731266,304,1YO,129,WI08,Wind_success,8,Left,W,1,Experienced,Right,14,FALSE,Second,Head-On,TRUE,TRUE,,,,2.822196569947532,0.8916666666666667,891.6666666666667,361.8943339985902,,2.473619782235967,1.7617878938468183,24.376043359542685,22.51067866166293,553.0840879319021,7964.859523809524,21.484058634497945
03041YOWI09_f224,-188.6868584,198.8201783498128,-2.135070292,-59.4355545,-228.175766,1398.4017333984375,274.11083956122434,3.339069366455078,-14.8324585,3.744384766,0.4768600463867187,-183.8617706,69.49731445,0.2132506369938579,-0.947279279,0.2391362229372754,0.002426046,-0.9354047,0.3535705892132944,1.8849995600639224,0.6302783203125023,-1.709311523,0.4839697265625017,-1.143566895,3.1497802734375058,7.052343750000053,224,0.1416666666666666,03041YOWI09,1.7583019871137406,18.48975391732021,20.705864504123497,179.85139919668455,179.85139919668455,141.66666666666666,03041YOWI09,L,1,18.3,59,38,-0.015625,0.9647902638338036,-0.108424536,0.9441180399550488,0.1664496916645829,-39.12532093,-3.753423891,4.284346777508589,5.374187507081564,-0.603959024,5.259036669145729,0.9271775297013916,-217.9404362,-20.90776052,23.86516924020092,304,1YO,130,WI09,Wind_success,9,Left,W,1,Experienced,Right,15,FALSE,Second,Head-On,TRUE,TRUE,0.4583333333333333,458.3333333333333,912.5048417332366,2.3871350440420613,0.3166666666666666,316.66666666666663,625.4732877406971,1.2097190461739302,4.728772518797546,2.839185010254333,27.76994414901423,20.472386149844795,553.0840879319021,7964.859523809524,21.484058634497945
03051YOME01_f219,165.3595778465271,418.13373165130616,-159.8551313,-16.27627563,-1.533478737,1237.081787109375,477.2140720113341,-3.082233429,-13.93160343,4.050537109,-33.44343185,5.922369003295898,-55.4708252,-0.207805747,-0.939275796,0.2730892739185313,-0.514176731,0.091053584,-0.852837343,2.692427354187713,-0.794265289,-2.40355648,0.9171826171875032,-29.73589783,9.653672791,11.14804687500008,219,0.1833333333333333,03051YOME01,3.481668998019634,20.53157437408048,-58.52162876,-79.9578192,79.95781920152132,183.3333333333333,03051YOME01,L,1,16.2,60,38,0.4385416666666666,0.3797034848467819,-0.249316516,0.1787005208820764,-0.223790383,-6.598556872,-11.90730228,-0.589591841,2.3892443138569983,-1.568797999,1.1244542661310355,-1.408177487,-41.52072634,-74.92544948,-3.709944757,305,1YO,104,ME01,Wind_missed,1,Right,M,1,Experienced,Left,2,FALSE,Second,Failure,FALSE,FALSE,0.2166666666666666,216.66666666666669,562.9736115874637,2.854077908176708,0.15,150,384.2933926948245,1.953168816273448,3.711008255788257,2.518963630032254,24.276212594688104,21.931907467413737,553.0840879319021,8237.142857142857,18.42955830517778
03051YOMI01_f228,10.23715937932333,204.80949986775715,-59.75517324,137.06195068359375,-230.538559,1339.601563,213.59403408558964,-6.668243408,-12.13212585,4.33984375,36.20358276367188,9.178283691,-43.42138672,-0.459618579,-0.83622479,0.2991301750322441,0.6321075649574243,0.1602510611321282,-0.758129028,2.6870536852644062,0.3173822021484386,-2.450313721,1.0561669921875037,-8.968359375,16.106835937500076,33.09433593750022,228,0.1083333333333333,03051YOMI01,1.7522053116056715,,-49.29953364,75.77416904666171,75.77416904666171,108.33333333333334,03051YOMI01,L,1,16.2,60,38,0.5520833333333334,0.5032868504084604,-0.366385766,-0.344281502,-0.023008078,21.53230872517498,-23.05205433,-2.102184554,3.1668796668079966,-2.305443967,-2.166355204,-0.144775917,135.48979200598393,-145.0526317,-13.2277756,305,1YO,71,MI01,Wind_missed,1,Right,M,1,Experienced,Right,8,TRUE,First,Failure,FALSE,FALSE,0.1916666666666666,191.66666666666669,449.9477953555588,3.034125595372897,0.225,225,546.4956495231878,2.043956839,3.588981363490178,2.191920145499416,29.33919405,23.74255722900522,553.0840879319021,8237.142857142857,18.42955830517778
03051YOPI01_f240,-21.57204439,2.436605199178075,56.71256281534829,105.45655059814452,-432.8882141,1456.142333984375,60.72565294073733,-12.68096924,6.775878906,-1.253051758,38.02950286865234,-18.42379761,-31.29553223,-0.878655434,0.4694958807400125,-0.086823074,0.7232126809733191,-0.350368084,-0.595151765,0.41404391,-0.065233154,0.1771655273437506,-0.368496094,5.312329101562538,-0.871435547,-13.47363281,240,0.008333333,03051YOPI01,0.505294897,18.326640109937216,-36.52345186,115.84836214942146,115.84836214942146,8.333333333333334,03051YOPI01,L,1,16.2,60,38,0.225,0.2308566967264896,-0.226405838,0.024306185,-0.038005528,-4.226163196,-22.79439623,1.0846148479451716,1.452641526827561,-1.424634967,0.1529441191953878,-0.239145798,-26.59268821,-143.4313451,6.824825058488891,305,1YO,65,PI01,Wind_Near-miss,1,Right,P,1,Experienced,Right,3,TRUE,First,Pivot,TRUE,FALSE,,,,2.5790289095310497,0.7,700,992.1493166,0.3341419715338035,1.953021631,1.4969015378414874,26.96697969088106,25.677677041676983,553.0840879319021,8237.142857142857,18.42955830517778
03051YOPI02_f215,28.43686357329163,95.34604177998092,-12.95888832,155.34532165527344,-340.2266846,1386.420898,100.33671152359032,-8.474029541,-9.815704346,5.021484375,41.35754395,-17.37963867,-35.85437012,-0.60938615,-0.705868944,0.3611060142671298,0.720156967,-0.302630831,-0.62433046,1.625295583061272,-0.138387451,-1.374492188,0.856274414,-1.530395508,9.129199219,20.88632812500233,215,0.2166666666666666,03051YOPI02,1.716080386512833,,-38.63306186,112.7935573309071,112.7935573309071,216.66666666666669,03051YOPI02,L,1,16.2,60,38,0.328125,0.2274188627564474,-0.217629015,0.021065435,-0.062555564,-1.831773582,-13.93963542,0.7243620326389086,1.431009317504483,-1.369407725,0.1325520373596634,-0.39362432,-11.52624295,-87.7136924,4.557972040616835,305,1YO,84,PI02,Wind_Near-miss,2,Right,P,1,Experienced,Right,15,TRUE,First,Pivot,TRUE,FALSE,0.25,250,153.6250101,2.8968761185447898,0.4,400,503.7836005702059,0.2860004829173697,2.506555467925692,1.9817920955853765,25.612994316036943,24.142058305752325,553.0840879319021,8237.142857142857,18.42955830517778
03051YOUE01_f235,38.99763514200848,-50.65826848,53.16472066,-142.6264648,-470.2832031,1450.083740234375,83.14783963235777,8.927841186523438,11.22052001953125,-0.275390625,-16.11572266,-35.58023071,-38.18969727,0.6225124488230492,0.7823742883072521,-0.019202189,-0.295013218,-0.651329052,-0.699097752,0.8892556015194979,0.5725598144531271,0.6797058105468774,-0.030834961,-3.43828125,-1.447558594,-14.34023438,235,0.05,03051YOUE01,1.1328127135672503,18.54455816965997,-44.35466129,-155.6323088,155.63230877716325,50,03051YOUE01,L,1,16.2,60,38,0.023958333,0.4666346849834027,-0.312540723,0.2942470101166746,-0.18298886,-19.2083805,-19.18814389,2.4399457123466286,2.9362497639307503,-1.966629686,1.8515184185743607,-1.151438188,-120.8667177,-120.7393809,15.353102228430478,305,1YO,103,UE01,Wind_Uturn,1,Right,U,1,Experienced,Left,1,FALSE,Second,U-Turn,TRUE,FALSE,,,,2.471149332328017,1.0083333333333333,1008.3333333333331,865.8971935219806,0.9267141441327932,3.300584222847204,1.500023291744975,30.81367976160428,23.615703737245884,553.0840879319021,8237.142857142857,18.42955830517778
03051YOUE02_f216,56.17730766932169,-78.31625811,5.570455169677643,-125.4193954,-498.2182312,1402.517578,96.54199165,-0.73538208,13.913665771484377,2.435668945,-1.458763123,-31.19741821,-41.39477539,-0.05199113,0.983688925,0.1722005261473191,-0.028131616,-0.601628716,-0.798280339,0.6149201991868914,-0.24226593,0.2617822265625009,0.5009033203125017,19.28342285156264,-7.210986328,15.714843750000105,216,0.2083333333333333,03051YOUE02,1.978348861451251,,-52.96619918,-177.322851,177.32285103631023,208.33333333333331,03051YOUE02,L,1,16.2,60,38,0.009375,0.2474180645835317,-0.235958873,0.069207381,0.027376039,-9.625016351,-27.298357,0.073415383,1.5568521953129948,-1.484746434,0.4354801761643246,0.172260849,-60.56440487,-171.7720454,0.4619585878572111,305,1YO,117,UE02,Wind_Uturn,2,Right,U,1,Experienced,Left,13,FALSE,Second,U-Turn,TRUE,FALSE,,,,0.932331007,0.5666666666666667,566.6666666666666,259.7869589631343,0.2958328693279508,2.527904772264648,1.5135111177669651,29.25268433508064,24.860410461726318,553.0840879319021,8237.142857142857,18.42955830517778
03051YOUI01_f237,-55.43290464,-23.92050775,63.58387171427398,71.54987335205078,-459.2917786,1462.9715576171875,87.68070682917205,-4.884757996,11.865753173828123,-5.961303711,11.981674194335938,-43.92330933,-35.68774414,-0.345237064,0.8386286053876959,-0.421323429,0.2071221084112288,-0.759283577,-0.616918862,0.5407603870877117,-0.209474487,0.475697021,-0.149179687,2.767456054688118,6.831738281248345,3.853125000000397,237,0.033333333,03051YOUI01,2.404015793354826,22.505736924640416,-38.09148092,164.74173691858704,164.74173691858704,33.333333333333336,03051YOUI01,L,1,16.2,60,38,0.026041667,0.3753926604575767,-0.283064575,-0.243540208,-0.038500171,16.599399646168926,-19.66248211,-2.059087642,2.3621189039753885,-1.78115412,-1.532451187,-0.242258283,104.44997952560958,-123.7241043,-12.95659281,305,1YO,79,UI01,Wind_Uturn,1,Right,U,1,Experienced,Right,12,TRUE,First,U-Turn,TRUE,FALSE,,,,2.90053644,0.8666666666666667,866.6666666666667,906.7506510701888,0.6684778531902662,3.6636525187789006,1.870772047346124,27.07135564860133,22.022740107619292,553.0840879319021,8237.142857142857,18.42955830517778
03051YOWE01_f228,72.71128377914428,212.4772908528646,8.756212870280024,-108.785408,-207.1696167,1405.748291015625,224.74474672573268,-1.142311096,-14.57424927,1.189453125,-50.32222748,4.879394531,-37.33569336,-0.077881715,-0.993658849,0.081095815,-0.800675265,0.077635882,-0.594046959,1.7595414916261525,0.016540833,-1.755648193,0.1158105468750004,29.66429443359396,14.53007812500008,-2.218359375,228,0.1083333333333333,03051YOWE01,0.4509027412756963,,-36.44472173,-84.46174216,84.46174216312033,108.33333333333334,03051YOWE01,L,1,16.2,60,38,0.028125,0.9514538415340288,-0.231560384,-0.90225419,0.1938596857770614,83.34004190152118,-19.64786411,0.3612352426184356,5.986923406035846,-1.457069408,-5.677339763,1.219841719693066,524.4084639101017,-123.6321221,2.2730348385902244,305,1YO,106,WE01,Wind_success,1,Right,W,1,Experienced,Left,3,FALSE,Second,Head-On,TRUE,TRUE,0.1666666666666666,166.66666666666666,349.25833132176854,2.738303935768562,0.2,200,433.0590468328276,1.327637301368071,2.8791913649047225,1.6991690392956036,26.073518907721763,24.404348848405867,553.0840879319021,8237.142857142857,18.42955830517778
03051YOWE02_f220,116.57408119837444,357.3178653081258,-8.216502635,-65.07977295,-62.62176895,1388.747559,375.9429267736619,-2.134849548,-14.08916855,2.459594727,-43.28775024,17.700450897216797,-31.6809082,-0.147631129,-0.974307471,0.1700882142657213,-0.766327106,0.3133527436352106,-0.560850092,2.444831691,-0.497707672,-2.381841431,0.2373193359375008,-8.786535645,1.4523651123046883,10.04062500000007,220,0.175,03051YOWE02,,,-34.11460764,-67.76024525,67.76024525285959,175,03051YOWE02,L,1,16.2,60,38,0.022916667,0.6148107189597913,-0.184797145,-0.578882806,0.093471561,44.01055595103404,-13.23389943,1.0982815160861013,3.868631901,-1.162816632,-3.642559279,0.5881599814050041,276.93180271475336,-83.27292275,6.910821132921189,305,1YO,108,WE02,Wind_success,2,Right,W,1,Experienced,Left,4,FALSE,Second,Head-On,TRUE,TRUE,0.175,175,375.9429267736619,2.5130717454900093,0.25,250,557.0150226068899,1.4940578554792134,,,,,553.0840879319021,8237.142857142857,18.42955830517778
03051YOWE03_f172,99.41802387,1340.3949515660604,53.15854339599605,-82.16535187,920.4626465,1450.1617431640625,1345.1276520800743,-3.231964111,-14.01483154,-1.634155273,19.86153793334961,43.08294677734375,2.560546875,-0.223275879,-0.968195724,-0.112893412,0.4180517330749271,0.9068230580473432,0.053895175,1.8595900422846785,-0.58138092,-1.764616699,0.078735352,-8.992199707,-26.86552734,6.742968750000048,172,0.575,03051YOWE03,1.3180620319726524,24.09769695242676,3.0894629401972287,24.75003008,24.75003008,575,03051YOWE03,L,1,16.2,60,38,0.029166667,0.8555898318259598,-0.314667064,-0.795303438,0.022606197,69.54583119382383,-26.61833794,-1.141317354,5.383709189577024,-1.980009463,-5.004363388,0.1422471224797781,437.6098412669349,-167.4930968,-7.181619625,305,1YO,109,WE03,Wind_success,3,Right,W,1,Experienced,Left,5,FALSE,Second,Head-On,TRUE,TRUE,,,,2.622326496815165,0.3,300,709.4857257387872,1.640485907207145,2.239208659763756,1.4248752430066969,23.14044539329788,21.014896418699266,553.0840879319021,8237.142857142857,18.42955830517778
03051YOWE04_f238,-13.99311161,70.24485365549725,-16.22453334,-195.7133179,-349.710907,1380.7906494140625,73.43964950606825,6.343658447265625,-11.80078125,5.068725586,-41.7003479,-10.20422363,-40.67675781,0.4428525354055797,-0.823815774,0.3538491228157327,-0.705101904,-0.172540947,-0.687794247,1.7066542074267057,0.4037933349609389,-1.495773926,0.7157373046875026,0.7541015625012752,5.7054199218701145,-14.79550781,238,0.025,03051YOWE04,2.317041588,,-43.45575704,-103.7502767,103.75027666924927,25,03051YOWE04,L,1,16.2,60,38,0.025,0.8263341245104161,0.2646683694339374,-0.658841876,-0.422736469,84.72074211660025,41.00837403,-2.49536431,5.199620722810033,1.6653979274986308,-4.145693333,-2.660024848,533.0963750556892,258.04088817998263,-15.70181794,305,1YO,110,WE04,Wind_success,4,Right,W,1,Experienced,Left,6,FALSE,Second,Head-On,TRUE,TRUE,0.1833333333333333,183.3333333333333,396.4803398549806,2.631650249,0.2333333333333333,233.33333333333331,516.0468878613302,1.629295344063803,2.967445464576681,1.9111374267790315,29.797135396229336,24.40501011,553.0840879319021,8237.142857142857,18.42955830517778
03051YOWE05_f209,214.90163224538168,544.0293739954631,-94.3559171,33.21885681152344,124.07138061523438,1302.615723,592.4978568772867,-1.292863846,-13.9264679,3.860473633,-42.05088997,4.219757080078125,-41.00561523,-0.089105561,-0.959827084,0.2660679775995122,-0.71410848,0.071659941,-0.696357618,2.531169018242798,-0.581040802,-2.359313965,0.7091162109375025,-14.41571045,-0.23840332,20.471484375000145,209,0.2666666666666666,03051YOWE05,0.6066122014562988,21.104737000394888,-44.13550076,-84.26961966,84.26961965922169,266.6666666666667,03051YOWE05,L,1,16.2,60,38,0.021875,0.6676171273696644,-0.113577573,-0.643598738,0.1363577224404199,39.07433831416927,-6.736010586,-2.254439733,4.200910681778887,-0.714674954,-4.049777487,0.8580166524484963,245.8711715,-42.38563941,-14.18582533,305,1YO,111,WE05,Wind_success,5,Right,W,1,Experienced,Left,7,FALSE,Second,Head-On,TRUE,TRUE,0.2666666666666666,266.6666666666667,592.4978568772867,2.633309675176245,0.2416666666666666,241.66666666666663,528.0658388684907,1.6413627270555418,1.7946554055658586,1.2312901983978135,24.113285259118737,21.92982620090358,553.0840879319021,8237.142857142857,18.42955830517778
03051YOWE06_f227,92.59024105,173.35421161651612,-8.074842326,-89.02364349,-246.5741272,1388.897705078125,196.69732713385204,-0.901550293,-13.62771606,3.261230469,-40.44101715,-3.76612854,-49.77770996,-0.064206232,-0.970532983,0.2322569474294882,-0.629476587,-0.058620923,-0.774805017,1.5090456191334611,-0.282854919,-1.36730896,0.5724316406250021,-2.392492676,5.527001953125039,6.191015625000054,227,0.1166666666666666,03051YOWE06,2.85121776,22.378976388134628,-50.78735806,-95.32040773,95.32040773138677,116.66666666666669,03051YOWE06,L,1,16.2,60,38,0.015625,0.4633870409293047,-0.184993618,-0.417682821,0.077755851,31.68883876314364,-12.28354965,-0.239255646,2.915814304685977,-1.164052919,-2.628225297,0.4892705301514202,199.3986909499228,-77.29294655,-1.505491036,305,1YO,112,WE06,Wind_success,6,Right,W,1,Experienced,Left,8,FALSE,Second,Head-On,TRUE,TRUE,0.1916666666666666,191.66666666666669,322.7759393361582,2.474457793,0.2833333333333333,283.3333333333333,533.7696924,1.2177013773868577,2.85121776,2.0062088847999395,22.92956424494056,22.67972750965715,553.0840879319021,8237.142857142857,18.42955830517778
03051YOWE07_f216,89.25091727574667,524.2689955393473,-82.79830627,-92.37078094,104.34941864013672,1314.171875,538.2186037664529,-0.608428955,-13.8587265,3.332397461,-39.99906158,12.66009521484375,-41.27978516,-0.042646724,-0.97140229,0.2335783540559477,-0.679589788,0.2150968319316763,-0.701349465,2.5740113286402937,-0.411829834,-2.502194824,0.4415332031250015,-21.67009277,-9.840783691,14.501953125000105,216,0.2083333333333333,03051YOWE07,,,-44.53537231,-72.43690995,72.43690995025793,208.33333333333331,03051YOWE07,L,1,16.2,60,38,0.023958333,0.742735643,0.029848948,-0.740993488,0.041157339,75.06717014011788,6.027592533,-1.665552817,4.673586053817791,0.187821369,-4.662623726,0.2589782337972534,472.3522869087847,37.927993182395134,-10.48031624,305,1YO,113,WE07,Wind_success,7,Right,W,1,Experienced,Left,9,FALSE,Second,Head-On,TRUE,TRUE,0.2083333333333333,208.33333333333331,538.2186037664529,2.673212570618233,0.1083333333333333,108.33333333333334,280.7867997,1.9160036856218137,,,,,553.0840879319021,8237.142857142857,18.42955830517778
03051YOWE08_f237,57.64401896794638,78.17680498758949,15.871616617838528,-123.9855652,-341.776123,1412.858398,98.41927643967011,2.0835494995117188,-13.78607178,3.04296875,-23.51586914,-3.236328125,-60.92895508,0.1460005745527166,-0.966031477,0.2132299645149194,-0.359626729,-0.049492965,-0.931782733,1.5267586349674085,0.3851147460937411,-1.367893066,0.5581640624999871,0.401000977,4.990869140629242,-15.52324219,237,0.033333333,03051YOWE08,1.0076676068887702,,-68.7144379,-97.83600178,97.83600177557504,33.333333333333336,03051YOWE08,L,1,16.2,60,38,0.015625,0.4497610977506581,-0.042236912,-0.432847698,-0.114647105,31.332436849824507,-2.439483947,-0.961487642,2.830074487803187,-0.265771332,-2.723648695,-0.721404875,197.15606932850395,-15.35019662,-6.050060044,305,1YO,114,WE08,Wind_success,8,Right,W,1,Experienced,Left,10,FALSE,Second,Head-On,TRUE,TRUE,0.1,100,188.62266178842333,2.847137678488728,0.3166666666666666,316.66666666666663,746.8379433133698,1.349976129807915,3.547705049538985,2.2188942747927105,24.22957235954677,22.69387433642648,553.0840879319021,8237.142857142857,18.42955830517778
03051YOWE09_f206,-5.850140699,637.6112773895263,-87.28216578,-187.4833679,217.68170166015625,1309.6942138671875,643.5841372066556,-0.117980957,-14.25231934,2.246826172,-23.03681946,36.75384521484375,-33.69775391,-0.008176759,-0.987767712,0.1557179778079792,-0.419400739,0.6691283872712298,-0.613490197,2.401110828157732,-0.116705933,-2.388775635,0.2132226562500007,-0.032080078,6.898095703125076,-0.117773437,206,0.2916666666666667,03051YOWE09,,,-37.84229702,-32.07893663,32.078936626670725,291.6666666666667,03051YOWE09,L,1,16.2,60,38,0.019791667,0.4482080942703439,-0.001399273,-0.447849044,0.017882167,45.77383715878267,0.6784523647149656,-0.551027075,2.820302376450988,-0.008804779,-2.818043088,0.1125216582576436,288.02706459006725,4.269090275197679,-3.467280016,305,1YO,115,WE09,Wind_success,9,Right,W,1,Experienced,Left,11,FALSE,Second,Head-On,TRUE,TRUE,,,,2.4583791785022697,0.3,300,663.5396596352475,1.4773581563867786,,,,,553.0840879319021,8237.142857142857,18.42955830517778
03051YOWE10_f158,152.70832557678222,1403.4670778274535,-75.77568893,-28.95487213,983.5368652,1321.200927734375,1413.7827365898438,2.563549041748047,-13.55291748,-4.555786133,-28.61450195,43.55029297,-0.498535156,0.1764784214661567,-0.933002429,-0.313626902,-0.549095635,0.8357047704871935,-0.009566599,1.3439454332318472,0.3298935699462902,-1.071269531,-0.741445313,3.957989501953153,-21.54023438,20.36074218750014,158,0.6916666666666667,03051YOWE10,3.317839545391576,23.31071816641785,-0.548134133,-33.30671457,33.30671457124987,691.6666666666666,03051YOWE10,L,1,16.2,60,38,0.013541667,0.6111932869585361,-0.17556788,-0.5733299,0.1184313267129994,35.100424451718496,-9.474361172,-1.479797909,3.845869589852482,-1.104742453,-3.607618203,0.7452166894010864,220.8657357176382,-59.61642297,-9.311472983,305,1YO,116,WE10,Wind_success,10,Right,W,1,Experienced,Left,12,FALSE,Second,Head-On,TRUE,TRUE,,,,2.7295906170558726,0.1916666666666666,191.66666666666669,439.63338674043575,1.4761464096280663,,,,,553.0840879319021,8237.142857142857,18.42955830517778
03051YOWE11_f203,226.54009583791097,616.2446510950724,39.032117207844976,44.90660477,196.3222656,1436.006591796875,657.7244036823207,-3.331306458,-14.24299622,0.673095703,-35.34632397,16.501632690429688,-51.02197266,-0.227503677,-0.972691661,0.045967475,-0.550347642,0.2569329317204343,-0.794419877,2.2859004052401057,-0.522116089,-2.210289917,0.2595263671875009,12.874108886718854,7.934106445312558,-4.763671875,203,0.3166666666666666,03051YOWE11,1.6506443965437263,20.81841945986893,-52.60049589,-64.97421342,64.97421342090638,316.66666666666663,03051YOWE11,L,1,16.2,60,38,0.0125,0.7423180002259523,-0.235396279,-0.681886603,0.1750864536043613,37.44230138368126,-13.20241244,-3.530927536,4.670958081486215,-1.481206373,-4.290699857,1.101713127221916,235.6017504416082,-83.07479416,-22.21799081,305,1YO,118,WE11,Wind_success,11,Right,W,1,Experienced,Left,14,FALSE,Second,Head-On,TRUE,TRUE,0.3333333333333333,333.3333333333333,695.8297788769505,2.434889441148147,0.3416666666666667,341.6666666666667,715.4361178940944,1.5074278187443426,2.597144109,1.800006918530861,23.68025795035272,21.282513954045832,553.0840879319021,8237.142857142857,18.42955830517778
03051YOWE12_f234,73.25932872668687,138.84564431972944,2.311778791,-108.4074097,-281.1028137,1399.2684326171875,157.0044155851208,-1.647285461,-13.79388428,4.313232422,-33.37324524,-0.545471191,-56.83117676,-0.113245919,-0.948288043,0.2965217519464024,-0.506361696,-0.008276262,-0.862281472,1.5971365538490832,0.035607605,-1.548566895,0.3892529296875014,-5.059094238,13.00144042968758,-11.9953125,234,0.058333333,03051YOWE12,,,-59.57371968,-90.93639124,90.93639124071616,58.333333333333336,03051YOWE12,L,1,16.2,60,38,0.023958333,0.5787398447619513,-0.092203885,-0.56891594,0.052658381,46.71132880289826,-6.136948539,0.1315408755534611,3.641659712072282,-0.580183268,-3.57984382,0.331347334,293.9261323347193,-38.61610437,0.8277071491263708,305,1YO,120,WE12,Wind_success,12,Right,W,1,Experienced,Left,15,FALSE,Second,Head-On,TRUE,TRUE,0.1916666666666666,191.66666666666669,432.86447544770107,2.5794262377873616,0.225,225,514.8721301722447,1.621649803,,,,,553.0840879319021,8237.142857142857,18.42955830517778
03051YOWI01_f222,44.79098590215047,202.53648465474447,-52.35927302,171.87783813476562,-232.3553772,1346.9359130859375,213.93633049488284,-8.538955688,-10.6759491,4.976196289,26.21868896484375,22.73426818847656,-43.24304199,-0.586939562,-0.733829419,0.3420472688577858,0.4728713317677875,0.410027507,-0.779916756,1.5894266314621983,-0.563106079,-1.248081665,0.8071435546874813,1.1098388671892778,13.925610351566185,-13.19238281,222,0.1583333333333333,03051YOWI01,0.3993297954221185,12.883945398754754,-51.25295434,49.07138767357197,49.07138767357197,158.33333333333331,03051YOWI01,L,1,16.2,60,38,0.026041667,0.4707135199441987,-0.14645215,0.3906638326397668,-0.217955857,-32.49249802,-12.35946216,1.102604448627548,2.961915404690344,-0.921534775,2.458211151632668,-1.371464348,-204.4556325,-77.77061806,6.938022732,305,1YO,60,WI01,Wind_success,1,Right,W,1,Experienced,Right,1,TRUE,First,Head-On,TRUE,TRUE,,,,2.4084400898654423,0.4833333333333333,483.3333333333333,859.6125125856536,1.1545101061440288,4.857596444167718,2.4161762602233137,24.58645114002453,23.835327600431327,553.0840879319021,8237.142857142857,18.42955830517778
03051YOWI02_f234,24.00154672833723,80.41968009168272,2.9806303211444174,151.08555603027344,-354.739624,1402.302490234375,83.97787416047439,-9.444244385,-9.749267578,4.632202148,39.49952697753906,-9.573150635,-44.22924805,-0.658492518,-0.67976002,0.3229766544236075,0.6575875182577623,-0.159373665,-0.736327842,1.5206750094498156,-0.326548462,-1.432972412,0.3903955078125014,2.846997070312517,-4.889794922,-8.81015625,234,0.058333333,03051YOWI02,0.8493332160204341,,-47.41953642,103.62358033346293,103.62358033346293,58.333333333333336,03051YOWI02,L,1,16.2,60,38,0.01875,0.5817340454048032,-0.099616157,0.4416885810448245,-0.365242821,-55.43106411,-13.84960262,1.6578231997916075,3.6605004052604624,-0.626824207,2.7792790239540435,-2.298252105,-348.7941513,-87.14717045,10.43167843213405,305,1YO,63,WI02,Wind_success,2,Right,W,1,Experienced,Right,2,TRUE,First,Head-On,TRUE,TRUE,0.083333333,83.33333333333333,121.4870901,2.6356745577209373,0.3333333333333333,333.3333333333333,697.7238072027868,1.2233205177350122,4.121399181345444,3.1384456057169494,25.938638300169664,24.663254711454748,553.0840879319021,8237.142857142857,18.42955830517778
03051YOWI03_f198,79.64543534124923,643.3554937974461,-255.0571287,206.52166748046875,207.9725799560547,1144.343017578125,696.6375138085858,-4.286468506,-13.74165344,2.485595703,4.4867095947265625,42.96679688,-30.29150391,-0.293438879,-0.940712706,0.1701564858044775,0.085036414,0.8143478492108193,-0.574113568,2.8806118418239386,0.2371215820312508,-2.861066895,0.2366308593750008,-1.919091797,8.638989257812598,8.462109375000061,198,0.3583333333333333,03051YOWI03,2.0439827406313382,,-35.03757842,5.961375697,5.961375697,358.3333333333333,03051YOWI03,L,1,16.2,60,38,0.007291667,0.3174066847103043,0.039291514,0.2701257653663832,-0.161972996,-34.18967893,5.448562314656455,0.831125639,1.997248239452715,0.2472377239524865,1.6997380184391286,-1.01919807,-215.1349652,34.28450632798766,5.229770827,305,1YO,66,WI03,Wind_success,3,Right,W,1,Experienced,Right,4,TRUE,First,Head-On,TRUE,TRUE,,,,2.9358818151871224,0.4333333333333333,433.33333333333337,898.2021764238674,1.0586568341607685,3.327383551658976,2.787926453299021,24.338255506945124,24.144276317736114,553.0840879319021,8237.142857142857,18.42955830517778
03051YOWI04_f235,-26.5044311,86.73076489766441,-1.428076172,100.33250427246094,-348.6364136,1397.932861328125,90.70143245543748,-8.44405365,-10.17486572,6.163208008,23.99090576171875,-3.653198242,-50.58129883,-0.578828355,-0.69747316,0.4224794983907525,0.4276340192851868,-0.065117668,-0.90160348,1.5124024070148443,-0.350942688,-1.203947754,0.845405273,-1.67244873,8.470898437500066,11.726367187500088,235,0.05,03051YOWI04,2.642805871177438,22.30522655799277,-64.36964456,98.65816295,98.65816295,50,03051YOWI04,L,1,16.2,60,38,0.0125,0.8930776337916208,-0.148868058,0.8591006984321256,-0.193318264,-80.62751918,-17.39601118,0.2605398336926782,5.619597247653696,-0.936736628,5.4058009490953145,-1.216434879,-507.3401994,-109.462574,1.6394195497959894,305,1YO,68,WI04,Wind_success,4,Right,W,1,Experienced,Right,5,TRUE,First,Head-On,TRUE,TRUE,0.091666667,91.66666666666666,142.02675054265964,2.7660890114642664,0.425,425,878.8372751111074,1.499351361005718,2.8721026688904367,2.365632745316946,23.911229818233608,23.119586045237128,553.0840879319021,8237.142857142857,18.42955830517778
03051YOWI05_f223,-126.4990856,413.769761,-36.7601265,0.374051958,-21.58795357,1362.584961,434.2335094123291,-3.172293097,-13.58905602,4.248657227,32.56764420866966,15.141930103302002,-34.08435059,-0.217475827,-0.931594624,0.2912657234036814,0.6577413136088623,0.3058088246391545,-0.688372956,3.217057068307108,0.769751862,-3.092748241,0.4380029296875015,27.693290948869706,-10.16527863,4.867382812501299,223,0.15,03051YOWI05,1.1057518973659133,19.27490965899965,-43.50145187,65.06450081291267,65.06450081291267,150,03051YOWI05,L,1,16.2,60,38,0.015625,1.042048873768248,-0.236528972,1.0088765056450608,-0.109945881,-88.15586987,-25.80535944,1.817658879090319,6.556983134923095,-1.488333727,6.348249491228784,-0.691822916,-554.7115558,-162.377515,11.43742766319527,305,1YO,69,WI05,Wind_success,5,Right,W,1,Experienced,Right,6,TRUE,First,Head-On,TRUE,TRUE,0.6083333333333333,608.3333333333333,1355.9994706657194,3.189718010167661,0.1416666666666666,141.66666666666666,407.9985451,2.097561517,3.052879111416872,2.1817629508645977,26.23592847603093,24.23347251660507,553.0840879319021,8237.142857142857,18.42955830517778
03051YOWI06_f193,-317.0714312,485.36176039377847,-125.7294388,-190.2342682,49.997318267822266,1273.609619140625,593.2269571562232,-3.030593872,-13.58134079,3.839599609,36.73796081542969,-1.897674561,-52.09375,-0.20994227,-0.94083788,0.2659855762835697,0.5760709115938484,-0.029756554,-0.816857914,1.8748268944980269,-0.006514893,-1.785963593,0.570322266,11.480932617187255,-0.415338135,-1.791210937,193,0.4,03051YOWI06,0.4374345039206917,51.42311493284798,-54.77148465,92.95694679517646,92.95694679517646,400,03051YOWI06,L,1,16.2,60,38,0.025,0.5778591427859141,-0.340724986,0.4553030216438012,0.1026003490173768,-28.29140676,-19.93910184,-0.050197482,3.636117987351745,-2.143976199,2.864946462,0.6456019243237363,-178.0207067,-125.4647049,-0.315862384,305,1YO,70,WI06,Wind_success,6,Right,W,1,Experienced,Right,7,TRUE,First,Head-On,TRUE,TRUE,0.5083333333333333,508.3333333333333,807.3463435258631,2.5369106463172235,0.475,475,733.5379461599755,1.4274015765620498,3.874620858600673,2.001139841,30.203399267864096,22.005345162522524,553.0840879319021,8237.142857142857,18.42955830517778
03051YOWI07_f231,39.03282616933187,90.98826726277667,-8.683463033,166.0205535888672,-344.4661865,1390.854004,99.38726693341523,-12.48576355,-5.83291626,4.178100586,37.31855773925781,-4.619049072,-40.4909668,-0.867038213,-0.405050221,0.2901362701196702,0.6753421309043119,-0.083589469,-0.732752214,1.2789844471901073,-0.611072388,-0.903973389,0.6672509765625024,8.597680664062564,-1.590380859,-4.10625,231,0.083333333,03051YOWI07,1.609420391503268,23.89453519843299,-47.11762081,97.05581465,97.05581465,83.33333333333333,03051YOWI07,L,1,16.2,60,38,0.027083333,0.4704164241271879,-0.228488004,0.3327039920733262,-0.241646224,-37.91977242,-29.57042881,-0.413995662,2.96004596,-1.43773678,2.0935049399914814,-1.520533494,-238.6061868,-186.0688187,-2.605024236,305,1YO,73,WI07,Wind_success,7,Right,W,1,Experienced,Right,9,TRUE,First,Head-On,TRUE,TRUE,0.091666667,91.66666666666666,108.8869805403538,2.7750472312744745,0.4083333333333333,408.3333333333333,776.3898725739293,1.0669051009091972,4.484263205973107,2.4030912498282557,23.89453519843299,23.62885277650909,553.0840879319021,8237.142857142857,18.42955830517778
03051YOWI08_f201,26.13897731,69.78219483693442,7.479595692952444,153.16189575195312,-365.6608582,1407.0179443359375,74.89155628337649,-12.93096924,-5.631713867,3.456176758,34.28924560546875,-6.519256592,-43.23303223,-0.890476199,-0.387821444,0.238005604,0.6171136141836674,-0.117328974,-0.778077566,1.077567987431844,-0.533362427,-0.694625244,0.6278320312500022,-2.152001953,18.730371093750144,-36.10898438,201,0.3333333333333333,03051YOWI08,1.070039446484318,22.34936473723169,-51.08489463,100.7649015715431,100.7649015715431,333.3333333333333,03051YOWI08,L,1,16.2,60,38,-0.011458333,0.2120009160891021,-0.211432109,0.005083615,0.014663165,-0.535686161,-22.23958036,-1.033175107,1.333993506809014,-1.33041435,0.031988115,0.092266424,-3.370748925,-139.9402245,-6.501145891,305,1YO,75,WI08,Wind_success,8,Right,W,1,Experienced,Right,10,TRUE,First,Head-On,TRUE,TRUE,0.3416666666666667,341.6666666666667,81.55580312696216,2.991451068578553,0.675,675,793.1929070889179,0.2659613875078354,1.5404315482274424,1.3035991742809725,22.730539193271888,22.539951965251788,553.0840879319021,8237.142857142857,18.42955830517778
03051YOWI09_f212,50.54725704193115,36.05882829030355,28.54920476277676,177.63641357421875,-399.4247742,1428.1270751953125,68.33974967,-13.59802246,-5.194213867,2.548706055,34.71247863769531,-20.96609497,-38.3984375,-0.920168494,-0.351488753,0.1724691233535119,0.6215553314730807,-0.375415085,-0.687555441,0.755339242,-0.428585815,-0.554029541,0.282670898,14.770678710937602,-19.38339844,-3.981445313,212,0.2416666666666666,03051YOWI09,1.779640600704508,24.12855328634525,-43.43691098,121.13168336432928,121.13168336432928,241.66666666666663,03051YOWI09,L,1,16.2,60,38,0.3729166666666667,0.2518981700784329,-0.211567054,0.029912792,0.1334065020411093,-4.845922406,-27.38439274,-1.085941912,1.5850427887796086,-1.331263473,0.1882231028667255,0.8394464079303638,-30.49245797,-172.3134163,-6.83317547,305,1YO,77,WI09,Wind_success,9,Right,W,1,Experienced,Right,11,TRUE,First,Head-On,TRUE,TRUE,,,,2.750466960409839,0.7166666666666667,716.6666666666666,975.0668437607902,0.2876962081692276,3.107117041135974,2.054691262987524,25.32828220486305,21.342306977275623,553.0840879319021,8237.142857142857,18.42955830517778
03051YOWI10_f150,-15.15108568,1486.0752494812011,32.30216674804683,111.8740234,1050.4300537109375,1431.841064453125,1486.503492257747,0.5340728759765625,-14.12268066,1.349243164,-5.943229675,41.36083984,-37.6072998,0.037618621,-0.994762692,0.095036969,-0.105719456,0.7357355718317068,-0.668966789,1.1991690753826802,-0.028295288,-0.606914063,-1.033857422,1.5370971679687602,-4.32421875,-4.477148438,150,0.7583333333333333,03051YOWI10,2.809322777737945,22.03296695370112,-41.9873711,-8.176984671,8.176984670584659,758.3333333333333,03051YOWI10,L,1,16.2,60,38,0.020833333,0.5187805970406872,-0.145175549,0.4610524893928618,-0.188382509,-57.13274865,-23.22679186,0.1805083274043316,3.2643724408243493,-0.913501901,2.901124384244232,-1.185377162,-359.5018226,-146.1521492,1.1358296988732313,305,1YO,80,WI10,Wind_success,10,Right,W,1,Experienced,Right,13,TRUE,First,Head-On,TRUE,TRUE,,,,2.842420077,0.3333333333333333,333.3333333333333,682.9639013,1.215203499862076,3.9473425040863472,2.8629059240802897,28.71228478428791,24.90225518760928,553.0840879319021,8237.142857142857,18.42955830517778
03051YOWI11_f235,-20.51198928,98.17809232076009,9.868304951985692,106.41172790527344,-337.3809814,1409.2357177734375,100.78225517625609,-9.472946167,-9.554260254,4.852661133,34.325103759765625,-3.942932129,-43.02124023,-0.662315998,-0.6680012,0.3392814697898985,0.6220820854483796,-0.071458704,-0.779684252,1.3832684887635296,-0.478354797,-1.235994873,0.3961376953125013,-1.402844238,10.339453125000066,3.825000000000019,235,0.05,03051YOWI11,0.8091742090174657,22.14631843626592,-51.23167488,96.55285735100782,96.55285735100782,50,03051YOWI11,L,1,16.2,60,38,0.025,0.8041392377953984,-0.234353214,0.7416010889680593,-0.204319137,-70.23485707,-25.04784387,-0.385624578,5.0599617283661065,-1.474642994,4.666446992663441,-1.285656718,-441.9454643,-157.6109278,-2.426502169,305,1YO,82,WI11,Wind_success,11,Right,W,1,Experienced,Right,14,TRUE,First,Head-On,TRUE,TRUE,0.066666667,66.66666666666667,120.21423274267732,2.786689929,0.3916666666666666,391.6666666666667,804.5802147887277,1.2587342048624066,3.848321245825581,2.0781803636305267,24.45759522,23.31460160655862,553.0840879319021,8237.142857142857,18.42955830517778
03061YOPE01_f240,49.98587106068928,38.683783213297545,-7.276196035,-132.0670929,-381.1288757,1390.1004638671875,63.62362311378814,8.086006164550781,-49.50146484,52.19372559,9.237670898,-34.44287109,52.9017334,0.111704312,-0.683839085,0.7210313809694606,0.1447946491082672,-0.539870222,0.8292012141222184,8.964779095852869,0.7980560302734404,-8.672915039,2.123891601562508,73.67255859375052,-837.1415039,237.8935546875017,240,0.008333333,03061YOPE01,5.189003831683563,22.25471362390688,56.01677060995669,164.9864491234884,164.9864491234884,8.333333333333334,03061YOPE01,L,3,18.6,61,39,-0.003125,0.8103801088270598,-0.355184638,-0.72425539,0.07754949,57.55353460724717,-27.95155619,-3.991376114,4.441266366485042,-1.946579847,-3.969262164,0.4250078892929222,315.4205967536262,-153.1877511,-21.87462932,306,1YO,57,PE01,Wind_Near-miss,1,Left,P,1,Experienced,Left,2,TRUE,First,Pivot,TRUE,FALSE,0.075,75,134.46470704391098,2.675824964387072,0.175,175,334.67567000283424,,5.154155567033971,2.1612766646012425,28.65369665330078,24.68387546131725,582.5767989919827,8514.002380952381,20.44724685
03061YOPI01_f240,-4.632970503,66.64551361020273,3.627416686374545,120.97379302978516,-369.0179138,1403.6121826171875,66.90476105531658,-21.54360199,-43.38601685,54.12939453,-18.88021088,-28.3739624,57.06835938,-0.296583375,-0.597280404,0.7451807974158414,-0.284038486,-0.426864793,0.8585502821368215,1.0211197697349952,-0.245492249,-0.988388672,-0.074208984,-23.88581543,5.830224609375037,-40.07636719,240,0.008333333,03061YOPI01,3.519017581450969,21.21139188770429,59.15419626581058,-146.3599591,146.35995909956893,8.333333333333334,03061YOPI01,L,3,18.6,61,39,0.023958333,0.5564448644081524,-0.326416148,0.4473234598384421,-0.054636138,-55.8565763,-41.47952997,3.662882004785434,3.0495810967969508,-1.788914912,2.451544177208039,-0.299431883,-306.1204624,-227.3274471,20.07432620206194,306,1YO,86,PI01,Wind_Near-miss,1,Left,P,1,Experienced,Right,1,FALSE,Second,Pivot,TRUE,FALSE,0.3416666666666667,341.6666666666667,648.5104866399012,2.320456555085851,0.275,275,498.8368470260003,1.0614692672071917,3.191287726211258,2.167757868911295,28.061701859972388,23.268575020643024,582.5767989919827,8514.002380952381,20.44724685
03061YOPI02_f228,38.33309310277304,207.2748336791992,-21.56829046,163.92066955566406,-228.9250183,1378.492676,211.8902401168252,,,,-59.23724365,-31.90011597,27.52258301,,,,-0.814904697,-0.438838014,0.3786179233447541,1.88620516,0.2558386230468759,-1.826720581,0.3942187500000014,-19.10588379,22.685449218750133,66.73007812500047,228,0.1083333333333333,03061YOPI02,2.543159726249192,24.58147196871941,22.248099893890046,-118.3031091,118.30310911597152,108.33333333333334,03061YOPI02,L,3,18.6,61,39,0.020833333,0.7232419703517627,-0.256981097,0.6174336432225614,-0.275345891,-79.15341532,-38.35394238,6.239825964624608,3.963708145,-1.408377984,3.3838284569320387,-1.509025741,-433.7981614,-210.1977485,34.19719818829046,306,1YO,106,PI02,Wind_Near-miss,2,Left,P,1,Experienced,Right,12,FALSE,Second,Pivot,TRUE,FALSE,0.3666666666666666,366.6666666666666,747.9536227060074,2.450163625603617,0.2916666666666667,291.6666666666667,578.6758374438899,1.7190357289598817,3.641886651385866,2.294492171396961,30.01905428432752,24.296547034419767,582.5767989919827,8514.002380952381,20.44724685
03061YOPI03_f239,-11.68548579,35.44703852335613,25.938252766927008,113.79830169677734,-401.1272583,1426.1151123046875,45.45146944682938,-3.90499115,-14.85025024,-0.630737305,54.25739288330078,-6.043395996,-39.37719727,-0.254098156,-0.966307234,-0.041042138,0.8060541898608844,-0.089781399,-0.584992259,1.5236222120035707,-0.180396423,-1.502244873,0.1792822265625006,-23.40560303,5.263330078125011,22.08691406250016,239,0.016666667,03061YOPI03,0.4429342583872495,,-35.80244316,96.35562613,96.35562613,16.666666666666668,03061YOPI03,L,3,18.6,61,39,0.010416667,0.9233549375075436,-0.217057976,0.7715817977412633,-0.458401249,-101.1060061,-29.60461293,4.610277282435473,5.060421873,-1.189580393,4.228633267245751,-2.512255702,-554.1087442,-162.247284,25.26650051,306,1YO,109,PI03,Wind_Near-miss,3,Left,P,1,Experienced,Right,14,FALSE,Second,Pivot,TRUE,FALSE,0.2666666666666666,266.6666666666667,567.7554118036267,2.474918396846312,0.1833333333333333,183.3333333333333,364.7755400325983,1.5236222120035707,2.905589423604191,1.710812287541338,30.418234173438982,25.26594281171004,582.5767989919827,8514.002380952381,20.44724685
,,,,,,,,,,,,,,,,,,,,,,,,,,,,,03061YOUI01,,,,,,,03061YOUI01,L,3,18.6,61,39,0.007291667,0.3986455406104313,-0.321466013,-0.235749117,0.000472758,5.749394236244715,-8.313858694,0.5244736187284191,2.1847661515593657,-1.761785828,-1.292016688,0.002590936,31.50940030605545,-45.56387871,2.874363545693001,306,1YO,92,UI01,Wind_Uturn,1,Left,U,1,Experienced,Right,5,FALSE,Second,U-Turn,TRUE,FALSE,,,,2.840018040643788,0.8666666666666667,866.6666666666667,623.6484819536269,,4.318549276490356,3.3207738745410693,26.82008125451781,25.551942455233156,582.5767989919827,8514.002380952381,20.44724685
,,,,,,,,,,,,,,,,,,,,,,,,,,,,,03061YOUI02,,,,,,,03061YOUI02,L,3,18.6,61,39,0.057291667,0.4186016460058047,-0.36124218,-0.193124368,-0.086222989,10.25540279973576,-22.82971274,2.231040724892169,2.2941350498493125,-1.97977804,-1.058412901,-0.472542769,56.20445891,-125.117626,12.227158620741228,306,1YO,101,UI02,Wind_Uturn,2,Left,U,1,Experienced,Right,9,FALSE,Second,U-Turn,TRUE,FALSE,,,,2.548222938904357,0.9333333333333332,933.3333333333334,743.2943828458216,0.6318956296821966,3.753624414639392,2.888747572424278,22.848948953003287,21.86737982,582.5767989919827,8514.002380952381,20.44724685
03061YOWE01_f215,18.16133391,453.71060981750486,-103.0973323,-163.9010315,33.992427825927734,1294.3262939453125,465.630982,10.26629638671875,-47.21008492,59.3046875,10.491287231445312,-31.97914577,56.62219238,0.1342115928709755,-0.617178821,0.775291914,0.1592735588818526,-0.485491651,0.859610255,2.631309780451174,-0.636729126,-2.547920837,0.1626855468750006,-7.940258789,-17.22584839,-18.99492187,215,0.2166666666666666,03061YOWE01,10.97543855307736,18.867344937744846,59.27285047426831,161.83706822264122,161.83706822264122,216.66666666666669,03061YOWE01,L,3,18.6,61,39,0.008333333,1.4095726182451818,-0.336564293,-1.358830687,0.1649200001628927,163.63537063745912,-40.73283195,-1.081777325,7.725124781,-1.844531547,-7.447034993,0.9038396203286788,896.7992428039147,-223.2351888,-5.928651502,306,1YO,53,WE01,Wind_success,1,Left,W,1,Experienced,Left,1,TRUE,First,Head-On,TRUE,TRUE,0.2166666666666666,216.66666666666669,465.630982,2.6358495604535643,0.1833333333333333,183.3333333333333,387.0847502735813,1.7183937184239864,3.615146829006728,2.445514946973602,28.85176609,24.802660129216218,582.5767989919827,8514.002380952381,20.44724685
03061YOWE02_f232,11.603753330812085,131.66932503017352,20.143366102883647,-170.472229,-288.1445007,1417.569824,133.70569712326628,2.4713287353515625,-14.94726563,0.329833984,-48.20458984,5.614044189453125,-44.9284668,0.1630833339117739,-0.98637218,0.021765791,-0.728887605,0.084888332,-0.6793503,1.7678102263380135,0.5952008056640646,-1.620142822,0.3821337890625013,-8.904638672,10.966552734375089,9.279492187500066,232,0.075,03061YOWE02,1.5409242765655866,27.680331114213143,-42.79289403,-83.35709592,83.35709592467595,75,03061YOWE02,L,3,18.6,61,39,0.017708333,0.8123472584908269,-0.342833343,-0.716127811,-0.171855535,68.64099204323769,-31.07039085,-2.149341681,4.452047277250704,-1.878888908,-3.924719188,-0.941849631,376.1851086955251,-170.2804405,-11.77940921,306,1YO,59,WE02,Wind_success,2,Left,W,1,Experienced,Left,3,TRUE,First,Head-On,TRUE,TRUE,0.15,150,271.4359659677521,2.520116147968625,0.4,400,855.7547666900363,1.4708504621208698,2.931905621907192,1.7764177480514307,29.642344768426995,25.42352029864475,582.5767989919827,8514.002380952381,20.44724685
03061YOWE03_f230,0.7169131278991756,164.15800285339355,15.21930516560883,-181.5738983,-255.6873474,1412.6448974609375,164.86355302179936,0.9613494873046876,-15.58071899,-0.283935547,-43.76075745,2.259628295898437,-51.18249512,0.061573928,-0.997936834,-0.018185922,-0.649484061,0.033536727,-0.759635269,1.980189986197048,0.1368493652343755,-1.919285889,0.4677246093750016,21.57297363281252,19.634985351555976,9.145898437501314,230,0.091666667,03061YOWE03,0.5974613051551123,39.29288566244491,-49.43205459,-87.04410319,87.04410318664412,91.66666666666666,03061YOWE03,L,3,18.6,61,39,0.009375,1.2094940016004656,-0.362778199,-1.146204817,0.1322204054861027,140.28227618780238,-48.16199201,-2.715462384,6.628599309462944,-1.988196152,-6.281744637,0.7246303721575679,768.8132374678152,-263.9505004,-14.88201848,306,1YO,60,WE03,Wind_success,3,Left,W,1,Experienced,Left,4,TRUE,First,Head-On,TRUE,TRUE,0.1916666666666666,191.66666666666669,388.3402722553944,2.5490972027890573,0.275,275,590.1456381370923,,3.6054088066363015,2.4556939557738326,26.84956418603855,24.615953302026654,582.5767989919827,8514.002380952381,20.44724685
03061YOWE04_f212,48.01226739883424,415.6504737218221,-10.89414495,-134.0702362,-4.146956444,1386.521728515625,418.5560613825912,-0.489196777,-15.23408222,2.093383789,-26.0319519,26.14091205596924,-54.87329102,-0.031796955,-0.990189324,0.1360663706405286,-0.393697169,0.3953450405766453,-0.829882424,2.3881353798604894,-0.165258179,-2.346600266,0.4115185546875015,6.496875000000046,1.1805770874023522,0.043945313,212,0.2416666666666666,03061YOWE04,0.5763882480183803,,-56.086662,-44.8803411,44.880341095434574,241.66666666666663,03061YOWE04,L,3,18.6,61,39,0,0.7968626134307867,-0.286679921,-0.736067929,0.1049221189062731,69.17515964411544,-25.83295654,-2.985841259,4.3671840969319575,-1.571141587,-4.034000468,0.575022848,379.1125998493716,-141.5768227,-16.36382262,306,1YO,62,WE04,Wind_success,4,Left,W,1,Experienced,Left,5,TRUE,First,Head-On,TRUE,TRUE,,,,2.597248660060319,0.3666666666666666,366.6666666666666,735.2114512369656,,3.113425465937943,2.351447733840824,28.03070531172939,24.678213736201783,582.5767989919827,8514.002380952381,20.44724685
03061YOWE05_f222,31.834435844421392,247.98806756337484,1.7872601826986738,-150.2060394,-171.8681183,1399.205566,250.0294127863964,-1.210037231,-15.32350159,2.511962891,-47.4359436,14.572357177734377,-37.75463867,-0.077690478,-0.983845892,0.1612806549338355,-0.760760652,0.2337062383537883,-0.605495355,1.7683068026857462,0.3178692626953051,-1.737451172,0.084448242,13.744335937498713,3.372802734380491,-22.24511719,222,0.1583333333333333,03061YOWE05,3.487135241940757,,-37.26449568,-72.92300325,72.92300324727677,158.33333333333331,03061YOWE05,L,3,18.6,61,39,0.004166667,1.491284783,-0.51298553,-1.400218252,0.012845148,133.1014521481673,-43.52763538,-0.233946369,8.172946102206328,-2.811403387,-7.673858429,0.070397489,729.4589247,-238.5520337,-1.282136775,306,1YO,65,WE05,Wind_success,5,Left,W,1,Experienced,Left,6,TRUE,First,Head-On,TRUE,TRUE,0.2,200,329.19791573107256,2.501154373391977,0.2833333333333333,283.3333333333333,528.0815708850818,,3.392041610860904,1.658851253483691,26.078427498360945,21.127941278425435,582.5767989919827,8514.002380952381,20.44724685
03061YOWE06_f236,6.890152295430511,42.59752419789635,35.909476216634175,-175.3149261,-377.6491699,1433.330322265625,56.138344726199456,,,,-51.35972595,-12.79504395,-37.92114258,,,,-0.788792799,-0.196508808,-0.582400385,1.0778760541079146,0.6421875000000024,-0.86182251,0.081694336,13.295434570312604,4.150195312500024,23.89394531250017,236,0.041666667,03061YOWE06,2.748743473939089,19.62257250003564,-35.61955067,-103.9891039,103.98910385107035,41.66666666666666,03061YOWE06,L,3,18.6,61,39,-0.005208333,0.9033389899940566,-0.592613566,-0.667972224,-0.136541572,83.63013602284016,-73.30725651,-3.597519543,4.950725011750444,-3.24780269,-3.660803787,-0.748312408,458.3327086845777,-401.7584455,-19.71610899,306,1YO,67,WE06,Wind_success,6,Left,W,1,Experienced,Left,7,TRUE,First,Head-On,TRUE,TRUE,0.25,250,338.9851072130914,2.3833889859114072,0.3416666666666667,341.6666666666667,522.4158244798277,1.096879456345973,3.4807511534607456,1.7155435622886253,29.580377688058096,22.650728423988536,582.5767989919827,8514.002380952381,20.44724685
03061YOWE07_f237,51.33710580081183,77.34871557311374,34.30731417789343,-130.8569183,-343.2034302,1431.7518310546875,98.97127886,,,,-23.60290527,1.174499512,-65.28173828,,,,-0.33996464,0.016916913,-0.940286053,1.6201503923454372,-0.468300476,-1.550980225,-0.006503906,4.027258300782679,3.0282714843799066,-15.45820312,237,0.033333333,03061YOWE07,0.4652523204685445,21.108334524782467,-70.09965091,-87.15126576,87.15126575722917,33.333333333333336,03061YOWE07,L,3,18.6,61,39,0.011458333,1.0134622186261328,-0.221635662,-0.960970438,0.233493296,97.80816598,-24.32452065,-1.585393477,5.5542524011384735,-1.214668278,-5.266572611,1.279653722,536.0350201336228,-133.3098805,-8.688706263,306,1YO,68,WE07,Wind_success,7,Left,W,1,Experienced,Left,8,TRUE,First,Head-On,TRUE,TRUE,0.033333333,33.333333333333336,98.97127886,2.664343645562256,0.2416666666666666,241.66666666666663,515.2288600676889,1.6597963143585517,3.3495340133228653,2.392781869395715,29.08491192222325,25.30438715459729,582.5767989919827,8514.002380952381,20.44724685
03061YOWE08_f233,0.3239643732706838,100.68035214742024,26.94751942952485,-182.1176605,-320.0366211,1424.316406,104.22479102808656,-2.706954956,15.04730224609375,2.212402344,-48.42222595,5.334625244140625,-47.24230957,-0.175229048,0.974055533,0.143215223,-0.713558608,0.078611995,-0.696171148,16.652927473896227,3.509505615234388,-16.07652832,2.559023437500009,391.45100097656535,-1685.193091,248.58632812500173,233,0.066666667,03061YOWE08,1.7288756817465418,17.84892878315603,-44.12061621,-83.71313793,83.71313793,66.66666666666667,03061YOWE08,L,3,18.6,61,39,0.010416667,1.173901665593888,-0.473564263,-1.070763657,0.08513049,134.79199072152605,-62.11563318,-4.060431352,6.4335364703226245,-2.595356191,-5.868291391,0.4665553568854579,738.7238757989217,-340.4230552,-22.2530847,306,1YO,70,WE08,Wind_success,8,Left,W,1,Experienced,Left,9,TRUE,First,Head-On,TRUE,TRUE,0.2,200,380.8210758993146,2.6541863239110213,0.325,325,683.1841868289833,1.2827464830815845,2.708028116609914,1.5558995025790934,27.12120973874832,22.57329130104409,582.5767989919827,8514.002380952381,20.44724685
03061YOWE09_f219,-101.3544809,395.6920977274577,-69.98771057,-283.6147766,-25.02937508,1327.3990478515625,414.4191678,,,,28.478546142578125,-30.52933693,49.98937988,,,,0.4372523676411686,-0.468739689,0.7675242479458537,5.963652191962392,-2.263776855,-2.831724672,-4.735166016,,,,219,0.1833333333333333,03061YOWE09,6.053089508,21.233042331235502,50.13208605189925,136.9904862826962,136.9904862826962,183.3333333333333,03061YOWE09,L,3,18.6,61,39,0.026041667,0.8564619021808503,-0.272899432,-0.799812601,-0.139113955,78.01108084827932,-25.83457127,-2.042641938,4.693816394182205,-1.495617989,-4.383351427,-0.762410285,427.5376281,-141.5856723,-11.19464414,306,1YO,72,WE09,Wind_success,9,Left,W,1,Experienced,Left,10,TRUE,First,Head-On,TRUE,TRUE,0.1833333333333333,183.3333333333333,414.4191678,2.706516563079445,0.1583333333333333,158.33333333333331,350.9779512746736,1.8163682548523816,4.266055434609663,2.066833598202004,28.692828268014587,24.874660122375428,582.5767989919827,8514.002380952381,20.44724685
03061YOWE10_f238,20.026778634389245,53.38904527028404,34.75129547,-162.2964325,-367.3237,1432.1326904296875,66.77660184727374,0.8155364990234375,-15.17669678,-1.136352539,-33.5068512,-2.97088623,-61.80004883,0.053509332,-0.99577996,-0.074558852,-0.476208066,-0.042223006,-0.878318334,1.3757217722680828,0.025107422,-1.373583984,0.072436523,2.865893554687524,11.71362305,-11.74746094,238,0.025,03061YOWE10,0.9284618174473898,25.053737185838926,-61.4401657,-95.06688244,95.06688243537916,25,03061YOWE10,L,3,18.6,61,39,0.008333333,1.1544997874438745,-0.407760609,-1.052406512,0.2429847289667682,125.0046391,-47.83749003,1.552940867827903,6.327204999527989,-2.234721038,-5.767685552,1.331671265,685.0845588503119,-262.172076,8.510850612321764,306,1YO,73,WE10,Wind_success,10,Left,W,1,Experienced,Left,11,TRUE,First,Head-On,TRUE,TRUE,0.175,175,339.2554649989705,2.601334410099696,0.3333333333333333,333.3333333333333,723.3868996657513,1.3618551256051488,3.3908690990133525,1.6043707548805937,28.569978966020766,24.12626221,582.5767989919827,8514.002380952381,20.44724685
03061YOWE11_f233,72.20723403,162.18072814941405,15.618964385986374,-110.0958862,-258.5666504,1412.990234,178.21454844724067,-3.592041016,-14.64590454,0.489501953,-18.98699951,8.005401611328125,-65.203125,-0.2380742,-0.970704953,0.032443334,-0.277662497,0.1170695664890256,-0.95351888,1.9313033848566736,-0.417253418,-1.868939209,0.2507958984375009,17.62174072265638,1.714306640624989,-14.60742188,233,0.066666667,03061YOWE11,0.6517058090517961,25.475930204486065,-72.46229938,-67.13847532,67.13847531630051,66.66666666666667,03061YOWE11,L,3,18.6,61,39,0.03125,1.120728072557569,-0.375041596,-0.994360817,0.3558395401067655,104.25376289534296,-39.29367851,1.0522792876473388,6.142120025416071,-2.05540537,-5.449567687,1.9501690183747409,571.3599404565396,-215.3479471,5.766988302737708,306,1YO,74,WE11,Wind_success,11,Left,W,1,Experienced,Left,12,TRUE,First,Head-On,TRUE,TRUE,0.083333333,83.33333333333333,209.74478754641063,2.5437161760098226,0.25,250,577.2732976719309,1.7656702003614806,3.679367164038682,1.962495501,27.874570422895182,25.53955967875473,582.5767989919827,8514.002380952381,20.44724685
03061YOWE12_f240,37.99335934321087,53.81950314839679,-19.99755529,-144.2917023,-366.9607544,1377.369629,68.84719668081206,18.523658752441406,-34.33996582,58.53881836,21.11079406738281,-19.64425659,61.97229004,0.2633063641905142,-0.488128812,0.832105775,0.3088497409333842,-0.287394379,0.9066511502371865,1.132115207723337,0.3380181884765637,-1.059074707,-0.213984375,25.97827148437519,-10.40185547,0.9966796875000064,240,0.008333333,03061YOWE12,3.698092231,17.93024379242869,65.04659153394506,132.93914699872713,132.93914699872713,8.333333333333334,03061YOWE12,L,3,18.6,61,39,0.01875,1.1323794775656857,-0.526264532,-0.988575975,0.1674707897257457,87.07371998915119,-47.32396805,-0.966466069,6.205975237,-2.8841786,-5.417864011,0.9178191538464466,477.2051779,-259.3577327,-5.296691269,306,1YO,76,WE12,Wind_success,12,Left,W,1,Experienced,Left,13,TRUE,First,Head-On,TRUE,TRUE,0.2166666666666666,216.66666666666669,414.7688761,2.516876577871056,0.3166666666666666,316.66666666666663,648.2578980161777,1.132115207723337,4.373269209749647,2.792374591462787,25.719333952335603,23.309954447708844,582.5767989919827,8514.002380952381,20.44724685
03061YOWE13_f230,85.79677766164144,149.15215396881104,41.70978546142578,-96.53175354,-271.6168518,1439.099365234375,177.05128718508433,-4.759223938,-13.81808472,-2.291381836,-33.44287109,9.647094727,-61.78771973,-0.321716014,-0.934080682,-0.15489379,-0.47157794,0.1360336869356257,-0.871268663,1.7168898610357046,-0.361094971,-1.669980469,0.1687792968750006,-3.061889648,1.208276367182157,-9.165234375,230,0.091666667,03061YOWE13,1.588911703855131,,-60.60640264,-73.90900543,73.90900543216787,91.66666666666666,03061YOWE13,L,3,18.6,61,39,0.013541667,1.0031895348684596,-0.487721059,-0.856469713,0.1870215013611929,67.27622938786924,-39.55816811,2.247067814297003,5.497953234402352,-2.67294213,-4.693859203,1.0249663025505733,368.7055637097828,-216.7974752,12.314994652685996,306,1YO,77,WE13,Wind_success,13,Left,W,1,Experienced,Left,14,TRUE,First,Head-On,TRUE,TRUE,0.1916666666666666,191.66666666666669,368.5911156329093,2.5574763334635184,0.3083333333333333,308.33333333333337,645.9439320315314,1.3512794798342649,3.4023376630436304,1.9046647924343407,29.38322704396321,25.841406918065736,582.5767989919827,8514.002380952381,20.44724685
03061YOWE14_f221,-0.366861025,330.8375527064006,-52.36037038,-182.6827545,-89.89994812,1344.992919921875,334.9555631039413,-1.051864624,-14.86396027,3.769775391,-34.32592773,25.98691177368164,-47.41723633,-0.068433602,-0.967039216,0.245259041,-0.53595132,0.4057492571098151,-0.740353782,2.2924234337480214,-0.308805542,-2.214951782,0.5038183593750017,-8.583178711,-3.247503662,18.792773437500127,221,0.1666666666666666,03061YOWE14,1.8944731502722567,16.548394591938088,-47.76156109,-52.87196065,52.871960646780735,166.66666666666666,03061YOWE14,L,3,18.6,61,39,0.019791667,0.7337497663800694,-0.040276844,-0.731298708,-0.04436998,82.65824059092584,-1.123275937,-0.922618846,4.021295838019518,-0.220736159,-4.007862879,-0.243168482,453.0062619388041,-6.156083526,-5.056387744,306,1YO,78,WE14,Wind_success,14,Left,W,1,Experienced,Left,15,TRUE,First,Head-On,TRUE,TRUE,0.1666666666666666,166.66666666666666,334.9555631039413,2.387469563769843,0.2583333333333333,258.33333333333337,540.6754864757434,1.736546391671902,4.044517580305686,2.394511062,29.91247334982896,25.01026840666329,582.5767989919827,8514.002380952381,20.44724685
03061YOWI01_f233,-69.47654475,113.32062441507976,41.49172007242828,56.008426666259766,-322.7067871,1441.5587158203125,139.24840042960042,-1.762428284,-15.21362305,-1.155639648,55.04143905639648,-12.96710205,-40.76013184,-0.1147496,-0.990540823,-0.075242317,0.7896090646635109,-0.186022413,-0.584733432,1.2411354913443555,0.2605760192871102,-1.21345459,0.006738281,4.737194824218779,2.9091796875000155,-5.551171875,233,0.066666667,03061YOWI01,1.6637317240774516,24.29377493944352,-35.78416045,103.25647328473912,103.25647328473912,66.66666666666667,03061YOWI01,L,3,18.6,61,39,0.025,0.6470413668124542,-0.373172451,0.5278262405520743,-0.028360396,-55.66382005,-41.230234,0.9500896280557076,3.546092788861784,-2.045161569,2.8927374993263086,-0.155428385,-305.064067,-225.9611873,5.206940624860015,306,1YO,88,WI01,Wind_success,1,Left,W,1,Experienced,Right,2,FALSE,Second,Head-On,TRUE,TRUE,0.3,300,620.5960039883432,2.738877883600001,0.25,250,486.8463192406199,1.3010516429948025,3.210166548015257,2.257511019867461,27.299948051048663,25.06961523898544,582.5767989919827,8514.002380952381,20.44724685
03061YOWI02_f226,-79.63899827,194.84442068589755,40.179113081452215,45.80255508422852,-241.1862488,1440.2740478515625,214.29204242482564,-1.827510834,-15.40325928,-0.192260742,60.30960464477539,-5.373428345,-31.4934082,-0.11780904,-0.992958922,-0.012393937,0.8836672270421959,-0.078732443,-0.461447109,1.7377153885530552,0.5107324218750018,-1.649648438,0.1935644531250007,-612.0565178,3023.778103637717,-620.83125,226,0.125,03061YOWI02,6.265868337069361,21.123655825363404,-27.48052628,95.09146020570424,95.09146020570424,125,03061YOWI02,L,3,18.6,61,39,0.021875,0.6837807688361732,-0.339431213,0.5908132272334576,-0.057291554,-58.22395397,-35.75673702,1.011108756620055,3.747442092423647,-1.860243622,3.237935983873476,-0.313984821,-319.094812,-195.9638345,5.541354315982456,306,1YO,89,WI02,Wind_success,2,Left,W,1,Experienced,Right,3,FALSE,Second,Head-On,TRUE,TRUE,0.3083333333333333,308.33333333333337,598.3213631676748,2.7450452402514283,0.2833333333333333,283.3333333333333,534.4188504430566,1.2145150961550717,3.864888904678482,2.623615000555798,24.25384277577617,23.44914353675237,582.5767989919827,8514.002380952381,20.44724685
03061YOWI03_f227,-36.30103696,186.86144873301183,-4.086737315,89.16241455078125,-249.1064606,1395.990723,190.3987072671136,-55.02664185,-18.06678772,41.2935791,-55.81095505,-2.788253784,42.77172852,-0.77360491,-0.253996159,0.5805354368808465,-0.793097536,-0.039622279,0.607804552,1.863693973274028,0.3371447753906262,-1.826592407,-0.152475586,2.966088867187519,-17.24897461,-61.57089844,227,0.1166666666666666,03061YOWI03,1.2830264281552948,16.994721904270634,37.43092648688347,-92.8600561,92.8600561,116.66666666666669,03061YOWI03,L,3,18.6,61,39,0.00625,1.0540707973353445,-0.446910506,0.9503172804561382,0.090737597,-93.80054611,-49.51721386,2.904488591241188,5.776806623345414,-2.449280997,5.208188267710906,0.4972849589288513,-514.0713673,-271.3777573,15.917971519303256,306,1YO,91,WI03,Wind_success,3,Left,W,1,Experienced,Right,4,FALSE,Second,Head-On,TRUE,TRUE,0.3333333333333333,333.3333333333333,705.0122500072872,2.699645852533156,0.3083333333333333,308.33333333333337,639.9425898008119,,1.7417115305585271,1.404211581393423,23.82232262565519,22.42026415760312,582.5767989919827,8514.002380952381,20.44724685
03061YOWI04_f235,-48.20714494,106.95146814982098,39.8399854,76.93949127197266,-329.026825,1440.067626953125,123.8941879181877,-0.273757935,-15.56900024,-1.094604492,58.22173309326172,-8.17590332,-31.53088379,-0.017537532,-0.997384196,-0.070122757,0.8727010380048219,-0.122550789,-0.472624801,1.6232102849642691,0.3576177978515638,-1.569788818,-0.206601563,-0.787060547,-0.304980469,-2.091796875,235,0.05,03061YOWI04,0.8086205021729668,31.207868509809323,-28.20481338,97.99360398905908,97.99360398905908,50,03061YOWI04,L,3,18.6,61,39,0.023958333,1.0727372593389957,-0.437241989,0.956057378,0.2133985942435202,-124.1961416,-61.91833683,-2.449654019,5.879107665751404,-2.396292946,5.23964672,1.1695252498740605,-680.6536097,-339.3417778,-13.42526289,306,1YO,94,WI04,Wind_success,4,Left,W,1,Experienced,Right,6,FALSE,Second,Head-On,TRUE,TRUE,0.2666666666666666,266.6666666666667,624.6203795494756,2.758944546683196,0.225,225,512.5313758715837,1.463626044671698,3.033028697231856,1.8519034456866084,29.31546239901488,25.08088326112799,582.5767989919827,8514.002380952381,20.44724685
03061YOWI05_f201,-206.5172777,705.0417447908154,-114.7996423,-80.98629761,269.0830993652344,1285.3004150390625,743.5806652588478,-1.876937866,-15.06132507,3.639038086,36.75673294067383,24.29794311523437,-41.77258301,-0.120255023,-0.964975999,0.2331524214361497,0.6053909176001019,0.4001920981951437,-0.688002995,2.3611077674913834,-0.077210999,-2.288309326,0.5766357421875021,-7.480041504,-12.29765625,-6.96796875,201,0.3333333333333333,03061YOWI05,1.0274934741216413,,-43.47223579,56.53340608880913,56.53340608880913,333.3333333333333,03061YOWI05,L,3,18.6,61,39,0.026041667,1.1852249066062297,-0.442387595,1.090749388,0.138985855,-120.132132,-54.30026879,-0.642789055,6.495593187806108,-2.424493302,5.977822651583582,0.7617082362055289,-658.3809146,-297.591161,-3.522788109,306,1YO,97,WI05,Wind_success,5,Left,W,1,Experienced,Right,7,FALSE,Second,Head-On,TRUE,TRUE,0.3333333333333333,333.3333333333333,743.5806652588478,2.286240538254998,0.3333333333333333,333.3333333333333,743.5806652588478,,2.369640183510661,2.369640183510661,,,582.5767989919827,8514.002380952381,20.44724685
03061YOWI06_f235,-7.352430368,66.75049555950085,27.90682894016413,117.89119720458984,-369.1634216,1427.9769287109375,72.72192235663523,-3.422981262,-14.82522583,-1.963989258,58.65142059326172,-8.174041748,-33.38720703,-0.22311919,-0.966348376,-0.12801814,0.8627532454093184,-0.120238879,-0.491120606,1.1442984091648687,0.08419281,-1.134924316,0.1194873046875004,9.240380859375064,3.114404297,2.629687500000017,235,0.05,03061YOWI06,2.068331722440263,26.818324609509336,-29.41426239,97.93400676959034,97.93400676959034,50,03061YOWI06,L,3,18.6,61,39,0.017708333,0.7778178087136596,-0.270891244,0.6709742425800226,-0.285327958,-89.22786451,-40.51833256,1.9249752752883589,4.262809557471855,-1.484612167,3.6772562700997584,-1.56373219,-489.0109089,-222.0596306,10.549775165172464,306,1YO,99,WI06,Wind_success,6,Left,W,1,Experienced,Right,8,FALSE,Second,Head-On,TRUE,TRUE,0.3583333333333333,358.3333333333333,716.1179488591772,2.668276647745713,0.2666666666666666,266.6666666666667,479.5872022677688,0.9873216990234946,2.744482045687961,1.4628946373227856,29.97661358491936,25.90009761573145,582.5767989919827,8514.002380952381,20.44724685
03061YOWI07_f214,-106.244082,449.7850688,-10.94077861,19.20965576171875,13.71552562713623,1389.0501708984375,462.2922384014325,1.127826690673828,-15.0091387,3.277587891,45.68428802490234,10.694378852844238,-47.68811035,0.073215618,-0.974354808,0.2127726036783116,0.6828765658867026,0.1598567258253174,-0.712829168,2.545836601223298,0.7303438568115066,-2.366824608,0.5882373046874865,-1.199720764,-0.873646545,17.743359374997773,214,0.225,03061YOWI07,1.1336502977463203,,-45.46557294,76.82469821531598,76.82469821531598,225,03061YOWI07,L,3,18.6,61,39,0.014583333,1.4573786153529478,-0.344586335,1.4140312293588808,-0.075685986,-171.9978867,-53.49945972,0.8291957518585255,7.987124260700336,-1.888496132,7.749560078912678,-0.414795007,-942.6297868,-293.2023485,4.544384991497185,306,1YO,102,WI07,Wind_success,7,Left,W,1,Experienced,Right,10,FALSE,Second,Head-On,TRUE,TRUE,0.3,300,648.8359819857369,2.587131912354258,0.2416666666666666,241.66666666666663,503.6979983299015,,3.0945269110716414,1.870040716163592,27.00532058982454,24.204334019110743,582.5767989919827,8514.002380952381,20.44724685
03061YOWI08_f222,-133.6416878,308.2547440210978,22.52024154663081,-8.001997948,-127.6950989,1422.553223,336.7317169529629,1.192461013793945,-15.16044617,1.459106445,57.99423122406006,-4.417663574,-34.48156738,0.078055407,-0.992363503,0.095509325,0.8577090492843946,-0.065335292,-0.509967142,2.0017087783419427,0.3200319671630785,-1.973642578,0.095668945,-13.67876129,16.487402343756028,-15.6796875,222,0.1583333333333333,03061YOWI08,0.6724878205621116,,-30.66164114,94.35604724656984,94.35604724656984,158.33333333333331,03061YOWI08,L,3,18.6,61,39,0.030208333,0.9111551828422584,-0.442000919,0.7954104698561032,-0.046488054,-64.168365,-36.99059601,-1.563785163,4.993561446199612,-2.422374136,4.359225663,-0.254776527,-351.6729966,-202.7259654,-8.570282479,306,1YO,104,WI08,Wind_success,8,Left,W,1,Experienced,Right,11,FALSE,Second,Head-On,TRUE,TRUE,0.375,375,851.7729697782534,2.578637392413968,0.325,325,732.8672248790239,1.551951733974567,2.916279134129733,1.5436222716741623,26.213323215928977,24.591705976426447,582.5767989919827,8514.002380952381,20.44724685
03061YOWI09_f216,-139.4656075,354.67656758626305,18.32655792236324,-13.92509842,-81.89484406,1418.5286865234375,381.55207505938114,1.294407844543457,-15.35042572,1.128173828,55.60430908203125,13.662872314453123,-34.92895508,0.083801275,-0.99380211,0.073039116,0.8290341219063264,0.2037070065059268,-0.520774308,2.0253237424709867,0.8030509185791045,-1.843097534,0.2450244140625008,-4.131243896,9.71987915,-5.150390625,216,0.2083333333333333,03061YOWI09,1.2260405829675345,,-31.38420491,76.19500116532895,76.19500116532895,208.33333333333331,03061YOWI09,L,3,18.6,61,39,0.019791667,1.2632851914885523,-0.346979867,1.2083644726296987,0.1238940997439522,-121.5774511,-38.41022254,-1.035444411,6.9234004772864655,-1.901613821,6.622408956351861,0.6789982777281917,-666.3019473,-210.5061904,-5.674725213,306,1YO,107,WI09,Wind_success,9,Left,W,1,Experienced,Right,13,FALSE,Second,Head-On,TRUE,TRUE,0.3666666666666666,366.6666666666666,757.4893693512228,2.5949451391868337,0.3666666666666666,366.6666666666666,757.4893693512228,1.3631353727251276,2.1104302905601986,1.1180789249401346,24.27993771590956,23.199251214610257,582.5767989919827,8514.002380952381,20.44724685
03061YOWI10_f208,-99.93414543,541.3230478922526,-127.0481234,25.47266387939453,104.61553192138672,1273.1683349609375,564.9413255095549,-30.1553421,-42.35152435,53.17736816,-30.25270176,-27.2549057,49.00939941,-0.405479735,-0.569474052,0.715042299,-0.474790888,-0.427742982,0.7691615918803969,6.833499896721562,4.324421768188492,1.002460327148441,-5.195302734,441.83324432373576,397.53951416015167,-719.0367188,208,0.275,03061YOWI10,29.27838032,23.83641514530827,50.27866012118409,-132.0159473,132.01594725313032,275,03061YOWI10,L,3,18.6,61,39,0.007291667,1.0592416767734238,-0.419338891,0.9716312612316772,-0.045612683,-99.17216624,-50.33785639,0.4163657581912684,5.805145488876962,-2.298175499,5.3249989654602885,-0.249979081,-543.5103868,-275.8752666,2.2818813268842875,306,1YO,110,WI10,Wind_success,10,Left,W,1,Experienced,Right,15,FALSE,Second,Head-On,TRUE,TRUE,0.35,350,716.4314986652832,2.6364284436788914,0.225,225,439.0156063,1.3232948814325605,4.300831021838866,2.693575127854304,24.884506924292737,22.25546861103912,582.5767989919827,8514.002380952381,20.44724685
03071YOPI01_f215,162.73018346798443,368.9090518194848,-137.5319501,288.6621094,-65.26373291,1262.460938,426.0164766910636,-43.36616516,-35.65740204,44.80554199,-39.47956848,-23.69469452,36.76599121,-0.603729686,-0.496410786,0.6237682237697032,-0.67002998,-0.402135999,0.623976333,2.730822449494734,-0.599567871,-2.644491577,0.3233789062500011,-14.04404297,-29.10498047,-30.97792969,215,0.2166666666666666,03071YOPI01,3.413820252075091,24.029151128558063,38.607092392743695,-120.9711761,120.9711760668998,216.66666666666669,03071YOPI01,L,3,16,59,39,0.221875,0.326945659,-0.303271995,-0.111523089,-0.0498213,8.233095193,-28.08964231,-1.765028636,2.082987126135716,-1.932161028,-0.710519168,-0.317413989,52.45346071,-178.9605142,-11.2450856,307,1YO,84,PI01,Wind_Near-miss,1,Right,P,1,Experienced,Right,9,TRUE,First,Pivot,TRUE,FALSE,0.2333333333333333,233.33333333333331,468.4375837719121,3.0150250525932827,0.3833333333333333,383.33333333333337,839.3846278650785,,3.9298824129889134,2.846473601085761,27.16407836943033,22.67898157,582.5767989919827,7964.859523809524,18.719063115238093
03071YOPI02_f212,101.65123291015624,294.47581787109374,-88.54272461,228.95123291015625,-139.2241821,1311.457275390625,323.8653957190487,-4.311157227,-11.95863342,6.076416016,46.181732177734375,10.358108520507812,-36.26574707,-0.305980755,-0.848753939,0.431268511,0.7745247785211498,0.173718294,-0.608221442,2.423311362754323,-0.201470947,-2.286075439,0.7782714843750028,8.133178710937557,16.42939453125019,18.58183593750013,212,0.2416666666666666,03071YOPI02,0.5063601735550372,,-37.46101242,77.35833297766179,77.35833297766179,241.66666666666663,03071YOPI02,L,3,16,59,39,0.23125,0.274259468,-0.254151619,-0.028241532,-0.099134385,0.7550836917610715,-17.57613564,1.6378056706471282,1.747320769745559,-1.619212659,-0.179928209,-0.631590119,4.810675915908966,-111.9784381,10.434541734500051,307,1YO,86,PI02,Wind_Near-miss,2,Right,P,1,Experienced,Right,11,TRUE,First,Pivot,TRUE,FALSE,0.2416666666666666,241.66666666666663,323.8653957190487,2.9836363979692413,0.4333333333333333,433.33333333333337,840.7522814628132,,5.271834585178642,4.484260173,26.63191160805573,25.002087110333523,582.5767989919827,7964.859523809524,18.719063115238093
03071YOUE01_f159,422.814682,126.48896452585852,-213.0123123,240.7176055908203,-294.5161743,1184.3411865234375,490.0468943539546,24.33872985839844,-55.65252686,39.71728516,22.038558959960938,-41.14743042,35.72143555,0.335362572,-0.766834368,0.5472631880935056,0.3749469700504598,-0.700050506,0.6077368329066698,3.0407759614052954,0.8117248535156278,-2.891147461,0.4782128906250017,10.942382812500078,-38.59848633,-29.84765625,159,0.6833333333333333,03071YOUE01,1.2396419325238506,,37.42604053379453,151.8265032072845,151.8265032072845,683.3333333333334,03071YOUE01,L,3,16,59,39,-0.007291667,0.3605937138554662,-0.239984275,0.261637534,-0.063096554,-16.8761943,-16.32248365,-0.57505962,2.297360562279984,-1.5289518,1.6669057988112066,-0.401991299,-107.5190768,-103.9913586,-3.663733565,307,1YO,124,UE01,Wind_Uturn,1,Right,U,1,Experienced,Left,1,FALSE,Second,U-Turn,TRUE,FALSE,,,,3.076189792291516,0.925,925,899.4631656599898,0.778478191,4.277963672676928,2.442742182040275,25.52270849199696,24.367228139885693,582.5767989919827,7964.859523809524,18.719063115238093
03071YOUE02_f166,371.1566830635071,-263.8787488,157.9397674560546,189.1183013916016,-684.8531494,1555.2698974609375,482.0106301845922,-3.527984619,50.56005859,-50.92651367,-0.552307129,14.10955810546875,-3.915893555,-0.049102779,0.7036990401218304,-0.708799392,-0.037691682,0.9628935558333602,-0.267236482,2.973065292027706,-0.064870605,-2.744150391,1.142167968750004,1.6330078125000111,-3.266015625,1.151367187500009,166,0.625,03071YOUE02,,,-15.49988737,-2.241652027,2.241652027070984,625,03071YOUE02,L,3,16,59,39,0.016666667,0.650535463,-0.471157064,0.4484011201203756,-0.01199354,-42.13221265,-45.56096296,2.597028508663153,4.144593929825152,-3.001765191,2.856785933488632,-0.076411442,-268.4264312,-290.2711708,16.54579834775199,307,1YO,126,UE02,Wind_Uturn,2,Right,U,1,Experienced,Left,2,FALSE,Second,U-Turn,TRUE,FALSE,,,,3.290805193100654,0.7916666666666666,791.6666666666666,439.7544079805168,1.3869398045541188,,,,,582.5767989919827,7964.859523809524,18.719063115238093
03071YOUE03_f230,76.94267355600994,-64.32672755,76.87197163899737,-105.0692215,-485.2759705,1474.2164306640625,126.36218941917332,2.2631607055664062,-12.61312866,6.278198242,-4.681648254,-67.55667114,-19.44689941,0.1585973463912625,-0.883900436,0.4399623848541632,-0.066448126,-0.958853373,-0.276016044,0.9821447013919764,-0.310024109,0.8776721191406281,-0.313344727,-10.00371094,2.089599609,10.694531249998793,230,0.091666667,03071YOUE03,,,-16.02257287,-176.035765,176.03576500331403,91.66666666666666,03071YOUE03,L,3,16,59,39,0.013541667,0.6129350439144516,-0.486963837,0.3698521891162877,0.042011286,-32.46160831,-42.95356235,1.4211586911825191,3.905039780290848,-3.102470926,2.356346771,0.2676559995051667,-206.8145279,-273.6592912,9.054273007024204,307,1YO,128,UE03,Wind_Uturn,3,Right,U,1,Experienced,Left,3,FALSE,Second,U-Turn,TRUE,FALSE,,,,1.190409077528693,0.2833333333333333,283.3333333333333,282.3984804939508,1.1226395282359911,,,,,582.5767989919827,7964.859523809524,18.719063115238093
03071YOUE04_f238,45.62046381632487,-43.92505608,49.92493667602548,-136.3877869,-464.8650513,1447.2686767578125,80.64202733194325,1.8654022216796875,13.91741943359375,-2.53515625,-9.73588562,-32.31973267,-45.7545166,0.1307320915990302,0.975367849,-0.177670143,-0.171231688,-0.568429273,-0.804716019,1.0363596295012214,0.286973877,0.9369946289062532,-0.337236328,-14.62126465,-18.12304687,-15.13652344,238,0.025,03071YOUE04,0.704999629,23.354041598907976,-53.58283861,-163.2357773,163.23577734759417,25,03071YOUE04,L,3,16,59,39,0.015625,0.5009832060974402,-0.314051853,0.3837048318151426,-0.071597544,-33.26459844,-29.97246122,0.6689820457206069,3.191789029672784,-2.000840043,2.4446026491790427,-0.45615153,-211.9304182,-190.9560475,4.2621180282913285,307,1YO,130,UE04,Wind_Uturn,4,Right,U,1,Experienced,Left,4,FALSE,Second,U-Turn,TRUE,FALSE,,,,3.2671261061642816,1.0083333333333333,1008.3333333333331,124.2983503308232,1.0363596295012214,0.8236379622972984,0.8236379622972984,23.465114018414464,23.465114018414464,582.5767989919827,7964.859523809524,18.719063115238093
03071YOUE05_f240,45.28085966110229,-24.1854386,34.57600886027012,-136.8175507,-445.099762,1431.8841552734375,61.893392867778445,2.4836578369140625,14.050323486328123,1.233520508,-12.49284363,-33.08178711,-38.08984375,0.1734231675870247,0.9810737889921762,0.086131443,-0.240366496,-0.636504664,-0.732861351,0.9752051075612136,0.1548742675781255,0.9591064453125032,0.084580078,-6.907983398,4.710058593750016,14.936132812500109,240,0.008333333,03071YOUE05,0.6290600028462231,,-47.12681067,-159.311704,159.3117040052857,8.333333333333334,03071YOUE05,L,3,16,59,39,0.0125,0.4400209721667281,-0.213992372,0.3756120834067949,-0.082105319,-34.1165592,-20.62840017,1.8279448765404216,2.803395592295668,-1.363356091,2.3930433448445143,-0.523097089,-217.3583027,-131.4245679,11.645928112515428,307,1YO,136,UE05,Wind_Uturn,5,Right,U,1,Experienced,Left,6,FALSE,Second,U-Turn,TRUE,FALSE,,,,2.9563352053468592,0.7916666666666666,791.6666666666666,580.1371803790199,0.9752051075612136,3.9915066425202776,1.949831637996652,29.63654456998949,23.25505526241511,582.5767989919827,7964.859523809524,18.719063115238093
03071YOUE06_f229,87.20644795099895,-134.1495197,53.64885355631509,-94.94735718,-555.1069336,1450.9661865234375,168.7579855764562,-6.078514099,13.22625732421875,-1.611938477,-1.174125671,-50.55358887,-28.79821777,-0.415052906,0.9031148808235708,-0.110066332,-0.020176538,-0.868728493,-0.494877473,1.2805284206448162,-0.471795044,1.1848168945312223,-0.115634766,-2.400622559,-6.688476563,-6.823828125,229,0.1,03071YOUE06,1.527480122739729,23.926735095071407,-29.6616711,-178.6695237,178.6695236673277,100,03071YOUE06,L,3,16,59,39,0.023958333,0.6174405696214363,-0.38297917,0.4808143181208535,0.058115437,-45.76793029,-38.57353299,2.0994700002663507,3.9337447096166938,-2.43997942,3.063292036957527,0.3702563537100968,-291.5897699,-245.7539054,13.375828238190309,307,1YO,138,UE06,Wind_Uturn,6,Right,U,1,Experienced,Left,7,FALSE,Second,U-Turn,TRUE,FALSE,,,,3.1427342762420167,0.5166666666666667,516.6666666666667,453.4738002372041,1.2411982826593662,4.150770353161839,2.3311213954338275,27.660978986491653,24.20554874718615,582.5767989919827,7964.859523809524,18.719063115238093
03071YOUE07_f228,109.25432672500612,-128.7416204,38.69054387410483,-72.88318634,-549.7064209,1436.007080078125,173.22780063230977,-5.109733582,13.4453125,-1.569213867,-1.582855225,-49.04272461,-31.76062012,-0.353153571,0.9292578660995832,-0.108454477,-0.027080386,-0.839050782,-0.543378724,1.2605672114470752,-0.521039429,1.120708007812504,0.2481152343750008,0.039660645,1.9054687500000056,18.15468750000013,228,0.1083333333333333,03071YOUE07,1.784594159746594,24.95533576676491,-32.91394082,-178.1514189,178.15141890844754,108.33333333333334,03071YOUE07,L,3,16,59,39,0.015625,0.5349065903180935,-0.32989055,0.4184910149166255,0.04650329,-32.19180891,-25.89862941,0.6417146786391248,3.4079166049827565,-2.10174917,2.666227159254749,0.2962747848703937,-205.0956225,-165.0014616,4.0883962706366255,307,1YO,141,UE07,Wind_Uturn,7,Right,U,1,Experienced,Left,9,FALSE,Second,U-Turn,TRUE,FALSE,,,,3.0288151642582624,0.5666666666666667,566.6666666666666,469.3309978550352,1.1225314969549514,4.865489531330372,2.384438975090416,29.34415448476796,23.92497541329548,582.5767989919827,7964.859523809524,18.719063115238093
03071YOUE08_f238,59.62693103154501,-26.06480726,35.83612340291347,-122.443779,-446.9528198,1433.183349609375,74.28978948741995,7.617401123046875,12.31591797,0.189086914,-16.33272552,-38.77905273,-32.65686035,0.5259733262391308,0.8504008434205513,0.013056247,-0.306637789,-0.728055032,-0.613114293,0.8425435359252379,0.3617742919921888,0.7533581542968777,-0.107006836,-6.030065918,4.282470703127325,-0.444726563,238,0.025,03071YOUE08,0.5670849528715007,,-37.8150289,-157.1604434,157.16044341057724,25,03071YOUE08,L,3,16,59,39,0.017708333,0.4347933871315824,-0.328844566,0.2520103561777009,-0.131898904,-16.42106741,-22.46828266,0.4772051439466487,2.7700903869239446,-2.095085159,1.605570566881377,-0.840334508,-104.6194407,-143.1465511,3.0402978080189134,307,1YO,145,UE08,Wind_Uturn,8,Right,U,1,Experienced,Left,12,FALSE,Second,U-Turn,TRUE,FALSE,0.6166666666666667,616.6666666666667,475.2179591724698,2.5478402343713378,0.775,775,859.8228938,0.8446855244872458,4.406748886202312,2.553625435842941,26.92189331236241,24.39248156808075,582.5767989919827,7964.859523809524,18.719063115238093
03071YOUE09_f225,29.247984282175707,-136.0167051,50.59153315,-152.709259,-556.850708,1447.9232177734375,148.03881879023905,-3.65977478,-14.11901855,1.47253418,-21.13072205,-60.60028076,-25.61035156,-0.24964741,-0.963112931,0.1004472587806883,-0.305799752,-0.876995627,-0.37062809,0.9142626036298648,0.039206543,0.9104223632812533,-0.073959961,-6.022045898,-12.91552734,4.663476562500033,225,0.1333333333333333,03071YOUE09,1.7464383496735605,23.410382202755613,-21.75435845,-160.7768389,160.7768388642712,133.33333333333334,03071YOUE09,L,3,16,59,39,0.025,0.5238848759450752,-0.323243516,0.4047525680196387,-0.078385914,-37.00310363,-31.29840774,1.766769965290134,3.337696712188297,-2.059400584,2.5786988278519285,-0.499400574,-235.7486215,-199.4037191,11.256179697312268,307,1YO,152,UE09,Wind_Uturn,9,Right,U,1,Experienced,Left,14,FALSE,Second,U-Turn,TRUE,FALSE,,,,2.769495600143725,0.7583333333333333,758.3333333333333,441.7523273075147,0.9682223957698914,3.474193849860588,2.012614678335157,26.20222498442361,24.16056869139759,582.5767989919827,7964.859523809524,18.719063115238093
,,,,,,,,,,,,,,,,,,,,,,,,,,,,,03071YOUI01,,,,,,,03071YOUI01,L,3,16,59,39,0.017708333,0.5290599961120339,-0.466940643,-0.243540332,0.050586774,12.807285848761296,-27.28139967,1.230030046931102,3.370667661264232,-2.974902161,-1.551607622,0.3222908662477298,81.59585785398379,-173.81116,7.836582867807732,307,1YO,77,UI01,Wind_Uturn,1,Right,U,1,Experienced,Right,2,TRUE,First,U-Turn,TRUE,FALSE,,,,,,,,,3.307639378150985,3.2451538307146457,25.348184775900176,24.96539436695674,582.5767989919827,7964.859523809524,18.719063115238093
03071YOUI02_f233,-51.67935146,-62.86701234,64.64971618652339,74.32569885253906,-496.6938477,1464.357666015625,103.93556855473597,-5.656913757,13.32507324,-3.051269531,8.237625122070312,-44.44140625,-40.70410156,-0.382373627,0.9006954692428744,-0.20624762,0.1354308300688082,-0.730639772,-0.669196544,0.7645216885371351,-0.032564392,0.7064685058593776,-0.290405273,-7.705700684,-9.484277344,16.55859375000012,233,0.066666667,03071YOUI02,0.1113022666697524,-16.38303543,-42.00508393,169.49888154425338,169.49888154425338,66.66666666666667,03071YOUI02,L,3,16,59,39,0.022916667,0.4513444950168551,-0.36630456,-0.25436731,0.069498879,20.32446720713074,-31.9576235,0.5564180237072944,2.875538321972828,-2.333744648,-1.620586838,0.4427808278948744,129.48819576408474,-203.6036155,3.544967021580621,307,1YO,78,UI02,Wind_Uturn,2,Right,U,1,Experienced,Right,3,TRUE,First,U-Turn,TRUE,FALSE,,,,2.9468142676835827,1,1000,747.4087552,0.9787618261756186,4.638102355139849,2.2696798590279963,27.007533179276987,24.00359911016954,582.5767989919827,7964.859523809524,18.719063115238093
03071YOUI03_f166,137.5652648925781,466.23269577026366,-178.9659424,264.8652648925781,32.53269577026367,1221.0340576171875,518.0018699224363,-37.32711792,-29.14874649,34.2454834,-36.84635925,-42.47299576,40.65588379,-0.638680363,-0.498745497,0.5859524920545323,-0.531029338,-0.612120364,0.5859321653113667,5.927243358235501,4.779028930664079,0.9383022308349644,-3.378266602,,,,166,0.625,03071YOUI03,2.6257272183200056,20.56295075385143,35.86887054674174,-139.0575646,139.05756463760966,625,03071YOUI03,L,3,16,59,39,0.021875,0.4149938841590555,-0.303948571,-0.276732511,-0.057046539,16.581835804648673,-17.78330977,-1.664512938,2.6439467645199763,-1.936471527,-1.763076649,-0.363446346,105.64370415805728,-113.2983548,-10.60469507,307,1YO,79,UI03,Wind_Uturn,3,Right,U,1,Experienced,Right,4,TRUE,First,U-Turn,TRUE,FALSE,0.625,625,518.0018699224363,2.915195994,0.6,600,452.7494166672591,0.8030540219361659,5.190839415353964,3.772529427406551,26.76570639542021,24.78653816652467,582.5767989919827,7964.859523809524,18.719063115238093
03071YOUI04_f224,-26.17594384,-112.7985467,54.93180109659829,99.85564422607422,-546.6161499,1454.604004,128.16471804375462,6.815093994140625,-12.63189697,0.000854492,16.24646759033203,-62.34790039,-28.6887207,0.4748181955389411,-0.880083904,5.953379937528424e-05,0.2303536492589228,-0.884011635,-0.406768516,0.8000351854650619,-0.123740845,0.7902978515625028,0.013183594,-3.322485352,-4.4578125,27.78046875,224,0.1416666666666666,03071YOUI04,1.1622987977501738,21.57322088736506,-24.001999,165.39478846954256,165.39478846954256,141.66666666666666,03071YOUI04,L,3,16,59,39,0.032291667,0.4801516870486268,-0.404720686,-0.258087116,0.011740924,19.750833503819297,-33.42200277,1.0261760116739065,3.0590703812985907,-2.578495708,-1.644285906,0.074802013,125.83354678783957,-212.933249,6.537818626872492,307,1YO,80,UI04,Wind_Uturn,4,Right,U,1,Experienced,Right,5,TRUE,First,U-Turn,TRUE,FALSE,,,,3.240467365592387,0.7916666666666666,791.6666666666666,795.6400810663499,0.8592747415247335,5.329631282743729,2.7766060724966537,27.14789865435108,23.399025606791763,582.5767989919827,7964.859523809524,18.719063115238093
03071YOUI05_f184,157.11265672047932,-93.81019669,2.499783579508403,283.1768798828125,-527.6270142,1402.161865234375,183.00543385904788,-50.33204651,14.40246582,21.37158203,-63.78637695,10.90563965,25.66577148,-0.890102378,0.2547019239342508,0.3779479936832046,-0.916262262,0.1566545480426765,0.368677121,29.998552926510868,0.017728271,-29.5589978,5.116494140624882,26.11933594,-3284.784668,527.3718749999756,184,0.475,03071YOUI05,1.1072857541276495,24.45400244540778,21.634055044794184,-80.29787526,80.29787526183952,475,03071YOUI05,L,3,16,59,39,0.023958333,0.5486067674152865,-0.450122225,-0.310275617,0.045699121,24.881517031761348,-38.68823302,-0.709039945,3.495201117579552,-2.867751178,-1.976781451,0.2911513847118503,158.5213878,-246.484665,-4.517328904,307,1YO,81,UI05,Wind_Uturn,5,Right,U,1,Experienced,Right,6,TRUE,First,U-Turn,TRUE,FALSE,,,,2.893830855,0.8833333333333333,883.3333333333333,903.6064808,0.9298980963393813,5.096616562911335,2.319549638,27.70552818,24.832517105304483,582.5767989919827,7964.859523809524,18.719063115238093
03071YOUI06_f222,-118.5878653,-215.0712346,54.48570226,7.325649738311768,-649.2460327,1454.4764404296875,251.5698899,-0.358735561,14.19793701171875,0.745727539,4.486908435821533,-46.92871094,-39.75646973,-0.02522393,0.9983057443200845,0.052434666,0.072758426,-0.760982574,-0.644679559,1.453141256073045,0.3040719223022391,1.4202465820312171,0.045380859,-7.25570755,1.839550781,-22.34179687,222,0.1583333333333333,03071YOUI06,4.203048235592652,21.93120353899153,-40.14165414,174.53848588020716,174.53848588020716,158.33333333333331,03071YOUI06,L,3,16,59,39,0.022916667,0.4693443283139433,-0.303546679,-0.340757608,0.1096711655163283,27.084137324053685,-24.83271209,0.7813882604739731,2.9902161589828187,-1.933911054,-2.170983743,0.6987204734730397,172.55439171797707,-158.2104491,4.978263637066597,307,1YO,85,UI06,Wind_Uturn,6,Right,U,1,Experienced,Right,10,TRUE,First,U-Turn,TRUE,FALSE,,,,2.854748417793927,1.0083333333333333,1008.3333333333331,814.1965494,1.2847701818948882,4.624165153403104,2.229646488500354,27.73702792,22.714487129458856,582.5767989919827,7964.859523809524,18.719063115238093
03071YOUI07_f227,-134.9245408,-67.00788574,110.9122314453125,-7.624540806,-500.7078857,1510.9122314453125,187.07274399943225,-1.484598637,11.80780029296875,-7.057128906,2.055753231048584,-62.71636963,-16.79772949,-0.107300721,0.8534195403761353,-0.510060431,0.031646705,-0.965469219,-0.258587844,0.825625071,0.3930948829650893,0.4854968261718767,-0.539838867,-2.523662567,6.189697265625044,3.603515625000013,227,0.1166666666666666,03071YOUI07,1.286648843870254,27.855180393412702,-14.98628627,178.12259817860323,178.12259817860323,116.66666666666669,03071YOUI07,L,3,16,59,39,0.021875,0.6667440436694547,-0.533411514,-0.345230519,0.2020783637710579,22.747588636019167,-37.55659118,-0.642862282,4.2478596054374025,-3.398391398,-2.199480883,1.287451349203988,144.9260234201017,-239.2749183,-4.095707707,307,1YO,87,UI07,Wind_Uturn,7,Right,U,1,Experienced,Right,12,TRUE,First,U-Turn,TRUE,FALSE,,,,2.932286985562395,1,1000,272.4043239630655,0.936886056,4.127942189015569,1.8365518930571565,30.684867849919552,24.80306773594805,582.5767989919827,7964.859523809524,18.719063115238093
03071YOUI08_f218,-19.62486788,-104.871328,86.91878178914385,106.23838806152344,-538.9782104,1486.839844,137.61542613827146,,,,28.25889587402344,-50.45727539,-14.75219727,,,,0.4734786033546314,-0.845413083,-0.247173484,0.3857838106081293,-0.28162262,0.2015551757812507,-0.169980469,-5.679931641,6.937207031,1.075781250000008,218,0.1916666666666666,03071YOUI08,1.7726256831942997,20.62701498751016,-14.31031636,150.74873456518702,150.74873456518702,191.66666666666669,03071YOUI08,L,3,16,59,39,0.027083333,0.4740831683841243,-0.433065471,-0.181485252,-0.065362463,9.918813183231505,-28.19017117,1.1862780207656107,3.0204075457704147,-2.759081747,-1.156251607,-0.416427519,63.19325422548103,-179.6009886,7.557836523736051,307,1YO,89,UI08,Wind_Uturn,8,Right,U,1,Experienced,Right,14,TRUE,First,U-Turn,TRUE,FALSE,0.65,650,457.05879449406194,2.787691185743395,0.825,825,889.5438531851797,0.9040846810648026,5.008231283214703,2.9926577465600968,31.102246219006084,25.539046047445822,582.5767989919827,7964.859523809524,18.719063115238093
03071YOWE01_f231,63.825219726562494,116.2402151743571,-4.097457377,-118.231781,-304.717041,1393.259766,132.6734165305247,-2.285995483,-13.28903198,5.066040039,-38.75822449,-1.163452148,-49.48046875,-0.158700365,-0.922562726,0.3516990338774286,-0.616541803,-0.018507475,-0.787104617,1.720195666707241,-0.602455444,-1.491606445,0.6092871093750022,-4.115148926,7.624511718750053,4.248632812500028,231,0.083333333,03071YOWE01,1.071015709525554,,-51.91575075,-91.71939987,91.71939986748652,83.33333333333333,03071YOWE01,L,3,16,59,39,0,0.8643147129297478,-0.211668125,-0.776768047,0.3144327096286041,84.40473485924358,-20.99064221,-0.90859612,5.506592207758332,-1.3485482,-4.948828026,2.003266498653186,537.7467817230095,-133.73243,-5.788711266,307,1YO,131,WE01,Wind_success,1,Right,W,1,Experienced,Left,5,FALSE,Second,Head-On,TRUE,TRUE,0.125,125,206.1806970517309,2.8957980908526286,0.2916666666666667,291.6666666666667,646.2091478881913,1.585930171300023,3.976453020646209,2.335255943436325,26.52322782924695,24.311041224464983,582.5767989919827,7964.859523809524,18.719063115238093
03071YOWE02_f222,89.35723511,336.6430431365967,-30.37301025,-92.79965973,-84.3090744,1367.0587158203125,349.6223301096938,1.217895508,-14.12856293,3.484375,-41.77893829,21.206504821777344,-37.20544434,0.083401768,-0.967527274,0.2386108101464816,-0.698312503,0.3544553326086609,-0.621869009,8.182246044477083,0.238533325,-8.083810043,1.2426855468749711,38.76383056640473,-719.4279234,107.57460937499393,222,0.1583333333333333,03071YOWE02,2.035756951375671,19.83828465410452,-38.45274827,-63.08817859,63.08817859,158.33333333333331,03071YOWE02,L,3,16,59,39,0.022916667,0.7655441502444851,-0.105332026,-0.73178938,0.1986134771388354,62.270273561586855,-8.396474345,-2.498986371,4.877320019396566,-0.671075602,-4.662266693,1.265376383402366,396.7270232007317,-53.49435745,-15.92116699,307,1YO,139,WE02,Wind_success,2,Right,W,1,Experienced,Left,8,FALSE,Second,Head-On,TRUE,TRUE,0.2083333333333333,208.33333333333331,451.5303192786384,2.464954232,0.375,375,844.3080417,1.6069451750384105,3.2589703042204548,2.301788290305416,24.40151347727288,22.72695979456365,582.5767989919827,7964.859523809524,18.719063115238093
03071YOWE03_f160,155.63017749786377,1489.8086035410563,-229.1671371,-26.55858803,1068.8433837890625,1168.227539,1515.3441866720116,-4.898071289,-13.40893555,3.488525391,41.54038238525391,28.92102051,-22.73205566,-0.333302043,-0.912446011,0.2373858138796975,0.7486546107844255,0.5212242668100903,-0.409684681,1.3570773689796318,-0.287454758,-1.066259766,0.7887451171875027,19.05864257812513,23.036132812500146,20.380078125000136,160,0.675,03071YOWE03,0.3254117723295406,17.687078850755647,-24.18502846,55.153801038888965,55.153801038888965,675,03071YOWE03,L,3,16,59,39,0.016666667,0.9738076684657918,-0.31702826,-0.917654504,0.075529259,57.248626490722735,-19.29324314,-1.629958848,6.204177296545564,-2.01980288,-5.84642268,0.4812006814779932,364.7338588858482,-122.9182157,-10.38454923,307,1YO,142,WE03,Wind_success,3,Right,W,1,Experienced,Left,10,FALSE,Second,Head-On,TRUE,TRUE,,,,2.771918783499004,0.4083333333333333,408.3333333333333,962.6398024969644,1.7377983092957845,4.311551919657712,2.375148232818808,26.47956185052163,23.22856526,582.5767989919827,7964.859523809524,18.719063115238093
03071YOWE04_f153,53.38596689626419,1366.7026061374609,-95.16631405,-128.6324768,945.8295288085938,1302.174560546875,1371.051677513925,-7.528884888,-9.796447754,7.621459961,20.21060943603516,28.23480224609375,-42.76965332,-0.518628031,-0.674829339,0.5250050748907044,0.3668648213655285,0.5125206993429621,-0.776358639,1.4228396321275043,-0.265371094,-0.835187988,1.120942382812504,2.531689453125021,-1.013378906,-13.88320313,153,0.7333333333333333,03071YOWE04,3.505925541377499,,-50.92837432,35.59527243700551,35.59527243700551,733.3333333333333,03071YOWE04,L,3,16,59,39,0.022916667,1.3496917040866427,-0.363143101,-1.298484627,0.061093843,134.22437358168662,-35.57200554,0.3455963826501874,8.598953262529578,-2.313602835,-8.272710417,0.3892319282312996,855.1501884664029,-226.6310241,2.201811816068982,307,1YO,143,WE04,Wind_success,4,Right,W,1,Experienced,Left,11,FALSE,Second,Head-On,TRUE,TRUE,,,,2.4533943872864703,0.1166666666666666,116.66666666666669,264.90259550062467,1.8150802569250049,3.349285313943099,2.542673857877604,27.23429277251252,24.37308920536551,582.5767989919827,7964.859523809524,18.719063115238093
03071YOWE05_f209,194.6118044535319,608.3352945963542,-47.48372854,12.531347274780272,187.44667053222656,1349.90625,640.4688045174179,0.3014421463012695,-14.27796936,4.243774414,-13.11198652,29.10736083984375,-50.10168457,0.020233254,-0.958358964,0.2848485767144231,-0.22070982,0.4899547720292745,-0.84334542,2.999101511427509,-0.581316147,-2.910419312,0.4314404296875015,18.84869384765637,-4.47890625,6.878320313,209,0.2666666666666666,03071YOWE05,1.4533532326401113,,-57.49509226,-24.25012523,24.250125229901187,266.6666666666667,03071YOWE05,L,3,16,59,39,0.029166667,0.7480246995565559,-0.290255622,-0.669586336,0.1641546956511826,58.65437662724885,-26.91008473,0.4173118862317608,4.765702723984173,-1.849233068,-4.265967989,1.0458377653617648,373.6899632,-171.445494,2.658714871507141,307,1YO,150,WE05,Wind_success,5,Right,W,1,Experienced,Left,13,FALSE,Second,Head-On,TRUE,TRUE,,,,3.0924774939231083,0.2416666666666666,241.66666666666663,563.8448543069524,1.5163731572789647,3.9782182935956527,2.5578062360737865,28.71743607227196,25.87154805334699,582.5767989919827,7964.859523809524,18.719063115238093
03071YOWE06_f169,225.0051241238912,1298.1538464864095,49.97269363403325,42.967403411865234,877.2868041992188,1447.33252,1318.456667903238,2.357646942138672,-14.41265869,-0.812133789,-17.97020531,49.39471435546875,-2.327514648,0.1611869737127478,-0.985360783,-0.055523745,-0.341551037,0.9388215447934068,-0.04423795,2.0023146868157355,0.9381413269042752,-1.768549805,0.037236328,9.935046386715538,-4.434082031,-0.982617188,169,0.6,03071YOWE06,2.395930754704262,22.79848440764141,-2.535475267,-19.99180497,19.99180497,600,03071YOWE06,L,3,16,59,39,0.020833333,0.7230203322296679,-0.391429627,-0.590798384,0.143173035,28.58487839140088,-18.08940361,0.65199526,4.606398650800636,-2.493817705,-3.764006012,0.9121625560676292,182.115688,-115.248494,4.153894369992845,307,1YO,153,WE06,Wind_success,6,Right,W,1,Experienced,Left,15,FALSE,Second,Head-On,TRUE,TRUE,,,,2.5612610890014245,0.2916666666666667,291.6666666666667,647.4786344,1.327434932641919,3.704873867976988,1.930917071429668,25.01520090323084,22.77995130259554,582.5767989919827,7964.859523809524,18.719063115238093
03071YOWI01_f218,29.64754521052042,347.7370091756185,-121.7146823,155.4005126953125,-86.31296539,1278.325927734375,369.613945,-0.556106567,-13.35631561,6.418701172,23.86665344238281,26.69630051,-48.14599609,-0.037501209,-0.900687041,0.432846987,0.3977584131061102,0.4449169277519641,-0.802394649,2.716907418468851,0.1094256591796879,-2.566264343,0.8853808593750031,-1.113793945,8.623333740234441,3.615820312500028,218,0.1916666666666666,03071YOWI01,2.6955582274208747,,-53.35938676,41.79690589319812,41.79690589319812,191.66666666666669,03071YOWI01,L,3,16,59,39,0.5708333333333333,0.352272373,-0.325295327,-0.082249172,0.1073026013584233,6.492254455365245,-39.70870029,-0.852937469,2.244344881302434,-2.072472778,-0.524013582,0.6836302329155411,41.36247741695493,-252.9861129,-5.434107215,307,1YO,76,WI01,Wind_success,1,Right,W,1,Experienced,Right,1,TRUE,First,Head-On,TRUE,TRUE,,,,2.7758328912638635,0.2,200,392.0996779137519,1.175465710020696,4.258782983782733,3.5010454152041994,27.36957933591217,24.956973139548765,582.5767989919827,7964.859523809524,18.719063115238093
03071YOWI02_f234,2.867555210163502,115.20635493249353,28.248863786589027,129.0265655517578,-318.7557678,1428.1925048828125,118.6538048060334,-3.25969696,-14.16970825,1.248413086,52.18424987792969,-2.541870117,-37.2800293,-0.223369218,-0.970972665,0.085546926,0.8130540645765366,-0.039603479,-0.58083961,1.6297377734746084,-0.269223633,-1.584726563,0.2687109375000009,7.846655273437547,21.36181640625017,-17.7328125,234,0.058333333,03071YOWI02,0.930287755,17.589421266862313,-35.50961802,92.78864623644004,92.78864623644004,58.333333333333336,03071YOWI02,L,3,16,59,39,0.019791667,0.7960515281826035,-0.201884489,0.6787517241697679,-0.363643762,-87.84785536,-27.85096039,4.553231644418421,5.071684048054303,-1.286216163,4.324361138,-2.316792571,-559.6830744,-177.4398598,29.00886623610105,307,1YO,82,WI02,Wind_success,2,Right,W,1,Experienced,Right,7,TRUE,First,Head-On,TRUE,TRUE,0.075,75,145.08123650198857,2.626100690740284,0.2416666666666666,241.66666666666663,522.0087673541191,1.3977463600207498,3.992903313111524,3.076004967778023,28.762669550813467,25.826425896135383,582.5767989919827,7964.859523809524,18.719063115238093
03071YOWI03_f211,36.204038138180536,555.3631291,-174.7019586,162.08226013183594,121.15089416503906,1225.2471923828125,583.3178480434781,0.570678711,-13.26976776,6.804077148,17.93713379,41.15470886230469,-41.04663086,0.038240528,-0.889191973,0.4559334342261311,0.2948736359361113,0.6765539456208827,-0.674777221,2.63159619,0.1111376953125004,-2.586483765,0.4722802734375017,-11.11970215,10.353955078125116,-3.9515625,211,0.25,03071YOWI03,1.376533230702237,,-42.4368525,23.54980882206135,23.54980882206135,250,03071YOWI03,L,3,16,59,39,0.026041667,0.7437497914604149,0.1401755261685227,0.6787654649131581,-0.269799959,-76.18898712,16.265942608448565,2.624902593887796,4.738467070976139,0.8930652788514445,4.324448680639386,-1.718909014,-485.4038425,103.63113282650716,16.723385537001757,307,1YO,83,WI03,Wind_success,3,Right,W,1,Experienced,Right,8,TRUE,First,Head-On,TRUE,TRUE,,,,2.8209419240113505,0.3333333333333333,333.3333333333333,809.2579910220625,,4.361637125,3.5818780916195383,28.15633881155325,25.537647361277944,582.5767989919827,7964.859523809524,18.719063115238093
03071YOWI04_f231,-15.66169216,155.10778484344485,29.138552602132226,110.1492156982422,-279.1011963,1429.037598,158.59624449542147,-4.01121521,-13.41329956,2.864868164,53.04901123046875,0.434051514,-31.54064941,-0.280694104,-0.938626801,0.2004758059395792,0.8595289085875721,0.007032739,-0.511038742,1.867518991404881,-0.098861389,-1.864295654,0.047490234,-0.557006836,11.07114257812508,-8.801367188,231,0.083333333,03071YOWI04,2.019710003643737,24.070999008006368,-30.73304463,89.53121152875975,89.53121152875975,83.33333333333333,03071YOWI04,L,3,16,59,39,0.022916667,0.5152259982696644,-0.151206012,0.4740792655357899,-0.133579269,-50.79869866,-16.88958699,1.8315176286568209,3.282530570015701,-0.963341057,3.0203826805287326,-0.851040195,-323.6410465,-107.6044023,11.668690294704517,307,1YO,88,WI04,Wind_success,4,Right,W,1,Experienced,Right,13,TRUE,First,Head-On,TRUE,TRUE,0.125,125,239.02667422027253,2.700289535135732,0.3333333333333333,333.3333333333333,743.8066512778043,1.3370049997772104,4.6058242456016245,2.248093188634316,28.46509663711721,24.740313987743573,582.5767989919827,7964.859523809524,18.719063115238093
03071YOWI05_f165,-37.45514086,1429.924434153239,-39.27115199,88.39385986328125,995.7281494140624,1360.7030029296875,1430.9538770847266,0.291412354,-14.02075195,2.647094727,13.759445190429688,52.14685059,2.769165039,0.020419292,-0.982435449,0.1854821842274683,0.2547921056406305,0.9656352912078022,0.051278331,1.3158908490412042,-0.035005188,-1.039467773,-0.806132813,-8.594165039,-30.14033203,12.846093750000088,165,0.6333333333333333,03071YOWI05,6.529493219514965,25.361458088597328,2.9393210754991737,14.781155154587225,14.781155154587225,633.3333333333333,03071YOWI05,L,3,16,59,39,0.0125,0.8217639646887204,-0.205750865,0.7376452214742745,-0.298063957,-82.17635667,-27.43621584,1.2254402726139817,5.2354992653460775,-1.310849039,4.699574550677079,-1.898980357,-523.549673,-174.7975015,7.807341186378577,307,1YO,90,WI05,Wind_success,5,Right,W,1,Experienced,Right,15,TRUE,First,Head-On,TRUE,TRUE,,,,3.055297106218584,0.3416666666666667,341.6666666666667,777.2595009231636,1.3510780619350218,5.582832963,3.307049698854082,27.74781867017723,25.35578337848189,582.5767989919827,7964.859523809524,18.719063115238093
05021YOME01_f230,90.75283530553182,163.3067206,85.17032699584956,-91.64778137,-268.742157,1482.6390380859375,205.3269264169164,-1.214447021,-14.27114868,-2.721313477,-30.42557526,25.341720581054688,-58.82763672,-0.083301341,-0.978886518,-0.186660312,-0.429056862,0.3573651120998207,-0.829578439,1.6675624672988392,-0.213901978,-1.651827393,-0.080478516,6.178381347655448,10.151806640619505,-2.8265625,230,0.091666667,05021YOME01,0.7421359924598078,,-56.05545778,-50.20879681,50.20879681258919,91.66666666666666,05021YOME01,N,2,16.8,62,40,0.027083333,0.8757364594091411,-0.57282958,-0.619951714,0.2333248600170776,48.20077135057658,-47.25070057,-1.229871177,5.313676881032116,-3.475738922,-3.761660321,1.415737464304388,292.4662112917854,-286.7014985,-7.462448284,502,1YO,74,ME01,Wind_missed,1,Left,M,1,Experienced,Left,11,TRUE,First,Failure,FALSE,FALSE,0.091666667,91.66666666666666,205.3269264169164,2.56829605,0.3083333333333333,308.33333333333337,660.2320124276818,1.3495573347647252,3.0658129426685186,1.7748555993859203,27.175471786358443,22.239840740837785,612.8355544951825,8795.438095238096,17.856623462983855
05021YOME02_f235,52.52326828922898,71.64646591218246,46.78410329838562,-129.8561249,-360.3701782,1444.29541,100.40250052126126,2.732940673828125,-14.91552734,-1.752319336,-64.66784668,-1.394683838,-22.05603027,0.179036077,-0.977122384,-0.114795167,-0.946267587,-0.020408042,-0.322740088,1.1895732744386025,-0.006110229,-1.184227295,-0.112485352,-6.753076172,2.317236328125016,-1.548632813,235,0.05,05021YOME02,0.1804544562719364,-49.3442956,-18.82871502,-91.2354998,91.23549980058256,50,05021YOME02,N,2,16.8,62,40,0.021875,0.4920412932979836,-0.374559803,-0.299033793,0.1113030953217956,34.037794259408564,-43.51156305,-1.380217115,2.985542530083391,-2.272704014,-1.814437362,0.6753500759780816,206.5299879824314,-264.0136586,-8.374697315,502,1YO,75,ME02,Wind_missed,2,Left,M,1,Experienced,Left,12,TRUE,First,Failure,FALSE,FALSE,0.25,250,494.3133806097636,2.757237084955941,0.25,250,494.3133806097636,1.0862122615101804,2.921438024644894,1.7922957627440863,28.29787718,24.178487641346724,612.8355544951825,8795.438095238096,17.856623462983855
05021YOPI01_f240,-20.3253554,15.918140483655408,57.04861225328955,105.8171615600586,-417.8711243,1457.083984,62.61829947125936,-3.637954712,-14.14978027,-3.688964844,28.851661682128903,-0.199890137,-66.32727051,-0.241427918,-0.93903093,-0.244813137,0.3988840866535368,-0.002763549,-0.916997191,1.2045627218978134,0.5381350708007832,-1.053632813,-0.226362305,12.395983886718836,21.439599609375165,-15.77636719,240,0.008333333,05021YOPI01,3.9490074870714658,19.656642118953627,-66.49096599,90.39695038,90.39695038,8.333333333333334,05021YOPI01,N,2,16.8,62,40,0.004166667,0.6228817432087741,-0.445619394,0.4350730920450536,-0.010790087,-54.18489249,-54.87548314,2.454007894784938,3.779438760307594,-2.703869923,2.639878477046342,-0.065470652,-328.7758634,-332.9661372,14.89010178380259,502,1YO,98,PI01,Wind_Near-miss,1,Left,P,1,Experienced,Right,1,FALSE,Second,Pivot,TRUE,FALSE,0.275,275,581.5607637325629,2.552105402,0.2083333333333333,208.33333333333331,418.3101078851968,1.3102061059129144,4.015220376357759,2.576325555160678,25.574108457074185,22.50253944339532,612.8355544951825,8795.438095238096,17.856623462983855
05021YOUE01_f224,123.2701184272766,-122.6908813,97.19273427327472,-59.15737534,-554.7581177,1494.4810791015625,199.23604604301377,-4.127693176,13.83953857421875,-5.401855469,-0.323028564,-41.14880371,-56.78820801,-0.267698838,0.897554211,-0.350333799,-0.004606134,-0.586749654,-0.809755288,0.9649076427413336,-0.345198669,0.8973339843750032,-0.081708984,2.8494140625000166,-17.25292969,-10.20585938,224,0.1416666666666666,05021YOUE01,1.7211406025309808,22.94457689794425,-54.0720293,-179.5502228,179.5502228,141.66666666666666,05021YOUE01,N,2,16.8,62,40,0.019791667,0.6232941066028109,-0.546610248,0.2845174527614184,0.093608755,-24.0133509,-42.91631451,-3.391978958,3.781940843908128,-3.316648756,1.7263570503945098,0.567986718,-145.7050076,-260.4018889,-20.58139749,502,1YO,62,UE01,Wind_Uturn,1,Left,U,1,Experienced,Left,1,TRUE,First,U-Turn,TRUE,FALSE,,,,1.3084713960700372,0.2166666666666666,216.66666666666669,277.21727561162265,0.9832817237107164,1.717552729940404,1.386255257931572,28.849364880863813,23.16418685,612.8355544951825,8795.438095238096,17.856623462983855
05021YOUE02_f214,114.91333179473878,-157.8506055,116.46908416748056,-67.40813446,-589.8880615,1513.9005126953125,227.34760841910733,0.070281982,-14.54705811,5.30456543,-4.745231628,-60.7477417,-45.90307617,0.00453895,-0.939477923,0.3425793776667427,-0.06220134,-0.796292198,-0.601705683,1.0262332715710607,-0.18267334,0.9801562499999774,-0.243061523,3.325122070313021,-7.229003906,-3.856640625,214,0.225,05021YOUE02,2.2004755557176545,21.13314642559621,-36.99215612,-175.5334837,175.53348374352151,225,05021YOUE02,N,2,16.8,62,40,0.027083333,0.4758605568134412,-0.388034644,0.2753157194497742,0.008581308,-25.73265017,-36.60067633,-0.523692215,2.8873632154594504,-2.354464859,1.6705240003505542,0.052068517,-156.1371424,-222.0807019,-3.177589771,502,1YO,68,UE02,Wind_Uturn,2,Left,U,1,Experienced,Left,5,TRUE,First,U-Turn,TRUE,FALSE,,,,1.2832027282622829,0.2916666666666667,291.6666666666667,292.2537239624932,0.846133814,2.646784989959712,1.9580595644460868,23.837615799991063,21.88825934944226,612.8355544951825,8795.438095238096,17.856623462983855
05021YOUE03_f216,118.38757705688477,-195.8475303,103.08008753458648,-63.93506622,-627.8858032,1500.583251953125,250.9927847024697,-0.630340576,-14.14221191,3.430908203,-11.39452362,-68.11737061,-31.13293457,-0.043274558,-0.970900489,0.23554098,-0.150409537,-0.899160206,-0.410959725,0.9191027710128304,-0.150832214,0.8976049804687531,-0.12769043,-7.837481689,-8.488476563,9.300585937500069,216,0.2083333333333333,05021YOUE03,0.9507117528141412,20.887063297434267,-24.26513746,-170.5036124,170.50361239824883,208.33333333333331,05021YOUE03,N,2,16.8,62,40,0.040625,0.5570960759434461,-0.517660473,0.2015976070149882,0.041738197,-16.63516341,-39.76445407,-2.421899263,3.380273263090663,-3.140991173,1.2232270703787935,0.2532534657470203,-100.9366257,-241.2774506,-14.69527731,502,1YO,72,UE03,Wind_Uturn,3,Left,U,1,Experienced,Left,9,TRUE,First,U-Turn,TRUE,FALSE,,,,3.1460017810460634,0.9416666666666668,941.6666666666666,344.69300295325183,0.9111079019722896,3.558484514502466,1.9196630968471664,29.23783754551383,23.40810774663977,612.8355544951825,8795.438095238096,17.856623462983855
05021YOUE04_f240,82.93595968882244,-12.92797076,60.64017155965166,-99.44127655,-444.9758911,1458.167969,103.5506458,3.202148438,12.785125732421877,-5.895019531,-13.1714325,-39.12548828,-56.19836426,0.2217815722992838,0.885500889,-0.408290473,-0.188886588,-0.561083997,-0.805919727,0.910509401,-0.003931274,0.6675585937500024,-0.619174805,0.2723510742187519,-13.58525391,-16.14199219,240,0.008333333,05021YOUE04,2.4682627244535182,,-53.69917198,-161.3944084,161.39440836307784,8.333333333333334,05021YOUE04,N,2,16.8,62,40,0.027083333,0.5119807430599089,-0.455626945,0.2205871047099811,-0.076613949,-12.96595446,-27.03969364,-1.474073031,3.1065284637876123,-2.764592406,1.338449012,-0.464867903,-78.67308903,-164.0678465,-8.944183721,502,1YO,77,UE04,Wind_Uturn,4,Left,U,1,Experienced,Left,14,TRUE,First,U-Turn,TRUE,FALSE,,,,2.7639906264845786,0.8416666666666667,841.6666666666666,411.8533151275629,0.918984398,3.553332588501209,1.6476681957844297,29.43692197468651,23.77842863584524,612.8355544951825,8795.438095238096,17.856623462983855
05021YOUE05_f213,43.04644683202108,-198.69894,107.70178349812818,-139.335495,-630.7368774,1505.1607666015625,230.07376973422805,-4.707351685,-13.43963623,4.466796875,-24.80070496,-66.57373047,-29.34008789,-0.315414869,-0.900519312,0.2992965568573507,-0.322659619,-0.866130803,-0.381717439,0.940214569,0.1853631591796881,0.9180908203125032,-0.082177734,-17.42651367,-1.091601562,2.585742187500019,213,0.2333333333333333,05021YOUE05,1.3779135370297844,22.62157612089898,-22.4401054,-159.5681334,159.56813343610185,233.33333333333331,05021YOUE05,N,2,16.8,62,40,0.019791667,0.4637210811271091,-0.416833646,0.1805489742259061,-0.093214914,-8.292516571,-20.64947723,-1.94517978,2.813704924075949,-2.529207601,1.0955109838473016,-0.565597023,-50.31622598,-125.2941437,-11.80270242,502,1YO,78,UE05,Wind_Uturn,5,Left,U,1,Experienced,Left,15,TRUE,First,U-Turn,TRUE,FALSE,,,,2.986860027604048,0.825,825,174.05816210261003,0.8468883169366465,3.729994960618906,1.8737892087876484,31.508461907263065,24.29993867356764,612.8355544951825,8795.438095238096,17.856623462983855
,,,,,,,,,,,,,,,,,,,,,,,,,,,,,05021YOUI01,,,,,,,05021YOUI01,N,2,16.8,62,40,0.022916667,0.5225933091320409,-0.48286563,-0.162005223,0.117042119,11.763709947698084,-36.1791292,2.268732546,3.170921976676137,-2.929867666,-0.982993682,0.7101725601511337,71.37827015495657,-219.5228945,13.765912732249886,502,1YO,105,UI01,Wind_Uturn,1,Left,U,1,Experienced,Right,5,FALSE,Second,U-Turn,TRUE,FALSE,,,,2.911073136233453,0.9,900,545.5822528797931,,3.859612065472752,2.7370767283349835,27.118638796332085,23.488986669340008,612.8355544951825,8795.438095238096,17.856623462983855
05021YOUI02_f219,-89.7334576,-170.988012,81.35591430664067,36.26460647583008,-604.8944092,1481.355712890625,209.54182983673456,-1.042266846,14.61920166015625,-4.787475586,15.137065887451172,-58.71051025,-15.94165039,-0.067598863,0.9481654543399648,-0.310503889,0.2414542605915977,-0.936502685,-0.254288343,0.9826460944280154,0.1815536499023444,0.9620727539062534,-0.083950195,9.841387939453195,9.462304688,13.586132812500097,219,0.1833333333333333,05021YOUI02,1.5412499240330784,23.47274318807286,-14.73142025,165.54254688756157,165.54254688756157,183.3333333333333,05021YOUI02,N,2,16.8,62,40,0.033333333,0.7795684704727107,-0.663748068,-0.396160023,0.1011075563028938,30.923327162470752,-54.40051521,3.4061377360237506,4.730161584830291,-4.027401997,-2.403766948,0.6134869442192966,187.63243994509213,-330.0841901,20.667308237608307,502,1YO,106,UI02,Wind_Uturn,2,Left,U,1,Experienced,Right,6,FALSE,Second,U-Turn,TRUE,FALSE,0.725,725,402.1004094815264,2.776390818980921,0.75,750,469.5531595228195,1.0047004017639296,4.856125429091041,3.032683657683713,28.97033508986128,23.87316250807779,612.8355544951825,8795.438095238096,17.856623462983855
05021YOWE01_f235,32.01082700093588,58.71562474568685,27.238983662923147,-150.3206329,-373.3955383,1424.6846923828125,72.20927825113026,2.6933135986328125,-15.12075806,1.387817383,-32.45074463,-0.856903076,-60.59521484,0.1746486376658522,-0.980509584,0.089993388,-0.472060637,-0.01246536,-0.881477946,1.4981428112300943,0.1414306640625005,-1.491159668,0.02953125,-8.724023438,-2.41875,-15.12949219,235,0.05,05021YOWE01,1.1549499671640602,26.138165928153825,-61.82116434,-91.51261623,91.51261622602766,50,05021YOWE01,N,2,16.8,62,40,-0.010416667,1.2394896418481691,-0.43758063,-1.151022779,0.1414366544425599,121.00791164239928,-45.68210219,0.8986951119704969,7.520809923354261,-2.655093381,-6.984022491,0.8581904667404491,734.235666,-277.1837665,5.452982330775792,502,1YO,64,WE01,Wind_success,1,Left,W,1,Experienced,Left,2,TRUE,First,Head-On,TRUE,TRUE,0.1583333333333333,158.33333333333331,253.0073141289153,2.283872557609108,0.3,300,559.0183773755995,1.1346442135526311,2.6104342536984952,1.759616358605976,28.03949726496369,23.480531574916316,612.8355544951825,8795.438095238096,17.856623462983855
05021YOWE02_f233,81.96778758366904,106.5316878636678,60.50005544026703,-100.3786163,-325.58078,1457.9483642578125,147.40412283487464,1.245300293,14.892364501953123,1.677856445,-38.39031982,18.695587158203125,-57.13244629,0.082808943,0.990300061,0.1115727015900811,-0.538234224,0.2621130768577114,-0.800999785,1.5684760217070133,-0.01412384,-1.568166504,0.027773438,-0.313110352,-4.889794922,-3.00234375,233,0.066666667,05021YOWE02,1.4668126593055344,22.63975520870965,-53.22568108,-64.03451934,64.03451934435691,66.66666666666667,05021YOWE02,N,2,16.8,62,40,0.015625,0.7409029176320107,-0.299382314,-0.671752228,0.089756933,47.74910107982904,-21.88712498,-2.175301955,4.495551900587413,-1.816552072,-4.075968572,0.544615147,289.7256266675709,-132.8037776,-13.19900706,502,1YO,66,WE02,Wind_success,2,Left,W,1,Experienced,Left,3,TRUE,First,Head-On,TRUE,TRUE,0.1083333333333333,108.33333333333334,201.93997816419045,2.4902734712672725,0.2666666666666666,266.6666666666667,518.9101774585658,1.273877759928359,2.8402903811590545,1.5983755736782648,27.79289756025274,23.405603473365986,612.8355544951825,8795.438095238096,17.856623462983855
05021YOWE03_f229,116.53420241673788,188.9575352986654,65.61484959920244,-65.85359955,-243.1277618,1463.059326171875,231.49617484307936,-0.566673279,-15.29234314,-1.134521484,-47.71722412,27.717605590820312,-37.29711914,-0.036929248,-0.996579067,-0.073935064,-0.716417159,0.4161467605691877,-0.559971721,1.8060326970292893,-0.091905212,-1.78586792,-0.252949219,-18.3473877,-8.730615234,1.2445312500007846,229,0.1,05021YOWE03,2.4398016845916666,20.42408337336981,-34.05384209,-59.84888999,59.84888999474333,100,05021YOWE03,N,2,16.8,62,40,0.025,0.9950406409032936,-0.590785457,-0.785291496,0.1561911909655473,34.88295939,-27.47023946,1.8679849378618327,6.03757488,-3.584689195,-4.764886993,0.9477160754668904,211.6581682595244,-166.6802549,11.33430985062517,502,1YO,67,WE03,Wind_success,3,Left,W,1,Experienced,Left,4,TRUE,First,Head-On,TRUE,TRUE,0.1583333333333333,158.33333333333331,327.74063111251377,2.674649162588872,0.2916666666666667,291.6666666666667,642.7917722446577,,3.247813588745108,1.7718743391163123,23.975485869400163,22.060229592432727,612.8355544951825,8795.438095238096,17.856623462983855
05021YOWE04_f234,26.351346460978192,96.10336507161458,51.41742782592769,-155.9714355,-335.966156,1448.9617919921875,112.13385805647204,3.8248443603515625,-14.51101685,-0.864624023,-49.87113953,-6.348388672,-47.79125977,0.2544549150573839,-0.965372499,-0.057520728,-0.718971847,-0.091522126,-0.68898707,1.033320383141769,0.2263696289062508,-0.975604248,-0.254370117,-23.64433594,9.259277343750052,-5.827148438,234,0.058333333,05021YOWE04,2.430276181817706,20.466118474100305,-43.5499801,-97.25449785,97.25449784554144,58.333333333333336,05021YOWE04,N,2,16.8,62,40,0.028125,0.6016367161537913,-0.449283768,-0.396525612,0.05364954,38.74277492165994,-47.18063197,1.1026979882379535,3.6505310188449056,-2.726104118,-2.405985222,0.3255275237216807,235.0782420856993,-286.2763456,6.690803773105391,502,1YO,69,WE04,Wind_success,4,Left,W,1,Experienced,Left,6,TRUE,First,Head-On,TRUE,TRUE,0.1916666666666666,191.66666666666669,286.8250299436769,2.386494229518004,0.4583333333333333,458.3333333333333,844.4317039325092,1.3338254473694078,2.790473849031475,1.6220253349158107,24.764833223969983,21.12270686874124,612.8355544951825,8795.438095238096,17.856623462983855
05021YOWE05_f231,32.001109377543145,130.96853154500326,37.18587493896485,-150.3740997,-301.1278687,1434.684082,139.85569903090945,2.6031646728515625,-15.68701172,0.526977539,-62.07899475,-12.02502441,-21.11193848,0.1636154266815379,-0.985968019,0.03312186,-0.931219252,-0.180382016,-0.316690752,1.2063173904519475,0.2581420898437509,-1.177800293,-0.03675293,-17.95187988,3.305566406250036,-12.05507813,231,0.083333333,05021YOWE05,2.285655856293945,26.805305233587685,-18.46291319,-100.962723,100.96272296909648,83.33333333333333,05021YOWE05,N,2,16.8,62,40,0.038541667,0.6435807498550941,-0.411798444,-0.494580862,0.002827247,42.63382836484121,-36.84070118,2.149029742947924,3.905033431963824,-2.498655674,-3.000951789,0.017154792,258.6878572,-223.5370927,13.039596032643578,502,1YO,70,WE05,Wind_success,5,Left,W,1,Experienced,Left,7,TRUE,First,Head-On,TRUE,TRUE,0.2166666666666666,216.66666666666669,354.9521706756809,2.488379384481422,0.2916666666666667,291.6666666666667,528.7393499010099,1.072215347207241,3.761311959858716,2.385708921478826,27.581281529112022,22.49859022852929,612.8355544951825,8795.438095238096,17.856623462983855
05021YOWE06_f154,151.98299290339153,1431.8281452178956,-22.66429621,-30.35881996,999.7717895507812,1374.791259765625,1440.0501164518053,7.207361221313477,-12.96221924,-3.84362793,-38.78857231,44.25946044921875,-0.33996582,0.4704180519315739,-0.846032513,-0.250870174,-0.659085699,0.7520456586018871,-0.005776614,1.1725871503916536,0.3808422088622958,-0.950551758,-0.571289062,4.892788696,-17.37773437,10.546875000001622,154,0.725,05021YOWE06,4.429285867541148,24.158728384306865,-0.330977443,-41.23101799,41.23101799167091,725,05021YOWE06,N,2,16.8,62,40,0.029166667,0.6883776334773158,-0.523154847,-0.447346804,-0.007321826,25.60889541651348,-31.02080886,2.1002048824578843,4.176845987314424,-3.174329202,-2.714351269,-0.044426399,155.38623984584166,-188.2239264,12.743343056513542,502,1YO,71,WE06,Wind_success,6,Left,W,1,Experienced,Left,8,TRUE,First,Head-On,TRUE,TRUE,,,,2.7161721196611346,0.3166666666666666,316.66666666666663,592.1578838,,2.325801744687612,1.4814823219578648,24.418994194865427,22.29312135,612.8355544951825,8795.438095238096,17.856623462983855
05021YOWE07_f226,105.2151772,183.56914806365967,50.01221898396807,-77.08748627,-248.4908905,1447.500488,217.41455257682185,-2.808166504,-15.16493225,0.157714844,-62.1713028,13.262771606445312,-24.94494629,-0.182070069,-0.983232387,0.010225588,-0.910411203,0.1942146185084113,-0.36528362,1.826386796504583,-0.263977661,-1.80706604,-0.022734375,-31.33234863,-2.318994141,0.086132813,226,0.125,05021YOWE07,1.951781991847038,24.434960366411765,-21.42503822,-77.9578124,77.95781239861088,125,05021YOWE07,N,2,16.8,62,40,0.008333333,0.5436269946696856,-0.395386988,-0.343626828,0.1453273611384323,27.59348230186856,-33.2632744,2.7683784877913102,3.298547368269049,-2.39907643,-2.085013034,0.8817979778799104,167.42805144088004,-201.8304597,16.797597736707623,502,1YO,73,WE07,Wind_success,7,Left,W,1,Experienced,Left,10,TRUE,First,Head-On,TRUE,TRUE,,,,2.508156937967276,0.2666666666666666,266.6666666666667,515.5239208572559,,3.357888548370604,2.407520005731705,26.85959569559237,24.05758321237529,612.8355544951825,8795.438095238096,17.856623462983855
05021YOWE08_f240,44.50002094904582,57.78687585194905,58.95815887451181,-137.8414764,-374.2477417,1456.5269775390625,93.78507015013776,2.3979034423828125,-14.9508667,-2.044555664,-26.31437683,-6.643920898,-68.06347656,0.1569375203510612,-0.97850143,-0.133811683,-0.359118096,-0.090671052,-0.928877254,1.0532981580085763,0.005502319,-1.015250244,-0.280488281,-18.45593262,7.656152343750079,-1.861523438,240,0.008333333,05021YOWE08,0.2313688570806943,-33.10049983,-68.26047043,-104.1700375,104.17003753727128,8.333333333333334,05021YOWE08,N,2,16.8,62,40,0.021875,0.7407546220075685,-0.394670369,-0.625110591,0.046791663,61.03415173968408,-40.45323764,-0.365399142,4.494652092177372,-2.39472822,-3.792962663,0.2839162111858332,370.3348850764773,-245.4567596,-2.217120174,502,1YO,76,WE08,Wind_success,8,Left,W,1,Experienced,Left,13,TRUE,First,Head-On,TRUE,TRUE,0.1916666666666666,191.66666666666669,365.8889611628354,2.637883914483118,0.4166666666666667,416.6666666666667,911.4047465082222,1.1224710599131935,3.4964178172062823,1.8249070233788824,28.782477214261743,22.02741122984675,612.8355544951825,8795.438095238096,17.856623462983855
05021YOWI01_f187,-156.0119701,1045.7070796966552,-72.52688777,-30.11723709,611.7313842773438,1327.5120849609375,1059.7656254042388,-11.77091599,-48.46331787,34.44836426,-12.36803436,-63.65307617,35.07824707,-0.194197834,-0.799553014,0.5683328067131659,-0.167762266,-0.863401897,0.4758077201836233,2.231550172111133,-0.582105331,-2.148208008,-0.161777344,1.1322784423828165,-25.34765625,-29.3484375,187,0.45,05021YOWI01,21.757253145903604,22.32776737074707,28.41195364349737,-169.0042243,169.00422430097373,450,05021YOWI01,N,2,16.8,62,40,0.020833333,1.1430080822480044,-0.57833074,0.985900364,-0.001226172,-91.90943025,-58.51526196,-0.682945012,6.935391984903671,-3.509118125,5.982114727919238,-0.007440001,-557.6757818,-355.0511016,-4.143882649,502,1YO,100,WI01,Wind_success,1,Left,W,1,Experienced,Right,2,FALSE,Second,Head-On,TRUE,TRUE,0.4666666666666667,466.6666666666667,1091.975035597703,2.619802427244877,0.2166666666666666,216.66666666666669,469.61736309337454,1.2589334538039318,4.567784617837778,2.863270098356013,25.458222504100537,22.53145624485973,612.8355544951825,8795.438095238096,17.856623462983855
05021YOWI02_f236,-93.13366776,74.01250902811688,71.29108225504547,32.91957473754883,-359.8592529,1471.372314453125,138.6872379538042,0.6282501220703125,-13.79156494,-7.239135742,51.54787063598633,-1.432037354,-47.96899414,0.04030168,-0.884716473,-0.46438404,0.7319115364408146,-0.020333035,-0.681096227,1.5250789522927568,0.4346756744384781,-1.419510498,-0.349160156,15.934130859375117,22.15371093750017,-12.14296875,236,0.041666667,05021YOWI02,2.0546461608935167,22.921153136380138,-42.9293656,91.59130915436398,91.59130915436398,41.66666666666666,05021YOWI02,N,2,16.8,62,40,0.021875,0.6241206592233183,-0.410392031,0.4564618459161791,0.1129051003649636,-39.76485705,-39.95379905,0.3528460272211173,3.7869560896517047,-2.490122025,2.769658304913469,0.6850705085005805,-241.2798957,-242.4263328,2.140952060707716,502,1YO,102,WI02,Wind_success,2,Left,W,1,Experienced,Right,3,FALSE,Second,Head-On,TRUE,TRUE,0.7,700,1353.8759757906173,2.5075150304671947,0.25,250,536.1647661,1.1671420776652042,4.000927858666581,2.292432104468243,28.953919724845832,23.91418640556574,612.8355544951825,8795.438095238096,17.856623462983855
05021YOWI03_f230,-73.77483776,156.02892913818357,62.95779444376626,52.15784836,-277.9704895,1463.056641,183.7156424922813,-0.471042633,-14.90820313,-3.920654297,59.92161178588867,-6.618713379,-27.80065918,-0.030542918,-0.966664148,-0.2542195,0.902605528,-0.099698374,-0.418764247,1.8887345258971824,0.4149183654785171,-1.842033691,-0.045527344,17.55576782226661,10.872729492181422,-18.05097656,230,0.091666667,05021YOWI03,0.7286258632561083,42.05921278374577,-24.75659382,96.30312290118268,96.30312290118268,91.66666666666666,05021YOWI03,N,2,16.8,62,40,0.021875,0.8273169973799156,-0.365455443,0.7370758653252487,0.087263405,-81.58604003,-40.81816802,-1.035334133,5.0198837276097965,-2.217461793,4.472330623059855,0.5294852515506765,-495.0368916,-247.6710355,-6.28206236,502,1YO,103,WI03,Wind_success,3,Left,W,1,Experienced,Right,4,FALSE,Second,Head-On,TRUE,TRUE,0.3,300,673.9260780800545,2.740167488199376,0.2333333333333333,233.33333333333331,502.7751676,1.3154056054902603,4.504832440611604,2.6120553033388827,26.533127996980777,23.597696684817866,612.8355544951825,8795.438095238096,17.856623462983855
05021YOWI04_f225,-82.4668316,213.14047921498616,67.68904622395826,43.483768463134766,-220.7475281,1467.7059326171875,238.3515243786184,-0.525016785,-14.92384338,-3.01550293,58.75554275512695,-0.762832642,-27.0189209,-0.034462357,-0.979608324,-0.197939076,0.908477903,-0.011794914,-0.417766417,1.906974959855101,0.2381657409667977,-1.88855896,-0.114785156,3.4461364746094025,-5.47097168,1.879101562500013,225,0.1333333333333333,05021YOWI04,2.2810792576359216,28.971852469832395,-24.69365219,90.74383850860748,90.74383850860748,133.33333333333334,05021YOWI04,N,2,16.8,62,40,0.03125,0.8667247681032801,-0.518791033,0.6940926549835977,-0.017409015,-58.33663971,-45.73291304,-2.78433945,5.258996942522693,-3.147851034,4.211522832529959,-0.105632101,-353.9672814,-277.4920698,-16.89444353,502,1YO,107,WI04,Wind_success,4,Left,W,1,Experienced,Right,7,FALSE,Second,Head-On,TRUE,TRUE,0.2916666666666667,291.6666666666667,579.4906354444491,2.432871699843017,0.2416666666666666,241.66666666666663,463.4821873080477,1.1670836739810866,3.650048404173648,2.483881867145566,30.05425603010601,25.459333532856583,612.8355544951825,8795.438095238096,17.856623462983855
05021YOWI05_f240,-62.58596401,44.50448462168373,51.00867919921871,63.32435607910156,-389.0640259,1451.0523681640625,92.19293571863368,-1.735122681,-15.14639282,-2.242797852,40.217918395996094,-8.667602539,-61.42749023,-0.11260053,-0.982922923,-0.145546035,0.5439850517685048,-0.11723745,-0.830864395,1.3106733827501482,0.3636035156250012,-1.141369629,-0.531914063,6.815313720703169,1.4370117187500104,-19.88613281,240,0.008333333,05021YOWI05,0.3904348743504158,23.45708079,-56.18763497,102.16213233527785,102.16213233527785,8.333333333333334,05021YOWI05,N,2,16.8,62,40,0.019791667,1.004280982827137,-0.545431566,0.8401172461456778,-0.072716655,-80.8281446,-57.55978569,1.573334274611556,6.093642195,-3.309496906,5.097551369749512,-0.441220419,-490.4382348,-349.2535902,9.546467857212972,502,1YO,109,WI05,Wind_success,5,Left,W,1,Experienced,Right,8,FALSE,Second,Head-On,TRUE,TRUE,0.2416666666666666,241.66666666666663,493.252781,2.3393695978001694,0.2333333333333333,233.33333333333331,474.4403481004728,1.2483732161738603,3.891291434,2.397728397034619,27.653818838219912,23.70041201202706,612.8355544951825,8795.438095238096,17.856623462983855
05021YOWI06_f227,-96.41079904,213.0653835932414,64.80689570109053,29.597267150878903,-220.379364,1464.849365234375,242.6763968500811,-1.35656929,-15.0052948,-3.388183594,61.70482635498047,-7.402954102,-11.77294922,-0.087844983,-0.971671614,-0.219402675,0.9755302456461392,-0.117037938,-0.186125928,1.968805646426334,0.17936142,-1.956688843,-0.124072266,-10.11167908,4.1414062500000055,19.21289062500014,227,0.1166666666666666,05021YOWI06,0.8348301601955465,41.407203544813896,-10.72678351,96.84128588415764,96.84128588415764,116.66666666666669,05021YOWI06,N,2,16.8,62,40,0.033333333,0.671132627,-0.453335879,0.4935408595600569,0.036373127,-39.33559546,-39.73156786,-2.669360495,4.072209037774039,-2.750690977,2.994641398,0.2207000080491624,-238.6752795,-241.077908,-16.19678957,502,1YO,111,WI06,Wind_success,6,Left,W,1,Experienced,Right,9,FALSE,Second,Head-On,TRUE,TRUE,0.675,675,1356.4579961021836,2.541299984936272,0.2166666666666666,216.66666666666669,454.9248987577071,1.4294399208211597,5.559593528612182,3.2850214221663148,28.386122929149806,23.021820915082017,612.8355544951825,8795.438095238096,17.856623462983855
05021YOWI07_f153,-93.06250569,1459.5262083648354,-41.79568501,32.76228332519531,1025.9476318359375,1358.4527587890625,1463.0872366866313,-7.217657089,-13.85040283,-2.927368164,41.168251037597656,39.44946289,-11.40161133,-0.454221322,-0.871633026,-0.184225022,0.708002157,0.6784428320968743,-0.196082302,0.9214291880013724,-0.068834381,-0.793989258,-0.46246582,4.422656250000032,-30.29941406,22.72500000000016,153,0.7333333333333333,05021YOWI07,2.5304987157792094,23.06145261644208,-11.30795557,46.22137412041644,46.22137412041644,733.3333333333333,05021YOWI07,N,2,16.8,62,40,0.023958333,0.7701846545741322,-0.330070374,0.6841352582986714,-0.127267038,-83.14668152,-42.93952031,-0.489661351,4.673223718351852,-2.002756987,4.151104669,-0.772213959,-504.5063439,-260.542694,-2.971101835,502,1YO,113,WI07,Wind_success,7,Left,W,1,Experienced,Right,10,FALSE,Second,Head-On,TRUE,TRUE,,,,2.554286590304446,0.3083333333333333,308.33333333333337,633.9844054572009,1.263945828428103,4.909034803823789,1.761558761170711,28.21703316253278,23.94092046604131,612.8355544951825,8795.438095238096,17.856623462983855
05021YOWI08_f211,-86.75535102,443.3594274520874,12.520689392089936,39.20691680908203,9.902429580688477,1412.553466796875,451.9411914219697,-2.968986511,-15.10629368,0.460327148,53.67569732666016,12.068071365356444,-30.49389648,-0.192764149,-0.980789855,0.029887159,0.8533296011483891,0.1918567068101224,-0.484788197,2.484041741,0.3003309631347667,-2.431591415,0.4094238281250014,13.46390991210947,1.972842407226565,-6.846679688,211,0.25,05021YOWI08,1.4409935028380434,,-28.99859658,77.32872080860147,77.32872080860147,250,05021YOWI08,N,2,16.8,62,40,0.0375,0.474292536,-0.346453915,0.3224878497378122,-0.030408574,-24.51559025,-27.32637863,-2.18164581,2.877848987146825,-2.102166853,1.9567487606051417,-0.184509089,-148.7524286,-165.8073554,-13.23749946,502,1YO,115,WI08,Wind_success,8,Left,W,1,Experienced,Right,11,FALSE,Second,Head-On,TRUE,TRUE,0.3083333333333333,308.33333333333337,593.0619010461368,2.484041741,0.25,250,451.9411914219697,1.1315454277220396,5.045998052404926,3.303763792908324,26.19837297720133,23.27819616762461,612.8355544951825,8795.438095238096,17.856623462983855
05021YOWI09_f215,-42.13768854,357.5953594843547,38.661039988199946,83.78453826904297,-75.94790649,1438.7784423828125,362.1390643569499,-3.819190979,-14.88950348,0.194458008,57.77092742919922,-5.245254517,-25.86901855,-0.248439072,-0.968564926,0.012649529,0.909558607,-0.082582479,-0.407287705,2.2190773869164464,0.2018865966796882,-2.202833862,0.1762646484375006,14.902404785156603,-2.885229492,-23.06777344,215,0.2166666666666666,05021YOWI09,1.1067700960083775,,-24.0345662,95.18788958,95.18788958,216.66666666666669,05021YOWI09,N,2,16.8,62,40,0.027083333,0.5635017906528453,-0.401995198,0.3946921898971898,-0.012337092,-42.97351097,-44.60829926,-2.788377277,3.419141004398119,-2.439172845,2.3948606250739632,-0.074857362,-260.748938,-270.6682883,-16.91894372,502,1YO,118,WI09,Wind_success,9,Left,W,1,Experienced,Right,12,FALSE,Second,Head-On,TRUE,TRUE,0.3166666666666666,316.66666666666663,586.6260905724141,2.3784552174455533,0.4,400,775.2587923312947,1.0780596766517656,4.787654047584978,3.237321703915002,27.16556004208952,22.89423745838188,612.8355544951825,8795.438095238096,17.856623462983855
05021YOWI10_f207,-54.0375344,527.6458906173706,12.17906290690098,71.90995025634766,94.10386657714844,1412.266602,530.5455405356561,-2.733146667,-14.70604706,0.51940918,55.32665252685547,12.242645263671877,-24.46740723,-0.182612906,-0.98257222,0.034703889,0.896388216,0.1983521945304941,-0.396414648,2.076830149132959,-0.063576965,-2.060274353,0.2538720703124941,-19.35582275,11.133325195318848,-19.11972656,207,0.2833333333333333,05021YOWI10,0.81314241,,-23.35423131,77.52268335644531,77.52268335644531,283.3333333333333,05021YOWI10,N,2,16.8,62,40,0.009375,0.6148451070220161,-0.25586241,0.5490720129949245,-0.105303644,-54.36191732,-25.92759002,1.2430891840669718,3.7306751311951847,-1.552487802,3.331585924196182,-0.638947407,-329.849991,-157.3199725,7.542650745515822,502,1YO,120,WI10,Wind_success,10,Left,W,1,Experienced,Right,13,FALSE,Second,Head-On,TRUE,TRUE,0.3333333333333333,333.3333333333333,635.1465268378712,2.324401252297964,0.375,375,727.0160488420572,,3.8630236087011407,2.886899992657721,28.84915551787152,23.245652274078942,612.8355544951825,8795.438095238096,17.856623462983855
05021YOWI11_f235,-108.6654687,84.78739128112795,51.54493306477866,17.27530860900879,-348.598114,1451.597412109375,147.15286583761898,0.3998756408691406,-15.14364624,-2.075073242,44.99344062805176,-6.315795898,-51.08642578,0.026152099,-0.990403248,-0.135710994,0.6581110586463369,-0.092380024,-0.747232069,1.2967672343914376,0.3217813110351574,-1.240231934,-0.199716797,10.471961975097727,5.952832031250036,-16.85566406,235,0.05,05021YOWI11,0.6220438420941683,22.02609071888532,-48.35117671,97.99048447211064,97.99048447211064,50,05021YOWI11,N,2,16.8,62,40,0.014583333,0.5420706945403186,-0.34182973,0.4197928896548679,0.027694823,-24.14205614,-20.66388972,-1.562695798,3.289104257926305,-2.074108843,2.547163303085213,0.1680429547421058,-146.4859482,-125.3815938,-9.481917125,502,1YO,122,WI11,Wind_success,11,Left,W,1,Experienced,Right,14,FALSE,Second,Head-On,TRUE,TRUE,0.6583333333333333,658.3333333333334,1353.420901033484,2.664666486,0.2833333333333333,283.3333333333333,589.2579126298008,1.195623458141435,3.5764868039460684,2.1085733694592705,30.404483230025264,24.323986049176227,612.8355544951825,8795.438095238096,17.856623462983855
05021YOWI12_f226,-27.30925368,206.5772006988525,64.00099792480478,98.62619781,-226.9422913,1464.2081298828125,217.98179492867052,-4.247192383,-14.52505493,-2.857299805,59.56194305419922,-7.120132446,-17.90759277,-0.27578007,-0.943145566,-0.185531115,0.951439213,-0.113736605,-0.286054905,1.952437698,-0.021740112,-1.943040161,-0.190092773,-8.155810547,2.1205810546874724,6.055664062500046,226,0.125,05021YOWI12,1.2767141464958562,28.15312109061191,-16.62191565,96.81688281003994,96.81688281003994,125,05021YOWI12,N,2,16.8,62,40,0.016666667,0.515564504,-0.247472464,0.4441148078410882,-0.085593079,-51.02693557,-30.67287077,0.4841673028867065,3.1282735323959203,-1.501580409,2.6947405941525173,-0.519350267,-309.6144336,-186.112754,2.937765781313446,502,1YO,123,WI12,Wind_success,12,Left,W,1,Experienced,Right,15,FALSE,Second,Head-On,TRUE,TRUE,0.2583333333333333,258.33333333333337,495.6660825222251,2.5188323350289967,0.35,350,707.0580500422512,,3.859908432553941,2.5354876859741773,28.69831554837871,23.75257336033856,612.8355544951825,8795.438095238096,17.856623462983855
06011YOME01_f240,2.327302172188979,73.31900737977475,-2.065456701,-178.0117188,-361.8375549,1394.785888671875,73.38500725584028,8.758789063,-11.08395386,4.03125,-52.84934998,-15.13375854,-36.37512207,0.5962066546671092,-0.754479529,0.274405293,-0.801739107,-0.22958326,-0.55182056,1.4171683962984385,0.2013427734375007,-1.36317627,0.3310253906250011,9.321899414,-9.987011719,7.140234375000047,240,0.008333333,06011YOME01,0.6527667545077404,28.971051058483688,-33.49200086,-105.9794129,105.97941289153138,8.333333333333334,06011YOME01,I,1,21.3,62,40,0.04375,1.4905013697556753,0.3846110477846327,-1.409172333,-0.296482732,172.13972147350952,59.292230972776935,-1.311287871,7.133189615634498,1.8406581756884688,-6.743967941,-1.418896749,823.8202919963318,283.75869680156273,-6.275515885,601,1YO,104,ME01,Wind_missed,1,Right,M,1,Experienced,Left,10,FALSE,Second,Failure,FALSE,FALSE,0.225,225,486.2061587922586,2.2255277874546247,0.375,375,810.7776160139632,1.3650486193306188,1.837919904269959,1.0100684403716875,28.597477978806587,25.831809536151702,612.8355544951825,8795.438095238096,22.639647604854527
06011YOPE01_f238,39.389535045623774,71.84204349517825,20.2950676,-140.9804993,-363.0763855,1417.016602,84.40796439565044,3.222381591796875,-14.1088562,2.778686523,-56.86514282,-7.422393799,-34.73498535,0.2186665669129423,-0.957408383,0.1885580044753551,-0.84814272,-0.110704888,-0.518071766,1.336060078148469,-0.180276489,-1.321340332,-0.081342773,-15.97104492,-8.644482422,4.638867187499649,238,0.025,06011YOPE01,1.1701147302864856,21.51807465159624,-31.20299801,-97.43656089,97.43656088755095,25,06011YOPE01,I,1,21.3,62,40,0.028125,1.337590793574142,-0.255447103,-1.190598772,0.5535074274065149,145.93720940170093,-25.93438495,2.2919230355020086,6.401395498385484,-1.222509863,-5.697926195,2.648956595,698.4212210482784,-124.1158775,10.968605550061538,601,1YO,96,PE01,Wind_Near-miss,1,Right,P,1,Experienced,Left,3,FALSE,Second,Pivot,TRUE,FALSE,0.2666666666666666,266.6666666666667,579.8681051862037,2.589206030978882,0.2166666666666666,216.66666666666669,454.5490564827837,1.2819880640468446,1.936839236052903,1.1887608639872778,27.845042374045683,24.90096363250967,612.8355544951825,8795.438095238096,22.639647604854527
06011YOPE02_f240,3.701151137063306,84.07070967449278,-8.814912864,-176.6861725,-351.1478882,1388.0948486328125,84.61256073247695,7.276885986328125,-11.53640747,5.33996582,-56.24636841,-15.55923462,-31.33605957,0.4967915776813137,-0.787588273,0.3645584182054706,-0.849134334,-0.234893038,-0.47307097,1.1042061212389254,-0.171930542,-0.980196533,0.4784619140625017,-8.442114258,3.495410156250011,23.13984375000017,240,0.008333333,06011YOPE02,0.6794714413792341,22.56310197932194,-28.23382524,-105.4628533,105.46285330932676,8.333333333333334,06011YOPE02,I,1,21.3,62,40,0.3875,0.5917142459216956,-0.459111544,-0.266420233,-0.261462422,16.548942487868143,-26.78760519,-1.828856775,2.831805458269064,-2.197200061,-1.275024683,-1.251297768,79.19935338505857,-128.1991893,-8.752479148,601,1YO,109,PE02,Wind_Near-miss,2,Right,P,1,Experienced,Left,15,FALSE,Second,Pivot,TRUE,FALSE,0.275,275,558.3369190615481,2.2051822217710093,0.4916666666666666,491.6666666666666,990.8972155,1.1042061212389254,1.3006887022347513,0.7496274644049726,30.72200095240812,26.614011247381868,612.8355544951825,8795.438095238096,22.639647604854527
06011YOPI01_f238,-12.75593876,80.45368163803329,17.512105176403338,116.04283905029295,-351.3451843,1416.4661865234375,83.3197617,-4.752456665,-13.53283691,3.030761719,52.623985290527344,-7.878448486,-41.99597168,-0.324183441,-0.92312712,0.2067399729654814,0.7763190589102743,-0.116224373,-0.619532577,1.743971955667918,-0.135792847,-1.725802002,0.2112011718750007,-5.887133789,5.372753906244353,-3.816210937,238,0.025,06011YOPI01,0.6199491237468003,16.55185943574965,-38.28200879,98.51463366673131,98.51463366673131,25,06011YOPI01,I,1,21.3,62,40,0.027083333,1.7996910246428337,-0.431799158,1.5885500929443852,-0.727286651,-205.915722,-65.45741381,0.3453321807106093,8.612898712,-2.066489395,7.602427784929555,-3.480623161,-985.4643004,-313.2638144,1.6526787397673608,601,1YO,79,PI01,Wind_Near-miss,1,Right,P,1,Experienced,Right,13,TRUE,First,Pivot,TRUE,FALSE,0.2,200,464.02746236071096,2.503486715150251,0.2666666666666666,266.6666666666667,626.4884525028896,1.7076301907041396,1.888021863304704,1.1531629011698108,30.53286891115658,26.21988259461817,612.8355544951825,8795.438095238096,22.639647604854527
06011YOUE01_f239,74.50727049509683,-17.05633316,51.09872029622397,-105.7917633,-451.9740601,1447.759033203125,91.94199842,2.937011719,13.7401123,-3.45690918,-5.11277771,-42.30438232,-49.15490723,0.2029792396329313,0.9495902009078602,-0.238909771,-0.078592982,-0.650297692,-0.755603107,1.1822704932613977,0.4307785034179703,1.0377795410156283,-0.367705078,2.009948730468765,-2.495654297,-4.624804688,239,0.016666667,06011YOUE01,0.5626308817846318,,-49.07809585,-173.1088301,173.10883009854518,16.666666666666668,06011YOUE01,I,1,21.3,62,40,0.020833333,0.7781462641465642,-0.573150974,0.4572371269181097,-0.260660275,-25.0545335,-31.29093644,2.0350077738871235,3.7240253269709656,-2.742965997,2.188229539265336,-1.247458879,-119.905115,-149.7510753,9.739069426555846,601,1YO,94,UE01,Wind_Uturn,1,Right,U,1,Experienced,Left,1,FALSE,Second,U-Turn,TRUE,FALSE,,,,2.252559979181524,0.8083333333333333,808.3333333333334,335.30884424419446,1.1822704932613977,1.8310355151852469,1.316196113739259,30.90426463785735,25.809262104364738,612.8355544951825,8795.438095238096,22.639647604854527
06011YOUE02_f204,135.17107922236124,664.1107349395752,-29.3831248,-45.17351913,229.208252,1367.345458984375,678.3639561053714,1.528594970703125,-14.18907166,2.059692383,-25.93818283,36.569183349609375,-47.51611328,0.1060122630787172,-0.984051123,0.1428453285094289,-0.397039463,0.5597697041693904,-0.727335922,2.2960049602241264,-0.221460114,-2.268654785,0.275317383,2.945214844,4.161181640625011,-1.9828125,204,0.3083333333333333,06011YOUE02,0.921700699,,-46.66351744,-35.34772461,35.347724609085446,308.33333333333337,06011YOUE02,I,1,21.3,62,40,0.6833333333333333,0.8595994704297764,-0.66930619,0.5143042584288671,-0.16257799,-11.76130676,-14.20821628,-0.799346735,4.113841248652934,-3.203142288,2.4613394324506808,-0.778060089,-56.28685285,-67.99718733,-3.825485801,601,1YO,95,UE02,Wind_Uturn,2,Right,U,1,Experienced,Left,2,FALSE,Second,U-Turn,TRUE,FALSE,,,,2.2960049602241264,0.3083333333333333,308.33333333333337,678.3639561053714,,3.2512385081276163,1.8183301867620725,30.437824866580293,27.650452987546277,612.8355544951825,8795.438095238096,22.639647604854527
06011YOUE03_f240,87.42580165863038,-15.65531864,44.6349383,-92.93824768,-450.5972595,1441.3489990234375,99.40139593987088,1.3414382934570312,14.40771484,-1.837158203,-2.6717453,-43.72720337,-45.1439209,0.091966344,0.987764297,-0.125951915,-0.042471944,-0.695118413,-0.717639552,1.005720042526134,0.1026068115234378,0.8419628906250031,-0.540410156,-7.276904297,-6.346142578,-1.636523438,240,0.008333333,06011YOUE03,1.073723714570736,19.142286152171845,-45.85993977,-176.5035573,176.5035573139801,8.333333333333334,06011YOUE03,I,1,21.3,62,40,0.016666667,0.7573057918186049,-0.609629191,0.433389976,-0.118479704,-21.96182324,-31.84269424,-2.092464906,3.624287719336908,-2.91754218,2.0741026743273943,-0.567016048,-105.1041298,-152.3916586,-10.01404577,601,1YO,98,UE03,Wind_Uturn,3,Right,U,1,Experienced,Left,4,FALSE,Second,U-Turn,TRUE,FALSE,,,,2.3262142993986035,0.775,775,245.71110209387533,1.051137918,2.077033396265501,1.1953831749113648,30.474809820851885,24.39868520082032,612.8355544951825,8795.438095238096,22.639647604854527
06011YOUE04_f240,108.74427121480306,-3.152493668,40.63610000610356,-71.64849854,-438.2148743,1437.434082,116.1315950207736,-0.792518616,-14.35345459,1.052856445,-1.900611877,-53.13983154,-50.69519043,-0.05498324,-0.995811871,0.07304492,-0.025870145,-0.723311889,-0.690036699,1.0455784355269937,0.018861694,1.0390063476562537,-0.115517578,12.73721923828134,-6.846679688,1.520507812500011,240,0.008333333,06011YOUE04,0.8718014422058996,21.905268017369927,-43.63301401,-177.9516186,177.95161864546031,8.333333333333334,06011YOUE04,I,1,21.3,62,40,0.015625,0.64529628,-0.322074238,0.5580109184790557,-0.036045657,-20.84017504,-12.96863264,3.057684288203048,3.0882364946994443,-1.541371687,2.6705092459981703,-0.172506051,-99.73618489,-62.06483103,14.633359120008077,601,1YO,101,UE04,Wind_Uturn,4,Right,U,1,Experienced,Left,7,FALSE,Second,U-Turn,TRUE,FALSE,,,,2.291394890384462,0.9,900,302.048546,1.1069789210044991,1.7918203202862557,1.0362517635523667,28.648156780001777,25.37207984111049,612.8355544951825,8795.438095238096,22.639647604854527
06011YOUE05_f220,93.32968123753868,-201.1121381,63.08446426391606,-87.00559998,-636.1433716,1459.893310546875,230.5128437365288,1.303100586,14.37347412109375,-2.201660156,-11.63417816,-57.76715088,-15.34741211,0.089257205,0.9845257820329992,-0.15080496,-0.191059796,-0.948668647,-0.252039584,1.0465271599851045,0.001393433,1.0453271484375035,0.050083008,-5.822753906,8.283691406,25.32304687500018,220,0.175,06011YOUE05,0.7827657042688579,26.366876071295657,-14.59823715,-168.6130795,168.61307952306993,175,06011YOUE05,I,1,21.3,62,40,0.019791667,0.6962267101162933,-0.487898569,0.4950211528100104,-0.040505261,-26.95299407,-27.92507798,-0.171697443,3.331977574460732,-2.334968004,2.369055016247722,-0.193848668,-128.9907016,-133.642867,-0.821703649,601,1YO,103,UE05,Wind_Uturn,5,Right,U,1,Experienced,Left,9,FALSE,Second,U-Turn,TRUE,FALSE,,,,2.4862028464061976,0.825,825,532.8728124,1.0617722167078476,1.672373506438253,1.025423172731279,30.18615949878019,26.16181615541812,612.8355544951825,8795.438095238096,22.639647604854527
06011YOUE06_f228,41.82438138326009,-48.70279586,34.49981282552085,-138.5309753,-483.9577332,1431.372559,72.87988946,4.647186279296875,13.32562255859375,1.953613281,-8.484786987,-37.9647522,-47.93359375,0.3261804557483808,0.9353095352895242,0.1371217834053831,-0.137443654,-0.61498471,-0.776468318,0.721222377,0.1826989746093756,0.6623364257812523,0.2193017578125007,-7.686254883,1.0423828125000016,3.4505859375000214,228,0.1083333333333333,06011YOUE06,1.2125060669763406,19.21051103058274,-50.93834561,-167.4019269,167.4019268699891,108.33333333333334,06011YOUE06,I,1,21.3,62,40,0.011458333,0.4536404383331639,-0.373802556,0.2467126720379921,-0.072070478,-19.79820069,-35.34690419,-1.621449311,2.1710166321285835,-1.788931272,1.1807089251553802,-0.344912388,-94.74954029,-169.1619847,-7.759875719,601,1YO,108,UE06,Wind_Uturn,6,Right,U,1,Experienced,Left,14,FALSE,Second,U-Turn,TRUE,FALSE,,,,2.4380777955261443,0.8583333333333333,858.3333333333333,356.51425913649683,0.3578768810537795,1.7772141602946203,0.8052693285614139,31.96956160000511,24.679251678784457,612.8355544951825,8795.438095238096,22.639647604854527
06011YOUI01_f239,-99.36972389,-34.67167867,49.92769292195635,29.563213348388672,-465.6947021,1448.6297607421875,116.48708876410504,-2.932941437,14.14727783203125,-1.884521484,9.660385131835938,-37.66085815,-51.02966309,-0.201293328,0.9709544817129332,-0.12933828,0.1505820218184927,-0.587041623,-0.795428933,0.974098665,-0.040325775,0.8887756347656282,-0.396635742,-1.74407959,2.513671875000014,-15.72714844,239,0.016666667,06011YOUI01,0.5005501847979764,,-52.69578826,165.61324547841127,165.61324547841127,16.666666666666668,06011YOUI01,I,1,21.3,62,40,0.03125,1.0962818823887774,-0.905500938,-0.617942959,0.006965416,26.91285250042058,-41.55413736,4.000891513108634,5.246547703975427,-4.333514894,-2.957329921,0.033334845,128.79859346561466,-198.8683453,19.14732745214777,601,1YO,66,UI01,Wind_Uturn,1,Right,U,1,Experienced,Right,1,TRUE,First,U-Turn,TRUE,FALSE,0.6416666666666667,641.6666666666667,328.51572941091115,2.606920578800481,0.7916666666666666,791.6666666666666,687.1823394432698,0.974098665,2.6865414841558986,1.1119113759453374,31.47885551781872,27.135208229746983,612.8355544951825,8795.438095238096,22.639647604854527
06011YOUI02_f220,-49.6876887,-149.9154912,44.39963404337573,79.17436218261719,-581.0179443,1443.1446533203125,164.0574546391786,-5.731521606,13.41485595703125,-0.942260742,21.055992126464844,-53.609375,-14.77807617,-0.392076825,0.917671518,-0.064457334,0.3541092760445103,-0.901575991,-0.248530386,0.6759007805166696,-0.216545105,0.6334570312500023,0.093178711,-1.230578613,19.45019531250014,35.432226562500254,220,0.175,06011YOUI02,0.6529311983149668,27.966358022240723,-14.39056504,158.5567392429141,158.5567392429141,175,06011YOUI02,I,1,21.3,62,40,0.023958333,0.927225115,-0.757604657,-0.521165616,-0.119029407,28.17058154,-41.46734226,-0.348405963,4.437481708322187,-3.625718016,-2.494176278,-0.569646795,134.81778936560423,-198.4529644,-1.667389138,601,1YO,68,UI02,Wind_Uturn,2,Right,U,1,Experienced,Right,3,TRUE,First,U-Turn,TRUE,FALSE,,,,2.6748504275425806,0.7416666666666667,741.6666666666667,486.11879069266666,0.9014441668387648,3.104679825372616,1.1941206683133063,31.843936079654807,26.711435763163937,612.8355544951825,8795.438095238096,22.639647604854527
06011YOWE01_f232,66.58465541203816,129.7037004470825,28.22106628417964,-113.7972717,-305.2944641,1424.97168,148.50250781795717,3.679039001464844,-13.99752808,1.046020508,-57.99751282,-7.191345215,-35.15368652,0.253539814,-0.96463524,0.072086174,-0.850406283,-0.1054453,-0.515451688,1.5186830419070554,-0.116915588,-1.512615967,-0.06871582,-6.950939941,-5.599951172,-2.84765625,232,0.075,06011YOWE01,2.657980216,18.45244438,-31.02765122,-97.06825811,97.06825811,75,06011YOWE01,I,1,21.3,62,40,0.016666667,1.8736595239493867,-0.4718405,-1.810986598,0.091071927,150.9153703956749,-37.97900758,0.087942532,8.966894583707278,-2.258117853,-8.666956675,0.4358488600729269,722.2455307924505,-181.7586136,0.4208723089646278,601,1YO,99,WE01,Wind_success,1,Right,W,1,Experienced,Left,5,FALSE,Second,Head-On,TRUE,TRUE,0.35,350,694.2465063521762,2.297128706316318,0.2416666666666666,241.66666666666663,459.2658984495544,1.6760451930782951,2.657980216,1.0614412981683892,30.05488162148542,23.67152679,612.8355544951825,8795.438095238096,22.639647604854527
06011YOWE02_f232,57.4479908,170.38864892323812,38.87170308430996,-122.8957062,-264.6737366,1435.6639404296875,183.96622687166663,4.136924743652344,-14.07577515,0.172973633,-62.84820557,-4.227996826,-22.99743652,0.2819579470435632,-0.959354329,0.011789262,-0.937234138,-0.063050694,-0.342953031,1.836970419142652,0.083432922,-1.827381592,-0.167856445,-20.85908203,-2.924780273,6.997851562500048,232,0.075,06011YOWE02,0.5889318537929197,29.724915187089493,-20.05689115,-93.84866868,93.84866867634798,75,06011YOWE02,I,1,21.3,62,40,0.0375,0.9920818002898476,-0.588500515,-0.787093218,0.1355644071456523,66.78431583777595,-50.70323517,2.196612054091703,4.747870575152534,-2.816425298,-3.766843346,0.6487794247780713,319.6140559732378,-242.6537794,10.51246957015072,601,1YO,100,WE02,Wind_success,2,Right,W,1,Experienced,Left,6,FALSE,Second,Head-On,TRUE,TRUE,0.2083333333333333,208.33333333333331,452.6705998152767,2.233871902265546,0.35,350,762.1218678223835,1.4941441874767412,1.6233020296690677,0.8667848223654084,30.94888506956109,24.871091760305458,612.8355544951825,8795.438095238096,22.639647604854527
06011YOWE03_f237,125.5576374053955,109.77299582163494,58.92948659,-54.80213165,-325.2705994,1455.697509765625,176.8827727975512,0.876831055,-14.45632935,-0.681762695,-28.52684784,9.340454102,-64.00415039,0.060475553,-0.997061522,-0.047021573,-0.40352917,0.1321262590403145,-0.90537664,1.887684747153367,-0.218668671,-1.82947998,-0.410537109,9.107556152344266,-8.850585937,0.1001953125013187,237,0.033333333,06011YOWE03,1.060476685105378,22.69139975466064,-64.87405805,-71.87016717,71.87016716502103,33.333333333333336,06011YOWE03,I,1,21.3,62,40,0.029166667,1.4869262563277443,-0.64073964,-1.317518188,0.2540634338762396,57.56242253147697,-27.51570629,-3.515706058,7.116079962133802,-3.066429485,-6.305332723,1.2158879455008522,275.4802397260483,-131.6837101,-16.82534377,601,1YO,102,WE03,Wind_success,3,Right,W,1,Experienced,Left,8,FALSE,Second,Head-On,TRUE,TRUE,0.15,150,386.7464609835973,2.365019631243672,0.275,275,650.4215116,1.9433995683738616,2.3897749923169203,1.1446687682988623,30.02687310640091,23.93423233942682,612.8355544951825,8795.438095238096,22.639647604854527
06011YOWE04_f234,58.74265247980753,123.91037654876708,14.084745534261174,-121.6086578,-311.3444824,1410.9761962890625,137.85086395661645,3.209785461425781,-14.0375061,3.073120117,-44.167099,-8.170501709,-52.16931152,0.2179957374259964,-0.953371037,0.2087139761195668,-0.641578365,-0.118686018,-0.757819788,1.3503797578763752,-0.016755066,-1.334458008,0.2060742187500007,-3.251403809,0.3159667968749968,-7.899609375,234,0.058333333,06011YOWE04,1.084691605306276,29.382787550052345,-49.27237035,-100.4807019,100.4807018573888,58.333333333333336,06011YOWE04,I,1,21.3,62,40,0.026041667,0.5062004531512194,-0.217972524,-0.451576376,0.069322823,41.75191063114349,-20.96490564,1.607427561217711,2.4225565230038306,-1.043165326,-2.161138515,0.3317627572324513,199.81484176414543,-100.3331162,7.692770916032366,601,1YO,105,WE04,Wind_success,4,Right,W,1,Experienced,Left,11,FALSE,Second,Head-On,TRUE,TRUE,0.3333333333333333,333.3333333333333,637.8087111175265,2.165140424417526,0.375,375,727.0094949,1.2420068666851145,1.4904650061731315,0.852154651,31.134083302370843,26.92036405367947,612.8355544951825,8795.438095238096,22.639647604854527
06011YOWE05_f235,46.62910830949693,100.67055344233182,20.948960338106644,-133.7098083,-334.5834351,1417.8365478515625,112.90568192687094,4.079513549804688,-13.93768311,2.280883789,-57.25340271,-10.91046143,-35.31066895,0.2775090212826146,-0.948111276,0.1551571824028921,-0.840161888,-0.160104962,-0.518164456,1.0973085990691596,0.014824219,-1.094696045,-0.074208984,-6.33581543,-2.926757813,-6.261328125,235,0.05,06011YOWE05,0.2222042277268028,-52.31800631,-31.20920719,-100.7891759,100.78917592840652,50,06011YOWE05,I,1,21.3,62,40,0.039583333,0.939247028,-0.515156859,-0.777759102,0.1090374718360726,73.56787618036348,-47.82429554,1.2401169379025638,4.495015760030365,-2.465419777,-3.722172459,0.5218277403821557,352.0785831280885,-228.8758503,5.934908510059984,601,1YO,106,WE05,Wind_success,5,Right,W,1,Experienced,Left,12,FALSE,Second,Head-On,TRUE,TRUE,0.3,300,561.3297145003608,2.331504017,0.225,225,390.46386823936894,1.2628300384055524,1.336330900635026,0.7734802720600347,26.64631457558817,24.49667716866843,612.8355544951825,8795.438095238096,22.639647604854527
06011YOWE06_f234,97.80321652094524,120.30305786132811,13.539788564046148,-82.54094696,-314.9519653,1410.432617,155.63296812368526,1.5350189208984375,-14.02072144,2.891235352,-50.35964203,-4.840454102,-48.07434082,0.1066149506383389,-0.973811139,0.2008111496829238,-0.721586616,-0.069357262,-0.688841292,1.3397286438141351,-0.318461609,-1.294053955,0.1374023437500005,-2.919836426,-9.919335938,-2.4046875,234,0.058333333,06011YOWE06,1.0064551798112642,28.875441261712425,-43.53845697,-95.49027378,95.49027378203448,58.333333333333336,06011YOWE06,I,1,21.3,62,40,0.033333333,1.0699886753272578,-0.427765401,-0.944400048,0.2645771658329587,73.26884124600271,-31.26434352,2.991550112511955,5.120714588099993,-2.047184778,-4.519676903,1.2662041982309835,350.6474721396808,-149.6238079,14.316856482136917,601,1YO,107,WE06,Wind_success,6,Right,W,1,Experienced,Left,13,FALSE,Second,Head-On,TRUE,TRUE,0.3166666666666666,316.66666666666663,642.8745287961872,2.2888865895536084,0.2666666666666666,266.6666666666667,531.3808340166655,1.4746900175050852,1.9100694311002184,0.9621551037187112,29.70045858519799,26.11813911121982,612.8355544951825,8795.438095238096,22.639647604854527
06011YOWI01_f240,0.8897768256549341,31.35572082391576,31.17411756215597,129.77757263183594,-399.7146301,1429.876465,44.22441109801168,-11.0165863,-8.356018066,2.250244141,38.07337951660156,-9.837432861,-52.93103027,-0.786394025,-0.596475396,0.1606285739136519,0.5773964365310589,-0.149188193,-0.802718032,1.2868488923126753,-0.08515686,-1.109743652,0.6459082031250023,-0.468457031,-0.515917969,6.939843750000055,240,0.008333333,06011YOWI01,2.4601051371085485,,-53.39044478,104.48728669944506,104.48728669944506,8.333333333333334,06011YOWI01,I,1,21.3,62,40,0.019791667,0.6567133571738757,-0.09747226,0.5950667257132785,-0.260129168,-79.41050818,-14.5512726,2.808871539227149,3.1428759442260974,-0.466479352,2.8478496394561383,-1.244917124,-380.0400481,-69.63897434,13.44259971968409,601,1YO,67,WI01,Wind_success,1,Right,W,1,Experienced,Right,2,TRUE,First,Head-On,TRUE,TRUE,0.2416666666666666,241.66666666666663,443.5761465051708,2.5217320627365494,0.375,375,767.9316817986547,1.2547680352174355,2.4601051371085485,1.211694938782363,30.60853382241208,26.357490156965163,612.8355544951825,8795.438095238096,22.639647604854527
06011YOWI02_f237,-21.55315029,80.62958133968846,9.478974282492118,107.3266372680664,-350.5942383,1408.3004150390625,83.99713464,-2.829315186,-13.85858154,4.748901367,40.89459991455078,1.757141113,-53.45007324,-0.189627712,-0.928836465,0.3182831332711472,0.6074401145173122,0.026100219,-0.793936575,1.480531453596356,-0.096059875,-1.431177979,0.3667089843749915,-7.997277832,4.107128906254503,1.8984374999987823,237,0.033333333,06011YOWI02,0.5324581322390122,,-52.5549276,87.53965360475387,87.53965360475387,33.333333333333336,06011YOWI02,I,1,21.3,62,40,0.033333333,0.9575881633258124,-0.24275514,0.9087243432788362,-0.179624889,-106.4097366,-36.06907129,-1.73806563,4.582792127061168,-1.161769104,4.348941357,-0.859642546,-509.2520166,-172.6181069,-8.317974042,601,1YO,69,WI02,Wind_success,2,Right,W,1,Experienced,Right,4,TRUE,First,Head-On,TRUE,TRUE,0.2333333333333333,233.33333333333331,485.76275433358296,2.4883123111257386,0.2666666666666666,266.6666666666667,567.9520937478204,1.460101368,1.711062400443236,1.1564044490271277,31.329617038761267,28.39663517271254,612.8355544951825,8795.438095238096,22.639647604854527
06011YOWI03_f238,-1.864050077,66.28520883314201,8.711636888,126.97733306884766,-364.8732605,1407.5,66.88120969309227,-6.492736816,-12.21902466,4.886230469,40.34955596923828,-13.36679077,-52.84777832,-0.44245595,-0.832681243,0.3329784966946204,0.5949446755701683,-0.197090174,-0.779228013,1.2698557872273688,-0.398647156,-1.127728271,0.4264306640625015,-8.492321777,8.576806640621223,4.802343750001265,238,0.025,06011YOWI03,0.8672706158192225,29.851189084214152,-51.18994725,108.32873220522237,108.32873220522237,25,06011YOWI03,I,1,21.3,62,40,0.030208333,1.0285093876402325,-0.094102622,0.9905112815666716,-0.260506541,-125.6570246,-16.90617207,-3.243066531,4.922204455739963,-0.450353054,4.740354441269911,-1.246723146,-601.365018,-80.9089703,-15.52055501,601,1YO,70,WI03,Wind_success,3,Right,W,1,Experienced,Right,5,TRUE,First,Head-On,TRUE,TRUE,0.2583333333333333,258.33333333333337,473.2337315880537,2.3589560752413425,0.3333333333333333,333.3333333333333,627.3005831795435,1.183455497619582,2.868193049729988,1.1121514033243307,29.77275378934823,25.21036379557328,612.8355544951825,8795.438095238096,22.639647604854527
06011YOWI04_f233,-20.05492175,119.97123998006184,7.721481577555323,108.77896118164062,-311.2502136,1406.548583984375,121.88075970666269,-4.258140564,-13.16070557,4.340454102,44.38523864746094,-9.341522217,-48.76647949,-0.293716927,-0.907795772,0.2993947292548868,0.6664508117708473,-0.140264314,-0.73223578,1.530353664096172,-0.166054688,-1.488339844,0.3150439453125011,-7.645495605,-11.57739258,2.107617187500016,233,0.066666667,06011YOWI04,0.3584407227670977,27.35359386582612,-47.07415631,101.88527290322172,101.88527290322172,66.66666666666667,06011YOWI04,I,1,21.3,62,40,0.017708333,0.7880307317234887,-0.215240933,0.7465866245726438,-0.131423692,-85.48797188,-29.78967394,0.054395221,3.771330068118135,-1.030092571,3.572988301544576,-0.628962936,-409.1253626,-142.5663855,0.2603227562129756,601,1YO,71,WI04,Wind_success,4,Right,W,1,Experienced,Right,6,TRUE,First,Head-On,TRUE,TRUE,0.2833333333333333,283.3333333333333,546.3229431,2.4700946777331407,0.3333333333333333,333.3333333333333,668.5615383083821,1.589301425986115,1.9261876221027296,0.9157220100841604,31.99750570614637,27.411343259324543,612.8355544951825,8795.438095238096,22.639647604854527
06011YOWI05_f197,-68.15069304,678.4926228841146,-128.3789948,60.69564056396485,247.3026123046875,1270.430908203125,693.886102,0.2867317199707031,-14.08537292,3.645629883,25.21211242675781,38.64855957,-42.72180176,0.01970348,-0.967911288,0.2505184869860393,0.4009245681206789,0.6145917800116083,-0.679364729,2.3828902375365453,0.2722109985351572,-2.318371582,0.4787695312500016,9.764538574218822,3.497607421875019,-9.249609375,197,0.3666666666666666,06011YOWI05,1.287960511,,-42.79402063,33.11813337,33.11813337,366.6666666666666,06011YOWI05,I,1,21.3,62,40,0.019791667,0.7694104252026883,-0.373514294,0.6655277716569176,-0.097735663,-75.39538085,-47.05173957,-0.837550663,3.682217652786456,-1.787551716,3.1850596624930847,-0.467739939,-360.8245914,-225.1785788,-4.008320834,601,1YO,72,WI05,Wind_success,5,Right,W,1,Experienced,Right,7,TRUE,First,Head-On,TRUE,TRUE,,,,2.3828902375365453,0.3666666666666666,366.6666666666666,693.886102,,1.8334080237868309,1.4935801434059168,30.72875900195472,28.647712271247705,612.8355544951825,8795.438095238096,22.639647604854527
06011YOWI06_f237,-50.7185167,76.87229474385578,22.815301513671784,78.12079620361328,-354.2699585,1421.6285400390625,94.88021721381504,0.41003418,-13.94458008,4.484375,22.204879760742188,-0.889556885,-65.36499023,0.027981736,-0.95161226,0.3060247209188802,0.3216264955337465,-0.012884783,-0.94677895,1.411128788250099,0.1788189697265584,-1.348813477,0.3741796874999913,-4.760705566,-10.95161133,20.73515625,237,0.033333333,06011YOWI06,0.9590348459583288,,-71.22307123,92.29411803353422,92.29411803353422,33.333333333333336,06011YOWI06,I,1,21.3,62,40,0.019791667,0.6391536663657458,-0.248598127,0.580679103,0.097612294,-64.39382566,-29.58606806,-2.259032055,3.0588393866838275,-1.189732272,2.778993853515762,0.4671495238468834,-308.1737312,-141.5919755,-10.81119704,601,1YO,73,WI06,Wind_success,6,Right,W,1,Experienced,Right,8,TRUE,First,Head-On,TRUE,TRUE,0.2916666666666667,291.6666666666667,520.4903095744177,2.281291182111129,0.3583333333333333,358.3333333333333,664.4846103581498,1.3549508064383358,2.150274769104042,1.044330335544901,30.40533801124301,25.853163662468557,612.8355544951825,8795.438095238096,22.639647604854527
06011YOWI07_f237,-17.79414345,89.70798969268799,9.968385823567814,110.99812316894533,-341.4846802,1408.773926,91.99741122390768,-4.175628662,-13.30545044,4.288696289,41.370147705078125,-5.229248047,-54.51623535,-0.286200879,-0.911966057,0.293950623,0.6027500370701186,-0.076188499,-0.794284398,1.5992013729699617,-0.038481445,-1.535493164,0.4452246093749897,-0.822875977,0.3629882812548773,16.170117187498263,237,0.033333333,06011YOWI07,0.9894253002816078,23.076853243754968,-52.58771743,97.20406638828572,97.20406638828572,33.333333333333336,06011YOWI07,I,1,21.3,62,40,0.025,1.5996296394393863,-0.088239616,1.5840385928202307,-0.204573923,-195.7444727,-21.06323486,-1.865546067,7.6554518931979265,-0.422294084,7.580836804545667,-0.979042767,-936.7870897,-100.8036968,-8.928065483,601,1YO,74,WI07,Wind_success,7,Right,W,1,Experienced,Right,9,TRUE,First,Head-On,TRUE,TRUE,0.2333333333333333,233.33333333333331,517.2760873438808,2.5335731967327115,0.3083333333333333,308.33333333333337,704.2858276433533,1.6953562117026448,1.8696228134544968,0.9159466185246974,31.371554184381235,26.48118454686688,612.8355544951825,8795.438095238096,22.639647604854527
06011YOWI08_f234,-19.97324715,114.5751609802246,18.84327519734711,108.8675308227539,-316.5764771,1417.7117919921875,117.81963815674688,-3.675018311,-13.771698,2.575805664,38.47646331787109,-1.70614624,-56.13208008,-0.253721084,-0.95078986,0.177832095,0.5652097609300186,-0.025062868,-0.824566419,1.384134713288061,-0.105412903,-1.340566406,0.3280224609375011,-19.38988037,-0.593261719,-11.89511719,234,0.058333333,06011YOWI08,1.244508187759191,25.161158000018943,-55.54455743,92.53898032978816,92.53898032978816,58.333333333333336,06011YOWI08,I,1,21.3,62,40,0.03125,0.7564308011966353,-0.358622038,0.6486691868237062,-0.151016809,-74.9614654,-45.38266412,-1.654982291,3.6201002196505208,-1.716280878,3.1043784335410654,-0.722730995,-358.747974,-217.1907755,-7.920356686,601,1YO,75,WI08,Wind_success,8,Right,W,1,Experienced,Right,10,TRUE,First,Head-On,TRUE,TRUE,0.2666666666666666,266.6666666666667,529.8484983876259,2.540955339,0.2583333333333333,258.33333333333337,508.7750800866362,1.3607485533952204,1.7449503243651605,0.9968779617248562,30.33736835109343,25.96261547766473,612.8355544951825,8795.438095238096,22.639647604854527
06011YOWI09_f230,-54.43007682,170.71905301411948,14.961536916096977,74.28239440917969,-260.4068909,1413.7740478515625,179.8095545618743,-1.009529114,-14.08120728,3.059814453,50.57287598,0.959747314,-46.50024414,-0.069887121,-0.974806006,0.2118231375174699,0.7360535457965441,0.013968464,-0.676779181,1.8331782583992693,0.1938088989257819,-1.79465332,0.3196875000000012,-0.346069336,7.715478515619126,20.14101562500064,230,0.091666667,06011YOWI09,1.063292022741618,26.069482852296744,-42.59246668,88.91279921360417,88.91279921360417,91.66666666666666,06011YOWI09,I,1,21.3,62,40,0.019791667,0.9987397345765722,-0.28229767,0.9545915291438932,-0.080895584,-106.6363253,-36.88762621,1.558834483623113,4.779733885498519,-1.35101037,4.568450939416488,-0.387147271,-510.3364169,-176.5355185,7.460215855350786,601,1YO,76,WI09,Wind_success,9,Right,W,1,Experienced,Right,11,TRUE,First,Head-On,TRUE,TRUE,0.25,250,510.6218548890701,2.418923628433062,0.3083333333333333,308.33333333333337,643.3272827763276,1.5241804046383165,1.7933961200952897,1.0027768389096123,30.19691435698754,26.83530604882092,612.8355544951825,8795.438095238096,22.639647604854527
06011YOWI10_f238,-41.81937717,69.14303989410399,29.62658920288095,86.96347045898438,-362.037323,1428.4427490234375,86.06599247272408,-0.701530457,-14.06442261,3.152099609,27.791603088378903,-2.493560791,-64.42431641,-0.04861483,-0.974639811,0.2184349726308052,0.3958498703031703,-0.035517049,-0.917628149,1.520685440873055,0.144406128,-1.50380127,0.1738183593750006,-7.473779297,-10.39526367,9.566015625000368,238,0.025,06011YOWI10,1.0927779892713343,,-66.58176012,95.127051,95.127051,25,06011YOWI10,I,1,21.3,62,40,0.023958333,1.0569739369505178,-0.419726937,0.9700630296021776,0.000959335,-108.8122236,-51.92155224,-2.242085151,5.058429105830104,-2.008714577,4.642493908209873,0.004591154,-520.7497551,-248.4843589,-10.73009314,601,1YO,77,WI10,Wind_success,10,Right,W,1,Experienced,Right,12,TRUE,First,Head-On,TRUE,TRUE,0.3166666666666666,316.66666666666663,646.1872765813158,2.3368538006455646,0.2833333333333333,283.3333333333333,568.6533208486329,1.6011290933315394,2.227042153423472,1.1987796239766564,29.07302759543036,26.066298668650845,612.8355544951825,8795.438095238096,22.639647604854527
06011YOWI11_f233,-54.36680756,142.12855224609376,23.613370005289653,74.16661071777344,-290.3414917,1422.7091064453125,153.99307247543643,-0.937904358,-14.03491211,2.099487305,52.30326843261719,-0.320068359,-44.99902344,-0.06594727,-0.986842773,0.1476221481022886,0.7580465302953527,-0.004638844,-0.652183976,1.5718131986984047,0.1321517944335942,-1.537998047,0.296132813,6.142785644531291,2.714941406250012,12.45234375000009,233,0.066666667,06011YOWI11,0.3335620396961616,22.62688091061996,-40.70646743,90.35061551197025,90.35061551197025,66.66666666666667,06011YOWI11,I,1,21.3,62,40,0.030208333,0.9267945295594674,-0.367403523,0.8424888122113232,-0.119060291,-90.22370243,-44.34144522,-0.010196707,4.435421025586938,-1.758307,4.031953655660954,-0.569794599,-431.7894571,-212.2077464,-0.048799045,601,1YO,80,WI11,Wind_success,11,Right,W,1,Experienced,Right,14,TRUE,First,Head-On,TRUE,TRUE,0.2583333333333333,258.33333333333337,533.2020039544673,2.384015380282283,0.2333333333333333,233.33333333333331,474.2245054,1.391955863529855,1.9943932858297333,1.3290753191109443,30.51987756195492,27.11940239796738,612.8355544951825,8795.438095238096,22.639647604854527
06011YOWI12_f238,-28.63072681,74.38886356,27.96770655314117,99.92067719,-358.1299133,1427.09375,84.47256448120056,-2.906272888,-13.77212524,3.661499023,33.48503875732422,-9.595672607,-59.02453613,-0.199827899,-0.946936149,0.2517553190114442,0.4885739717047143,-0.140008674,-0.861216027,1.4959097286430334,-0.123852539,-1.466143799,0.2698681640625009,-10.88283691,-8.738085938,18.65390625,238,0.025,06011YOWI12,1.3245696428837153,23.285091871289136,-59.45339374,105.99050079053794,105.99050079053794,25,06011YOWI12,I,1,21.3,62,40,0.020833333,0.7484412258422208,-0.153942155,0.7086465296505177,-0.185165271,-80.40000745,-21.02297583,1.4999204581404022,3.581863987797356,-0.736731009,3.391415914825428,-0.886157514,-384.7755593,-100.6110265,7.178267161229569,601,1YO,81,WI12,Wind_success,12,Right,W,1,Experienced,Right,15,TRUE,First,Head-On,TRUE,TRUE,0.25,250,496.78239083747167,2.340620533,0.275,275,554.8527228930589,1.4959097286430334,1.808447090021364,1.0863568335104394,29.555822884171214,27.11759812124608,612.8355544951825,8795.438095238096,22.639647604854527
06021YOMI01_f240,-147.9443762,17.144553438822413,-0.850367737,-23.29613495,-415.689209,1400.0447998046875,148.9368903,133.1823501586914,12.36975098,33.80273438,138.8497772216797,25.75009155273437,31.24450684,0.9653639249782688,0.089661365,0.2450170033218797,0.960018117,0.1780381280392098,0.2160269409988917,2.1489065170193205,-0.134256821,1.670419921875006,1.3451660156250047,-26.88920288,195.1637695312514,164.48554687500115,240,0.008333333,06021YOMI01,10.75499147303502,24.430837625056903,12.475782641198926,79.49369427148964,79.49369427148964,8.333333333333334,06021YOMI01,I,2,19.1,64,43,0.025,0.7593382121749448,-0.334852354,0.415108339,-0.540512246,-56.66541755,-39.84426005,3.202967275280104,4.052591981549678,-1.787108753,2.215435360371279,-2.884716665,-302.4236277,-212.6490228,17.09425298087806,602,1YO,69,MI01,Wind_missed,1,Left,M,1,Experienced,Right,1,FALSE,Second,Failure,FALSE,FALSE,,,,2.7888911735245543,0.1916666666666666,191.66666666666669,456.2331409231925,,3.602987856012306,2.593077676337161,27.224690094997527,23.48100061484709,708.2080876634951,9372.038095238097,18.947949934395428
06021YOPI01_f234,8.465185332,55.62661437337584,25.00198748167645,133.2012939453125,-377.4658508,1425.954345703125,61.57173838203487,-7.15813446,-12.53659058,1.286621094,62.43315124511719,-26.95794678,-23.67041016,-0.493887202,-0.864982584,0.088772528,0.8670503685748376,-0.374382795,-0.328726605,1.053609008483578,-0.113153687,-1.045158691,-0.070224609,11.282299804687582,3.704589843750034,-19.67871094,234,0.058333333,06021YOPI01,0.5967121201512763,,-19.19150382,113.35415472094986,113.35415472094986,58.333333333333336,06021YOPI01,I,2,19.1,64,43,0.015625,0.2712439788483179,-0.195940902,0.1573686479984322,-0.102056687,-24.19296934,-23.74276526,0.2403838236360305,1.4476305236579718,-1.045737614,0.8398772915682372,-0.544677071,-129.118003,-126.7152615,1.2829297150361076,602,1YO,87,PI01,Wind_Near-miss,1,Left,P,1,Experienced,Right,14,FALSE,Second,Pivot,TRUE,FALSE,0.15,150,193.16492281633217,2.972526135646215,0.325,325,639.4385302602061,0.7314836451958608,2.8010666249683203,1.6721944997199298,28.11796091166384,25.452768096167137,708.2080876634951,9372.038095238097,18.947949934395428
06021YOUE01_f227,81.89409627914429,-129.6400991,87.47808736,-102.1759109,-557.1462402,1485.9224853515625,176.53785452387356,-2.957672119,14.1048584,-2.720947266,-2.726493835,-51.09954834,-46.12365723,-0.201665417,0.9617232860422452,-0.185524609,-0.039576842,-0.741743384,-0.669515068,1.231058071852643,0.035654297,1.150034179687504,-0.437783203,0.939990234,-6.009960938,-8.989453125,227,0.1166666666666666,06021YOUE01,2.164770388,21.046616222546906,-42.02964854,-176.945793,176.94579302240507,116.66666666666669,06021YOUE01,I,2,19.1,64,43,0.010416667,0.4895959132271559,-0.277442843,0.4026015792302619,0.025329737,-25.50829359,-18.9744624,2.4484388162748627,2.612975931318912,-1.480713893,2.1486867190240853,0.135184937,-136.1378953,-101.2668043,13.067330676971688,602,1YO,54,UE01,Wind_Uturn,1,Left,U,1,Experienced,Left,8,TRUE,First,U-Turn,TRUE,FALSE,,,,2.825248084327375,0.85,850,127.9655659,0.8919473232587518,2.619978363589186,1.7697673041125077,25.533179012475745,21.58653389080835,708.2080876634951,9372.038095238097,18.947949934395428
06021YOUE02_f220,-24.48859879,-197.7037768,95.63828226725263,-208.5236511,-625.199707,1494.09668,220.98225238380547,-2.185165405,-14.21417236,2.484130859,-25.02786255,-74.50567627,-15.68847656,-0.149729091,-0.973965221,0.1702144169519768,-0.312272621,-0.929607262,-0.195745109,1.4322112237246052,0.3109423828125011,1.3140380859375047,-0.477333984,3.792041015625025,15.133007812500106,8.381250000000062,220,0.175,06021YOUE02,2.8919297668784587,20.42712233435667,-11.28825409,-161.4318285,161.4318284703923,175,06021YOUE02,I,2,19.1,64,43,0.027083333,0.5595193882898737,-0.386840578,0.351856375,-0.199031163,-36.34017862,-38.2253565,1.3194379775016771,2.986157880834673,-2.064570176,1.8778593026400403,-1.062230351,-193.947722,-204.0089262,7.041847337643909,602,1YO,55,UE02,Wind_Uturn,2,Left,U,1,Experienced,Left,9,TRUE,First,U-Turn,TRUE,FALSE,,,,3.1735241473937803,0.9333333333333332,933.3333333333334,341.7826559,1.046891976627374,3.502985174,2.051829549291265,26.730915329241075,24.386760969172776,708.2080876634951,9372.038095238097,18.947949934395428
06021YOWE01_f231,17.923409639171382,177.07783259827806,-0.878719704,-166.1054535,-250.429245,1397.499755859375,177.98477339119705,6.2074737548828125,-12.80976868,3.090454102,-45.84764099,6.532135009765625,-48.32165527,0.426156389,-0.879418098,0.2121663035086974,-0.68500635,0.097596166,-0.721970421,2.2415946450510287,-0.041244507,-2.219371948,0.3121435546875011,-11.03356934,-7.781396484,-1.193554688,231,0.083333333,06021YOWE01,0.8750688759227638,32.97825064221866,-46.21740261,-81.89136542,81.89136542060481,83.33333333333333,06021YOWE01,I,2,19.1,64,43,0.007291667,1.821897366218063,-0.413087759,-1.741583411,0.3399349022892552,205.96454393092608,-46.94260339,0.3246610788097565,9.723475704447662,-2.204651515,-9.29483971,1.8142343387677664,1099.2338405138792,-250.532918,1.7327178635421514,602,1YO,34,WE01,Wind_success,1,Left,W,1,Experienced,Left,1,TRUE,First,Head-On,TRUE,TRUE,0.1583333333333333,158.33333333333331,354.57196636204185,2.5906288050803767,0.225,225,519.4696007500766,2.1424800318440207,3.297354882494316,2.0871300171746463,26.03722695258992,23.33480588360016,708.2080876634951,9372.038095238097,18.947949934395428
06021YOWE02_f238,15.36096750895183,43.31159871419271,19.659749348958258,-168.8742828,-384.250946,1418.0806884765625,49.98359381291223,7.303100586,-12.73995972,2.130981445,-46.28636169,-0.034301758,-50.76660156,0.4921703596419472,-0.858571025,0.1436110446498984,-0.673747146,-0.000499299,-0.738961795,1.560281144835147,0.051714478,-1.547973633,0.1886279296875006,-5.711572266,-6.797900391,-16.22988281,238,0.025,06021YOWE02,0.5908909387524865,27.174444408167947,-47.64305135,-90.04246058,90.04246057630814,25,06021YOWE02,I,2,19.1,64,43,0.00625,1.5816631024769523,-0.175151633,-1.558811078,0.2027019974141095,193.1788426151117,-16.77431528,-1.396548795,8.441344191,-0.934785174,-8.319382816,1.0818216128115317,1030.996486196432,-89.52460775,-7.453388174,602,1YO,40,WE02,Wind_success,2,Left,W,1,Experienced,Left,2,TRUE,First,Head-On,TRUE,TRUE,0.1666666666666666,166.66666666666666,303.08068710913545,2.178859575183089,0.5333333333333333,533.3333333333334,976.8624563,1.560281144835147,3.248598484755313,1.437667638826866,28.61199731299128,26.287181993604904,708.2080876634951,9372.038095238097,18.947949934395428
06021YOWE03_f235,23.528544108072907,76.14118359883628,39.55422185262046,-160.6125183,-351.4198914,1437.9329833984375,88.96970660873028,7.6459808349609375,-12.38079834,-1.906616211,-58.38392639,4.094818115234375,-27.89929199,0.5209909026431364,-0.843617509,-0.129915275,-0.900474039,0.063155694,-0.430299737,1.337310304098149,0.2657299804687509,-1.307969971,0.083671875,-1.924584961,-1.994238281,6.568945312500047,235,0.05,06021YOWE03,1.094063326578179,19.86467052033876,-25.48658368,-85.98806992,85.98806992026573,50,06021YOWE03,I,2,19.1,64,43,0.015625,0.7047424692923778,-0.378201952,-0.594658517,-0.002545648,62.003707648882326,-35.90369814,-1.080578059,3.761214218274854,-2.018465779,-3.173695592,-0.013586134,330.91410970151367,-191.6182234,-5.767050714,602,1YO,42,WE03,Wind_success,3,Left,W,1,Experienced,Left,3,TRUE,First,Head-On,TRUE,TRUE,0.1583333333333333,158.33333333333331,262.5771277457209,2.734343401908873,0.3333333333333333,333.3333333333333,699.7110075606962,1.2132488950368794,2.989306453127836,1.7680868136039494,29.65174228112445,24.854831284326725,708.2080876634951,9372.038095238097,18.947949934395428
06021YOWE04_f240,56.91267007191976,44.26798954010008,46.647442881266215,-127.1589508,-383.2660522,1445.0552978515625,85.87602016860467,5.836303711,-13.32498169,-1.435302734,-46.07403564,-0.638031006,-52.83642578,0.3992623071638708,-0.911563756,-0.098189249,-0.657201268,-0.009100891,-0.75366018,1.0996139775528846,0.148093872,-1.086917725,-0.076347656,8.943969726562566,8.876074218750066,-1.39921875,240,0.008333333,06021YOWE04,0.4710786417188218,17.01849516235292,-48.9084366,-90.79337846,90.79337845776035,8.333333333333334,06021YOWE04,I,2,19.1,64,43,0.021875,0.6823450485450065,-0.264511495,-0.613035352,0.1407696377174996,57.93300463418064,-23.09483875,-1.837997295,3.641679067438432,-1.411699223,-3.27177286,0.7512882875017993,309.1887465732724,-123.2572743,-9.809401109,602,1YO,44,WE04,Wind_success,4,Left,W,1,Experienced,Left,4,TRUE,First,Head-On,TRUE,TRUE,0.1583333333333333,158.33333333333331,300.4320869908812,2.718229626442076,0.3666666666666666,366.6666666666666,798.6648685187027,1.165010587303669,2.517943029805075,1.353916990554575,26.772029024265823,23.61121471364686,708.2080876634951,9372.038095238097,18.947949934395428
06021YOWE05_f223,8.625465138753242,281.7069034576416,-19.6466156,-175.4341888,-145.8187714,1378.7823486328125,282.5228620998839,6.747619629,-12.79231262,3.57824707,-54.68170166,12.448333740234377,-33.39758301,0.4528935438184236,-0.858607348,0.2401683979620535,-0.837749898,0.1907144438067104,-0.511666991,2.1361919421732622,0.2476739501953133,-2.073695068,0.4491796875000016,-0.778271484,-1.429870605,9.326953125,223,0.15,06021YOWE05,0.6327472139783276,30.78971698403824,-30.7749311,-77.17513698,77.17513698,150,06021YOWE05,I,2,19.1,64,43,0.0125,0.87506417,-0.319759988,-0.81281927,-0.053063035,75.52059713120916,-25.83805863,-0.846145198,4.670222020252968,-1.706560717,-4.338020666,-0.283197695,403.0538190606292,-137.8978531,-4.515881315,602,1YO,48,WE05,Wind_success,5,Left,W,1,Experienced,Left,5,TRUE,First,Head-On,TRUE,TRUE,0.225,225,447.5415588799064,2.6038652886981146,0.3583333333333333,358.3333333333333,775.2437653539818,1.442715397,2.4697689746460845,1.3660516448294324,27.46824885,24.20651121347323,708.2080876634951,9372.038095238097,18.947949934395428
06021YOWE06_f235,64.02260189056398,101.4070820490519,32.85072555542001,-119.9870834,-326.129425,1431.241211,124.34411933042236,3.822967529296875,-14.07943726,1.01171875,-45.16379547,5.867919922,-50.49145508,0.2614125765998342,-0.962744764,0.069180814,-0.664203058,0.086296785,-0.742554485,1.4110502121221369,-0.020039063,-1.407597656,0.096591797,-0.908569336,-3.418066406,2.518945312500018,235,0.05,06021YOWE06,0.2652568985461947,32.462844180331984,-47.9494755,-82.59729647,82.59729646952599,50,06021YOWE06,I,2,19.1,64,43,0.028125,0.6995095504234862,-0.429891616,-0.54463905,0.088741839,44.32006670028788,-35.14054354,1.8955859413231608,3.733286103097523,-2.294333789,-2.90674144,0.4736156581615187,236.53642612937887,-187.5452633,10.116752012441417,602,1YO,51,WE06,Wind_success,6,Left,W,1,Experienced,Left,6,TRUE,First,Head-On,TRUE,TRUE,0.1916666666666666,191.66666666666669,378.2266442986419,2.867295162555077,0.2416666666666666,241.66666666666663,506.9541208491438,1.348734443196467,3.129065248,1.9971402143572736,28.82380145077394,23.85396834,708.2080876634951,9372.038095238097,18.947949934395428
06021YOWE07_f237,104.06399345397948,94.87869313557944,39.08098805745453,-79.98069,-332.6131897,1437.506348,146.14583392027376,1.892662048339844,-14.61010742,0.814819336,-35.55908966,10.482147216796877,-58.39282227,0.1282751477523686,-0.990199856,0.055224371,-0.514106343,0.1515488284001015,-0.844231971,1.8379997769685168,-0.1858255,-1.821258545,-0.163491211,-1.617077637,9.551074218755648,-25.15253906,237,0.033333333,06021YOWE07,0.6232839786035348,21.46462905193574,-57.58974103,-73.57547993,73.57547993266371,33.333333333333336,06021YOWE07,I,2,19.1,64,43,0.026041667,1.2056913400206857,-0.513390072,-1.081907801,0.1399919667358674,56.430591138111296,-26.1117455,-0.314442969,6.434780942732256,-2.739965482,-5.774147553,0.7471378534344555,301.17035794285823,-139.3585213,-1.678183758,602,1YO,53,WE07,Wind_success,7,Left,W,1,Experienced,Left,7,TRUE,First,Head-On,TRUE,TRUE,0.1916666666666666,191.66666666666669,471.8201205390578,2.912425501821514,0.2833333333333333,283.3333333333333,724.3640863650556,1.7361938722415262,3.2615259236049403,1.8475436172498103,27.797242496381426,24.69152027442146,708.2080876634951,9372.038095238097,18.947949934395428
06021YOWE08_f225,12.428452968597412,139.4983973185221,24.654768117268983,-171.6274261,-287.9938049,1423.131103515625,142.20452485257002,9.404220581054688,-11.41247559,0.352539063,-59.01959229,-2.207183838,-29.25866699,0.6357567256787768,-0.771521472,0.023832818,-0.895444398,-0.033487361,-0.443912071,1.334211430330331,0.2452130126953134,-1.26201416,0.3568066406250013,-6.298022461,-4.590087891,-4.9359375,225,0.1333333333333333,06021YOWE08,1.5006802550463525,25.07657937673268,-26.35375438,-92.14171951,92.14171951257356,133.33333333333334,06021YOWE08,I,2,19.1,64,43,0.0625,0.4096657910514375,-0.296812558,-0.269864949,-0.083073916,17.681158920981893,-21.00290591,0.2881724780216325,2.186388454197488,-1.584090162,-1.440270632,-0.443365918,94.36443697787752,-112.0926179,1.5379780116540576,602,1YO,56,WE08,Wind_success,8,Left,W,1,Experienced,Left,10,TRUE,First,Head-On,TRUE,TRUE,0.3083333333333333,308.33333333333337,479.9046253597001,2.438686137800436,0.575,575,1035.627678350466,0.912202507,2.640766775044043,1.765600718145681,30.226819827586507,25.29336022774547,708.2080876634951,9372.038095238097,18.947949934395428
06021YOWE09_f230,80.04569648106892,165.3379431406657,32.14015019734711,-103.9828415,-262.1521912,1430.6253662109375,186.4857587641304,4.385467529296875,-13.99841309,0.448364258,-57.8219223,-1.499359131,-30.46691895,0.2988162529381448,-0.953821529,0.030550569,-0.884468941,-0.022934841,-0.466035069,1.861932339445323,-0.079713135,-1.838197632,0.285424805,-14.25300293,-0.619848633,-8.499023437,230,0.091666667,06021YOWE09,0.4519584703965664,15.784372161659183,-27.77723051,-91.48538305,91.48538305142812,91.66666666666666,06021YOWE09,I,2,19.1,64,43,0.022916667,0.626320277,-0.273487126,-0.56271746,0.028826053,46.533431748001554,-20.59007943,-3.366401298,3.342674572492984,-1.459602212,-3.003226009,0.1538447921330682,248.3491668828236,-109.8893609,-17.96650121,602,1YO,57,WE09,Wind_success,9,Left,W,1,Experienced,Left,11,TRUE,First,Head-On,TRUE,TRUE,0.2083333333333333,208.33333333333331,436.8515909,2.825164361461088,0.3,300,684.1940114057504,1.3211803092685466,2.658721461360188,1.3795445907013568,27.471568082557933,24.617436853538067,708.2080876634951,9372.038095238097,18.947949934395428
06021YOWE10_f240,55.85009463628134,51.39214305877687,39.09880828857422,-128.2090149,-376.1058655,1437.571289,85.37623936811723,3.957321166992188,-14.07723999,1.010253906,-43.42175293,-5.407684326,-55.91625977,0.269981455,-0.960395573,0.068922841,-0.611554588,-0.076162152,-0.787527976,1.4438577340815455,-0.14983429,-1.435960693,0.017080078,-4.876281738,-4.49296875,-2.466210938,240,0.008333333,06021YOWE10,1.281811594,15.94462404732342,-51.9550934,-97.09898532,97.09898532045725,8.333333333333334,06021YOWE10,I,2,19.1,64,43,0.020833333,0.8644218274581809,-0.349196615,-0.769331682,0.1827992964414286,75.55424187703444,-33.68184823,-1.267507552,4.6134237820056505,-1.863664149,-4.105927182,0.9756007943674776,403.2333812438127,-179.7601989,-6.764694389,602,1YO,58,WE10,Wind_success,10,Left,W,1,Experienced,Left,12,TRUE,First,Head-On,TRUE,TRUE,0.2,200,439.8161285645632,2.847263466697031,0.2833333333333333,283.3333333333333,657.5928281857787,1.4438577340815455,2.8948586440595268,1.6684734101794418,29.79270634866532,24.88850909,708.2080876634951,9372.038095238097,18.947949934395428
06021YOWE11_f228,58.47096805572511,214.47768173217776,10.732370758056732,-125.6057053,-213.0044708,1409.225098,222.56395451346413,6.559700012207031,-13.24026489,2.006103516,-54.44747162,-3.605911255,-35.52612305,0.4399029620353209,-0.887911297,0.1345322007150737,-0.836206374,-0.055379724,-0.545611571,1.930167801190328,0.2142626953125007,-1.875357056,0.4033300781250014,3.9721069335937793,3.737988281250071,19.18828125000013,228,0.1083333333333333,06021YOWE11,0.7234060302560393,28.488147693383347,-33.06646617,-93.78901396,93.78901396,108.33333333333334,06021YOWE11,I,2,19.1,64,43,0.025,0.673695979,-0.226683887,-0.63423699,0.014970944,43.65113162913448,-15.43270193,-1.531039073,3.595518940071515,-1.20981308,-3.384926107,0.079900004,232.9663161809163,-82.36441034,-8.171163484,602,1YO,60,WE11,Wind_success,11,Left,W,1,Experienced,Left,13,TRUE,First,Head-On,TRUE,TRUE,0.2166666666666666,216.66666666666669,445.1261000603985,2.698141557,0.3833333333333333,383.33333333333337,866.5805545246012,1.3935244986241873,2.269547701759718,1.2397902965716554,28.14472753971075,25.960729002620464,708.2080876634951,9372.038095238097,18.947949934395428
06021YOWE12_f230,54.04920794169109,163.6063044865926,16.975640360514262,-130.032547,-263.8721313,1415.4439697265625,173.1372637895532,4.9572601318359375,-13.38378906,2.341552734,-45.04652405,8.700958251953125,-49.38183594,0.3427507427086421,-0.925370773,0.1618976849014475,-0.66829444,0.1290843665835136,-0.732611608,1.918099195727686,0.1082995605468753,-1.891578369,0.298842773,-11.43544922,-3.137695313,-3.260742187,230,0.091666667,06021YOWE12,0.6274371360480419,27.41308146731429,-47.10578349,-79.06766831,79.06766831153925,91.66666666666666,06021YOWE12,I,2,19.1,64,43,0.007291667,0.8314726919489658,-0.256159675,-0.790577761,-0.02675559,63.57347431377609,-20.35094001,-1.273344285,4.437574074691204,-1.367125515,-4.219317618,-0.142794721,339.2919625437025,-108.6130725,-6.79584506,602,1YO,61,WE12,Wind_success,12,Left,W,1,Experienced,Left,14,TRUE,First,Head-On,TRUE,TRUE,0.175,175,333.39752198602497,2.802322287183011,0.3666666666666666,366.6666666666666,814.5410204839344,1.502387909281513,2.522530416715476,1.6319333537796477,27.45799861,23.41931133712281,708.2080876634951,9372.038095238097,18.947949934395428
06021YOWE13_f238,11.379776891072597,74.22637119,-3.0159729,-172.6763763,-353.2676392,1395.4476318359375,75.15417217358875,9.021408081054688,-10.31860352,5.072021484,-47.09883118,-6.990814209,-48.79321289,0.6172899030417605,-0.706050509,0.3470531010442371,-0.690843145,-0.10254089,-0.715696245,1.9528404551300245,0.2437921142578133,-1.708575439,0.9137402343750032,18.492187500000416,10.999951171869316,-3.622851562,238,0.025,06021YOWE13,1.8174358280539864,,-45.70028808,-98.44269275,98.44269274631851,25,06021YOWE13,I,2,19.1,64,43,0.01875,1.0892020903692212,0.078692893,-1.07823762,0.1325603885421409,130.7544878493391,13.331214874476297,1.2262756459603952,5.813077212,0.4199843784015853,-5.754559778,0.7074754820230501,697.8373806476941,71.14876301282638,6.544639490424852,602,1YO,62,WE13,Wind_success,13,Left,W,1,Experienced,Left,15,TRUE,First,Head-On,TRUE,TRUE,0.2,200,461.4221080212499,2.767642182661984,0.2833333333333333,283.3333333333333,672.4341023,1.925472461,2.8688510548528967,1.777036738402487,28.250964922579715,26.06677462147969,708.2080876634951,9372.038095238097,18.947949934395428
06021YOWI01_f154,-67.08581915,1439.425321706136,-97.7488706,57.50165557861328,1006.3538208007812,1303.20459,1444.2993476431277,0.97902298,-15.00878906,-1.908935547,38.66454315185547,54.95086669921875,-5.348510742,0.064573639,-0.989938078,-0.125908091,0.5736332106048969,0.8152596544692879,-0.079351342,1.0849335810650074,-0.108469849,-0.737973633,-0.787851562,13.333831787109462,-20.99355469,8.284570312502359,154,0.725,06021YOWI01,3.1809210196953672,24.926960332132804,-4.551281841,35.130995408453344,35.130995408453344,725,06021YOWI01,I,2,19.1,64,43,0.014583333,0.7074332018892268,-0.088584418,0.6999928986463365,-0.051229658,-65.34095232,-10.83567333,3.6210997533192617,3.7755746721169583,-0.4727755,3.735865735072857,-0.27341295,-348.7250018,-57.83004485,19.325828187495723,602,1YO,72,WI01,Wind_success,1,Left,W,1,Experienced,Right,2,FALSE,Second,Head-On,TRUE,TRUE,,,,2.6490383631076457,0.2666666666666666,266.6666666666667,534.0932473809055,0.9167568792073642,3.0190340035595424,2.141182556625707,26.20348073197165,24.606254159594997,708.2080876634951,9372.038095238097,18.947949934395428
06021YOWI02_f209,-49.68818968,551.7790894190471,-158.2664383,74.99618530273438,118.69432830810548,1242.683105,576.1747523139323,1.712860107421875,-13.51454926,5.403808594,25.16156768798828,41.66153717041016,-43.39416504,0.1168764248067334,-0.922160656,0.3687270349988046,0.3858772291919085,0.6389203855079391,-0.665491927,2.8552753002814724,0.2953326416015635,-2.750635071,0.7066699218750025,8.470568848,-11.14595947,-1.042382813,209,0.2666666666666666,06021YOWI02,1.914060551402299,23.651445926337068,-41.72007577,31.129960060215566,31.129960060215566,266.6666666666667,06021YOWI02,I,2,19.1,64,43,0.016666667,0.8400840365665245,-0.114303591,0.8071837882900545,-0.202805842,-101.2800296,-24.33843348,2.114361041856426,4.483532865633019,-0.61003886,4.30794407,-1.082375831,-540.5320441,-129.8943459,11.284355860065997,602,1YO,73,WI02,Wind_success,2,Left,W,1,Experienced,Right,3,FALSE,Second,Head-On,TRUE,TRUE,,,,2.785422726520104,0.2583333333333333,258.33333333333337,553.0058379236568,1.2847802065862828,3.0160293873777904,2.1009000539297213,28.784776154027693,24.83839778086845,708.2080876634951,9372.038095238097,18.947949934395428
06021YOWI03_f214,-61.86785652,484.4444637298584,2.3164906819661155,62.83269119262695,51.384647369384766,1403.229492,488.3845167875149,1.9619255065917969,-14.57187653,2.011108398,-85.03828049,-481.2601357,-14.67626953,0.1322029134055081,-0.981915228,0.1355170665524363,-0.173925247,-0.984301276,-0.030016762,2.6759222777218783,0.007902374,-2.655747528,0.3278759765624924,-2.325860596,-3.284967041,-6.683203125,214,0.225,06021YOWI03,5.837772707069684,21.24329735952938,-1.720092131,-169.9793179,169.97931785319628,225,06021YOWI03,I,2,19.1,64,43,0.025,0.5299516343254641,-0.146651123,0.5025100857343018,-0.082618379,-46.32130102,-13.59948639,1.51124783,2.8283546243840507,-0.782677806,2.681898937051634,-0.440934716,-247.2170241,-72.58052946,8.065537516,602,1YO,74,WI03,Wind_success,3,Left,W,1,Experienced,Right,4,FALSE,Second,Head-On,TRUE,TRUE,0.225,225,488.3845167875149,2.8458625522699488,0.3083333333333333,308.33333333333337,711.6047183787475,1.375613957430209,4.635887459229075,2.336487772118007,27.448939112007675,23.52572179761906,708.2080876634951,9372.038095238097,18.947949934395428
06021YOWI04_f158,-84.16150756,1460.466149711609,-87.54429067,40.54906082,1027.417969,1313.3792724609375,1465.5062390303551,1.6431503295898438,-14.40930176,0.003173828,31.773250579833984,57.7902832,-3.666015625,0.1132997167741588,-0.993560832,0.000218844,0.4810433044969101,0.8749381411257792,-0.055503049,1.2166061570419586,-0.085935516,-0.70378418,-0.988652344,2.4210021972656395,-18.51152344,2.9390625000000155,158,0.6916666666666667,06021YOWI04,3.337572481970068,23.33334143,-3.18172546,28.80211156900293,28.80211156900293,691.6666666666666,06021YOWI04,I,2,19.1,64,43,0.022916667,0.6479853961332127,-0.101645797,0.6387502765433273,-0.039386416,-40.95642177,-8.113447758,2.8987685204916707,3.458301424090241,-0.542484147,3.4090135428819144,-0.210205506,-218.5846357,-43.30151281,15.47074264689664,602,1YO,75,WI04,Wind_success,4,Left,W,1,Experienced,Right,5,FALSE,Second,Head-On,TRUE,TRUE,,,,2.742983446524704,0.2833333333333333,283.3333333333333,633.2864468299664,1.428813812844774,2.830201039494859,2.176551653414391,26.65557623745537,24.55728432,708.2080876634951,9372.038095238097,18.947949934395428
06021YOWI05_f232,-45.5180109,137.64963970184328,11.697318013509175,79.17388916015625,-295.3960876,1412.6214599609375,145.45150351669756,-1.981498718,-14.42242432,2.242431641,54.70367431640625,-6.757965088,-47.11767578,-0.134524937,-0.979145588,0.152239804,0.7543908305239161,-0.093195694,-0.649776144,1.5524729553406034,-0.167232971,-1.517655029,0.280942383,14.853186035156355,5.385058593750031,-21.90058594,232,0.075,06021YOWI05,2.3186782219405155,24.486056126707563,-40.52472622,97.04250586568328,97.04250586568328,75,06021YOWI05,I,2,19.1,64,43,0.01875,0.4392536337801324,-0.111801176,0.4130605118518968,-0.099122477,-35.86553954,-11.041616,0.7946858605687209,2.344298924,-0.596683455,2.204506096738005,-0.529017175,-191.4145708,-58.92916194,4.241242564584278,602,1YO,76,WI05,Wind_success,5,Left,W,1,Experienced,Right,6,FALSE,Second,Head-On,TRUE,TRUE,0.1166666666666666,116.66666666666669,210.8102861418103,2.8061583664361947,0.3166666666666666,316.66666666666663,708.7330542280029,1.336763780394452,2.948640348,2.15331523,28.61169077,24.222482037536217,708.2080876634951,9372.038095238097,18.947949934395428
06021YOWI06_f222,63.053543869654334,258.0357558568319,-33.40794907,187.7395782470703,-175.0139771,1367.4949951171875,267.7205478777008,-62.94813538,-23.97109985,41.52868652,-59.22947693,-10.14033508,38.90478516,-0.795492858,-0.302929366,0.5248094058340148,-0.827390383,-0.141652707,0.5434700215330288,16.08070082582055,6.073806152,-14.70420502,-2.341831055,717.8044921874666,-1470.499255,-317.446875,222,0.1583333333333333,06021YOWI06,2.1000039303684552,19.78749018209825,32.92017214467483,-99.71508944,99.71508943568284,158.33333333333331,06021YOWI06,I,2,19.1,64,43,0.035416667,0.5383919576046272,-0.37395235,0.3734521697522678,-0.102757076,-39.05976444,-42.35950877,-0.142843785,2.8734006735547504,-1.995785636,1.9931161692698856,-0.548415046,-208.4621657,-226.0729183,-0.762358023,602,1YO,78,WI06,Wind_success,6,Left,W,1,Experienced,Right,7,FALSE,Second,Head-On,TRUE,TRUE,0.1583333333333333,158.33333333333331,267.7205478777008,2.735223929965438,0.2916666666666667,291.6666666666667,575.0128507598558,,2.7694305946980853,2.118501032854467,26.328557057262376,24.800678998526983,708.2080876634951,9372.038095238097,18.947949934395428
06021YOWI07_f231,-83.16913295,145.81370410919192,12.828494008382222,41.52920913696289,-287.2232056,1413.762451171875,168.35471849602305,0.4122543334960937,-14.30480957,4.056396484,48.32928085327149,-2.029876709,-56.73010254,0.027715438,-0.961697735,0.2727073919322162,0.6482543252647787,-0.027227311,-0.760936925,1.6972808505884684,-0.087926331,-1.663425293,0.3256494140625012,4.960656738281288,9.662255859375096,-5.61796875,231,0.083333333,06021YOWI07,1.0637308540886283,,-49.54686486,92.40506477767894,92.40506477767894,83.33333333333333,06021YOWI07,I,2,19.1,64,43,0.014583333,0.5440676043881318,-0.145019336,0.5219253325092229,-0.050723737,-32.73060656,-10.2673548,2.6407121786147303,2.903691629911415,-0.773968951,2.7855182099109403,-0.27071285,-174.6834172,-54.79692588,14.093494610237068,602,1YO,80,WI07,Wind_success,7,Left,W,1,Experienced,Right,8,FALSE,Second,Head-On,TRUE,TRUE,0.1916666666666666,191.66666666666669,380.4327028670462,2.8641896912978924,0.3166666666666666,316.66666666666663,713.8276289134066,1.4006996946515309,3.381296483377736,1.8747450036209297,29.981582134272127,25.351272351148143,708.2080876634951,9372.038095238097,18.947949934395428
06021YOWI08_f230,-39.3799248,165.47894414531413,29.97081296,85.30674743652344,-267.584198,1430.9232177734375,172.72032035113855,-1.928405762,-14.50802612,1.209716797,61.83853149414063,-9.404327393,-36.19396973,-0.131313265,-0.987912564,0.082374708,0.8557010647388453,-0.13013396,-0.500840135,1.7469089406731697,-0.217025757,-1.733371582,-0.003691406,7.424450683592913,4.173925781244374,-5.475585937,230,0.091666667,06021YOWI08,0.7592696826180132,31.44531277778928,-30.05559844,98.64721342,98.64721342,91.66666666666666,06021YOWI08,I,2,19.1,64,43,0.035416667,0.7697561447905901,-0.459279413,0.6166589784674571,-0.036313181,-56.97209065,-44.97235386,-1.285098301,4.108192542018722,-2.451176615,3.29111217,-0.193803635,-304.0603436,-240.0176861,-6.858576307,602,1YO,81,WI08,Wind_success,8,Left,W,1,Experienced,Right,9,FALSE,Second,Head-On,TRUE,TRUE,0.2166666666666666,216.66666666666669,436.6095326635526,2.964904216123162,0.3083333333333333,308.33333333333337,685.7451866850743,1.3253445877941734,3.806520380274674,2.283871927335046,28.88072191886989,23.818783996917794,708.2080876634951,9372.038095238097,18.947949934395428
06021YOWI09_f239,-55.86578434,56.72128493402596,29.83589494103921,68.84344482421875,-376.3327332,1430.798095703125,85.02041314837064,-3.406784058,-14.10162354,1.395385742,48.90979766845703,-3.913024902,-54.72473145,-0.233753478,-0.967570441,0.09574316,0.6654378040504537,-0.053238304,-0.744552357,1.4268738379700718,-0.328254089,-1.381259766,-0.142617188,-3.494750977,-15.14399414,-5.002734375,239,0.016666667,06021YOWI09,0.7750872609522591,25.594120217341832,-48.12066416,94.57420188927276,94.57420188927276,16.666666666666668,06021YOWI09,I,2,19.1,64,43,0.026041667,0.672344629,-0.383452795,0.5478074609042558,-0.070130165,-53.42622327,-39.54710016,-1.449065081,3.5883067774771065,-2.046489559,2.923651263558692,-0.374285056,-285.1360311,-211.0630789,-7.73366786,602,1YO,82,WI09,Wind_success,9,Left,W,1,Experienced,Right,10,FALSE,Second,Head-On,TRUE,TRUE,0.15,150,264.06186703764246,2.9074453152678403,0.35,350,769.1820330788632,1.4268738379700718,3.178451431272197,2.306959601688688,27.03438543205677,24.04729348925544,708.2080876634951,9372.038095238097,18.947949934395428
06021YOWI10_f152,-77.80734166,1467.2379429499308,-108.4579895,46.87299346923828,1034.203125,1292.499023,1473.297084478953,-1.816059113,-14.48175049,-1.924438477,30.076515197753903,58.26513672,-12.26013184,-0.123360991,-0.983714172,-0.130722968,0.4508795129969101,0.8734574566141975,-0.183792645,1.1993840514197756,-0.198423157,-0.488657227,-1.077202148,-1.773577881,-1.96875,-16.50585938,152,0.7416666666666667,06021YOWI10,1.1519486933976226,27.333019988957265,-10.59074909,27.30282303,27.30282303,741.6666666666667,06021YOWI10,I,2,19.1,64,43,0.029166667,0.7424846486024848,-0.367915519,0.6448071112782209,-0.012058758,-43.53994306,-26.82758476,-0.222889754,3.962644425244486,-1.963567035,3.441338901314615,-0.064357655,-232.3729022,-143.1789592,-1.189563773,602,1YO,83,WI10,Wind_success,10,Left,W,1,Experienced,Right,11,FALSE,Second,Head-On,TRUE,TRUE,,,,2.744503417455147,0.3083333333333333,308.33333333333337,688.3860541940095,1.5411101924896722,2.5682834019200422,2.175145124390128,27.17100781060583,25.98695569111427,708.2080876634951,9372.038095238097,18.947949934395428
06021YOWI11_f235,-31.73603527,96.53424733479818,23.96245473225917,92.94911193847656,-336.5446167,1424.92041,104.40419570013614,-3.194610596,-14.14004517,2.428466797,49.36405944824219,-10.96630859,-50.84533691,-0.217343651,-0.962010534,0.1652194609003845,0.6883849667504395,-0.152925875,-0.709041476,1.210740712587392,-0.295881958,-1.165858154,0.1382812500000005,2.914233398,0.7321289062499962,-3.939257813,235,0.05,06021YOWI11,0.9145764198595862,22.467640903298708,-45.15698058,102.52495592142104,102.52495592142104,50,06021YOWI11,I,2,19.1,64,43,0.051041667,0.5046130069575285,-0.351699457,0.3321255941480369,-0.143646679,-28.73021411,-36.81751165,-1.716784837,2.693122238540268,-1.877021828,1.7725560206650806,-0.766643074,-153.3333019,-196.4952509,-9.162489588,602,1YO,85,WI11,Wind_success,11,Left,W,1,Experienced,Right,12,FALSE,Second,Head-On,TRUE,TRUE,0.083333333,83.33333333333333,138.6667079579891,2.8279167787021025,0.3333333333333333,333.3333333333333,686.2900266516012,1.2195224370522335,2.905433327097701,2.005519748442328,27.20085343786565,24.99995437,708.2080876634951,9372.038095238097,18.947949934395428
06021YOWI12_f229,-29.51837689,153.43762035369872,3.0956321716307684,95.17951965332033,-279.616333,1404.044677734375,156.28186347947164,-2.118583679,-14.07601929,3.47265625,60.56956481933594,-10.9133606,-38.28771973,-0.14459316,-0.960687144,0.2370084999003198,0.8356431615898144,-0.150565307,-0.528233466,1.505264201488446,-0.147166443,-1.469102783,0.2930859374999932,3.652185058594149,5.551831054692077,1.0265624999990426,229,0.1,06021YOWI12,1.2079145222475547,25.206893871139147,-31.88617477,100.21390472144432,100.21390472144432,100,06021YOWI12,I,2,19.1,64,43,0.027083333,0.8112861060705469,-0.384712724,0.7067401301540938,-0.103439135,-71.90134831,-41.18748105,-2.418441287,4.329838161031039,-2.053213804,3.771875744667497,-0.552055201,-383.7378693,-219.8178002,-12.90723371,602,1YO,86,WI12,Wind_success,12,Left,W,1,Experienced,Right,13,FALSE,Second,Head-On,TRUE,TRUE,0.1333333333333333,133.33333333333334,207.32381232247008,2.776157083735236,0.375,375,804.9188005600804,1.2137000181387076,2.6405322394267805,1.668770077105995,27.48509626004228,25.520655407719705,708.2080876634951,9372.038095238097,18.947949934395428
06021YOWI13_f233,-89.32664779,117.14587313334148,34.83491668701163,35.273887634277344,-315.8660889,1435.811523,151.37990955939784,-0.081798553,-14.57797241,1.620361328,41.32485961914063,0.779937744,-59.53527832,-0.005576676,-0.99386389,0.1104693140335065,0.5701851265035063,0.010761292,-0.821445748,1.2463490929795022,-0.148639984,-1.232145996,0.1144921875000004,7.069702148437549,1.1201660156249944,-4.434960938,233,0.066666667,06021YOWI13,1.8775934896746984,25.28824827,-55.22978158,88.91876616943026,88.91876616943026,66.66666666666667,06021YOWI13,I,2,19.1,64,43,0.028125,0.7663307591009423,-0.449181071,0.6152437829028643,-0.083512187,-31.74202079,-24.41412731,-1.701412082,4.089911240805366,-2.397281708,3.283559264,-0.445704977,-169.4073298,-130.2983243,-9.080445119,602,1YO,88,WI13,Wind_success,13,Left,W,1,Experienced,Right,15,FALSE,Second,Head-On,TRUE,TRUE,0.2083333333333333,208.33333333333331,350.03403856319625,2.806809813989957,0.4166666666666667,416.6666666666667,870.4441114039386,1.3175735067373835,2.6990953678821583,1.5545617022982403,29.679147809942176,25.744848155210267,708.2080876634951,9372.038095238097,18.947949934395428
07021YOPE01_f226,-36.58775326,125.07117597544118,7.788024774921723,-218.545639,-307.3167114,1404.2735595703125,130.54545598635386,7.850891113,-12.20419312,3.220458984,-55.64295959,-9.143035889,-21.4543457,0.5281676254477493,-0.821035422,0.2166559375344987,-0.92227016,-0.151543865,-0.355601194,1.857665131355109,0.2703790283203134,-1.809840088,0.3198339843750011,-0.079541016,3.738867187500064,11.416992187500082,226,0.125,07021YOPE01,1.1055636836705656,,-20.83029464,-99.33123663,99.33123663429808,125,07021YOPE01,D,1,16,61,39,0.3395833333333333,0.2532840294793011,-0.244213208,0.058023893,-0.033851683,-4.651404103,-20.06697363,-0.796235895,1.6136852031046196,-1.555894546,0.369673124,-0.215670763,-29.63432787,-127.8476913,-5.072858655,702,1YO,73,PE01,Wind_Near-miss,1,Right,P,1,Experienced,Left,7,FALSE,Second,Pivot,TRUE,FALSE,0.2333333333333333,233.33333333333331,370.3656311203007,2.9208992129783127,0.3666666666666666,366.6666666666666,734.8493085944118,,3.487514521318688,2.252470998,29.99008532643081,25.73444255932652,582.5767989919827,8514.002380952381,17.589029550004817
07021YOPE02_f238,6.349920305,73.82192719777424,30.568895975748774,-175.7820892,-358.6197815,1427.093017578125,80.15270316242996,6.794601440429688,-12.84423828,2.531860352,-37.93475342,-7.948394775,-54.72631836,0.4606627151506853,-0.870818065,0.1716559351065324,-0.565674407,-0.118524653,-0.816066401,1.450902734892919,0.4495751953125015,-1.356760254,0.2494042968750008,-2.792504883,9.169628906245496,-1.974023437,238,0.025,07021YOPE02,1.650507953251992,20.00365770647386,-54.6929421,-101.8338779,101.83387785378278,25,07021YOPE02,D,1,16,61,39,0.023958333,0.5580808253542854,-0.221271615,-0.504190592,-0.091021575,55.222315450255486,-22.5473487,-0.74093395,3.555560813928933,-1.409732514,-3.212223444,-0.579902999,351.8241300347572,-143.6502848,-4.720527201,702,1YO,80,PE02,Wind_Near-miss,2,Right,P,1,Experienced,Left,13,FALSE,Second,Pivot,TRUE,FALSE,0.175,175,357.48555240094026,2.822057636843253,0.3083333333333333,308.33333333333337,714.0862224999222,1.3340545535403867,3.3512872126244324,1.5275639797342448,28.735794759038058,24.75434325431297,582.5767989919827,8514.002380952381,17.589029550004817
07021YOUE01_f238,68.02157258987427,-35.44957949,58.19698563,-113.9447632,-467.809906,1454.6768798828125,96.28341580886672,1.911163330078125,14.43041992,-2.542358398,-12.67992401,-35.64349365,-55.15490723,0.1293355971374772,0.976560689,-0.172050937,-0.189584356,-0.532925022,-0.824650649,1.2864787767287953,0.091707458,1.1712744140625042,-0.524150391,0.6815917968752802,6.148388671878613,-24.97851563,238,0.025,07021YOUE01,0.7587737767818413,,-55.55308845,-160.4173394,160.41733937322795,25,07021YOUE01,D,1,16,61,39,0.023958333,0.5056317947801543,-0.240685982,0.4278108132181937,-0.121291707,-31.01829049,-19.67716305,3.396606494619215,3.221405420362858,-1.533422413,2.72560406,-0.772755521,-197.619078,-125.3641887,21.639949634424152,702,1YO,67,UE01,Wind_Uturn,1,Right,U,1,Experienced,Left,2,FALSE,Second,U-Turn,TRUE,FALSE,,,,2.961788656722263,1.0083333333333333,1008.3333333333331,444.3711955761425,1.2864787767287953,3.830517121957892,1.9501273657591545,29.85095702051549,23.813025501767186,582.5767989919827,8514.002380952381,17.589029550004817
07021YOUE02_f234,94.81324635,-81.53648643,73.45947341918941,-87.1765976,-513.9024048,1469.9097900390625,145.03118470782567,0.498931885,14.336273193359377,-3.526367188,-4.333534241,-36.78747559,-54.73278809,0.03377544,0.9705010963573788,-0.238719169,-0.065571037,-0.556634102,-0.828165995,1.125090194052315,-0.114751282,1.092868652343754,-0.241450195,3.966064453125029,-0.95625,9.101953125000064,234,0.058333333,07021YOUE02,1.8763932678712447,19.57495244371634,-55.91079974,-173.2815668,173.28156676531296,58.333333333333336,07021YOUE02,D,1,16,61,39,0.019791667,0.6050558512679712,-0.339278075,0.5002878873165856,-0.026362862,-27.78680692,-21.46025611,1.4943806158641495,3.85484105,-2.161557565,3.1873591189894594,-0.167959108,-177.0311348,-136.7243636,9.520773546535102,702,1YO,69,UE02,Wind_Uturn,2,Right,U,1,Experienced,Left,4,FALSE,Second,U-Turn,TRUE,FALSE,,,,3.166481594886805,0.9083333333333332,908.3333333333334,239.37622334624928,1.125114144698081,4.187376029904676,2.3851594638046767,26.809997665473148,24.26424726361189,582.5767989919827,8514.002380952381,17.589029550004817
07021YOUE03_f229,116.4583145,-123.8391534,80.72152887980133,-65.55007172,-556.2037354,1477.1754150390625,188.18777893382904,-1.963928223,14.74780273,-2.553710938,-0.858375549,-37.50506592,-54.9239502,-0.130099667,0.976962499,-0.169169595,-0.012905339,-0.563873943,-0.825760031,1.2047206893802112,-0.244363861,1.1517480468749737,-0.255175781,-2.943182373,6.227929687496204,-3.78984375,229,0.1,07021YOUE03,1.934329295089677,20.04757979978877,-55.66562258,-178.6889048,178.6889048060888,100,07021YOUE03,D,1,16,61,39,0.016666667,0.6484547557828337,-0.434200659,0.4767156770349423,0.068596805,-27.89116943,-27.35232847,1.001090875593732,4.131337638779521,-2.766314084,3.0371793898760338,0.4370336714941935,-177.6960336,-174.2630509,6.377999971927446,702,1YO,70,UE03,Wind_Uturn,3,Right,U,1,Experienced,Left,5,FALSE,Second,U-Turn,TRUE,FALSE,,,,3.1460269024068306,0.9333333333333332,933.3333333333334,203.46805060330985,1.3728204903722134,4.206667822693795,2.349452255103728,27.002877894624387,23.51249863693207,582.5767989919827,8514.002380952381,17.589029550004817
07021YOUE04_f239,8.252359091613386,38.558642297796496,18.264886207022982,-173.7154846,-393.7969055,1414.770508,43.45660357853399,0.9217681884765624,-15.29821777,1.815551758,-49.74490356,4.706665039,-39.97229004,0.059726606,-0.991258584,0.1176399297256056,-0.777407229,0.073555182,-0.624682028,2.430613281784427,-0.032340088,-2.424232178,0.1730126953125006,0.7721191406250066,4.297412109,-0.6609375,239,0.016666667,07021YOUE04,1.6841597255689282,25.90336493223271,-38.65885294,-84.59499166,84.59499166,16.666666666666668,07021YOUE04,D,1,16,61,39,0.008333333,0.3987935041365309,-0.098282599,-0.380383369,-0.068449122,50.98327851975444,-18.3760213,-1.625696591,2.5407333342031784,-0.626163344,-2.423441445,-0.436092773,324.8170140147454,-117.0745496,-10.35739418,702,1YO,71,UE04,Wind_Uturn,4,Right,U,1,Experienced,Left,6,FALSE,Second,U-Turn,TRUE,FALSE,0.066666667,66.66666666666667,162.20446645720656,3.092640803201508,0.1833333333333333,183.3333333333333,498.65519052358826,2.4631434698871644,4.840732849142427,2.784777835858304,27.83800738992133,24.706209085312988,582.5767989919827,8514.002380952381,17.589029550004817
07021YOUE05_f240,93.64354524612426,-17.78055801,48.19326909,-88.28616333,-450.1890869,1444.6776123046875,106.80755121010682,2.5797271728515625,14.49761962890625,-1.479003906,-10.08676147,-34.69778442,-54.07312012,0.1743124874828933,0.9796059702321396,-0.099936479,-0.15509688,-0.533522887,-0.831443496,1.2302288208151149,0.2194857788085945,1.1656274414062542,-0.326499023,-0.989099121,1.107421875000009,4.765429687500026,240,0.008333333,07021YOUE05,2.268669105658478,15.338862051105652,-56.24730669,-163.7906763,163.79067628267182,8.333333333333334,07021YOUE05,D,1,16,61,39,0.019791667,0.6496742736350872,-0.35771024,0.5223811971351471,-0.145732394,-26.07546343,-17.91023986,2.389271762,4.139107247929964,-2.278989809,3.328116699382945,-0.92846836,-166.1280799,-114.1070328,15.222169738214896,702,1YO,74,UE05,Wind_Uturn,5,Right,U,1,Experienced,Left,8,FALSE,Second,U-Turn,TRUE,FALSE,,,,1.514309309626217,0.175,175,241.9612916716009,1.2316898566762422,2.5289427955455466,1.7906848929264347,24.60342054,21.945690538270227,582.5767989919827,8514.002380952381,17.589029550004817
07021YOUE06_f238,107.25327418645222,-55.58735434,64.17208709716806,-74.6869278,-487.9710999,1460.6732177734375,136.78916458871936,1.3207244873046875,14.483978271484377,-2.249389648,-0.912712097,-25.18667603,-65.63806152,0.089741503,0.9841673910827988,-0.152843086,-0.012981176,-0.358221041,-0.933546558,1.491625997351472,-0.134101868,1.4303100585937552,-0.401469727,9.010876464843143,-3.832470703,-9.989648438,238,0.025,07021YOUE06,1.279835330626245,16.22343230308726,-68.99458571,-177.9246297,177.92462974318215,25,07021YOUE06,D,1,16,61,39,0.022916667,0.7778181574422371,-0.428712084,0.6486195093902265,0.02235547,-30.4750669,-20.87221901,1.9606968657624573,4.955518332328218,-2.731346102,4.132387292241504,0.1424278134836485,-194.1581734,-132.9779499,12.491697666682324,702,1YO,75,UE06,Wind_Uturn,6,Right,U,1,Experienced,Left,9,FALSE,Second,U-Turn,TRUE,FALSE,,,,3.246454816756124,0.975,975,158.75014661624766,1.4769059757580785,3.0050235713865177,1.7419829487013998,29.512456002805017,25.061524771652422,582.5767989919827,8514.002380952381,17.589029550004817
07021YOUE07_f240,99.8668891,-20.32577229,53.538603464762446,-82.14151764,-452.7309875,1450.0352783203125,115.12130392560591,2.4434738159179688,14.15686035,-2.956420898,-9.050956726,-36.58352661,-57.16101074,0.1665940701519952,0.9652032983435824,-0.201566388,-0.132195493,-0.534327751,-0.834876162,1.1146952786647475,0.1215747070312504,0.9922155761718786,-0.493227539,-2.89786377,3.4519042968750338,-7.512890625,240,0.008333333,07021YOUE07,1.0526954239059527,24.346838662769336,-56.60294557,-166.1037645,166.10376450291585,8.333333333333334,07021YOUE07,D,1,16,61,39,0.021875,0.5257952923986124,-0.360853973,0.3707669326211413,-0.093685545,-16.63385425,-16.37864197,1.1394391512683038,3.349868070837235,-2.299018687,2.362174647178525,-0.596875284,-105.9751163,-104.3491461,7.259423746612536,702,1YO,76,UE07,Wind_Uturn,7,Right,U,1,Experienced,Left,10,FALSE,Second,U-Turn,TRUE,FALSE,,,,3.1753625254480093,0.8833333333333333,883.3333333333333,456.6418075194593,1.1146952786647475,3.5948887451051563,2.144803101159815,28.14116924288809,23.59641967800202,582.5767989919827,8514.002380952381,17.589029550004817
07021YOUE08_f227,109.7491810162862,-163.0892958,62.52823308308916,-72.20574951,-595.4733887,1459.0389404296875,206.2832544859601,0.9138717651367188,14.97644043,-1.526123047,-4.940803528,-49.04772949,-39.91308594,0.060594704,0.993020041,-0.101190318,-0.077895918,-0.77327866,-0.629263331,1.342436593626713,-0.022533875,1.3285693359375048,-0.191132813,-20.53146973,-17.79345703,-10.59082031,227,0.1166666666666666,07021YOUE08,2.399365949904192,21.044515890798472,-38.9957933,-174.247737,174.2477370137314,116.66666666666669,07021YOUE08,D,1,16,61,39,0.016666667,0.5831424260960778,-0.3025586,0.4983094858309881,0.014178822,-22.70330074,-14.34871354,1.8822242172063008,3.715229524,-1.927615953,3.1747546243054794,0.090333985,-144.643863,-91.41637068,11.991744503098245,702,1YO,77,UE08,Wind_Uturn,8,Right,U,1,Experienced,Left,11,FALSE,Second,U-Turn,TRUE,FALSE,,,,3.165546951406226,0.9416666666666668,941.6666666666666,417.0611065254192,1.2148714877045406,3.6402369230460994,2.312224877795788,27.51700086170668,23.46033511,582.5767989919827,8514.002380952381,17.589029550004817
07021YOUE09_f217,75.19675496,-211.9822458,107.10554148356118,-106.9791565,-644.4437256,1503.658935546875,249.1237072608148,0.3437042236328125,14.54083251953125,-3.163208008,-15.76667023,-48.87487793,-42.24658203,0.02309082,0.9768857235706196,-0.212511405,-0.237096397,-0.734971766,-0.635296625,1.099549249,-0.071972351,1.091315917968754,-0.113393555,1.602685546875012,-0.420996094,10.951171875000076,217,0.2,07021YOUE09,0.2203982869220493,25.73786947244084,-39.44198807,-162.120687,162.12068695145183,200,07021YOUE09,D,1,16,61,39,0.017708333,0.4953445159960826,-0.360750298,0.3354212318483837,-0.052134531,-20.97769357,-24.0951102,0.231122364,3.1558646533899246,-2.298358167,2.136985422071761,-0.332151701,-133.6499336,-153.5111506,1.4724921251268095,702,1YO,84,UE09,Wind_Uturn,9,Right,U,1,Experienced,Left,15,FALSE,Second,U-Turn,TRUE,FALSE,,,,3.0937188958212607,0.9166666666666666,916.6666666666666,419.5469887789122,1.005756614622524,3.496530907929401,1.9661337494679083,27.978026938835963,24.678303176380243,582.5767989919827,8514.002380952381,17.589029550004817
07021YOUI01_f240,-111.9780399,-15.18314438,56.35630442301431,15.314858436584473,-450.0895081,1455.263427734375,126.2760561030945,-2.366850853,14.174407958984377,-3.428710938,8.201521873474121,-44.36834717,-46.86914063,-0.160203498,0.9594139547612526,-0.232076933,0.1260649471977688,-0.681982372,-0.720421872,0.9145152266585196,0.1655976104736334,0.564810791,-0.699931641,8.784448242187564,-1.601806641,-13.41738281,240,0.008333333,07021YOUI01,0.608954533,16.03399781774613,-46.08932193,169.5270509558559,169.5270509558559,8.333333333333334,07021YOUI01,D,1,16,61,39,0.044791667,0.5156025074217739,-0.483995199,-0.177657234,0.005700911,5.727753028022269,-17.86868068,2.749335011138288,3.284929328630058,-3.083557586,-1.131863113,0.036320787,36.49180063724687,-113.8422571,17.516150682583383,702,1YO,161,UI01,Wind_Uturn,1,Right,U,1,Experienced,Right,14,TRUE,First,U-Turn,TRUE,FALSE,0.6416666666666667,641.6666666666667,319.9336030541778,2.8838432189437704,0.8666666666666667,866.6666666666667,899.6081602749704,0.8298734466517407,4.011145086431512,2.3861107393908374,29.002220371761364,24.294288289683934,582.5767989919827,8514.002380952381,17.589029550004817
07021YOWE01_f236,32.85884669621785,82.37298851013185,14.76669514973969,-149.3378601,-349.7968445,1411.241455078125,89.90588595,1.7103424072265625,-14.60525513,2.942749023,-53.86869812,-10.32138062,-31.3939209,0.1140485491910435,-0.973903325,0.1962275245812514,-0.85238421,-0.163318999,-0.496757549,1.662127246354605,-0.248461304,-1.622680664,0.2604638671875009,2.586840820312516,6.031494140625048,-4.811132813,236,0.041666667,07021YOWE01,1.4432238355600822,19.814016451464088,-29.78571205,-100.8465619,100.8465618538404,41.66666666666666,07021YOWE01,D,1,16,61,39,0.013541667,1.0950607607628042,-0.386609346,-1.01367474,0.1488449023638568,126.26844805144688,-46.93818957,-1.91210454,6.976686804044369,-2.463107455,-6.4581724,0.9482983076188636,804.4625895224698,-299.0455503,-12.18211353,702,1YO,62,WE01,Wind_success,1,Right,W,1,Experienced,Left,1,FALSE,Second,Head-On,TRUE,TRUE,0.1583333333333333,158.33333333333331,331.2890095172526,2.559653207480125,0.2083333333333333,208.33333333333331,456.71014672240585,1.4517590028708462,5.452040866059241,2.482447810117669,25.16162789950467,22.994888790989496,582.5767989919827,8514.002380952381,17.589029550004817
07021YOWE02_f239,13.565058867136628,60.59150282541913,10.331578318277934,-168.4838715,-371.7598877,1406.7647705078125,62.94507563946815,4.787643432617188,-13.7170105,3.553955078,-44.16703796,-5.89932251,-46.51977539,0.3200962247217687,-0.917103234,0.2376132682706265,-0.685636889,-0.091579452,-0.722160135,1.655242482835092,0.2954791259765635,-1.59670166,0.3210351562500011,-6.839428711,5.343310546875025,3.067382812500019,239,0.016666667,07021YOWE02,1.478476225543467,18.889621096227504,-46.23311435,-97.60787848,97.60787847634214,16.666666666666668,07021YOWE02,D,1,16,61,39,0.026041667,1.134876449741682,-0.175061196,-1.105754781,0.1860228427010735,134.1286943748097,-16.76736015,-0.196575756,7.230354547283906,-1.115323623,-7.044818942,1.185160822509388,854.5406114603063,-106.825689,-1.252393957,702,1YO,68,WE02,Wind_success,2,Right,W,1,Experienced,Left,3,FALSE,Second,Head-On,TRUE,TRUE,0.2,200,452.21732825727634,2.768810187190508,0.25,250,585.2327035518279,1.655242482835092,3.924749567928361,2.31666696,25.77070735645256,22.96657914081322,582.5767989919827,8514.002380952381,17.589029550004817
07021YOWE03_f236,4.208954461415601,67.48243586222333,33.88045756022143,-178.1975403,-365.0323181,1430.355712890625,75.62724279019645,6.097869873046875,-13.86801147,-0.538085938,-56.01315308,-20.34936523,-20.19921875,0.4022606819499688,-0.914836799,-0.035496136,-0.890154817,-0.323389855,-0.321003744,1.3723521534932754,0.2370373535156258,-1.335655518,-0.207817383,-5.806494141,4.194580078125047,7.437304687500046,236,0.041666667,07021YOWE03,1.3841591676849083,17.434326057598003,-18.72363794,-109.9658905,109.96589051141405,41.66666666666666,07021YOWE03,D,1,16,61,39,0.01875,0.9662231295936116,-0.602833043,-0.743060705,-0.134313989,93.52735766986962,-75.37466794,-6.077913865,6.155855820550531,-3.840679427,-4.734076866,-0.855721131,595.8674673,-480.2157744,-38.72269282,702,1YO,78,WE03,Wind_success,3,Right,W,1,Experienced,Left,12,FALSE,Second,Head-On,TRUE,TRUE,0.2333333333333333,233.33333333333331,493.4145574779688,2.976005953112442,0.2916666666666667,291.6666666666667,657.4056864899128,1.1514741794523853,4.271037848953834,2.500381545662025,28.611380555324267,22.89638375617764,582.5767989919827,8514.002380952381,17.589029550004817
07021YOWE04_f234,-3.463051287,107.1886458,20.50508015950527,-185.750824,-325.2673645,1417.0135498046875,109.18725578884332,6.8910064697265625,-13.09942627,1.497680664,-49.35502625,-15.51217651,-41.93066406,0.4631998562598342,-0.880517584,0.1006711387319899,-0.741136071,-0.232937442,-0.62964869,1.3872007768898902,0.3056890869140636,-1.298920898,0.3790576171875013,-10.04787598,12.929589843750096,10.998632812500077,234,0.058333333,07021YOWE04,0.9367879150559046,12.298235461878098,-39.02420826,-107.447819,107.44781899755102,58.333333333333336,07021YOWE04,D,1,16,61,39,0.019791667,0.6059485130930597,-0.262341303,-0.546213,-0.001414255,65.88970790005989,-30.53593835,-0.878133107,3.860528243457312,-1.671389544,-3.479950305,-0.00901029,419.7866201583835,-194.5459884,-5.594629885,702,1YO,82,WE04,Wind_success,4,Right,W,1,Experienced,Left,14,FALSE,Second,Head-On,TRUE,TRUE,0.2333333333333333,233.33333333333331,483.8482086658034,2.9343472605101093,0.325,325,732.2333389278862,1.219239897143085,3.184599873533655,1.7611470535850142,31.31399516407152,25.45287227546544,582.5767989919827,8514.002380952381,17.589029550004817
07021YOWI01_f227,-81.05938617,184.7079414367676,25.003218332926508,46.00139236450195,-250.2280426,1423.9761962890625,203.2555254936485,-1.028129578,-14.8903656,0.855224609,53.88773727416992,7.3000946044921875,-40.73022461,-0.068769833,-0.995991141,0.057204514,0.7931419024739061,0.107445798,-0.599484214,2.177310908175369,0.2657775878906259,-2.155523071,0.1541601562500005,-24.82970581,4.767846679687525,15.291210937500113,227,0.1166666666666666,07021YOWI01,2.212084363279873,22.76365916965172,-36.83296613,82.28518742607798,82.28518742607798,116.66666666666669,07021YOWI01,D,1,16,61,39,-0.016666667,1.2632328690874808,-0.420707004,1.1872776306668738,0.095575759,-126.5926108,-49.60322791,-0.84065653,8.048119706214836,-2.680345338,7.564205088346545,0.6089179364949637,-806.5278464,-316.0246426,-5.355864742,702,1YO,144,WI01,Wind_success,1,Right,W,1,Experienced,Right,1,TRUE,First,Head-On,TRUE,TRUE,0.1583333333333333,158.33333333333331,297.7892380124164,2.857929863765745,0.25,250,532.0212421993672,1.2986741369526744,4.415691389674961,2.636234153515684,25.388512939442577,23.01661019785815,582.5767989919827,8514.002380952381,17.589029550004817
07021YOWI02_f226,-96.86117983,281.3595371882121,33.220712788899846,30.314424514770508,-153.6486664,1432.0970458984375,299.4142499661036,-1.462650299,-14.76826477,1.617553711,56.10476493835449,8.673660278320312,-33.39257813,-0.097977625,-0.989272352,0.108354041,0.8518299501499248,0.1316908396393269,-0.506994338,2.340832821,0.3522640228271497,-2.313962402,0.03140625,1.876629638671888,1.8443847656250043,-18.18105469,226,0.125,07021YOWI02,1.6654203884791554,,-30.46383068,81.21178501066703,81.21178501066703,125,07021YOWI02,D,1,16,61,39,0.027083333,0.7021144046604303,-0.304534341,0.6316164912872959,0.035834067,-65.7562767,-32.75433882,0.177806082,4.473205942026186,-1.940203498,4.024060214623445,0.2283006278657053,-418.9365233,-208.6795286,1.1328114324944192,702,1YO,146,WI02,Wind_success,2,Right,W,1,Experienced,Right,2,TRUE,First,Head-On,TRUE,TRUE,0.1583333333333333,158.33333333333331,376.5388019694993,2.488448942721858,0.3,300,713.1009888478511,1.6761392926885197,3.531027908151781,1.7388397262987705,29.25467032987674,23.86422010378884,582.5767989919827,8514.002380952381,17.589029550004817
07021YOWI03_f237,-33.70163069,83.70323206690068,24.529849766687448,93.47838592529295,-351.3022156,1423.404297,93.50799163348864,-5.002838135,-14.32791138,2.01940918,50.053504943847656,-8.785888672,-42.8458252,-0.326769765,-0.93585443,0.1319015017293729,0.7530198164707624,-0.132177522,-0.644585338,1.587214585422348,-0.059479065,-1.586096191,0.003354492,15.47742919921864,3.3714843750049828,-29.21132812,237,0.033333333,07021YOWI03,0.9377150739760683,,-40.13459269,99.95570388012273,99.95570388012273,33.333333333333336,07021YOWI03,D,1,16,61,39,0.019791667,0.7820980594866052,-0.199780508,0.741141249,-0.149915883,-84.60523603,-25.73004758,-0.688160443,4.9827858020298486,-1.272811592,4.721847919287123,-0.955121577,-539.0241847,-163.9274183,-4.384304553,702,1YO,148,WI03,Wind_success,3,Right,W,1,Experienced,Right,3,TRUE,First,Head-On,TRUE,TRUE,0.1833333333333333,183.3333333333333,401.7958430152746,2.7698571975123927,0.2416666666666666,241.66666666666663,555.0711434107598,1.461401378975155,3.697170299361837,2.640606578288664,27.40100212256935,24.337490676586448,582.5767989919827,8514.002380952381,17.589029550004817
07021YOWI04_f229,-113.9990383,164.4397258122762,43.14504445393891,13.237360000610352,-270.5141907,1441.9691162109375,204.68927428753287,0.008843422,-14.84298706,0.97265625,47.71419334411621,-0.160888672,-50.60827637,0.000594523,-0.997859644,0.065389427,0.6859944295664951,-0.002313122,-0.727603114,1.7199226743495906,0.1477592468261684,-1.712907715,-0.047416992,-0.496925354,2.7395507812554323,-15.92226562,229,0.1,07021YOWI04,1.465405355655434,,-46.68582924,90.19319632770276,90.19319632770276,100,07021YOWI04,D,1,16,61,39,0.009375,0.6094971150883856,-0.33757425,0.4963072910642899,0.1058746040622844,-30.54262427,-22.65389464,-1.768910311,3.883136564018766,-2.150702409,3.161998541439156,0.674532391,-194.5885848,-144.3290943,-11.26981595,702,1YO,149,WI04,Wind_success,4,Right,W,1,Experienced,Right,4,TRUE,First,Head-On,TRUE,TRUE,0.125,125,243.3987775712336,2.6773345430986324,0.275,275,574.7599215233283,1.71820184,3.049853849591619,1.6260232415509663,27.171276347176708,23.15607259419693,582.5767989919827,8514.002380952381,17.589029550004817
07021YOWI05_f230,-142.9327239,194.7229548772176,11.692377726237057,-15.70843697,-240.1728973,1410.5950927734375,241.8336296,1.0986013412475586,-14.6264801,3.026733398,49.33105659484863,-4.394607544,-49.0546875,0.073353964,-0.976614775,0.2020959612663833,0.7076797605737829,-0.063042939,-0.703715102,2.071814621137478,0.4109335327148452,-2.016719971,0.2374658203125008,-5.965383911,10.062597656243408,21.02871093750036,230,0.091666667,07021YOWI05,1.846135735056194,23.05784024157319,-44.72583232,95.09069872870826,95.09069872870826,91.66666666666666,07021YOWI05,D,1,16,61,39,0.026041667,0.8445273503487076,-0.323087817,0.7688059794847366,0.1333344433211758,-47.1890473,-21.77543106,-1.629075785,5.380525932394926,-2.058408621,4.898101296,0.849480398,-300.6437774,-138.732359,-10.3789232,702,1YO,150,WI05,Wind_success,5,Right,W,1,Experienced,Right,5,TRUE,First,Head-On,TRUE,TRUE,0.1,100,257.4087641278717,2.6134034933262504,0.2916666666666667,291.6666666666667,690.2799973857913,1.903036512963264,3.8200248686764895,2.344878706161344,27.791598079082032,23.32414526184892,582.5767989919827,8514.002380952381,17.589029550004817
07021YOWI06_f240,-27.74180638,44.96010335286456,40.245185089111374,99.46819305419922,-390.0462036,1439.1810302734375,66.41305322,-7.102012634,-13.003479,0.406005859,49.853004455566406,-20.46258545,-42.13720703,-0.479151057,-0.877304932,0.027391973,0.7287653714986487,-0.299127883,-0.615973654,0.959815556,0.006075439,-0.92230957,-0.265620117,8.994396972656315,8.909033203125066,-2.96015625,240,0.008333333,07021YOWI06,0.2633701426491209,14.991880796564717,-38.02270186,112.31611123630351,112.31611123630351,8.333333333333334,07021YOWI06,D,1,16,61,39,0.023958333,0.6569194853385383,-0.376063442,0.531669355,-0.086297134,-68.56219521,-50.01951536,1.082710108128364,4.185266854,-2.395918971,3.3872920148129904,-0.549803352,-436.8131703,-318.6768308,6.8980001792072105,702,1YO,152,WI06,Wind_success,6,Right,W,1,Experienced,Right,6,TRUE,First,Head-On,TRUE,TRUE,0.2416666666666666,241.66666666666663,497.7071512024284,2.811826379439792,0.2583333333333333,258.33333333333337,543.2011565767968,0.9866314617829662,3.6937141517848233,2.1954583686308906,27.17581632,22.43272909,582.5767989919827,8514.002380952381,17.589029550004817
07021YOWI07_f235,-103.0928071,113.39851620992027,37.96833775838218,24.176097869873047,-321.5433044,1436.8685302734375,157.8890276010019,0.8084602355957031,-15.26379395,1.550292969,49.88609695,3.839019775390625,-47.55712891,0.052621773,-0.993503276,0.1009068354099397,0.7226802631954545,0.055614369,-0.688941419,1.79907085,0.4363698577880875,-1.73993042,-0.137402344,3.1444519042968944,-1.410205078,-0.699609375,235,0.05,07021YOWI07,1.342360632896887,,-43.54637133,85.59943618,85.59943618,50,07021YOWI07,D,1,16,61,39,0.016666667,0.5579973167320993,-0.170955347,0.5293335742980091,0.044059527,-43.79939812,-16.90897188,-0.203850071,3.555028776325811,-1.089165055,3.372410641552045,0.2807054471566437,-279.0481532,-107.7279044,-1.298738982,702,1YO,154,WI07,Wind_success,7,Right,W,1,Experienced,Right,7,TRUE,First,Head-On,TRUE,TRUE,0.2416666666666666,241.66666666666663,587.5950759908263,2.757446917,0.1833333333333333,183.3333333333333,436.3373210375968,1.7992458727383154,3.183034519334739,1.5230631808391502,26.84102178598437,24.50247352930123,582.5767989919827,8514.002380952381,17.589029550004817
07021YOWI08_f215,-203.5994597,479.8888717651368,-54.15453847,-76.29332733,44.95871353149414,1344.7020263671875,524.0980664562126,1.1836395263671875,-14.40678406,4.141235352,42.19306182861328,24.598041534423828,-43.18225098,0.078716027,-0.958099809,0.2754061409395466,0.6472101269487163,0.3773156271249318,-0.662383551,2.602078380028335,0.4279760742187515,-2.546247711,0.3229101562500011,22.81179199218841,1.2123962402262345,-6.259570312,215,0.2166666666666666,07021YOWI08,0.1374944346590565,,-41.48191031,59.75833506499996,59.75833506499996,216.66666666666669,07021YOWI08,D,1,16,61,39,0.016666667,0.6973640781767055,-0.161927282,0.6646076563014305,0.1356203373415856,-42.63519613,-12.09509301,-1.617146285,4.442941374724168,-1.031646805,4.234248575,0.8640439433077575,-271.6309641,-77.05844173,-10.30291976,702,1YO,155,WI08,Wind_success,8,Right,W,1,Experienced,Right,8,TRUE,First,Head-On,TRUE,TRUE,0.2416666666666666,241.66666666666663,586.4490291027346,2.670176540594725,0.1916666666666666,191.66666666666669,459.4610874205417,1.722066044330986,3.741493289539147,2.5361004809050027,27.010838917569405,24.58489576422776,582.5767989919827,8514.002380952381,17.589029550004817
07021YOWI09_f229,-47.32317201,147.07025783594565,32.80093160800493,79.94480895996094,-287.9176331,1431.75,157.94000273317351,-3.752655029,-14.78707886,0.804443359,51.67118835449219,-10.765625,-40.3494873,-0.24564056,-0.967929721,0.052657096,0.7777457067026508,-0.162042308,-0.607333439,1.8659708591651607,0.1971844482421829,-1.854129639,0.071894531,19.382299804686493,10.233544921880714,-15.50390625,229,0.1,07021YOWI09,2.5269827349399736,22.80258076682423,-37.39694198,101.76913283423696,101.76913283423696,100,07021YOWI09,D,1,16,61,39,-0.005208333,0.684269406,-0.339736623,0.5888942893185658,-0.077505889,-68.54848441,-43.03716427,1.5913785691560045,4.359514563218113,-2.164478994,3.751874931948049,-0.493793889,-436.7258181,-274.1919232,10.138752351911345,702,1YO,156,WI09,Wind_success,9,Right,W,1,Experienced,Right,9,TRUE,First,Head-On,TRUE,TRUE,0.2166666666666666,216.66666666666669,412.2524224906954,2.6497659431180383,0.225,225,433.4445838466058,1.2945591705935244,4.142753124230759,2.3684915106440525,29.21716140639292,24.470538733984476,582.5767989919827,8514.002380952381,17.589029550004817
07021YOWI10_f158,-64.44531624,1459.963114,-43.56592001,62.78708267211914,1024.972900390625,1355.311279296875,1462.0340227578038,-6.216453552,-13.52838135,-2.493896484,27.767108917236328,50.41357422,-13.15637207,-0.411802249,-0.896173006,-0.165205478,0.4703162273746841,0.8538995581321773,-0.222841179,1.3867313829568677,-0.144986115,-0.750219727,-1.157226563,-4.3496521,-20.2921875,1.0810546874999931,158,0.6916666666666667,07021YOWI10,4.6888089385763925,23.05169003,-12.8759641,28.845373405361187,28.845373405361187,691.6666666666666,07021YOWI10,D,1,16,61,39,-0.005208333,0.7574274588728188,-0.3574896,0.6677427958356136,0.004135238,-73.69891854,-42.38603652,0.5296096584662614,4.825608173246806,-2.277584096,4.254222705374704,0.026345809,-469.5394912,-270.0435558,3.374169587578117,702,1YO,157,WI10,Wind_success,10,Right,W,1,Experienced,Right,10,TRUE,First,Head-On,TRUE,TRUE,,,,2.873431739344712,0.2083333333333333,208.33333333333331,438.2397018682805,1.2389483576619518,3.447992180908831,2.319462391,27.65586518318121,25.27249652573899,582.5767989919827,8514.002380952381,17.589029550004817
07021YOWI11_f216,-99.07396768,412.0759855906169,13.635463968912743,28.186595916748047,-22.88665581,1412.480957,424.0379639252281,-2.239667892,-14.91406441,2.942626953,42.02642440795898,31.58094692230225,-33.61560059,-0.1457577,-0.97060807,0.1915063117217211,0.673515513,0.506116282,-0.538723643,2.887405048040327,0.5884327697753927,-2.799256829,0.3937207031250014,7.916253662109433,12.75442914962782,-9.729492188,216,0.2083333333333333,07021YOWI11,1.1048649557347785,,-32.5967939,53.07680305510857,53.07680305510857,208.33333333333331,07021YOWI11,D,1,16,61,39,0.008333333,0.4980021658666062,-0.333491074,0.3678846032393764,-0.038089101,-35.04878619,-32.88528351,-2.751566894,3.172796673462068,-2.124688289,2.3438111827177392,-0.242667565,-223.2975675,-209.5137839,-17.53037012,702,1YO,158,WI11,Wind_success,11,Right,W,1,Experienced,Right,11,TRUE,First,Head-On,TRUE,TRUE,0.2166666666666666,216.66666666666669,447.7660468391241,3.154465411,0.275,275,621.0432583,1.3875673363664176,5.159328610863811,2.9889871052897323,29.976995424651225,24.039848020003983,582.5767989919827,8514.002380952381,17.589029550004817
07021YOWI12_f234,-38.36063595,103.34275639851889,24.13365300496412,88.80004883,-331.6523743,1423.0784912109375,112.8436834641466,-4.008911133,-14.51724243,1.545654297,57.48381042480469,-17.53253174,-33.3614502,-0.26479449,-0.958885264,0.1020927449114036,0.8362872309288737,-0.255067163,-0.485349781,1.169351077490858,-0.200516968,-1.149385986,0.078017578,-12.46486816,15.362402343750103,5.951953125000043,234,0.058333333,07021YOWI12,1.1287225500308264,,-29.03539165,106.96167812713628,106.96167812713628,58.333333333333336,07021YOWI12,D,1,16,61,39,0.025,0.3531687380913928,-0.248662506,0.2504160755454706,0.013671306,-26.54710015,-27.93602448,-2.290672604,2.2500556708167228,-1.584241248,1.595413325340664,0.087100575,-169.1329011,-177.9818073,-14.59398958,702,1YO,159,WI12,Wind_success,12,Right,W,1,Experienced,Right,12,TRUE,First,Head-On,TRUE,TRUE,0.2333333333333333,233.33333333333331,499.4913527719269,2.9017095139646227,0.2416666666666666,241.66666666666663,523.3433745222767,1.3250808976597257,3.933160932255832,2.488219195365217,26.43446233780977,24.31948733715498,582.5767989919827,8514.002380952381,17.589029550004817
07021YOWI13_f236,-17.95251211,71.07073892,39.44122416178379,109.28112030029295,-363.9268799,1438.4149169921875,83.24033147967259,-7.902984619,-12.07000732,-0.771118164,51.62973785400391,-22.1484375,-37.56689453,-0.547005329,-0.835425937,-0.053372968,0.7639462379989078,-0.327722282,-0.555863519,1.0434887229362857,-0.410038147,-0.958656006,0.041425781,1.5833496093750077,7.568701171875047,9.92109375,236,0.041666667,07021YOWI13,2.2232153175859235,24.143242572841785,-33.77021242,113.21865745668391,113.21865745668391,41.66666666666666,07021YOWI13,D,1,16,61,39,0.030208333,0.2678546612513588,-0.214346231,0.1603842543744394,-0.008871519,-18.55611957,-27.04929734,-1.357131791,1.706515425913346,-1.365610543,1.0218160956577438,-0.05652089,-118.2219647,-172.3324244,-8.646354427,702,1YO,160,WI13,Wind_success,13,Right,W,1,Experienced,Right,13,TRUE,First,Head-On,TRUE,TRUE,0.1833333333333333,183.3333333333333,311.71822232775327,2.931165458735085,0.3666666666666666,366.6666666666666,794.2597854492582,0.8224856580426682,3.523650386836908,1.9733734584901657,27.40718507734398,23.728282844954588,582.5767989919827,8514.002380952381,17.589029550004817
07021YOWI14_f227,-38.14507806,182.92061888376875,46.414552815755314,89.02678680419922,-252.0428009,1445.3997802734375,192.5339204029628,-4.339767456,-14.24458313,-0.726318359,62.60173797607422,-9.015060425,-25.49145508,-0.29108964,-0.955454552,-0.04871776,0.9180301888994148,-0.132202362,-0.373822294,1.7400689181508977,-0.132524414,-1.7265802,0.1708740234375006,1.927331542968764,14.838134765625144,3.0146484375000235,227,0.1166666666666666,07021YOWI14,0.7266572320160789,,-21.95154213,98.19463110077083,98.19463110077083,116.66666666666669,07021YOWI14,D,1,16,61,39,0.038541667,0.4178658235600578,-0.224507974,0.3353341462135948,-0.108439046,-30.09171463,-21.60878958,0.5693750657632989,2.662244033894354,-1.430351514,2.1364305951426785,-0.690870578,-191.7158169,-137.6706778,3.627516983711129,702,1YO,162,WI14,Wind_success,14,Right,W,1,Experienced,Right,15,TRUE,First,Head-On,TRUE,TRUE,0.2916666666666667,291.6666666666667,604.2057838071757,2.800036067639508,0.25,250,491.26296997728383,1.2454913910412808,3.5134218599965075,2.0858463565219614,26.61247992118072,24.06945729997283,582.5767989919827,8514.002380952381,17.589029550004817
07031YOMI01_f184,-193.8282006,1125.220645650228,88.17073211669913,-64.55962372,695.4203491210938,1488.7633056640625,1145.192102119801,-2.760047913,-12.8336792,-4.623046875,38.40974426269531,32.15484619140625,-14.94714355,-0.198316486,-0.922132602,-0.332177716,0.7347653039445058,0.6151112377507804,-0.285933757,2.1662055029216134,-0.808079224,-2.007854004,0.089311523,-21.26387329,-42.79570312,52.962890624998685,184,0.475,07031YOMI01,4.209015542635922,22.867471663712404,-16.6146718,50.06550157337432,50.06550157337432,475,07031YOMI01,D,1,15.3,61,39,0.008333333,1.003584673307477,-0.550005726,0.8385782928513659,0.03824062,-56.31479439,-39.07821148,1.1001905740270312,6.686418908992936,-3.664432889,5.587057976397071,0.2547795045837406,-375.199339,-260.3599867,7.330059190148981,703,1YO,118,MI01,Wind_missed,1,Left,M,1,Experienced,Right,1,FALSE,Second,Failure,FALSE,FALSE,0.475,475,1145.192102119801,2.728935967264438,0.1916666666666666,191.66666666666669,515.3777594037888,2.195364046257392,4.833251087600062,2.1709613356242827,28.579660664753703,25.718188020231107,582.5767989919827,8514.002380952381,16.81950950719211
07031YOPE01_f233,-12.69989543,96.1411609,9.219991349266593,-191.3602142,-340.0293884,1406.5723876953125,97.41364587600096,6.086975098,-14.45245361,2.512939453,-46.25569153,-8.039337158,-45.39953613,0.3832612723243161,-0.909986598,0.1582251211196015,-0.708253063,-0.123095882,-0.695143872,1.590235809842426,0.2678192138671885,-1.481912842,0.5109375000000018,-7.943774414,10.53940429687506,-3.926953125,233,0.066666667,07031YOPE01,0.152040994,,-44.03868306,-99.85963785,99.85963785237992,66.66666666666667,07031YOPE01,D,1,15.3,61,39,0.00625,0.5653267004150357,-0.181429047,-0.528875672,-0.083476361,64.65649549429381,-19.56793599,-2.820738895,3.766509433584748,-1.208777536,-3.523653149,-0.556164249,430.7762220376286,-130.3720759,-18.79327414,703,1YO,47,PE01,Wind_Near-miss,1,Left,P,1,Experienced,Left,2,TRUE,First,Pivot,TRUE,FALSE,0.1666666666666666,166.66666666666666,289.44330382720403,2.5139727992762766,0.3333333333333333,333.3333333333333,676.443789,,3.134713488410157,1.7030779543923975,29.89391322524556,22.693637662792604,582.5767989919827,8514.002380952381,16.81950950719211
07031YOPE02_f236,14.940190900273675,58.89752979438845,38.42278744994087,-163.3975372,-382.8938904,1434.520751953125,71.8918557,9.47064209,-13.20187378,-0.767578125,-36.74356079,-8.740875244,-54.21362305,0.5822476212141697,-0.811640809,-0.047190099,-0.556107585,-0.13229167,-0.820514026,1.6127057805372491,0.2461010742187508,-1.564368896,0.3049658203125011,-9.634790039,4.561083984375001,4.2609375,236,0.041666667,07031YOPE02,2.1382400270845454,22.624341463111687,-55.13628291,-103.3812944,103.38129439570751,41.66666666666666,07031YOPE02,D,1,15.3,61,39,-0.009375,0.6391151776402362,-0.256676367,-0.582820405,0.053905739,68.18174873457242,-28.8776676,-1.762057171,4.258127811691658,-1.710115507,-3.883061868,0.3591489191771601,454.2633482878776,-192.398497,-11.73976915,703,1YO,48,PE02,Wind_Near-miss,2,Left,P,1,Experienced,Left,3,TRUE,First,Pivot,TRUE,FALSE,0.1333333333333333,133.33333333333334,217.79116693941896,2.5107770562999043,0.4083333333333333,408.3333333333333,854.5460294,1.330497112030673,3.4066294551030856,2.331436745543844,23.588705506543704,22.95551841957221,582.5767989919827,8514.002380952381,16.81950950719211
07031YOPI01_f189,58.04695078531901,435.4177845319112,-60.41325175,187.51210021972656,5.514086246490479,1340.3170166015625,443.4048449996015,-2.863037109,-13.75621462,0.820556641,50.55308532714844,13.597140789031982,-26.39709473,-0.203413909,-0.977355611,0.058299151,0.8622609929227144,0.2319202486215887,-0.450243244,2.368390390475008,0.2245532226562508,-2.323564167,0.3998730468750014,-15.44589844,-5.673799896,-18.52910156,189,0.4333333333333333,07031YOPI01,2.2246518649736577,,-26.75929127,74.94557347245735,74.94557347245735,433.33333333333337,07031YOPI01,D,1,15.3,61,39,-0.005208333,0.2615274272152533,-0.249591545,-0.010164268,-0.077442517,-1.855300262,-28.96330508,-0.280855028,1.7424358711948809,-1.662912629,-0.067719798,-0.515963549,-12.36100459,-192.9690597,-1.871206705,703,1YO,123,PI01,Wind_Near-miss,1,Left,P,1,Experienced,Right,4,FALSE,Second,Pivot,TRUE,FALSE,0.4916666666666666,491.6666666666666,579.3851117259604,2.579540919563581,0.5583333333333333,558.3333333333334,731.5730875084676,0.3849908198947356,5.463268138690671,4.676781037793022,24.28445080803278,23.01959017255984,582.5767989919827,8514.002380952381,16.81950950719211
07031YOPI02_f211,13.207880973815918,16.932069842020667,23.96691945393877,142.4955596923828,-412.9246521,1424.5272216796875,32.18006117248914,-11.53746033,-7.420593262,-1.958374023,47.51556396484375,-27.61346436,-13.16564941,-0.832615372,-0.535516469,-0.141328531,0.8408100662033384,-0.488633131,-0.232972307,0.957959342,-0.543321533,-0.777854004,0.1320263671875004,20.81118164062514,-1.613232422,-27.92636719,211,0.25,07031YOPI02,2.793114399845018,,-13.4721273,120.16282738717024,120.16282738717024,250,07031YOPI02,D,1,15.3,61,39,0.039583333,0.2786829433427503,-0.259285552,-0.086055019,-0.055042885,5.006902850737739,-19.09575394,1.2529550486268612,1.856735113181496,-1.727499297,-0.57334465,-0.3667252,33.35866996287461,-127.226146,8.347857985561358,703,1YO,128,PI02,Wind_Near-miss,2,Left,P,1,Experienced,Right,9,FALSE,Second,Pivot,TRUE,FALSE,0.5166666666666667,516.6666666666667,522.8598504285316,2.7135221956121183,0.55,550,604.2939751184656,0.4350105245872415,4.947820987406451,3.9117755516562416,23.299023819969765,23.04136040192156,582.5767989919827,8514.002380952381,16.81950950719211
07031YOWE01_f226,112.4956958770752,213.7588472366333,28.86463648478184,-66.8245163,-218.4545898,1426.54541,243.27205676402767,,,,15.308841705322266,35.78717041015625,-71.171875,,,,0.1887175509869474,0.4411612117074319,-0.877361084,2.479888909715448,-0.637294464,-2.385186768,0.2336425781250008,8.361145019531312,-2.794921875,3.680859375000026,226,0.125,07031YOWE01,1.2222788133281215,26.80826273378166,-61.32565274,23.160007772079094,23.160007772079094,125,07031YOWE01,D,1,15.3,61,39,-0.0125,1.6293445352976133,-0.252863158,-1.483046109,0.6256181554850351,113.97337804530508,-18.27369719,1.4146117634820512,10.85556645,-1.684709866,-9.880847935,4.168203417114955,759.3517222342485,-121.7491635,9.424901650856809,703,1YO,45,WE01,Wind_success,1,Left,W,1,Experienced,Left,1,TRUE,First,Head-On,TRUE,TRUE,,,,2.730449515,0.2416666666666666,241.66666666666663,545.1115781996783,1.6378299580796931,3.489029180260378,1.742400057617235,27.73118329589931,21.88026760439132,582.5767989919827,8514.002380952381,16.81950950719211
07031YOWE02_f238,107.02615041732788,45.40758851369225,41.485552724202535,-71.74121857,-398.1320496,1436.4219970703125,123.44025701777308,-1.17615509,-15.38644409,3.07043457,-18.32868195,-0.468719482,-68.56518555,-0.074753236,-0.977920759,0.1951485143625938,-0.258244089,-0.006604077,-0.966057129,1.2292918441962075,-0.299784851,-1.174742432,-0.203144531,12.565502929686296,11.927636718746022,-27.49042969,238,0.025,07031YOWE02,1.0270648178266926,21.26358633390438,-75.0290946,-91.464906,91.46490599564412,25,07031YOWE02,D,1,15.3,61,39,-0.013541667,0.7267358338360621,-0.244069095,-0.672586803,0.1272880245497764,30.83565822745452,-11.63748292,-1.613102865,4.841903578688293,-1.626119106,-4.481133718,0.848061032,205.44367976824043,-77.53514769,-10.74735574,703,1YO,49,WE02,Wind_success,2,Left,W,1,Experienced,Left,4,TRUE,First,Head-On,TRUE,TRUE,0.1666666666666666,166.66666666666666,345.3597645258069,2.552779310690529,0.2083333333333333,208.33333333333331,441.2110701252512,1.169958825,4.332650237,1.5525083512654516,28.31443816547988,22.990053764628684,582.5767989919827,8514.002380952381,16.81950950719211
07031YOWE03_f239,27.90531625130481,51.49403894221359,37.78753190647831,-150.5281525,-391.9628601,1432.847412109375,69.70107810680307,7.9882354736328125,-12.61865234,2.860595703,-34.44992065,-15.87567139,-58.59753418,0.5253311843320838,-0.829841784,0.1881216613579013,-0.493528321,-0.227434296,-0.839466162,1.3497349319952603,0.1085705566406254,-1.334018555,-0.174331055,-35.1769043,-18.74179688,8.196679687500058,239,0.016666667,07031YOWE03,1.5960044962293998,26.034845661142487,-57.08379051,-114.741825,114.7418250278856,16.666666666666668,07031YOWE03,D,1,15.3,61,39,0.003125,0.6631128755977858,-0.276442182,-0.601678384,-0.035798429,62.95640973533138,-26.39716852,-0.67776852,4.4180133357170925,-1.841805963,-4.008703832,-0.23850832,419.4493396449626,-175.8720828,-4.515657095,703,1YO,50,WE03,Wind_success,3,Left,W,1,Experienced,Left,5,TRUE,First,Head-On,TRUE,TRUE,0.2416666666666666,241.66666666666663,431.73265960717765,2.395471293279748,0.5083333333333333,508.3333333333333,967.2607742147404,1.2678897598045564,4.0151707306402775,1.815361399775676,30.059495518703784,23.05718832744349,582.5767989919827,8514.002380952381,16.81950950719211
07031YOWE04_f229,18.687127590179443,186.621943,2.9976491292318315,-158.7411957,-246.1267395,1401.3033447265625,187.57916797370208,3.086273193359375,-14.82418823,4.725708008,-42.63088989,2.2962799072265625,-54.03137207,0.1945660241499016,-0.934552188,0.2979199055844455,-0.619071929,0.033345831,-0.784626027,0.358301134,-0.246703491,-0.12494751,-0.227827148,-83.01533203,206.16877441405884,-96.23847656,229,0.1,07031YOWE04,3.311138156,23.71828803081067,-51.68610353,-86.91678669,86.91678668577401,100,07031YOWE04,D,1,15.3,61,39,0.0125,0.6526156154236225,-0.122739871,-0.638347121,-0.057922528,58.38461986067714,-10.09877915,-1.865754499,4.3480749630137465,-0.817758796,-4.253010604,-0.385910919,388.9896255033688,-67.28347861,-12.43065632,703,1YO,53,WE04,Wind_success,4,Left,W,1,Experienced,Left,6,TRUE,First,Head-On,TRUE,TRUE,0.175,175,321.5920143533904,2.347247212663375,0.25,250,490.5158392067575,,3.981386092728864,2.607902967,24.62025305647829,22.06930890075635,582.5767989919827,8514.002380952381,16.81950950719211
07031YOWE05_f226,58.33872938156128,255.5161145528157,35.41291834513345,-119.1373291,-177.3148651,1433.7423095703125,264.4729984851796,-44.5824585,12.485397338867188,-51.22595215,0.6436004638671875,-15.68638611,2.193359375,-0.645676631,0.1808228967683572,-0.741892693,0.040600435,-0.989548846,0.1383643257766517,2.0590313697097087,0.1262896728515629,-2.054544067,0.050097656,33.13828125000023,-195.8917236,27.008789062500192,226,0.125,07031YOWE05,3.091921373,22.056433299149035,7.953207871671498,177.65051562611225,177.65051562611225,125,07031YOWE05,D,1,15.3,61,39,0.013541667,0.671028577,-0.209929864,-0.637085489,-0.018190179,50.93451896378525,-15.11932657,-1.614204251,4.470751979505539,-1.398665253,-4.24460494,-0.121192722,339.35306086083455,-100.733056,-10.75469377,703,1YO,54,WE05,Wind_success,5,Left,W,1,Experienced,Left,7,TRUE,First,Head-On,TRUE,TRUE,0.1333333333333333,133.33333333333334,280.7801777222461,2.6080690007082232,0.3083333333333333,308.33333333333337,701.2046818474954,1.3815104047087738,4.014586177580647,1.9437183054950795,29.491819233719955,23.59626265317482,582.5767989919827,8514.002380952381,16.81950950719211
07031YOWE06_f238,47.31423093282106,30.432981741950982,42.828617868443416,-130.1332092,-402.3540955,1441.115723,70.70426673823437,-3.510803223,15.31353759765625,-2.606201172,-13.4197998,7.164642333984375,-75.59191895,-0.220451285,0.9615717061275484,-0.163649274,-0.174040213,0.092917621,-0.980345001,1.172587154777985,-0.031237793,-1.157032471,-0.18777832,-7.012792969,-0.416601563,-34.621875,238,0.025,07031YOWE06,1.5853147680159685,,-78.62142009,-61.90286868,61.90286868147638,25,07031YOWE06,D,1,15.3,61,39,-0.011458333,0.714898255,-0.201312295,-0.666822135,0.1609382334911494,61.75685956468121,-17.80449204,-0.527298254,4.763035281533974,-1.34125039,-4.442726407,1.0722567574180637,411.4572935758576,-118.6230673,-3.513143543,703,1YO,55,WE06,Wind_success,6,Left,W,1,Experienced,Left,8,TRUE,First,Head-On,TRUE,TRUE,0.275,275,496.0666904947837,2.527705344510276,0.3333333333333333,333.3333333333333,633.1496175211513,1.1057600519286868,3.328450361521418,1.8717184157228857,25.493516254438592,22.254727705013646,582.5767989919827,8514.002380952381,16.81950950719211
07031YOWE07_f220,102.22256189982096,356.36422570546466,-25.22769725,-75.30480957,-76.47709656,1373.1949462890625,371.5929900204222,0.114746094,-14.95681763,4.37109375,-18.83263397,25.31385803222656,-62.18847656,0.007363602,-0.959823959,0.280506229,-0.270062889,0.363004646,-0.891792388,2.3162745888525267,-0.28377594,-2.234883728,0.5384179687500019,-7.559692383,3.329187011718749,-21.56484375,220,0.175,07031YOWE07,0.8885315517112807,,-63.09934888,-36.64797057,36.647970574899205,175,07031YOWE07,D,1,15.3,61,39,0.011458333,0.8029831096909619,-0.142694689,-0.782769134,0.1081322502552013,58.25424855560684,-8.131863945,-2.658532603,5.349903790922706,-0.950708486,-5.21522745,0.7204349986688344,388.1210220037365,-54.17883542,-17.7125689,703,1YO,56,WE07,Wind_success,7,Left,W,1,Experienced,Left,9,TRUE,First,Head-On,TRUE,TRUE,,,,2.451365952265999,0.2333333333333333,233.33333333333331,509.76782112047925,,2.9087515579925096,1.815923585903008,24.42524667698037,22.253115910622647,582.5767989919827,8514.002380952381,16.81950950719211
07031YOWE08_f211,210.9164903004964,479.41431999206543,17.81946640014644,33.36951828,46.52493667602539,1416.213379,524.0623908247184,-4.185085297,-15.28567696,5.681274414,-25.16379166,21.354190826416016,-60.72729492,-0.248582688,-0.907927653,0.3374522541586149,-0.364080526,0.3089615878787504,-0.878628538,2.3706077099820537,-0.448684845,-2.325153351,0.1101123046875004,-11.06559448,-3.325836182,-11.44511719,211,0.25,07031YOWE08,1.6595863521173853,33.26520117529587,-61.47736476,-49.68180296,49.68180295727154,250,07031YOWE08,D,1,15.3,61,39,0.009375,0.7499528790828476,-0.303245093,-0.651309439,0.2150993931641493,40.95140512474898,-19.5567918,-1.558917626,4.996587976007191,-2.020381315,-4.339372517,1.433107427822412,272.8402065702529,-130.2978273,-10.38634464,703,1YO,57,WE08,Wind_success,8,Left,W,1,Experienced,Left,10,TRUE,First,Head-On,TRUE,TRUE,,,,2.4703691241020627,0.2333333333333333,233.33333333333331,483.6676427474161,,4.964078261341539,1.9107320831926653,27.630570024634856,24.093048354979697,582.5767989919827,8514.002380952381,16.81950950719211
07031YOWE09_f238,38.23270398591694,65.07082660875824,9.382721782483486,-139.2153778,-367.7961426,1407.681884765625,76.05253182944878,3.336288452148437,-15.21582031,6.210449219,-31.86753845,-11.54977417,-60.79284668,0.1989478210529312,-0.907341898,0.3703382838598811,-0.457841059,-0.165935654,-0.873411085,1.5502880270923398,0.1171234130859379,-1.433946533,0.5774707031250021,17.522534179687533,-4.579541016,-7.99453125,238,0.025,07031YOWE09,1.9234301259351068,22.91589581,-60.85748219,-109.922071,109.92207098789214,25,07031YOWE09,D,1,15.3,61,39,0.025,0.5953698513748593,-0.181368567,-0.55907228,0.094915167,56.36334990510601,-16.87141106,0.9325393222289172,3.966673005235815,-1.208374586,-3.724839132,0.6323757060500055,375.5228418720793,-112.4063818,6.213076707300921,703,1YO,58,WE09,Wind_success,9,Left,W,1,Experienced,Left,11,TRUE,First,Head-On,TRUE,TRUE,0.1833333333333333,183.3333333333333,346.71628792772617,2.4233777897437645,0.4666666666666667,466.6666666666667,952.1513946210412,1.478699369605737,3.5115382390344245,1.337588489437616,30.371567885112547,22.53047715694756,582.5767989919827,8514.002380952381,16.81950950719211
07031YOWE10_f234,60.28777379989623,69.06309712727864,47.33907775878902,-117.1867294,-363.8194275,1445.728759765625,103.1761374,,,,-35.39731598,12.143402099609377,-65.74804688,,,,-0.46789611,0.160516425,-0.869084408,1.3181132346277855,0.2222259521484383,-1.299239502,0.003852539,-6.661779785,-1.778466797,-6.372070313,234,0.058333333,07031YOWE10,0.7676885212082182,29.39028912378365,-60.35241546,-71.06495756,71.06495756042654,58.333333333333336,07031YOWE10,D,1,15.3,61,39,-0.0125,0.6477672971049427,-0.230284819,-0.605427859,0.005336693,46.765825080409535,-16.73021296,-1.898026208,4.315772868188008,-1.534280875,-4.033684844,0.035555908,311.5789882300276,-111.4656444,-12.64566774,703,1YO,59,WE10,Wind_success,10,Left,W,1,Experienced,Left,12,TRUE,First,Head-On,TRUE,TRUE,0.2083333333333333,208.33333333333331,307.3334151586128,2.242524417,0.4083333333333333,408.3333333333333,737.9441242,1.063969636526648,3.265170041794269,1.6567084368362277,27.53905957371557,22.68415722963281,582.5767989919827,8514.002380952381,16.81950950719211
07031YOWE11_f238,73.07562999725343,75.3609162,29.98874613444013,-104.3267288,-357.5302734,1428.486083984375,109.1725253207361,2.2617721557617188,-15.10586548,4.883911133,-46.74938202,-16.04501343,-48.66088867,0.1410428424396105,-0.941993295,0.3045579576349261,-0.674009321,-0.231329017,-0.701568472,1.3593509519870124,0.2458291625976571,-1.335238037,0.067397461,-5.779248047,5.650927734,7.134960937500076,238,0.025,07031YOWE11,0.8311068843417195,16.778464055748262,-44.55297859,-108.9429064,108.94290637280191,25,07031YOWE11,D,1,15.3,61,39,0.017708333,0.6719309480454377,-0.183272742,-0.64213741,0.074577797,48.35682973201994,-13.65591384,-2.311157426,4.476764059919101,-1.221061222,-4.278263543,0.4968772464751158,322.17911382955856,-90.98301611,-15.39816931,703,1YO,60,WE11,Wind_success,11,Left,W,1,Experienced,Left,13,TRUE,First,Head-On,TRUE,TRUE,0.2083333333333333,208.33333333333331,407.5452890026332,2.339717295942449,0.425,425,897.0611364,1.2811086902063955,2.496749332138644,1.3433683015654747,27.12414175701168,22.632962559257837,582.5767989919827,8514.002380952381,16.81950950719211
07031YOWE12_f238,79.29721746444702,86.19200478,34.50320866902666,-98.186203,-346.6625366,1432.918701171875,122.09660844334856,1.477752685546875,-15.28326416,3.890014648,-15.49265289,-1.509155273,-69.01782227,0.0932946,-0.964874589,0.2455873461864938,-0.218973114,-0.021330397,-0.975497714,1.3343583249635218,-0.00110321,-1.309859619,0.2545166015625009,-1.446789551,12.279638671870554,4.419140625000723,238,0.025,07031YOWE12,1.222454958,22.075705694289887,-77.29040496,-95.56368742,95.56368742342374,25,07031YOWE12,D,1,15.3,61,39,0.019791667,0.660133993,-0.215118999,-0.596462395,0.1836663168974805,42.00897109,-14.87683221,0.8923082662403325,4.398166420521789,-1.43323805,-3.973952116,1.223683428923937,279.8862777926751,-99.11742858,5.945035852706871,703,1YO,61,WE12,Wind_success,12,Left,W,1,Experienced,Left,14,TRUE,First,Head-On,TRUE,TRUE,0.25,250,505.01200498217696,2.480360812678577,0.4,400,863.2634859342096,1.3343583249635218,4.231709610705504,2.1577300153497845,26.93540969597517,21.838207408196112,582.5767989919827,8514.002380952381,16.81950950719211
07031YOWE13_f173,-78.4194952,976.1822150435478,-85.32351054,-255.8136902,543.3492431640625,1312.983642578125,983.0368434833424,3.197052001953125,-14.45343018,4.015380859,13.542510986328123,48.55895996,-39.45410156,0.2084435749767619,-0.94234459,0.2617975374532739,0.2115501356904896,0.758548734,-0.616320012,2.3701109785479675,-0.71668396,-2.250498047,0.1976074218750007,26.12636718750018,3.035742187499981,8.402343750000059,173,0.5666666666666667,07031YOWE13,1.1713655660425446,21.60427535165904,-38.04789748,15.583148193627522,15.583148193627522,566.6666666666666,07031YOWE13,D,1,15.3,61,39,-0.014583333,0.3655883017135715,-0.15560013,-0.329643582,-0.027901881,30.054357612713684,-13.94990512,-0.757519551,2.4357451827438417,-1.036691451,-2.196262195,-0.185897285,200.23823637820337,-92.94174359,-5.047001202,703,1YO,62,WE13,Wind_success,13,Left,W,1,Experienced,Left,15,TRUE,First,Head-On,TRUE,TRUE,,,,2.45616579,0.575,575,1001.354473,1.0318732746800223,1.488858543289875,1.1420089562496565,23.92709790588611,22.91211375507128,582.5767989919827,8514.002380952381,16.81950950719211
07031YOWI01_f226,-21.91605899,165.00160090128583,28.67068328857431,107.35848236083984,-264.9012451,1429.215332,168.9018946657264,-3.66872406,-13.75445557,-1.399047852,53.85308074951172,-3.133087158,-19.63830566,-0.256483952,-0.961586933,-0.097808752,0.9380826257590624,-0.054576165,-0.342085413,1.414265060649923,-0.253316345,-1.390620117,0.046391602,54.61699218750039,10.186743164062577,-25.22636719,226,0.125,07031YOWI01,3.3055029045163926,,-20.0039797,93.32962469,93.32962469,125,07031YOWI01,D,1,15.3,61,39,0.010416667,0.4076044515671978,-0.227186507,0.3085981254600149,-0.138906,-29.79015384,-21.09090667,0.5462889762853749,2.715679289288626,-1.51363826,2.0560460878256475,-0.92546621,-198.4779693,-140.5189227,3.639669913222967,703,1YO,119,WI01,Wind_success,1,Left,W,1,Experienced,Right,2,FALSE,Second,Head-On,TRUE,TRUE,0.3333333333333333,333.3333333333333,585.4714196,2.392131273568412,0.4666666666666667,466.6666666666667,875.7935273,1.194449052594146,5.504219392499913,4.622692987014803,26.53650302987576,23.08871961074809,582.5767989919827,8514.002380952381,16.81950950719211
07031YOWI02_f213,1.601975440979004,378.1660926183065,-36.35684458,130.82913208007812,-51.72520828,1364.2293701171875,379.9131217523645,-3.34160614,-14.3915596,0.178955078,51.58937072753906,7.2047882080078125,-28.73120117,-0.226158612,-0.97401519,0.012111611,0.867219238,0.1211127574100991,-0.482972559,2.100277827,-0.144331055,-2.046510315,0.4495898437500016,-21.5826416,17.02161254882825,-20.08652344,213,0.2333333333333333,07031YOWI02,2.440847391193509,,-28.87972517,82.04969627177553,82.04969627177553,233.33333333333331,07031YOWI02,D,1,15.3,61,39,0.004166667,0.7072523285428179,-0.209690412,0.6667200704896318,-0.108259571,-69.85887056,-23.02373299,-0.926248682,4.712094025323085,-1.3970699,4.442046401162157,-0.721283279,-465.4372326,-153.3964475,-6.171165089,703,1YO,121,WI02,Wind_success,2,Left,W,1,Experienced,Right,3,FALSE,Second,Head-On,TRUE,TRUE,0.35,350,636.497526,2.534694120071973,0.4083333333333333,408.3333333333333,764.6302337884167,0.9770570190682416,5.103848341674387,4.514705512904988,24.17871033043557,23.095499495683587,582.5767989919827,8514.002380952381,16.81950950719211
07031YOWI03_f222,3.717342185974133,282.66491813659667,-19.56957753,132.9548797607422,-147.2104034,1381.0179443359375,283.3659170454249,-2.423110962,-13.52635193,2.77355957,55.07261657714844,-2.807693481,-12.76550293,-0.172847446,-0.964873432,0.1978459496361679,0.9729727727193936,-0.049603768,-0.225529266,2.140898480479503,-0.245617676,-2.126709595,-0.014985352,23.94448242187532,2.142333984381718,-37.98105469,222,0.1583333333333333,07031YOWI03,2.0267707363722782,,-13.03400284,92.91850724,92.91850724,158.33333333333331,07031YOWI03,D,1,15.3,61,39,0.013541667,0.6973733936137032,-0.14060869,0.6478187654249125,-0.216540281,-65.6554457,-17.96356999,0.073696052,4.646275266759297,-0.936810446,4.316115777717231,-1.442707398,-437.4317637,-119.6829299,0.491002592,703,1YO,124,WI03,Wind_success,3,Left,W,1,Experienced,Right,5,FALSE,Second,Head-On,TRUE,TRUE,0.2833333333333333,283.3333333333333,570.9845086540397,2.6333084098537163,0.375,375,799.1427976766776,1.355510598765756,5.618497977137886,4.7452687483570015,29.096337566522703,23.71992759959089,582.5767989919827,8514.002380952381,16.81950950719211
07031YOWI04_f240,-45.01181855,39.46210982,26.426160176594976,84.24577331542969,-390.4146423,1426.98291,65.43442414,-7.847259521,-12.2711792,0.745361328,39.20013427734375,-1.384338379,-38.61877441,-0.53804306,-0.841366695,0.051105292,0.7121441536424991,-0.02514911,-0.701582658,1.0986637251331124,-0.254090881,-1.044554443,0.2267285156250008,17.752587890625122,15.149707031250095,-11.50664063,240,0.008333333,07031YOWI04,2.113448386090868,21.328378849732385,-44.55411923,92.02253895433547,92.02253895433547,8.333333333333334,07031YOWI04,D,1,15.3,61,39,0.015625,0.4856429833368131,-0.081823514,0.4454262276352999,-0.175355341,-44.14039937,-7.759372638,1.2126097381722971,3.235613808350909,-0.5451521,2.967668229932774,-1.168311252,-294.0869952,-51.69709872,8.079055906486625,703,1YO,125,WI04,Wind_success,4,Left,W,1,Experienced,Right,6,FALSE,Second,Head-On,TRUE,TRUE,0.275,275,587.0740779296002,2.9576809471242527,0.3166666666666666,316.66666666666663,695.0901089364783,1.2792523542156105,5.41030752,4.621115440821551,25.821673327983817,24.047079468239698,582.5767989919827,8514.002380952381,16.81950950719211
07031YOWI05_f230,-70.85798019,144.15940252939862,3.4297060648600564,58.39337539672852,-285.6869812,1404.0281982421875,160.66906851541097,-3.243133545,-13.25842285,3.69152832,47.04098129272461,-4.717193604,-30.86901855,-0.229363699,-0.937673662,0.2610754625447293,0.8331382436075462,-0.083545757,-0.546718185,1.5264861262103704,0.1207324218750004,-1.473574219,0.3796875000000014,-6.188763428,-3.129785156,4.354101562501131,230,0.091666667,07031YOWI05,6.868955952118504,25.38903850647972,-33.14215674,95.72638502841602,95.72638502841602,91.66666666666666,07031YOWI05,D,1,15.3,61,39,0.008333333,0.8209376013458488,-0.32262888,0.7494165713192916,-0.090686016,-64.40804052,-27.32490757,-0.697014249,5.4695262360393135,-2.149526496,4.993014806282048,-0.604198837,-429.1208819,-182.0531775,-4.643882451,703,1YO,126,WI05,Wind_success,5,Left,W,1,Experienced,Right,7,FALSE,Second,Head-On,TRUE,TRUE,0.3333333333333333,333.3333333333333,647.0091433395717,2.419496857407495,0.3,300,570.6246643495602,1.301507076367446,5.511368914740369,4.190971154471169,27.65303877563468,23.297984580959376,582.5767989919827,8514.002380952381,16.81950950719211
07031YOWI06_f234,-52.76193474,109.33762402804392,13.980433434060616,76.43736267089844,-320.6199036,1414.5172119140625,122.20470655680684,-3.543136597,-12.90414429,3.214111328,46.81098937988281,-9.65246582,-28.68518066,-0.257452109,-0.937643547,0.2335444085367679,0.8397649349508063,-0.173160244,-0.514597303,1.494293362487554,-0.002364807,-1.40784668,0.5008740234375018,-10.09786377,-0.507568359,11.149804687500078,234,0.058333333,07031YOWI06,6.580928246995523,23.04711754749792,-30.97054194,101.6511394022173,101.6511394022173,58.333333333333336,07031YOWI06,D,1,15.3,61,39,0.017708333,0.7760024288168835,-0.234402846,0.726273949,-0.140574629,-71.55243975,-23.62374146,-0.891779033,5.170144036,-1.561717374,4.838826254330974,-0.936583514,-476.7206982,-157.3940254,-5.941509816,703,1YO,127,WI06,Wind_success,6,Left,W,1,Experienced,Right,8,FALSE,Second,Head-On,TRUE,TRUE,0.3083333333333333,308.33333333333337,587.5818339992223,2.422921493,0.4,400,783.9074757964106,1.3029087191284296,5.561689142631709,3.869910268826217,27.789646139337872,23.22761402265786,582.5767989919827,8514.002380952381,16.81950950719211
07031YOWI07_f223,-61.52507544,234.04840876261392,8.512110392,67.75257873535156,-195.774231,1409.1226806640625,242.1496408731645,-5.605545044,-13.10166931,1.419433594,50.70616149902344,-6.829483032,-18.63623047,-0.3914217,-0.914857992,0.099115627,0.9312012966492098,-0.125421118,-0.342247992,1.9609339902687128,0.226826477,-1.94244873,0.1438916015625005,33.40722656250007,-2.270214844,-5.081835937,223,0.15,07031YOWI07,5.755629489,23.52906240858164,-20.01389323,97.67085915290032,97.67085915290032,150,07031YOWI07,D,1,15.3,61,39,0.004166667,0.6405938725228391,-0.236180969,0.5892900955067805,-0.085535037,-46.18030797,-22.59163384,-0.35614848,4.267979669423883,-1.573564185,3.926166413535477,-0.569880256,-307.6779595,-150.5175714,-2.372852032,703,1YO,129,WI07,Wind_success,7,Left,W,1,Experienced,Right,10,FALSE,Second,Head-On,TRUE,TRUE,0.2,200,340.47606934100867,2.439417314577609,0.525,525,1053.4898245982115,1.1965644805968196,5.158850836420221,3.6007865821317666,23.24113842796752,21.964568205551476,582.5767989919827,8514.002380952381,16.81950950719211
07031YOWI08_f223,-69.21598209,295.66820373535154,0.89331665,60.01866149902344,-134.2320557,1401.4825439453125,303.6631964711197,-4.116535187,-13.23800659,0.416625977,48.71800994873047,-2.231063843,-21.79138184,-0.296803926,-0.954465868,0.030038909,0.9120462287374989,-0.04176758,-0.407954833,2.204793034422685,0.076396179,-2.159556885,0.4377099609375016,-1.955181885,-12.66339111,16.46894531250108,223,0.15,07031YOWI08,5.241426417980336,22.353371763536344,-24.07642521,92.62205478664926,92.62205478664926,150,07031YOWI08,D,1,15.3,61,39,0.01875,0.6043963211054003,-0.213300231,0.5573055716632659,-0.095960534,-43.93620764,-15.24862768,-0.411096737,4.026812183815369,-1.421120448,3.713068375362381,-0.639340501,-292.7265605,-101.5945293,-2.73894677,703,1YO,130,WI08,Wind_success,8,Left,W,1,Experienced,Right,11,FALSE,Second,Head-On,TRUE,TRUE,0.3083333333333333,308.33333333333337,661.5591811972686,2.501850532586457,0.225,225,466.7959351337973,1.388752896942805,5.211034381877455,4.225588936195505,25.376768669919056,22.590686259297957,582.5767989919827,8514.002380952381,16.81950950719211
07031YOWI09_f191,42.81311442906773,359.36531790014595,-98.22153799,172.2348175048828,-70.51165771,1302.522949,374.9984866669921,-4.198883057,-13.39685822,2.112915039,37.92094421386719,19.786319732666016,-32.50976563,-0.295746714,-0.943602558,0.1488223584260346,0.7058335375741901,0.3682885102680152,-0.6051137,2.2218342630671613,0.6442474365234399,-2.101788483,0.3224560546875011,506.2640625000036,474.1922687530552,-679.0447266,191,0.4166666666666667,07031YOWI09,1.4838925076660856,23.535442965284982,-37.23702412,62.445431610204125,62.445431610204125,416.6666666666667,07031YOWI09,D,1,15.3,61,39,0.003125,0.2601910757226737,-0.236392798,-0.047214287,-0.097921663,4.940975808818603,-30.23078471,0.038413272,1.7335323814080184,-1.574975501,-0.314566881,-0.652406595,32.919428679675946,-201.4136883,0.2559298005232461,703,1YO,131,WI09,Wind_success,9,Left,W,1,Experienced,Right,12,FALSE,Second,Head-On,TRUE,TRUE,0.4166666666666667,416.6666666666667,374.9984866669921,2.754757539,0.5166666666666667,516.6666666666667,617.4966077009059,,3.2928688577543808,3.2928688577543808,,,582.5767989919827,8514.002380952381,16.81950950719211
07031YOWI10_f227,2.432812907750531,137.7923894257038,-10.55341048,131.62716674804688,-292.1564636,1389.9952392578125,138.2173492546103,-7.978179932,-11.53271484,2.427124023,48.19470215,-15.82504272,-3.108032227,-0.560585949,-0.81034496,0.1705416067303406,0.9483139364316514,-0.311385026,-0.061155898,1.499119179662368,-0.10607666,-1.418192139,0.4741699218750016,22.989550781250163,-4.444628906,32.68125000000022,227,0.1166666666666666,07031YOWI10,6.533596737952537,27.166799473594786,-3.506162686,108.17792934827273,108.17792934827273,116.66666666666669,07031YOWI10,D,1,15.3,61,39,0,0.5840388634461547,-0.186320286,0.5177184112097347,-0.195841241,-55.96313017,-21.29161979,-0.271889699,3.8911798914416704,-1.241365591,3.449317497882877,-1.304799301,-372.8563635,-141.8561811,-1.811474878,703,1YO,132,WI10,Wind_success,10,Left,W,1,Experienced,Right,13,FALSE,Second,Head-On,TRUE,TRUE,0.3166666666666666,316.66666666666663,542.8275742,2.640122176580107,0.375,375,685.6857034487352,1.1167471247950689,5.5122186921015865,4.407138526919165,30.238602930887872,24.59036783982624,582.5767989919827,8514.002380952381,16.81950950719211
07031YOWI11_f237,-17.75396544,70.18526552713985,24.231464170961544,111.42816162109376,-359.7701416,1424.8843994140625,76.34355664848846,-6.566452026,-12.33139038,-0.043457031,50.83262634277344,-13.54812622,-36.14379883,-0.470012459,-0.8826543,-0.00311056,0.7964129911500957,-0.212263353,-0.566277861,1.1704639115129922,-0.35051239,-1.092678223,0.2306103515624946,-4.353771973,14.580175781253208,-17.74863281,237,0.033333333,07031YOWI11,8.571331108,,-34.49107542,104.92379730479804,104.92379730479804,33.333333333333336,07031YOWI11,D,1,15.3,61,39,0.015625,0.8077942760301408,-0.235509833,0.7284872857929823,-0.25762955,-87.64017522,-32.53461428,1.451889622,5.381958359351473,-1.569092718,4.853572690218612,-1.716466127,-583.9058132,-216.7630354,9.673266721428512,703,1YO,133,WI11,Wind_success,11,Left,W,1,Experienced,Right,14,FALSE,Second,Head-On,TRUE,TRUE,0.2666666666666666,266.6666666666667,563.8521864882601,2.6149940831200764,0.1916666666666666,191.66666666666669,374.6243834657871,1.146006130742819,5.600711296373099,4.541082515984465,30.273624498435407,24.01202145666389,582.5767989919827,8514.002380952381,16.81950950719211
07031YOWI12_f229,-16.54548705,142.6144854227702,18.69375432332368,112.62329864501952,-287.3074646,1419.2825927734375,144.78294459280295,-4.504493713,-12.92236328,0.411987305,45.106712341308594,-5.96697998,-27.72509766,-0.329007624,-0.943847702,0.030091498,0.8465761330845303,-0.111990047,-0.520352842,1.2764919645019808,-0.101115417,-1.182967529,0.4688232421874892,56.708789062499214,18.165673828128423,15.797460937498196,229,0.1,07031YOWI12,9.214347007,23.57977210354455,-31.35592242,97.53566749005634,97.53566749005634,100,07031YOWI12,D,1,15.3,61,39,0.007291667,0.4753799595621423,-0.14612564,0.4070382348843038,-0.19736585,-42.60232181,-15.52761059,1.8792842687216875,3.167236044,-0.973567319,2.71190685,-1.31495706,-283.8394983,-103.4532629,12.520798896162292,703,1YO,135,WI12,Wind_success,12,Left,W,1,Experienced,Right,15,FALSE,Second,Head-On,TRUE,TRUE,0.3166666666666666,316.66666666666663,578.0459748111259,2.696497568,0.4,400,788.9864931707463,1.0260348828834809,5.5282782111335615,4.893022543451694,24.11501941392519,23.227378445004344,582.5767989919827,8514.002380952381,16.81950950719211
07041YOMI01_f237,-5.562178648,76.62780858293365,0.7316379466640228,121.18083953857422,-358.7109375,1400.5616455078125,76.83289773020189,-6.084640503,-11.94454956,6.314331055,44.75395965576172,-15.45358276,-43.00549316,-0.410631713,-0.806097064,0.4261327479526087,0.6996904952883058,-0.241603761,-0.672354693,2.048919492530952,-0.207518921,-1.996402588,0.4115624999999905,-5.186975098,-6.248583984,-1.024804688,237,0.033333333,07041YOMI01,2.983316357710223,26.822263911457554,-42.24906231,109.04983970938474,109.04983970938474,33.333333333333336,07041YOMI01,D,3,15.9,60,39,0.005208333,1.7498586311793252,0.2219342370518819,1.5644354989073783,-0.751859025,-195.5154909,20.813371974193693,-1.52669846,11.218552697345958,1.4228469028002613,10.02978284837945,-4.820258015,-1253.473166,133.4370137915597,-9.787846182,704,1YO,75,MI01,Wind_missed,1,Right,M,1,Experienced,Right,9,TRUE,First,Failure,FALSE,FALSE,0.1416666666666666,141.66666666666666,333.5128534913131,3.0428112664000686,0.2333333333333333,233.33333333333331,605.5104011906063,2.048545570166676,5.254217984176732,3.018868854107293,27.790438173676133,24.139046663332216,582.5767989919827,8237.142857142857,18.027783897802518
07041YOUI01_f164,20.390529584884646,444.4337311426799,-162.0671705,147.15460205078125,9.038362503051758,1237.740723,473.5006682312041,-0.082885742,-13.37077093,6.668823242,28.48280334472656,36.77665901184082,-30.09082031,-0.005547237,-0.894856369,0.4463197360538288,0.514122469,0.6638288555460845,-0.54314762,2.797279104,0.6234503173828148,-2.720401154,0.1884082031250006,4.620410156,9.780276489257886,25.31601562500018,164,0.6416666666666667,07041YOUI01,1.893185726,,-32.89816913,37.75708180358221,37.75708180358221,641.6666666666667,07041YOUI01,D,3,15.9,60,39,0.032291667,0.3536392475596528,-0.339967128,-0.072657591,-0.064837829,4.531480325785734,-30.78723216,1.2841397156287315,2.267223456745157,-2.179569862,-0.465816496,-0.415683064,29.05186163384644,-197.3806228,8.232773101691455,704,1YO,78,UI01,Wind_Uturn,1,Right,U,1,Experienced,Right,12,TRUE,First,U-Turn,TRUE,FALSE,,,,2.862400173146676,0.65,650,495.1706190122413,,5.130847229762274,3.5641189409377065,27.892755568676023,24.04634454891861,582.5767989919827,8237.142857142857,18.027783897802518
07041YOWE01_f221,166.64725883251967,419.2724798612875,-8.894142263,-15.39326,-1.057560325,1388.2691650390625,451.2646972808954,-4.107707024,-12.84526598,4.645385742,-13.36254406,22.878042578697205,-56.64343262,-0.287982859,-0.900555079,0.3256784039086701,-0.213686108,0.3658524789095733,-0.905809147,3.006841832,-1.180650043,-2.742970319,0.3511083984375012,5.510110473632841,-1.822307396,24.63398437500017,221,0.1666666666666666,07041YOWE01,0.8642757164257926,,-64.93248301,-30.28822844,30.28822844426179,166.66666666666666,07041YOWE01,D,3,15.9,60,39,0.01875,1.7215518115298645,-0.138573783,-1.683204472,0.3337074370314831,210.1293106359589,-16.45142716,3.2867204043098908,11.037074295449155,-0.888413072,-10.79122492,2.139438238682663,1347.1641095016569,-105.4720646,21.071557096210967,704,1YO,95,WE01,Wind_success,1,Right,W,1,Experienced,Left,1,FALSE,Second,Head-On,TRUE,TRUE,,,,2.9944183080048643,0.175,175,476.2000232875604,2.100099960365006,3.9018386845617887,2.575364112483821,27.027525368111625,24.079761929412417,582.5767989919827,8237.142857142857,18.027783897802518
07041YOWE02_f231,118.80467335383096,145.17385190327963,33.482719675699855,-63.05028915,-275.1585083,1430.6798095703125,190.5546908476077,-3.581668854,-11.98504639,6.659057617,-49.31127548,-9.024536133,-42.46643066,-0.252749208,-0.84575406,0.4699126592322092,-0.750556322,-0.137360524,-0.646372411,1.6973997402566303,-0.347887573,-1.661363525,-0.003369141,-26.68084717,-2.007861328,30.28007812500022,231,0.083333333,07041YOWE02,3.163923861989046,,-40.26865228,-100.3710231,100.37102307112856,83.33333333333333,07041YOWE02,D,3,15.9,60,39,0.007291667,1.3189291657795337,-0.496250963,-1.195801107,0.2517316785614786,89.75209957723678,-38.58931549,-0.565759559,8.455812422053825,-3.181524199,-7.666423732,1.6138818594905635,575.4114308800337,-247.4007109,-3.627152113,704,1YO,98,WE02,Wind_success,2,Right,W,1,Experienced,Left,2,FALSE,Second,Head-On,TRUE,TRUE,0.2,200,425.1702851060575,2.7089809874606177,0.2416666666666666,241.66666666666663,530.7618608,1.8547664526929013,5.230148288751979,2.053542526878444,28.694340356171026,25.08493283967963,582.5767989919827,8237.142857142857,18.027783897802518
07041YOWE03_f213,263.50193583170574,509.43941224416096,-18.51465047,81.67572784423828,89.11187744140625,1378.678955078125,573.8506575903116,-3.941001892,-12.83313751,4.914428711,-21.49123764,16.558670043945312,-56.80065918,-0.275673734,-0.897680092,0.3437651012917746,-0.341415701,0.2630555778875705,-0.902350864,2.777315384616452,-0.405398254,-2.694233093,0.5387402343750018,-8.054626465,-2.220776367,-17.14042969,213,0.2333333333333333,07041YOWE03,0.8733726492801442,,-64.46881933,-52.3862981,52.38629810034416,233.33333333333331,07041YOWE03,D,3,15.9,60,39,0.011458333,0.6588733037213848,-0.220510696,-0.616641736,0.072401885,31.344965332349567,-8.958604145,-1.467993128,4.22411545,-1.413720409,-3.953363824,0.4641771334022579,200.95631676283068,-57.43468124,-9.411479289,704,1YO,99,WE03,Wind_success,3,Right,W,1,Experienced,Left,3,FALSE,Second,Head-On,TRUE,TRUE,0.2333333333333333,233.33333333333331,573.8506575903116,2.781814385210607,0.2333333333333333,233.33333333333331,573.8506575903116,,4.323765816730044,3.083066461557939,27.266647141381046,24.880243822428717,582.5767989919827,8237.142857142857,18.027783897802518
07041YOWE04_f235,62.85903247529993,131.40120489527493,7.552998179671249,-118.979599,-288.9358521,1404.748779296875,145.85808991332277,-2.124137878,-13.2800293,4.544799805,-40.41244507,-4.76272583,-50.35461426,-0.14962935,-0.93547701,0.3201465626908534,-0.624214258,-0.073565491,-0.777781897,2.134552809643454,-0.389684143,-2.07159668,0.3360791015625012,-13.83233643,2.1456298828125395,-12.74238281,235,0.05,07041YOWE04,1.3462916626946215,24.11648835104498,-51.05793419,-96.72147212,96.72147212496589,50,07041YOWE04,D,3,15.9,60,39,0.020833333,1.3603915788630916,-0.382437523,-1.263310401,0.3293229731939699,135.1184856449395,-40.8517095,-0.578447209,8.721632905,-2.451852638,-8.099233876,2.111328917,866.2607507737548,-261.9051892,-3.708494153,704,1YO,100,WE04,Wind_success,4,Right,W,1,Experienced,Left,4,FALSE,Second,Head-On,TRUE,TRUE,0.175,175,444.88328397364046,2.7252271524989258,0.2083333333333333,208.33333333333331,529.5302778,1.9886161822894608,3.691079784276013,2.071169265,30.24010903106085,24.513730491765628,582.5767989919827,8237.142857142857,18.027783897802518
07041YOWE05_f240,91.72564671834309,63.23348941802976,38.43842366536455,-90.10308075,-357.0865479,1435.6600341796875,117.85406596191928,-2.70980835,-12.99865723,5.184448242,-34.43709564,-6.715301514,-58.70690918,-0.190103883,-0.91190774,0.3637097582691074,-0.503522815,-0.098187941,-0.858384473,1.6709897810822816,-0.435238953,-1.603937988,-0.173657227,-9.847155762,12.994628906250078,-3.459375,240,0.008333333,07041YOWE05,0.7406765238537617,24.35412942113551,-59.13567262,-101.0343178,101.0343177770169,8.333333333333334,07041YOWE05,D,3,15.9,60,39,0.03125,1.163336959511717,-0.305271135,-1.060641188,0.3676991769613892,85.32269492690223,-24.05864722,0.1055970175319709,7.458292202871648,-1.95712971,-6.799897348,2.357363344,547.0139885939917,-154.242861,0.676995092,704,1YO,101,WE05,Wind_success,5,Right,W,1,Experienced,Left,5,FALSE,Second,Head-On,TRUE,TRUE,0.2416666666666666,241.66666666666663,583.5273215100182,2.4615492003862043,0.125,125,325.7699823607417,1.7542607853384262,4.210868541515013,1.5956369521243312,30.03869812655886,23.913551609215794,582.5767989919827,8237.142857142857,18.027783897802518
07041YOWE06_f236,122.19813753763836,108.42095934549968,25.760474141438863,-59.62399292,-311.8887024,1422.965332,165.3816533689811,-3.873226166,-11.94012451,6.651855469,-37.82050323,-15.73001099,-52.3260498,-0.272643691,-0.840487871,0.4682366451414958,-0.569142056,-0.236713159,-0.787428855,1.834889347665417,-0.664914551,-1.709974365,-0.026367188,-13.46951294,-2.032470703,-1.464257813,236,0.041666667,07041YOWE06,0.2082884188498547,58.14598396660522,-51.94587899,-112.5830249,112.58302491280384,41.66666666666666,07041YOWE06,D,3,15.9,60,39,0.023958333,1.198106845281986,-0.412550171,-1.123848337,0.047194118,70.51177947338667,-23.86206583,0.05505018,7.681206093653543,-2.644908422,-7.205125927,0.3025671294627142,452.0594405233183,-152.9825542,0.3529332825934982,704,1YO,102,WE06,Wind_success,6,Right,W,1,Experienced,Left,6,FALSE,Second,Head-On,TRUE,TRUE,0.225,225,550.7074929418956,2.4943070257522364,0.1583333333333333,158.33333333333331,400.1889313134996,2.078653704098988,3.467753098958967,1.3654590167872958,26.95876299887475,23.89767479610323,582.5767989919827,8237.142857142857,18.027783897802518
07041YOWE07_f239,101.63722082773845,62.12731170654297,28.23689219156904,-80.19831085,-358.1797791,1425.4793701171875,122.4224228,-2.508094788,-12.88433838,5.352416992,-32.87792969,-7.992401123,-57.13916016,-0.176931539,-0.908915335,0.377581971,-0.495106853,-0.120357109,-0.860455328,1.905634559772936,-0.364022827,-1.870378418,-0.024799805,-8.463977051,-0.791455078,1.1847656250000078,239,0.016666667,07041YOWE07,1.2665384176808632,18.978375247011325,-59.36774554,-103.6631902,103.6631902223603,16.666666666666668,07041YOWE07,D,3,15.9,60,39,0.019791667,1.179163910001826,-0.244387519,-1.148499566,0.1079398575959471,71.91355177313258,-15.36427993,1.3775206209245796,7.5597606729228035,-1.566797578,-7.363167904,0.6920153199850437,461.0463701724756,-98.50223381,8.831449239,704,1YO,103,WE07,Wind_success,7,Right,W,1,Experienced,Left,7,FALSE,Second,Head-On,TRUE,TRUE,0.15,150,354.6583012600869,2.4984637645531764,0.2166666666666666,216.66666666666669,502.7980751992339,1.8870679161259265,3.1226995668390294,1.8852714359178595,26.63153939970568,23.37239232779285,582.5767989919827,8237.142857142857,18.027783897802518
07041YOWE08_f214,207.31662864685052,528.2541705449422,-8.919799296,25.48415375,107.95149230957033,1388.319091796875,567.5493071364839,-2.192182541,-13.68403625,3.638061523,-24.12572253,22.44862365722656,-54.48339844,-0.152998996,-0.955049944,0.2539112283096547,-0.378891902,0.3525532432767009,-0.855655969,2.3045998791637823,-0.299815979,-2.222455444,0.5310205078124877,-19.80823975,-9.050756836,0.2003906249982943,214,0.225,07041YOWE08,1.3674502987114627,15.957060052093212,-58.83227911,-47.06227666,47.06227666403345,225,07041YOWE08,D,3,15.9,60,39,0.029166667,1.172819895538637,-0.507697372,-1.026547241,0.2528846536567919,81.08653281095263,-40.70493612,0.6965140523468857,7.519088438434898,-3.254908496,-6.581316977,1.6212737205443808,519.8554472778555,-260.9642075,4.465434785111365,704,1YO,104,WE08,Wind_success,8,Right,W,1,Experienced,Left,8,FALSE,Second,Head-On,TRUE,TRUE,,,,2.603160549325316,0.175,175,443.3233398110117,1.664319742051563,3.753549174328344,2.153202923688844,25.82926040804192,24.19565067920581,582.5767989919827,8237.142857142857,18.027783897802518
07041YOWE09_f224,203.02684450149536,199.75733820597333,15.699907430013129,21.18325424194336,-220.5370789,1412.9627685546875,285.2531872717305,-5.313944817,-11.4997406,6.65222168,-37.85745621,-26.98324585,-48.46130371,-0.371382942,-0.803698126,0.4649129301839028,-0.563733348,-0.401806065,-0.721634671,1.734502347387944,-0.803678513,-1.518400269,0.2388720703125008,-14.49283447,10.195751953125098,-13.88671875,224,0.1416666666666666,07041YOWE09,2.480110687985233,21.113345715088126,-46.18960737,-125.479717,125.47971702687092,141.66666666666666,07041YOWE09,D,3,15.9,60,39,0.00625,1.0378830040130729,-0.335943527,-0.959270127,0.2101044986147223,47.55054097546965,-17.02236584,-0.005939541,6.653991909251071,-2.153774078,-6.149995364,1.3470050366698234,304.85219789503486,-109.1324207,-0.038079108,704,1YO,105,WE09,Wind_success,9,Right,W,1,Experienced,Left,9,FALSE,Second,Head-On,TRUE,TRUE,0.325,325,656.5788048063318,2.713957582087532,0.3416666666666667,341.6666666666667,692.7891084007181,1.603555789162007,2.9153978384347745,2.066957007180772,26.39629462816546,22.252853856600357,582.5767989919827,8237.142857142857,18.027783897802518
07041YOWE10_f238,101.20652583440145,87.05264918009442,33.039929199218705,-80.61428833,-333.2380676,1430.2886962890625,137.52294907480476,-3.581176758,-12.50579834,5.90234375,-31.79536438,-11.36886597,-57.16711426,-0.250697208,-0.875457688,0.4131885123995018,-0.478883037,-0.171231158,-0.861017379,1.909994639,-0.314585266,-1.883811035,0.019277344,-4.38782959,3.008056640618888,-8.103515625,238,0.025,07041YOWE10,0.8103745614922692,15.82702646891972,-59.43100678,-109.6752026,109.67520260876654,25,07041YOWE10,D,3,15.9,60,39,0.026041667,0.8357758413929367,-0.06172619,-0.823907843,0.1260436446732801,58.63926468504329,-3.767982826,-3.994425992,5.358258748888868,-0.39573398,-5.282171595,0.8080808613549266,375.9433300959955,-24.15698796,-25.60874215,704,1YO,106,WE10,Wind_success,10,Right,W,1,Experienced,Left,10,FALSE,Second,Head-On,TRUE,TRUE,0.2083333333333333,208.33333333333331,523.3191651912387,2.475973560642004,0.1166666666666666,116.66666666666669,306.7010193069819,1.909994639,3.520252536953484,1.770789615,31.35785323297282,25.337164519221982,582.5767989919827,8237.142857142857,18.027783897802518
07041YOWE11_f232,116.56121702194211,171.2968360265096,6.203841908772802,-65.2667923,-248.9983521,1403.4364013671875,207.28630200946287,-2.719223022,-12.93386841,5.028564453,-37.35287476,-12.62533569,-52.52502441,-0.192294649,-0.9146413,0.3556037978608786,-0.568732961,-0.192232716,-0.799743335,1.9849849802014945,-0.209637451,-1.943585815,0.3445166015625012,-13.30510254,11.066308593750026,-12.70195313,232,0.075,07041YOWE11,0.712246875,29.13792630983465,-53.10559968,-108.6753414,108.67534139977388,75,07041YOWE11,D,3,15.9,60,39,0.019791667,1.004528721,-0.223159162,-0.962796398,0.1797248859407953,63.23253946,-14.04009357,-0.946385071,6.440153616081908,-1.430700044,-6.172602712,1.1522377111072346,405.3913633476057,-90.01271693,-6.067387734,704,1YO,107,WE11,Wind_success,11,Right,W,1,Experienced,Left,11,FALSE,Second,Head-On,TRUE,TRUE,0.2166666666666666,216.66666666666669,531.3095992421468,2.654934631,0.3083333333333333,308.33333333333337,746.9328769172824,1.8040041867447385,3.363738558992844,1.849155935487777,30.498158342739487,24.920527,582.5767989919827,8237.142857142857,18.027783897802518
07041YOWE12_f236,37.03314342777514,107.37070625958216,5.301893134704415,-144.7835083,-312.9191284,1402.5281982421875,113.7015054677618,1.2769317626953125,-12.79043579,7.11315918,-32.97979736,-17.65478516,-52.87609863,0.086919855,-0.870636047,0.4841877862293279,-0.50917792,-0.272573742,-0.816358622,1.570734065730515,0.087339478,-1.530893555,0.3405029296875012,-7.636816406,2.009179687500005,-19.69628906,236,0.041666667,07041YOWE12,1.0234686486763702,24.94113742133033,-54.72192173,-118.161088,118.1610879936994,41.66666666666666,07041YOWE12,D,3,15.9,60,39,0.026041667,0.7743942700156666,-0.140971715,-0.759141087,0.059315013,77.68109729880679,-10.44927344,-1.498190566,4.964734163,-0.903786506,-4.866944185,0.3802756346395259,498.0227934,-66.99154011,-9.605078668,704,1YO,108,WE12,Wind_success,12,Right,W,1,Experienced,Left,12,FALSE,Second,Head-On,TRUE,TRUE,0.1916666666666666,191.66666666666669,411.0202560199854,2.598636611895873,0.3166666666666666,316.66666666666663,724.1011878126582,1.5452363732375134,3.356988989737418,2.023572310578401,25.20895379519826,23.493665355599603,582.5767989919827,8237.142857142857,18.027783897802518
07041YOWE13_f236,95.92463814417522,113.68317476908368,32.58461710611982,-85.91795349,-306.6053467,1429.8262939453125,152.2732993686727,-1.63671875,-13.40991211,4.877197266,-28.29827118,-10.9296875,-60.24121094,-0.113954962,-0.933652174,0.3395701472505642,-0.419555892,-0.162045758,-0.893148378,1.5434612901672968,-0.226525269,-1.521522217,0.1262109375000004,-3.337756348,9.113378906250077,13.204687500000096,236,0.041666667,07041YOWE13,0.7027993011937126,16.834543006704504,-63.27157646,-111.118138,111.11813800931309,41.66666666666666,07041YOWE13,D,3,15.9,60,39,0.033333333,0.9309329984858457,-0.413266316,-0.818847886,0.1591707872809302,55.706261108501685,-27.40406572,0.2336101466748259,5.968322649112031,-2.649499716,-5.249731603,1.020462929502883,357.1394938325139,-175.6907386,1.4977025540285929,704,1YO,109,WE13,Wind_success,13,Right,W,1,Experienced,Left,13,FALSE,Second,Head-On,TRUE,TRUE,0.2166666666666666,216.66666666666669,503.9256636001441,2.6348105847206256,0.2166666666666666,216.66666666666669,503.9256636001441,1.5996060521154216,4.404286283609321,1.9815167442207968,27.153414702703444,23.75658073,582.5767989919827,8237.142857142857,18.027783897802518
07041YOWE14_f235,42.959734508538304,104.24929586581744,29.842445453173923,-138.9130859,-316.0606079,1427.0838623046875,116.6362980730634,2.009307861328125,-13.42138672,4.845947266,-38.29396057,-22.58746338,-49.45361328,0.1394364064853664,-0.931380387,0.3362856861017346,-0.575847027,-0.339659921,-0.743660769,1.676753485746145,-0.035606689,-1.653797607,0.2742041015625009,-10.0331543,-1.778027344,0.6767578125000064,235,0.05,07041YOWE14,1.523256003,23.90048790729757,-48.04419775,-120.5339748,120.53397477468914,50,07041YOWE14,D,3,15.9,60,39,0.011458333,0.7401417925268693,-0.264606572,-0.672741548,0.1587830119632058,70.63639328551324,-27.42348613,-0.589640839,4.745137438545377,-1.696424339,-4.313026419,1.0179768556229094,452.8583545574291,-175.8152452,-3.780257849,704,1YO,110,WE14,Wind_success,14,Right,W,1,Experienced,Left,14,FALSE,Second,Head-On,TRUE,TRUE,0.2166666666666666,216.66666666666669,439.3561470388048,2.4479084049413564,0.4,400,854.6120158919534,1.3577530397411923,3.9969434094674137,1.7699666054493282,26.956176033718048,24.33603901056249,582.5767989919827,8237.142857142857,18.027783897802518
07041YOWE15_f235,77.39443595424325,122.7716833445125,9.530695459,-104.4270401,-297.5005188,1406.7674560546875,145.44283792562095,-2.385139465,-12.75961304,5.970458984,-41.94609833,-9.052429199,-50.71630859,-0.166934668,-0.893038664,0.4178693114713125,-0.63138866,-0.136260615,-0.763401208,1.730059488,-0.366220093,-1.675279541,0.2289697265625008,-7.870056152,9.125244141,-15.37734375,235,0.05,07041YOWE15,0.3793994165666681,38.20867698537187,-49.76496537,-102.1782863,102.1782863117918,50,07041YOWE15,D,3,15.9,60,39,0.038541667,0.8125533435440938,-0.229668808,-0.754231192,0.1965463903974722,69.62146811986786,-20.80424652,2.518262532697963,5.209376541355527,-1.47243416,-4.835466262,1.2600823854331176,446.3515480921653,-133.3785094,16.14488189242118,704,1YO,111,WE15,Wind_success,15,Right,W,1,Experienced,Left,15,FALSE,Second,Head-On,TRUE,TRUE,0.1666666666666666,166.66666666666666,380.3410776114344,2.638987526,0.175,175,401.4967580790764,1.510994703493104,3.882676302715277,2.043617839122701,26.39046284852861,24.091977421696274,582.5767989919827,8237.142857142857,18.027783897802518
07041YOWI01_f237,-30.08838835,70.24637069702146,27.21973597208648,96.61084747314452,-364.989624,1427.042236328125,81.12199292331886,-5.792076111,-13.6506958,4.087280273,46.32030487060547,-10.81729126,-43.54418945,-0.376557254,-0.887465639,0.2657242425160123,0.7182797319704949,-0.167741579,-0.675231064,1.4926823071377977,-0.316300964,-1.452791748,0.1320996093749969,18.82309570312564,6.620361328129521,-10.62246094,237,0.033333333,07041YOWI01,2.665423190147468,21.934447169444155,-42.4720962,103.14483776936136,103.14483776936136,33.333333333333336,07041YOWI01,D,3,15.9,60,39,0.013541667,0.6019508446111483,-0.167501464,0.5699649929668482,-0.097097814,-60.99672945,-20.47427196,0.4095998090785507,3.8591787651616456,-1.073871895,3.654113649701871,-0.622505686,-391.0573183,-131.2630031,2.6259933008837777,704,1YO,65,WI01,Wind_success,1,Right,W,1,Experienced,Right,1,TRUE,First,Head-On,TRUE,TRUE,0.1833333333333333,183.3333333333333,369.5180276725504,2.448199884353304,0.1916666666666666,191.66666666666669,389.5338644695041,1.3002848939141438,4.183364927990509,2.338142472644235,31.25497554492448,24.50074187978355,582.5767989919827,8237.142857142857,18.027783897802518
07041YOWI02_f175,-49.93500659,1179.5991790135702,-196.3096738,76.78424072265625,744.3593139648438,1203.4844970703125,1196.8647442576018,-0.727867126,-14.86676025,0.147460938,19.62664031982422,49.68377685546875,-21.69421387,-0.048898391,-0.998754629,0.009906482,0.3404038374545113,0.8617138758971596,-0.376263769,1.7074169956551128,-0.088433533,-1.688085938,-0.240454102,15.948632812500112,-2.206054688,24.792187500000185,175,0.55,07041YOWI02,2.1039043251502814,22.75165951298856,-22.102443,21.555564594016783,21.555564594016783,550,07041YOWI02,D,3,15.9,60,39,0.020833333,0.3792177668018003,-0.05834321,0.3700200855460268,-0.059053541,-35.99954432,-7.70491101,0.7012428757141035,2.431210398847283,-0.374045291,2.372242965694272,-0.378599307,-230.7973787,-49.3971048,4.495751836555584,704,1YO,66,WI02,Wind_success,2,Right,W,1,Experienced,Right,2,TRUE,First,Head-On,TRUE,TRUE,,,,2.6039072098744804,0.25,250,523.7689497378441,,3.961070010845413,3.2111181650803915,26.90991264719694,24.210777181757283,582.5767989919827,8237.142857142857,18.027783897802518
07041YOWI03_f236,-25.81733852,83.76636729708298,-12.38150617,100.8934555053711,-351.5152588,1387.424316,88.52480416974734,-4.159980774,-10.0559082,10.20495605,33.66718292236328,-24.82662964,-46.8503418,-0.278843227,-0.67404684,0.684037508,0.5360367237741805,-0.395280628,-0.745934217,1.633534415200099,-0.196044617,-1.47944458,0.6642626953125024,-10.38603516,-15.61069336,-8.354882813,236,0.041666667,07041YOWI03,0.8550525690989317,21.377117553440943,-48.23940395,126.40555821666403,126.40555821666403,41.66666666666666,07041YOWI03,D,3,15.9,60,39,0.015625,0.7481706863147032,0.081790233,0.7338787275998855,-0.120381672,-83.88671966,6.709025768340715,1.313188929883746,4.796611635634945,0.5243669510354532,4.704984181203145,-0.771781276,-537.8077796,43.01236556421515,8.419011084080203,704,1YO,67,WI03,Wind_success,3,Right,W,1,Experienced,Right,3,TRUE,First,Head-On,TRUE,TRUE,0.1833333333333333,183.3333333333333,359.67277448586526,2.501355872746535,0.225,225,460.1126683994604,1.6213135730447208,5.3453740124500495,2.631249521755496,28.80391793025718,25.52140867991264,582.5767989919827,8237.142857142857,18.027783897802518
07041YOWI04_f213,71.89545531272888,335.1091095606486,-169.6554812,198.6103516,-100.1505051,1230.1888427734375,382.4265342653517,-3.811950684,-11.75576782,8.333740234,42.14949035644531,14.628456115722656,-36.93908691,-0.255737566,-0.788675325,0.5590970654270463,0.7276821179819224,0.252550288,-0.637728067,2.4389667813901768,-0.064442139,-2.314078674,0.7677539062500027,5.001855468750035,-8.223156738,-12.38730469,213,0.2333333333333333,07041YOWI04,2.494256965089353,25.40279378949639,-39.62261503,70.86009207629438,70.86009207629438,233.33333333333331,07041YOWI04,D,3,15.9,60,39,0.084375,0.212731703,-0.204883289,0.050592904,-0.026795026,-5.581213588,-20.57496262,0.5854033546538029,1.3638483575494074,-1.313531238,0.3243571504486633,-0.171786115,-35.78182696,-131.9085429,3.7530908305207937,704,1YO,68,WI04,Wind_success,4,Right,W,1,Experienced,Right,4,TRUE,First,Head-On,TRUE,TRUE,0.2666666666666666,266.6666666666667,462.5481174377748,2.6472172566011896,0.35,350,669.9463408255098,,3.9679153137111975,2.443099876039573,27.95109827306596,24.97079290291727,582.5767989919827,8237.142857142857,18.027783897802518
07041YOWI05_f213,17.31223638852437,330.1386910120646,-160.3245021,144.05201721191406,-105.1023636,1239.4908447265625,367.4169495152167,-2.934249878,-10.86291504,9.778198242,38.88313293457031,16.08581543,-40.00744629,-0.196833834,-0.728700453,0.6559360417819342,0.6696778705409258,0.2770433812777986,-0.689041736,2.1480187182760457,0.03065918,-1.950504456,0.8992089843750032,-2.334594727,-2.55333252,8.998242187500054,213,0.2333333333333333,07041YOWI05,1.2914865074150417,,-43.5543018,67.52529228,67.52529228,233.33333333333331,07041YOWI05,D,3,15.9,60,39,0.004166667,0.2850982512078801,-0.014312882,0.2620036632481191,-0.111490962,-24.26257054,-2.723720305,1.124081890033472,1.827798942215812,-0.091761595,1.6797367802596448,-0.714781877,-155.5502378,-17.46209621,7.206623263602614,704,1YO,70,WI05,Wind_success,5,Right,W,1,Experienced,Right,5,TRUE,First,Head-On,TRUE,TRUE,0.2666666666666666,266.6666666666667,439.2383007378188,2.3814211158423726,0.3166666666666666,316.66666666666663,555.1462381066257,,3.732750025770403,2.327554719090915,29.001051840824704,25.53899821870583,582.5767989919827,8237.142857142857,18.027783897802518
07041YOWI06_f237,-47.99737258,74.80657323201496,16.85759506225577,78.73960876464844,-360.4694824,1416.6378173828125,90.46518493068096,-5.583694458,-11.92337036,7.12109375,24.670425415039062,-13.68630981,-58.91491699,-0.373031001,-0.796567007,0.4757403453045671,0.3776763363115896,-0.209521938,-0.901920807,1.320043915331654,-0.114561768,-1.169871826,0.6006591796874862,11.258789062500146,-0.84375,-18.60292969,237,0.033333333,07041YOWI06,0.1004299796645361,29.885606335137847,-64.41170877,119.02001764014727,119.02001764014727,33.333333333333336,07041YOWI06,D,3,15.9,60,39,0.00625,0.448005951,0.047387685,0.4262759136755972,-0.129431776,-36.95798907,1.818114393,2.2130179032698303,2.8722196625667493,0.3038081075822783,2.732905799342201,-0.829802576,-236.9420824,11.656148541166568,14.18792211303977,704,1YO,71,WI06,Wind_success,6,Right,W,1,Experienced,Right,6,TRUE,First,Head-On,TRUE,TRUE,0.225,225,435.7526048629479,2.599194025880658,0.3666666666666666,366.6666666666666,790.2897774874033,1.400738694,4.134453041,2.510436588835209,27.481453493264954,25.01097495295564,582.5767989919827,8237.142857142857,18.027783897802518
07041YOWI07_f232,-35.35383604,127.49625829060876,-32.62479451,91.37430572509766,-307.7832642,1367.132568359375,136.27019783596484,-5.877891541,-10.59960938,8.991943359,25.61317443847656,-18.93356323,-54.57763672,-0.38948102,-0.702351625,0.595824412,0.4053228467245797,-0.29961947,-0.863679086,1.4931099027154735,-0.386720581,-1.148430176,0.8723144531250031,7.569689941406306,-4.180957031,-24.25253906,232,0.075,07041YOWI07,0.3361770594070958,,-59.73221466,126.4722526564307,126.4722526564307,75,07041YOWI07,D,3,15.9,60,39,0.011458333,0.5551343857201632,-0.009877452,0.525395448,-0.178986718,-41.80337845,-2.19973574,1.6012674057508929,3.5590328551930908,-0.063325525,3.3683729745337256,-1.147505227,-268.0064525,-14.10276858,10.265916602561196,704,1YO,72,WI07,Wind_success,7,Right,W,1,Experienced,Right,7,TRUE,First,Head-On,TRUE,TRUE,0.2333333333333333,233.33333333333331,447.6324900869439,2.4479296550349514,0.2666666666666666,266.6666666666667,525.3815242303046,1.5372098084692465,3.660331876028924,2.396697071055689,29.63389972492893,26.11181751589182,582.5767989919827,8237.142857142857,18.027783897802518
07041YOWI08_f217,6.223055760065719,64.55603059132892,-29.43889847,133.14930725097656,-370.7169495,1370.4952392578125,71.22398649129192,-7.917449951,-5.274414063,11.51196289,25.839141845703125,-26.3984375,-45.8840332,-0.530155117,-0.353176543,0.7708449142696225,0.4386525459634164,-0.448147306,-0.778940264,1.031173257336957,-0.169350586,-0.410269775,0.9307617187500032,3.273266601562524,0.2421386718750038,-5.951953125,217,0.2,07041YOWI08,0.6241993586049076,24.03692695814392,-51.16364917,135.61342919167473,135.61342919167473,200,07041YOWI08,D,3,15.9,60,39,0.009375,0.2326088803305683,-0.222757956,0.064699507,0.017313521,-8.111843274,-27.18449486,-2.081134769,1.491283315898732,-1.428127864,0.4147962659183596,0.1109990512905724,-52.00599615,-174.2830436,-13.34240359,704,1YO,73,WI08,Wind_success,8,Right,W,1,Experienced,Right,8,TRUE,First,Head-On,TRUE,TRUE,0.475,475,478.90447572523584,2.7206676653707875,0.625,625,827.5841460157901,0.370043873,2.993876316152855,1.6107178498939585,30.391207710579145,26.01399293294219,582.5767989919827,8237.142857142857,18.027783897802518
07041YOWI09_f236,-27.6975465,82.68721942901612,4.521232604980469,99.06946563720705,-352.7282715,1404.325684,87.31993977997469,-3.90789032,-12.40209961,7.507568359,37.71929168701172,-20.76654053,-51.05529785,-0.260267465,-0.825986084,0.5000078360720898,0.5647614672251414,-0.310932188,-0.764438133,1.6492273599351892,-0.324222107,-1.431035156,0.7529736328125026,11.360961914062583,-2.957958984,-13.80410156,236,0.041666667,07041YOWI09,2.8836457957542194,21.455471958701573,-49.85703173,118.8351971739622,118.8351971739622,41.66666666666666,07041YOWI09,D,3,15.9,60,39,0.008333333,0.4941746563055951,0.042726101,0.4804588348530949,-0.107435465,-52.2857634,4.345592266863518,1.3812482997833624,3.1682127485468885,0.2739221383343502,3.080278978920848,-0.688781601,-335.2102745,27.86011108459163,8.855347834,704,1YO,76,WI09,Wind_success,9,Right,W,1,Experienced,Right,10,TRUE,First,Head-On,TRUE,TRUE,0.1833333333333333,183.3333333333333,389.2871962235338,2.827674365835785,0.3083333333333333,308.33333333333337,729.4053075080104,1.3410763356372548,4.903546571759435,2.7564767480123544,26.538079059065943,23.84203912701043,582.5767989919827,8237.142857142857,18.027783897802518
07041YOWI10_f227,-7.94349486,74.61629899342853,22.074615478515625,118.85101318359376,-360.8148804,1421.8365478515625,78.21751616228396,-9.421676636,-8.825897217,7.175537109,22.74107360839844,-18.6522522,-55.6484375,-0.637892967,-0.597555825,0.4858184833269648,0.3612967523301504,-0.296335972,-0.884109523,0.7452820878307527,-0.49453949,-0.454621582,0.3227929687500012,-2.145849609,3.3802734375000285,-18.084375,227,0.1166666666666666,07041YOWI10,1.9671483673313808,20.569915165170755,-62.14213732,129.3586394595434,129.3586394595434,116.66666666666669,07041YOWI10,D,3,15.9,60,39,0.019791667,0.2309239271988195,-0.201018368,0.108944214,-0.032382623,-10.46030229,-17.88739613,0.6063566913129866,1.4804808801109095,-1.288752765,0.6984543701420257,-0.207608861,-67.06224741,-114.6782332,3.8874251746259856,704,1YO,77,WI10,Wind_success,10,Right,W,1,Experienced,Right,11,TRUE,First,Head-On,TRUE,TRUE,0.3666666666666666,366.6666666666666,468.96260301153455,2.808466854918133,0.45,450,684.4235234393614,0.4961429845514331,5.431115541316563,2.2238297550567605,30.70622244429256,24.486655041767616,582.5767989919827,8237.142857142857,18.027783897802518
07041YOWI11_f239,-20.83653075,70.38329168955482,-1.938363647,105.9958724975586,-365.0524902,1397.9046630859375,73.42837337,-4.588943481,-11.68032837,7.754394531,32.90955352783203,-20.94927979,-52.63146973,-0.311074346,-0.791783669,0.525653283,0.5023345066010708,-0.319771768,-0.803371682,1.873560227621624,-0.154567566,-1.689422607,0.7951025390625028,3.482116699218773,-6.604980469,-12.44707031,239,0.016666667,07041YOWI11,2.7361349251984226,22.148582517846283,-53.45329134,122.47966336279468,122.47966336279468,16.666666666666668,07041YOWI11,D,3,15.9,60,39,0.023958333,1.2834800309850476,0.2379988579481844,1.2297453396765647,-0.280007023,-141.3072752,23.214452143086504,0.1680639187202948,8.228543784644392,1.5258391062141985,7.88404426,-1.795158472,-905.9378196,148.83062555271223,1.0774778574057713,704,1YO,79,WI11,Wind_success,11,Right,W,1,Experienced,Right,13,TRUE,First,Head-On,TRUE,TRUE,0.2083333333333333,208.33333333333331,495.4621626469573,2.8643534827938133,0.275,275,674.0816244028897,1.873560227621624,5.208171265214418,2.6090979932954244,27.93379793550604,24.67526368764709,582.5767989919827,8237.142857142857,18.027783897802518
07041YOWI12_f233,24.181814400355023,74.83463102976481,-6.366308085,151.13424682617188,-360.5422974,1393.5035400390625,78.90191396720972,-9.52355957,-7.888671875,8.622314453,40.22657775878906,-29.35540771,-36.14453125,-0.63172021,-0.523274246,0.5719384921682831,0.6537369235602637,-0.477065537,-0.587398083,48.31968108,-5.915551758,-43.69474133,19.762778320312574,,,,233,0.066666667,07041YOWI12,0.8322462573459428,17.557471010284228,-35.97258487,126.12015686233936,126.12015686233936,66.66666666666667,07041YOWI12,D,3,15.9,60,39,0.016666667,0.3733195010859276,-0.104513091,0.3229915468410731,-0.155309125,-43.96195505,-15.2010581,0.9674266337982372,2.3933959128211333,-0.67004591,2.070737386706371,-0.995705353,-281.8453449,-97.45579919,6.202287704102713,704,1YO,81,WI12,Wind_success,12,Right,W,1,Experienced,Right,14,TRUE,First,Head-On,TRUE,TRUE,0.066666667,66.66666666666667,78.90191396720972,2.850521299,0.3666666666666666,366.6666666666666,751.8530632577367,0.93598743,4.262572383060596,2.970197119410144,25.91978194600536,23.474091203645944,582.5767989919827,8237.142857142857,18.027783897802518
07041YOWI13_f236,-22.91456726,82.57008355458578,10.902484893798828,103.90853881835938,-352.7748108,1410.6842041015625,86.38148104752287,,,,26.859634399414062,-12.59173584,-57.10437012,,,,0.4174002267112425,-0.195676282,-0.887405118,1.399680457199662,-0.227940674,-1.281654053,0.5143066406250019,5.697509765625037,6.176513671875044,-1.198828125,236,0.041666667,07041YOWI13,0.5976634269817543,30.295247871605728,-62.54896477,115.11707728560012,115.11707728560012,41.66666666666666,07041YOWI13,D,3,15.9,60,39,0.014583333,0.4434100028589018,-0.048364819,0.4271730380781261,-0.108611557,-45.39345462,-5.930092747,1.7195548689676612,2.842754491687354,-0.310072634,2.7386573710443463,-0.696321668,-291.0228596,-38.01853292,11.02427165815694,704,1YO,82,WI13,Wind_success,13,Right,W,1,Experienced,Right,15,TRUE,First,Head-On,TRUE,TRUE,0.2,200,403.4664363924401,2.812398912053793,0.3916666666666666,391.6666666666667,916.3023305092038,1.2866808834770782,4.621191918127834,2.124191460819931,28.917778888995823,24.745491380635915,582.5767989919827,8237.142857142857,18.027783897802518
10011YOMI01_f237,-73.89527203,-9.575204277,49.86478169759107,51.28349685668945,-438.8549194,1449.949707,89.65875428222701,-10.11248016,9.381713867,-3.249389648,15.178951263427734,-44.6126709,-49.0489502,-0.713568136,0.6620029876302133,-0.229287067,0.2231597828016904,-0.655892082,-0.721113922,0.481572434,-0.426616974,0.1319458007812469,-0.18027832,3.220202636720048,-16.95322266,3.7951171875005008,237,0.033333333,10011YOMI01,3.9588303769257394,20.87867286385097,-46.14652461,161.2097151206104,161.2097151206104,33.333333333333336,10011YOMI01,G,1,16.1,59,37,0.019791667,0.3461201201354928,-0.336093259,-0.051714349,-0.064545217,1.8497004539074209,-17.560279,2.712772676229004,2.191451998755819,-2.127967145,-0.327428277,-0.408666633,11.711338119344695,-111.1825238,17.17586109,1001,1YO,89,MI01,Wind_missed,1,Left,M,0,Naive,Right,7,FALSE,Second,Failure,FALSE,FALSE,0.5583333333333333,558.3333333333334,390.7784249200496,2.385729959134217,0.625,625,541.2797255572225,0.7265473887831397,4.055591359873757,1.921160336271449,28.30448796675444,22.532288277562337,524.3574213149404,7964.859523809524,18.965235667874605
10011YOMI02_f150,-67.62088152,1376.6042214156691,-13.54605797,57.64893723,947.1119384765624,1386.807617,1378.330606829723,-10.68953323,-9.905578613,1.58190918,26.084613800048828,51.49298095703125,-25.48999023,-0.729208301,-0.675729238,0.1079131595458377,0.4133820114859117,0.8160470463006616,-0.403958576,0.9844098398378368,-0.185291748,-0.955605469,-0.146791992,3.219763183593772,-10.47919922,10.436132812500077,150,0.7583333333333333,10011YOMI02,4.230220340847719,23.434513579358807,-23.82588258,26.865241393256284,26.865241393256284,758.3333333333333,10011YOMI02,G,1,16.1,59,37,0.3927083333333333,0.4126926311483545,-0.403541467,-0.085913465,0.009400471,7.074853564307071,-43.24812714,2.6365844120683577,2.6129544016332336,-2.555014004,-0.543959233,0.059518876,44.79428118289153,-273.8245746,16.693476754410558,1001,1YO,96,MI02,Wind_missed,2,Left,M,0,Naive,Right,12,FALSE,Second,Failure,FALSE,FALSE,,,,2.405293361144316,0.25,250,580.1589282084742,,2.620713894897892,1.7991448094835438,29.59415247826729,24.848009624706965,524.3574213149404,7964.859523809524,18.965235667874605
10011YOPE01_f240,44.99647544271514,27.84451637984813,45.74491229286264,-138.1923218,-390.6143799,1443.672607421875,69.94710069313948,0.6562652587890625,-14.00164795,2.518554688,-20.2658844,-7.070922852,-68.55432129,0.046081232,-0.98315914,0.1768463305663734,-0.282113533,-0.09843158,-0.954318175,1.2788579756755374,-0.171481934,-1.266500244,-0.045263672,-0.491967773,13.680615234375106,4.765429687500034,240,0.008333333,10011YOPE01,2.7667695783410795,19.173531317347148,-72.61492139,-109.2342723,109.23427229864492,8.333333333333334,10011YOPE01,G,1,16.1,59,37,0.003125,0.6995623231377821,-0.372016844,-0.592360286,-0.010010146,55.98297676884314,-36.28178302,-1.784801985,4.4292636056361685,-2.355416544,-3.750516243,-0.063379024,354.45499755505625,-229.7173186,-11.30043488,1001,1YO,57,PE01,Wind_Near-miss,1,Left,P,0,Naive,Left,3,TRUE,First,Pivot,TRUE,FALSE,0.2416666666666666,241.66666666666663,502.169183,2.443140492252801,0.1916666666666666,191.66666666666669,384.01873758877065,1.3932095073678574,3.0360948812440225,1.7497822864197174,26.10367673912558,22.187499475143763,524.3574213149404,7964.859523809524,18.965235667874605
10011YOPE02_f239,18.96460688615045,21.71083838198365,40.52637077780332,-164.2961121,-397.0762939,1438.3526611328125,49.7333243,6.9735870361328125,-12.68347168,0.439086914,-49.24137878,-20.39120483,-44.95300293,0.4815740208628067,-0.875880723,0.030321963,-0.706243673,-0.292460523,-0.644737712,0.9146813282694898,-0.03032959,-0.913937988,0.020961914,-13.9541748,23.28222656250016,8.968359375000064,239,0.016666667,10011YOPE02,1.312271651782721,20.421171708194883,-40.14601286,-112.4947935,112.4947935248156,16.666666666666668,10011YOPE02,G,1,16.1,59,37,-0.008333333,0.6469986086970618,-0.420614741,-0.491343212,-0.016501149,60.87410490720615,-53.22468084,-5.104158337,4.096457593,-2.663113066,-3.110928838,-0.104476668,385.4230687864845,-336.990907,-32.31686729,1001,1YO,61,PE02,Wind_Near-miss,2,Left,P,0,Naive,Left,7,TRUE,First,Pivot,TRUE,FALSE,0.1916666666666666,191.66666666666669,319.67551144186046,2.4776389474946487,0.225,225,397.8447183870707,1.0675248985337795,3.019594532052177,1.5776142808241749,27.182049106041127,22.197566337981048,524.3574213149404,7964.859523809524,18.965235667874605
10011YOUE01_f240,62.013465213775646,-13.53342381,54.61563238,-121.0257874,-431.8733521,1452.5455322265625,83.73583897,4.515144348144531,13.36480712890625,-2.836914063,-2.254043579,-48.70477295,-44.08312988,0.3137843010676161,0.9288001314001624,-0.197154073,-0.034291966,-0.740971673,-0.670660153,1.4223407605369378,0.076593018,1.1933056640625044,-0.770200195,-7.611987305,-8.194921875,-14.40175781,240,0.008333333,10011YOUE01,1.9630563043799576,20.75413966246033,-42.11803621,-177.3502577,177.35025765708332,8.333333333333334,10011YOUE01,G,1,16.1,59,37,0.016666667,0.6803133250985424,-0.532708881,0.4221857896658586,-0.028401192,-34.6668905,-41.24321338,2.2258577039895537,4.307388993982198,-3.372834671,2.6730601279329536,-0.179821531,-219.4926618,-261.1305068,14.092969551855148,1001,1YO,54,UE01,Wind_Uturn,1,Left,U,0,Naive,Left,1,TRUE,First,U-Turn,TRUE,FALSE,,,,2.4353370072992067,0.8083333333333333,808.3333333333334,249.80793950618008,1.4223407605369378,2.540645179430113,1.0896296334833118,30.916373564964783,24.167466510162384,524.3574213149404,7964.859523809524,18.965235667874605
10011YOWE01_f234,30.30889116923015,97.75588232676188,26.885481007893983,-152.8148499,-320.701355,1424.768798828125,105.819046,3.214996337890625,-14.26959229,1.797119141,-48.7068634,-1.779541016,-49.28552246,0.2181541437837739,-0.968265702,0.1219438363832488,-0.702687269,-0.025673195,-0.711035504,1.810215605808918,-0.1509375,-1.799139404,0.1311328125000004,-8.216455078,1.5635742187500024,-13.98339844,234,0.058333333,10011YOWE01,1.4207292988406703,11.693633911479756,-45.31922939,-92.09241268,92.09241267705522,58.333333333333336,10011YOWE01,G,1,16.1,59,37,-0.001041667,0.9670482723844368,-0.416205764,-0.872723464,0.017574925,96.23606325,-42.74255213,-0.740624372,6.122845065,-2.635197725,-5.525629598,0.1112752547020457,609.3165375342855,-270.6235374,-4.689247073,1001,1YO,56,WE01,Wind_success,1,Left,W,0,Naive,Left,2,TRUE,First,Head-On,TRUE,TRUE,0.2083333333333333,208.33333333333331,432.32479388365954,2.765742751095319,0.2416666666666666,241.66666666666663,520.1776840057192,1.4795540545768335,3.846601914,1.6034446802745073,23.860968531128208,21.66362501,524.3574213149404,7964.859523809524,18.965235667874605
10011YOWE02_f239,61.12858765920004,31.657799148559548,36.42434234619145,-122.0432968,-386.8003235,1434.348145,77.88230346,-1.33870697,-14.28500366,2.878662109,-29.30118561,-4.891967773,-65.78686523,-0.091482171,-0.976183119,0.1967168803275519,-0.405928513,-0.067771633,-0.911388527,1.300464789991464,-0.237106018,-1.277929688,-0.043417969,-1.848120117,16.905761718750117,-18.02636719,239,0.016666667,10011YOWE02,0.087041683,2.377796564706271,-65.69794652,-99.47837304,99.47837304475638,16.666666666666668,10011YOWE02,G,1,16.1,59,37,-0.004166667,0.7957718418392531,-0.308706383,-0.687457932,0.2556458209430436,63.89965620852439,-29.2761853,-0.562137154,5.038412076910069,-1.954567735,-4.352624915,1.6186159448341069,404.5792809246769,-185.3615293,-3.559159142,1001,1YO,58,WE02,Wind_success,2,Left,W,0,Naive,Left,4,TRUE,First,Head-On,TRUE,TRUE,0.2916666666666667,291.6666666666667,582.9572312664624,2.5533849182500608,0.2916666666666667,291.6666666666667,582.9572312664624,1.300464789991464,2.2335235716875848,1.0560756445336004,30.26511419,22.727782736126468,524.3574213149404,7964.859523809524,18.965235667874605
10011YOWE03_f207,65.62583831151326,662.7727578481038,-28.2377505,-117.7234879,244.3170623779297,1369.673095703125,666.6122184245372,-0.010566711,-14.12106323,1.809204102,-27.54673004,44.06080627441406,-39.35620117,-0.000742227,-0.991891919,0.1270821395360368,-0.422592916,0.6759344788364053,-0.603761383,2.601380176722301,-0.510596008,-2.544391479,0.1803955078124958,-1.816259766,-15.49050293,9.536132812499234,207,0.2833333333333333,10011YOWE03,0.1855221590523671,33.58120117086587,-37.13976451,-32.01354232,32.013542316099745,283.3333333333333,10011YOWE03,G,1,16.1,59,37,0.01875,1.1433394245377309,-0.533682242,-0.987361702,0.2180026891714137,124.44276784640614,-68.28415893,-1.594050295,7.239028653343532,-3.378997489,-6.251459104,1.3802792762576763,787.9066730387052,-432.3396644,-10.09269471,1001,1YO,59,WE03,Wind_success,3,Left,W,0,Naive,Left,5,TRUE,First,Head-On,TRUE,TRUE,,,,2.51862855,0.275,275,645.7778784596168,,2.077678638682005,1.6029990169902633,26.70965637583237,25.16714725467853,524.3574213149404,7964.859523809524,18.965235667874605
10011YOWE04_f230,32.02193965394213,141.9299218928391,20.09356243475986,-151.1820831,-276.5117798,1418.037841796875,146.8783802982172,2.474105834960937,-14.30487061,2.79675293,-50.1978302,-9.266204834,-48.46118164,0.1673480526450728,-0.967578753,0.1891718413573828,-0.713180493,-0.131648649,-0.688507238,1.0970650701168403,0.1083105468750003,-1.090187988,0.057539063,-30.3079834,-0.839794922,-0.958007812,230,0.091666667,10011YOWE04,1.9724081734331969,23.56476036559476,-43.51205969,-100.4587094,100.45870939547206,91.66666666666666,10011YOWE04,G,1,16.1,59,37,0.009375,0.5707317666488634,-0.201938087,-0.533733745,-0.009167793,50.95966323761344,-19.11654416,-1.095190738,3.6135757444163534,-1.278566596,-3.379323574,-0.058045684,322.6499973889834,-121.0359828,-6.934176295,1001,1YO,60,WE04,Wind_success,4,Left,W,0,Naive,Left,6,TRUE,First,Head-On,TRUE,TRUE,0.2833333333333333,283.3333333333333,492.3385485095705,2.626459961988876,0.3,300,534.9530018801629,1.5062425604722898,2.5685831535652164,1.580368144682505,26.548402932187773,22.65601165894572,524.3574213149404,7964.859523809524,18.965235667874605
10011YOWE05_f235,69.95941397,104.06339696248376,34.878253428141306,-113.3218842,-315.0143127,1432.664551,130.15376580446426,-1.108078003,-14.17047119,1.634033203,-52.81489563,-13.63601685,-45.84509277,-0.077448186,-0.990433236,0.1142093845221005,-0.741220506,-0.191372059,-0.643404147,1.5749808459588777,-0.534328308,-1.470776367,0.1785351562500006,-21.7427124,16.757226562500126,13.466601562500095,235,0.05,10011YOWE05,1.265228987646799,21.28779676843228,-40.04612908,-104.4767692,104.4767691674606,50,10011YOWE05,G,1,16.1,59,37,0.013541667,0.9779340936202264,-0.46730477,-0.813505778,0.2760248050819207,82.65042519344878,-48.69977658,-1.020034966,6.191768404785499,-2.958729966,-5.150694107,1.7476450388557798,523.2993661775523,-308.3415742,-6.45832916,1001,1YO,62,WE05,Wind_success,5,Left,W,0,Naive,Left,8,TRUE,First,Head-On,TRUE,TRUE,0.2833333333333333,283.3333333333333,643.4214457974948,2.8018425229678674,0.25,250,554.7196756,1.5522474000310362,1.9582678317116569,0.9985591502760934,31.17887929231791,26.063448429568687,524.3574213149404,7964.859523809524,18.965235667874605
10011YOWE06_f232,139.99826793670655,120.32805042266848,30.482351684570403,-43.32543564,-298.7682495,1428.244873046875,187.10298904084868,-0.68384552,-13.8638916,3.651855469,-36.71108627,-16.51751709,-60.19470215,-0.047644482,-0.96591688,0.254429921,-0.506954066,-0.228095197,-0.831246147,1.5837468151934089,-0.607493591,-1.396343994,0.4352343750000015,-5.156433105,0.8942871093749926,-9.0421875,232,0.075,10011YOWE06,1.6857575042955768,18.64593592969932,-56.22696099,-114.2245372,114.2245371815427,75,10011YOWE06,G,1,16.1,59,37,-0.00625,0.6946428123518491,-0.249435188,-0.63826604,0.1136977851034573,26.95646740961328,-10.3979565,-2.489999737,4.398115830290103,-1.57929346,-4.041167522,0.719875049,170.67428602841113,-65.83443501,-15.76537908,1001,1YO,63,WE06,Wind_success,6,Left,W,0,Naive,Left,9,TRUE,First,Head-On,TRUE,TRUE,0.3416666666666667,341.6666666666667,701.0573415,2.445981361038445,0.375,375,777.9135863829567,1.242324958043866,2.470309910303945,1.3387325369292964,25.40239375139261,21.296866967072017,524.3574213149404,7964.859523809524,18.965235667874605
10011YOWE07_f222,54.44438929547846,265.6240551,-0.285315273,-128.8995667,-153.4479218,1397.4693603515625,271.1464762748178,1.572998047,-14.02485657,3.5,-53.93251038,4.287124633789063,-43.67053223,0.1081817990668522,-0.964549332,0.2407099598668932,-0.775689401,0.061659973,-0.628095535,2.115675050271672,-0.17972168,-2.099360962,0.1909570312499955,-10.62421875,4.832995605475338,-11.71933594,222,0.1583333333333333,10011YOWE07,0.4171714839739773,,-38.90975393,-85.45508392,85.45508391775763,158.33333333333331,10011YOWE07,G,1,16.1,59,37,-0.007291667,0.8430561977195012,-0.259651184,-0.801266124,0.036022409,79.96316668329564,-25.52541958,-0.864748746,5.337791946,-1.643975812,-5.073199004,0.2280751004909506,506.2850474752954,-161.6136379,-5.475137843,1001,1YO,64,WE07,Wind_success,7,Left,W,0,Naive,Left,10,TRUE,First,Head-On,TRUE,TRUE,0.2166666666666666,216.66666666666669,399.25987015379593,2.6260828649446832,0.2833333333333333,283.3333333333333,569.7702865415434,,2.4896881030354594,1.498016309235018,29.393291454539835,25.480475527406192,524.3574213149404,7964.859523809524,18.965235667874605
10011YOWE08_f240,33.483794657389325,26.00068099,39.21655553181972,-149.8443604,-393.0780945,1436.9725341796875,57.75065492467032,4.533981323242188,-13.5145874,2.317260742,-27.7258606,-6.092163086,-62.36462402,0.3139446007969518,-0.935785008,0.1604531308762171,-0.404630598,-0.088908894,-0.910147948,1.3023922665975072,0.2388354492187508,-1.254320068,-0.256640625,-2.660009766,23.472949218750163,-11.99179688,240,0.008333333,10011YOWE08,1.950216002,20.332960179886648,-65.52580488,-102.3925826,102.39258263507168,8.333333333333334,10011YOWE08,G,1,16.1,59,37,0,0.953750025,-0.409728378,-0.855562983,0.098862275,92.45596118531536,-45.89008723,-1.775758199,6.038647503086013,-2.594186297,-5.416978383,0.625944339,585.3829036495614,-290.5520874,-11.24317434,1001,1YO,65,WE08,Wind_success,8,Left,W,0,Naive,Left,11,TRUE,First,Head-On,TRUE,TRUE,0.2333333333333333,233.33333333333331,429.6211845717707,2.4250899860499127,0.325,325,639.2401504773773,1.478424310593628,2.825004757935374,1.1713600799548265,28.47658875561501,24.28559666318105,524.3574213149404,7964.859523809524,18.965235667874605
10011YOWE09_f238,56.64779647158181,85.43126256381294,23.90412867790974,-126.6763763,-333.6314697,1421.6712646484375,105.25626269340448,-1.841506958,-13.73712158,4.019287109,-35.50857544,-9.954315186,-62.2019043,-0.127607543,-0.951916218,0.2785171960468197,-0.491046842,-0.137657875,-0.860187949,1.6247312996661436,-0.453114624,-1.530483398,0.3034130859375011,-0.093273926,-1.861083984,-8.172070312,238,0.025,10011YOWE09,0.6483699335260065,11.003439000510836,-59.33769238,-105.6600715,105.6600715389875,25,10011YOWE09,G,1,16.1,59,37,0.017708333,0.6315818702475458,-0.082923155,-0.599854327,0.1794274089793774,63.78145520401725,-7.642689062,-1.495037139,3.998846849440904,-0.525026149,-3.797964603,1.1360407302687547,403.83089384021406,-48.38951926,-9.465795068,1001,1YO,66,WE09,Wind_success,9,Left,W,0,Naive,Left,12,TRUE,First,Head-On,TRUE,TRUE,0.2083333333333333,208.33333333333331,491.0816017479882,2.6797980957129184,0.2,200,468.9078146,1.5859314009376575,2.598247551463475,1.413299128499988,29.02561954,23.07492140059418,524.3574213149404,7964.859523809524,18.965235667874605
10011YOWE10_f216,87.31331605911254,426.2194582303365,-5.614200083,-96.04593658,7.166911602020264,1392.158447265625,435.1070684072791,0.202880859,-14.39237738,1.966308594,-57.42946625,15.275427341461182,-33.88415527,0.013965304,-0.990699307,0.135350853,-0.839517139,0.2232997082638729,-0.495326371,2.3063162137371203,-0.373085632,-2.273922558,0.095800781,-0.152050781,14.026183319091864,-7.51640625,216,0.2083333333333333,10011YOWE10,1.055283933149495,,-29.6912739,-75.10500536,75.10500536118616,208.33333333333331,10011YOWE10,G,1,16.1,59,37,0.022916667,0.923000285,-0.357666961,-0.808715615,0.2645428616299733,91.54350035490924,-41.68451717,-0.367981798,5.843956195417713,-2.264560571,-5.120365296,1.6749473640788226,579.6056777841677,-263.9246122,-2.329868736,1001,1YO,67,WE10,Wind_success,10,Left,W,0,Naive,Left,13,TRUE,First,Head-On,TRUE,TRUE,0.2833333333333333,283.3333333333333,625.9446481738962,2.616532862082601,0.2416666666666666,241.66666666666663,517.4791003,,3.061997330446204,2.110764574866329,31.976134822253464,23.353191597668605,524.3574213149404,7964.859523809524,18.965235667874605
10011YOWE11_f237,21.527877902984613,77.19460086822511,41.3125473,-161.8339844,-341.8744812,1439.0745849609375,90.16197920859273,4.124679565429688,-13.88763428,-0.011230469,-48.32315063,-13.38214111,-50.24768066,0.2847116324201995,-0.958612897,-0.000775198,-0.680740243,-0.188517551,-0.707851576,1.0929412850522384,0.2089141845703076,-1.069467773,-0.084345703,-11.69055176,-0.004394531,-13.89023437,237,0.033333333,10011YOWE11,0.3226978270547492,18.409124420886368,-45.06038145,-105.4790187,105.47901869803778,33.333333333333336,10011YOWE11,G,1,16.1,59,37,0.021875,0.6847138314000353,-0.404796954,-0.54805531,0.067881025,61.402500434661896,-45.23221603,1.8188630944720168,4.335250703744027,-2.562963096,-3.470000255,0.4297872275393789,388.7685935549471,-286.3867902,11.516092050018788,1001,1YO,68,WE11,Wind_success,11,Left,W,0,Naive,Left,14,TRUE,First,Head-On,TRUE,TRUE,0.2583333333333333,258.33333333333337,446.4807507369732,2.390197310220138,0.2666666666666666,266.6666666666667,466.0595220528007,1.1547724316552042,2.335033899011204,1.3904406149743955,26.14160364566528,22.392405435640477,524.3574213149404,7964.859523809524,18.965235667874605
10011YOWE12_f236,18.405238405863457,100.80991344451904,19.07610931396493,-164.9641113,-318.2371521,1416.8358154296875,104.2366988925994,3.578720092773437,-13.94677734,2.987548828,-51.22587585,-22.44155884,-43.01123047,0.2433629210054996,-0.948419654,0.2031616305860906,-0.726065685,-0.318082327,-0.609632885,1.4341111542029004,0.2636773681640634,-1.360924072,0.3674707031250013,1.783081054687515,2.6622070312500328,-9.225,236,0.041666667,10011YOWE12,1.3379976401396887,15.253662782275722,-37.56296292,-113.6577592,113.65775917159532,41.66666666666666,10011YOWE12,G,1,16.1,59,37,0.01875,0.679018198,-0.153181355,-0.661236506,-0.019169478,76.85758809286183,-18.90512228,-1.610353233,4.299188924669687,-0.96986441,-4.186604529,-0.121371132,486.6221442998451,-119.6973698,-10.19591641,1001,1YO,69,WE12,Wind_success,12,Left,W,0,Naive,Left,15,TRUE,First,Head-On,TRUE,TRUE,0.2166666666666666,216.66666666666669,443.1013306080794,2.447913001221018,0.25,250,522.3996735197018,1.4008869494659726,2.728067644980752,1.6299327949455538,29.03775603023112,24.158000372635644,524.3574213149404,7964.859523809524,18.965235667874605
10011YOWI01_f233,-60.41221574,97.63669986724852,41.239841206868505,64.62509155273438,-331.7371826,1441.4224853515625,121.99707158177802,-0.087638855,-14.3805542,0.534301758,32.55359649658203,4.27355957,-64.69372559,-0.006089946,-0.999291956,0.037128155,0.4487152376678829,0.058906281,-0.891731286,1.756316413921335,0.3028889465332042,-1.727713623,0.088945313,7.962945556640687,-6.811083984,-7.4671875,233,0.066666667,10011YOWI01,1.3652393894653647,17.93881959818489,-63.09161214,82.52111243212833,82.52111243212833,66.66666666666667,10011YOWI01,G,1,16.1,59,37,-0.010416667,0.772917407,-0.213854473,0.7427432029293441,0.000342421,-75.6787698,-23.97415307,2.7539735346608163,4.893709721885831,-1.354014935,4.702662405134475,0.002168032,-479.1584819,-151.7918277,17.43672342622129,1001,1YO,77,WI01,Wind_success,1,Left,W,0,Naive,Right,1,FALSE,Second,Head-On,TRUE,TRUE,0.1416666666666666,141.66666666666666,253.46681276128936,2.5477552694306635,0.25,250,506.35086834547593,1.5806240060826964,3.756403233342784,2.020040071,26.615274303326395,22.87089107706964,524.3574213149404,7964.859523809524,18.965235667874605
10011YOWI02_f240,-51.70866518,16.191898536682118,28.27917887,73.35147857666016,-413.190094,1428.4456787109375,61.12017335308768,-7.049568176,-11.95278931,3.635864258,12.834083557128906,22.891876220703125,-60.35595703,-0.491423091,-0.833225032,0.2534549080245801,0.1950028813376902,0.3478224060480946,-0.91705695,1.6907336950253324,0.518963928,-1.605692139,-0.104926758,10.77044677734382,-10.36713867,5.073046875000034,240,0.008333333,10011YOWI02,1.936988156067062,21.34054160981717,-66.49955111,29.276699698711056,29.276699698711056,8.333333333333334,10011YOWI02,G,1,16.1,59,37,-0.002083333,0.6134888436456842,-0.261698248,0.5516483586426163,-0.059721661,-50.05108198,-26.52920569,-0.130188574,3.884291245754328,-1.656936754,3.492749562448106,-0.378126394,-316.897335,-167.9690877,-0.824286122,1001,1YO,80,WI02,Wind_success,2,Left,W,0,Naive,Right,2,FALSE,Second,Head-On,TRUE,TRUE,,,,2.453081403203102,0.275,275,539.6820413,1.5856103826225212,2.3652542465087136,1.469622822022092,22.18288888883842,21.01306178635288,524.3574213149404,7964.859523809524,18.965235667874605
10011YOWI03_f227,-87.76747189,205.8398595174154,49.17610423,37.33099365234375,-223.5548553,1449.293457,229.1101615257755,1.2615890502929688,-14.29043579,-0.707275391,49.57562255859375,-1.644363403,-53.41052246,0.087833352,-0.994917379,-0.049241366,0.6801315911719459,-0.022559142,-0.732742863,1.7058573308925051,0.0644133,-1.70385498,0.05175293,14.769635009765729,12.962548828125096,-19.39042969,227,0.1166666666666666,10011YOWI03,3.093756180521469,21.261055539334944,-47.11683353,91.89973519440969,91.89973519440969,116.66666666666669,10011YOWI03,G,1,16.1,59,37,0.017708333,0.6765436879402288,-0.34792231,0.580141046,-0.009889123,-48.55802747,-34.67247934,0.2161905282629103,4.283521618453909,-2.202862527,3.673150389,-0.062612768,-307.4440929,-219.5280474,1.3688056189520792,1001,1YO,82,WI03,Wind_success,3,Left,W,0,Naive,Right,3,FALSE,Second,Head-On,TRUE,TRUE,0.175,175,341.1277116488687,2.493476727054115,0.2333333333333333,233.33333333333331,478.5587745339208,1.4870355646134927,3.2103291006625843,1.9164058506212025,27.738228264927503,21.447918444050387,524.3574213149404,7964.859523809524,18.965235667874605
10011YOWI04_f230,-27.97102221,105.3874401728312,37.03785858154288,96.74752807617188,-324.0218201,1437.330078,115.15508498489598,-3.091934204,-14.11755371,0.588745117,45.17765808105469,-4.996643066,-51.9822998,-0.213765171,-0.97603671,0.040703712,0.6542577996494594,-0.072360827,-0.752801861,1.103700562849755,-0.082979736,-1.091623535,0.1400976562500005,-7.098266602,21.80654296874608,-0.026367187,230,0.091666667,10011YOWI04,0.8722785272544595,18.096395896531817,-48.83367016,96.31125533026014,96.31125533026014,91.66666666666666,10011YOWI04,G,1,16.1,59,37,-0.005208333,0.3878312929639941,-0.213951386,0.3193171551518275,-0.051715284,-34.42091421,-26.24757792,-1.138744227,2.4555453806421017,-1.354628539,2.0217496099925136,-0.327434195,-217.9352683,-166.1859677,-7.209934261,1001,1YO,84,WI04,Wind_success,4,Left,W,0,Naive,Right,4,FALSE,Second,Head-On,TRUE,TRUE,0.2583333333333333,258.33333333333337,418.5685494531564,2.400757376738697,0.2583333333333333,258.33333333333337,418.5685494531564,1.112285808873292,1.9293038486660627,1.193759996742546,27.741412918314573,22.78257157,524.3574213149404,7964.859523809524,18.965235667874605
10011YOWI05_f232,-13.75117986,108.56241622000994,31.77680500962288,110.81680297851562,-320.7731018,1431.941162109375,113.95024572070172,-4.268913269,-13.39465332,-1.065917969,53.24894714355469,0.088134766,-44.67150879,-0.302785288,-0.950055366,-0.075603382,0.7661122802868836,0.001268027,-0.642705505,1.6370607567658608,-0.240176697,-1.597276611,0.2664404296875009,-13.25819092,9.762890625000082,12.793359375000088,232,0.075,10011YOWI05,1.5419100751775534,21.13129026080934,-39.99385931,89.90516722379871,89.90516722379871,75,10011YOWI05,G,1,16.1,59,37,-0.007291667,0.6983373211302597,-0.136677867,0.6578911131859672,-0.190193212,-78.96258696,-19.629628,1.883128206530559,4.421507532118068,-0.865372935,4.165423247832844,-1.20420418,-499.9498987,-124.2845619,11.922985206694646,1001,1YO,86,WI05,Wind_success,5,Left,W,0,Naive,Right,5,FALSE,Second,Head-On,TRUE,TRUE,0.2,200,360.4152208,2.571553471803488,0.2416666666666666,241.66666666666663,460.57273921114967,1.3229761795227923,2.388934942166856,1.443913962976639,26.26986002774343,22.435834384206096,524.3574213149404,7964.859523809524,18.965235667874605
10011YOWI06_f237,-26.02032844,73.59491240183513,45.31548970540371,99.14458465576172,-355.7948303,1445.4620361328125,90.25941630055668,-4.674026489,-13.65109253,1.021728516,40.01241302490234,-6.676849365,-56.97961426,-0.323121554,-0.94371785,0.070633426,0.5720584752178813,-0.095459083,-0.814638978,1.1713559119562005,-0.297127991,-1.107908936,0.2373339843749945,-12.45124512,13.880126953128268,2.074218749999201,237,0.033333333,10011YOWI06,1.5535398378845051,,-54.55168047,99.47362646306614,99.47362646306614,33.333333333333336,10011YOWI06,G,1,16.1,59,37,0.011458333,0.5083682839237396,-0.135502832,0.4547910617103506,-0.182324943,-48.12375299,-17.37276652,1.6836932883844524,3.218722712428942,-0.857933226,2.879499697420876,-1.154386405,-304.6944935,-109.9952926,10.660267368096012,1001,1YO,87,WI06,Wind_success,6,Left,W,0,Naive,Right,6,FALSE,Second,Head-On,TRUE,TRUE,0.1916666666666666,191.66666666666669,347.3137276343593,2.5711872152726154,0.2333333333333333,233.33333333333331,447.29189574857577,0.9153042490089006,2.868714900625499,1.276137673701014,27.973639844209423,24.07086060036134,524.3574213149404,7964.859523809524,18.965235667874605
10011YOWI07_f229,-28.20634982,141.6246068318685,32.91539891560865,96.67906188964844,-287.7073975,1433.145996,148.10992848592358,-3.318023682,-13.87823486,0.294311523,53.32492065429688,-5.680603027,-45.29467773,-0.232478384,-0.972382936,0.02062103,0.7596617154363323,-0.080925327,-0.645263643,1.4221874466531217,0.073501282,-1.413354492,0.1401562499999967,17.12142333984318,10.552587890629304,-4.593164063,229,0.1,10011YOWI07,1.381150448107359,20.42599176864526,-40.18544543,96.08067865110728,96.08067865110728,100,10011YOWI07,G,1,16.1,59,37,0.003125,0.4938746577484095,-0.249003455,0.411457285,-0.112304761,-44.64577083,-27.67157009,-0.868312738,3.1269566341127986,-1.576559949,2.605132837233897,-0.711055145,-282.6737252,-175.2019431,-5.497703181,1001,1YO,90,WI07,Wind_success,7,Left,W,0,Naive,Right,8,FALSE,Second,Head-On,TRUE,TRUE,0.225,225,391.7934291878844,2.455085788238189,0.2833333333333333,283.3333333333333,532.0139414535621,1.1610438234408598,2.6082393825290064,1.4206832567404633,28.01342579032155,22.163595354380327,524.3574213149404,7964.859523809524,18.965235667874605
10011YOWI08_f219,-55.0756969,19.71523145039879,40.96627553304029,69.90287017822266,-409.6212769,1441.1595458984375,71.41609392103295,0.439941406,-14.16415405,-2.079467773,16.65692901611328,-59.25216675,-26.02844238,0.030716279,-0.988927407,-0.14518641,0.249257145,-0.886659595,-0.38949408,0.041444604,-0.004621582,-0.002094727,0.041132813,-2.042468262,-0.695214844,8.228320313,219,0.1833333333333333,10011YOWI08,0.6251585724294959,19.547151503467774,-22.92302325,164.29830079719676,164.29830079719676,183.3333333333333,10011YOWI08,G,1,16.1,59,37,0.052083333,0.1808002777266615,0.1804778724455465,0.010397001,-0.002894885,0.4065661066788996,15.787179404703798,-0.092723197,1.1447330188276732,1.142691716815435,0.065828384,-0.018328898,2.574164445450514,99.95618240168037,-0.587074904,1001,1YO,91,WI08,Wind_success,8,Left,W,0,Naive,Right,9,FALSE,Second,Head-On,TRUE,TRUE,,,,0.3880953312371946,0.3333333333333333,333.3333333333333,73.93218356887492,0.3492069984589361,1.678479082697726,0.4590361534884692,31.60607259,24.43376985762408,524.3574213149404,7964.859523809524,18.965235667874605
10011YOWI09_f236,-28.02487635,70.66464794055406,35.19117587095502,97.08002471923828,-358.7330322,1435.4312744140625,83.76935610446309,-2.690261841,-13.89123535,1.737915039,38.66730499267578,-9.977539063,-58.9050293,-0.188715146,-0.974435451,0.1219103976254345,0.5433441628315889,-0.140202106,-0.827720055,1.4465699527025162,-0.051799622,-1.432218018,0.1965527343750007,6.636511230468797,4.902099609375039,5.403515625000041,236,0.041666667,10011YOWI09,1.0492077568377245,17.944770285671705,-55.86523996,104.46873773337236,104.46873773337236,41.66666666666666,10011YOWI09,G,1,16.1,59,37,0,0.793396486,-0.259221468,0.7208978962527082,-0.206369661,-83.1987488,-32.69281375,1.258493654286935,5.023372560984558,-1.641255079,4.564349321915831,-1.306625011,-526.7710651,-206.9938379,7.968125149815026,1001,1YO,92,WI09,Wind_success,9,Left,W,0,Naive,Right,10,FALSE,Second,Head-On,TRUE,TRUE,0.2583333333333333,258.33333333333337,516.3250440165398,2.415526186381107,0.1916666666666666,191.66666666666669,357.6296233369632,1.491155980461104,2.229760476100856,1.443468910419448,28.33675725277085,22.882445477884406,524.3574213149404,7964.859523809524,18.965235667874605
10011YOWI10_f233,-20.61454852,117.80532086690266,16.537881724039607,104.41810607910156,-311.5421448,1416.685302734375,120.73340369313568,-5.677246094,-13.28497314,2.245483398,43.45574951171875,-11.43759155,-51.94506836,-0.388302877,-0.908643595,0.1535828551978489,0.6326897427593774,-0.166524498,-0.756289152,1.2649895167063672,-0.186767578,-1.23677124,0.1889794921875006,14.835827636718856,2.616064453125038,-12.93046875,233,0.066666667,10011YOWI10,1.4246595758029874,20.99628351,-49.13814085,104.74586622324436,104.74586622324436,66.66666666666667,10011YOWI10,G,1,16.1,59,37,0.014583333,0.5566240974275533,-0.18789907,0.4943366112762381,-0.173653794,-46.46284383,-19.55602069,-0.317675429,3.524253344144669,-1.189678865,3.1298814828083787,-1.099485214,-294.1784833,-123.8185189,-2.011355054,1001,1YO,94,WI10,Wind_success,10,Left,W,0,Naive,Right,11,FALSE,Second,Head-On,TRUE,TRUE,0.2416666666666666,241.66666666666663,426.7126082123828,2.359200122570192,0.2916666666666667,291.6666666666667,541.0446825572144,1.431090169354845,2.2081836851443746,1.104176055,24.675511701273475,21.248621405929853,524.3574213149404,7964.859523809524,18.965235667874605
10011YOWI11_f234,-0.479148244,90.83532823152484,29.99285595601191,124.18122100830078,-338.8440247,1430.4964599609375,95.66011628,-6.878585815,-12.51303101,0.560180664,49.83889008,-19.00494385,-42.67919922,-0.481355905,-0.87564821,0.03920083,0.729570537,-0.278205375,-0.624762836,1.2962417826747328,-0.27295166,-1.26682251,-0.030014648,12.752819824218838,-4.871337891,1.128515625000008,234,0.058333333,10011YOWI11,0.9896232851690426,20.025646202091863,-38.66478235,110.87322911188836,110.87322911188836,58.333333333333336,10011YOWI11,G,1,16.1,59,37,0.01875,0.7086341428308164,-0.381898846,0.576189326,-0.155953453,-68.2685673,-48.46316758,-2.151894742,4.486701634,-2.417984225,3.648130165167145,-0.987415892,-432.2409463,-306.8434896,-13.62467467,1001,1YO,97,WI11,Wind_success,11,Left,W,0,Naive,Right,13,FALSE,Second,Head-On,TRUE,TRUE,0.2416666666666666,241.66666666666663,436.8926793622769,2.4876767719218544,0.275,275,517.6243224231209,1.3846535864724188,3.060793696872728,1.5159792895712756,27.072120885885337,22.987557774756883,524.3574213149404,7964.859523809524,18.965235667874605
10011YOWI12_f228,-23.57917603,164.85995349884035,24.972769673665425,100.96258544921876,-264.7423401,1425.3314208984375,168.39958739557534,-3.143867493,-13.99121094,1.378051758,58.48358154296875,-4.634796143,-32.18994141,-0.218231057,-0.971197662,0.095657242,0.8739604351247829,-0.069260951,-0.481036463,1.9433033658684384,-0.054770508,-1.931017456,0.2111865234375007,-4.417272949,4.404858398437542,-3.216796875,228,0.1083333333333333,10011YOWI12,1.661562417873608,18.969687749895986,-28.75311693,94.53119319532534,94.53119319532534,108.33333333333334,10011YOWI12,G,1,16.1,59,37,-0.005208333,0.7702409262212419,-0.252526812,0.6903082905998258,-0.230164631,-76.03782434,-34.13409973,2.5649364163286497,4.876763640987722,-1.598868011,4.370671900265452,-1.457282346,-481.431828,-216.1193087,16.23983903057882,1001,1YO,99,WI12,Wind_success,12,Left,W,0,Naive,Right,14,FALSE,Second,Head-On,TRUE,TRUE,0.2166666666666666,216.66666666666669,419.6197708870838,2.7092856229430176,0.2416666666666666,241.66666666666663,485.1451963385297,1.279178268220325,2.541544051259949,1.3642462255675334,26.110811206699243,21.597339856494337,524.3574213149404,7964.859523809524,18.965235667874605
10011YOWI13_f231,-49.26232136,144.46632382068356,22.88711656160285,75.70274353027344,-285.1984863,1423.3485107421875,154.34090555847234,-0.8307724,-14.28726196,1.060668945,50.68017578,-5.338928223,-47.20715332,-0.057890939,-0.995583156,0.073910882,0.7295699979385692,-0.076856913,-0.679573861,1.7132540405577124,0.1933108520507819,-1.665714111,0.3510937500000012,0.9513061523437584,4.472753906250045,4.867382812500034,231,0.083333333,10011YOWI13,0.5837794594554785,16.671376439870894,-42.81035204,96.01367180718944,96.01367180718944,83.33333333333333,10011YOWI13,G,1,16.1,59,37,0.008333333,0.8915508106070396,-0.326833018,0.8190628103154404,-0.131069214,-88.16133154,-39.28200224,0.3882074200296996,5.644834530660434,-2.069336134,5.185878336311917,-0.82986187,-558.1915496,-248.7131412,2.4579268209628893,1001,1YO,100,WI13,Wind_success,13,Left,W,0,Naive,Right,15,FALSE,Second,Head-On,TRUE,TRUE,0.25,250,511.2234527274088,2.636319426612872,0.225,225,446.3297433256764,1.502524435903137,2.8538607931464504,1.4433165543655175,23.28333871254965,19.715745614562504,524.3574213149404,7964.859523809524,18.965235667874605
10021YOMI01_f217,77.75695682,366.2937016805013,-43.48839849,204.4667053222656,-64.54322052,1356.090576171875,376.9727589987483,-6.827224731,-12.0190506,4.275390625,35.49421691894531,28.67410659790039,-30.21032715,-0.471856854,-0.830684741,0.2954893752526048,0.648605131,0.523977546,-0.55204974,2.397964858320868,-0.234349365,-2.385451355,-0.070268555,4.9532958984375375,8.603750610351616,-18.253125,217,0.2,10021YOMI01,0.6642389548717004,,-33.50774762,51.06688779561502,51.06688779561502,200,10021YOMI01,G,1,15.9,59,36,0.009375,0.1348315252080897,0.007644388,0.1346123765592062,0.000782047,-17.24489914,0.8471553011871347,1.100120609775316,0.8644210131369593,0.049009085,0.8630160249726321,0.005013796,-110.5591082,5.431213824855491,7.053004633798883,1002,1YO,32,MI01,Wind_missed,1,Right,M,0,Naive,Right,1,TRUE,First,Failure,FALSE,FALSE,0.2,200,376.9727589987483,2.5300497736167773,0.225,225,437.24842910238897,,3.400851020019327,2.3377227006947043,31.48738225884824,25.53206970587204,496.39679914109774,7964.859523809524,18.791535669321657
10021YOMI02_f236,-12.719392,115.04337520599364,17.477737426757812,114.08464813232422,-315.8353577,1417.0782470703125,117.05653513211358,-6.322120667,-12.09777832,3.326293945,48.021522521972656,10.055816650390623,-30.26672363,-0.449987612,-0.861079796,0.2367545871257821,0.8330167300541753,0.1744356085398982,-0.5250289,2.239475309784758,-0.187673035,-2.190655518,0.4255078125000015,10.693652343750076,10.768798828125114,-8.216015625,236,0.041666667,10021YOMI02,1.629659496801953,,-31.67018881,78.17302476300257,78.17302476300257,41.66666666666666,10021YOMI02,G,1,15.9,59,36,0.020833333,1.245991950286704,-0.541110958,1.0877225698634454,-0.276684808,-142.0624498,-79.75722596,2.1971135192372824,7.988203221502279,-3.469126982,6.973519319032981,-1.773859351,-910.7793343,-511.3331023,14.085957207298948,1002,1YO,33,MI02,Wind_missed,2,Right,M,0,Naive,Right,2,TRUE,First,Failure,FALSE,FALSE,0.1416666666666666,141.66666666666666,361.6253135231681,2.6978057402358235,0.15,150,383.6705478477544,1.879363196491013,4.350758295,2.162674997225976,27.721583048155207,24.41375449713554,496.39679914109774,7964.859523809524,18.791535669321657
10021YOOE01_f232,417.3787600199381,174.75865421295168,166.16198272705083,235.34605407714844,-252.9755707,1563.1876220703125,482.0325933397946,11.80432129,-8.35383606,-0.309570313,58.32853698730469,-31.76786804,-19.34338379,0.8160839634838869,-0.577536944,-0.021401939,0.8431671829811183,-0.459219881,-0.279617958,1.4139012128393231,-0.932451782,0.941460571,-0.493256836,10.98852539,-0.869458008,-19.19355469,232,0.075,10021YOOE01,1.7602187692589917,20.503879997887825,-16.23740459,118.57433756997236,118.57433756997236,75,10021YOOE01,G,1,15.9,59,36,0.2385416666666666,0.7490437272668958,0.1727220638652458,-0.728772032,0.011176766,88.97255980313548,24.53287420812819,1.0375935186642926,4.802208805460324,1.1073417823248373,-4.672244543,0.071655581,570.4137082757004,157.2831868913648,6.652135984,1002,1YO,59,OE01,Wind_hitNrun,1,Right,O,0,Naive,Left,2,FALSE,Second,Failure,FALSE,FALSE,,,,1.5542072300778718,0.025,25,449.13710389030194,1.4895423467701605,2.623103688890147,1.5327436919200106,21.67978189310264,21.38219952744732,496.39679914109774,7964.859523809524,18.791535669321657
10021YOUE01_f211,-66.66078329,-247.8361667,-4.422702026,-248.6740417,-675.5921631,1392.5242919921875,256.68265591305635,19.054107666015625,37.59295654296875,37.69494629,26.89784240722656,48.59979248046875,40.41796875,0.336979765,0.664846965,0.6666506961473458,0.3915528068257503,0.7074688322125036,0.5883657458713528,52.57066077286562,-48.24436707,1.887685546875007,-20.79884766,-5706.462305,444.8039062500003,-2536.247461,211,0.25,10021YOUE01,19.12304055479505,23.23938841653233,36.04112213853591,28.96259420321157,28.96259420321157,250,10021YOUE01,G,1,15.9,59,36,0.028125,0.3163753455823763,-0.271676586,0.1106607236116256,-0.118487958,-9.388308214,-25.98750319,-2.297831576,2.02832013,-1.741751044,0.7094591170069406,-0.759640449,-60.18956535,-166.6089871,-14.7316727,1002,1YO,58,UE01,Wind_Uturn,1,Right,U,0,Naive,Left,1,FALSE,Second,U-Turn,TRUE,FALSE,,,,1.0662718426958175,0.1666666666666666,166.66666666666666,192.2331418364177,0.6289843379585018,5.2272780295111385,2.1570643724082523,25.92280005706376,22.647016742532216,496.39679914109774,7964.859523809524,18.791535669321657
10021YOUE02_f229,102.54523655573529,-104.138607,117.77839711507158,-79.46524048,-531.8465576,1514.808837890625,187.7022265,-0.274810791,13.77636719,-3.944580078,-0.759712219,-45.13348389,-40.23632813,-0.019173822,0.9611908328410512,-0.275217273,-0.012563543,-0.746383233,-0.665397796,1.0679407189457286,-0.280769348,0.9910107421874772,-0.282070312,5.021850586,-15.52324219,-11.85644531,229,0.1,10021YOUE02,0.3743309027940167,27.25882062703109,-41.71285042,-179.0356562,179.03565624179294,100,10021YOUE02,G,1,15.9,59,36,0.015625,0.7426635814688879,-0.579320321,0.4630134960557875,0.039441906,-33.5673473,-40.94747496,2.2949805335490554,4.761304928669166,-3.714091772,2.9684348281229367,0.2528667681411518,-215.204273,-262.5191529,14.713394325832676,1002,1YO,63,UE02,Wind_Uturn,2,Right,U,0,Naive,Left,4,FALSE,Second,U-Turn,TRUE,FALSE,,,,3.2101521320024315,0.7833333333333333,783.3333333333334,476.0155561639953,1.2592650703866035,4.447841944834414,1.9527299144603605,27.170678789315225,23.510803107742635,496.39679914109774,7964.859523809524,18.791535669321657
10021YOWE01_f238,29.8195713,72.97847410837807,30.057644653320267,-152.2315521,-354.7538452,1427.065673828125,84.37136076931546,5.481262207,-12.7376709,3.740478516,-42.3563385,-9.619689941,-45.07067871,0.3816349568148179,-0.88686516,0.2604322330988174,-0.676687562,-0.153684779,-0.720052034,1.5767554095068192,0.4335351562500015,-1.497879639,0.2335839843750008,-19.85734863,11.70571289061996,2.431054687500698,238,0.025,10021YOWE01,2.2734670889317226,22.27085583546437,-46.05877664,-102.7955826,102.79558264406604,25,10021YOWE01,G,1,15.9,59,36,0.026041667,0.7309379084835282,-0.377491888,-0.623660048,-0.05308715,58.997982402325626,-37.49934776,1.031392298631749,4.686130238580375,-2.420145585,-3.998359059,-0.340348058,378.2431122287335,-240.4127976,6.612379221765423,1002,1YO,60,WE01,Wind_success,1,Right,W,0,Naive,Left,3,FALSE,Second,Head-On,TRUE,TRUE,0.1333333333333333,133.33333333333334,294.4017949260615,2.4489795918340005,0.275,275,629.7147240447737,1.4085660035368797,3.979556809845653,1.917517707587089,28.00512439994798,23.565230919214727,496.39679914109774,7964.859523809524,18.791535669321657
10021YOWE02_f217,0.9810802777608104,433.4123783111572,64.48095982869472,-181.0668793,5.667362213134766,1461.494141,438.1838043244807,2.317535400390625,-14.06892395,2.810668945,-21.06741333,44.30876159667969,-13.86071777,0.1594680982297329,-0.968073474,0.1934002955841825,-0.413227817,0.8690963884415563,-0.271871732,2.095408544325054,-0.178983765,-2.074124222,-0.238139648,-4.120092773,1.4208618164062743,-2.541796875,217,0.2,10021YOWE02,1.4915299128072952,,-15.77567622,-25.4296082,25.429608199676352,200,10021YOWE02,G,1,15.9,59,36,0.020833333,0.8147152637568517,-0.295150142,-0.75925854,0.013184231,75.75323838959497,-26.95173195,-3.05264011,5.223236870071302,-1.892242816,-4.86769719,0.084525681,485.6630597041587,-172.7907728,-19.57084037,1002,1YO,64,WE02,Wind_success,2,Right,W,0,Naive,Left,5,FALSE,Second,Head-On,TRUE,TRUE,,,,2.2763147317925485,0.4583333333333333,458.3333333333333,956.1572478896228,,3.356518854648136,2.0923618580587373,23.03492298782344,19.886096245091466,496.39679914109774,7964.859523809524,18.791535669321657
10021YOWE03_f219,6.769417254130048,426.5297949,-77.72975769,-175.2807312,-1.22759819,1319.3199462890625,433.60743324362943,0.939941406,-13.48047352,4.819213867,-25.55921936,31.21906852722168,-36.29455566,0.065515624,-0.939613506,0.3359079659581012,-0.470966791,0.5752579650021613,-0.668781396,2.4878828186826443,0.017585449,-2.483712616,0.1429101562500005,27.12041015625019,-1.27114563,5.941406250000042,219,0.1833333333333333,10021YOWE03,1.1601771273245671,,-41.9730819,-39.30737128,39.30737127929814,183.3333333333333,10021YOWE03,G,1,15.9,59,36,0.019791667,1.0114396812315098,-0.040705946,-1.008439833,0.06635026,127.92212144507812,-4.539109288,-0.781880561,6.484460608360804,-0.260970684,-6.465228226,0.4253794390133462,820.1240003146457,-29.10077182,-5.012729669,1002,1YO,69,WE03,Wind_success,3,Right,W,0,Naive,Left,6,FALSE,Second,Head-On,TRUE,TRUE,,,,2.483642998706157,0.1833333333333333,183.3333333333333,433.60743324362943,,3.0615271628374963,1.8062452211968372,28.97186220591311,24.37659981,496.39679914109774,7964.859523809524,18.791535669321657
10021YOWE04_f221,39.900821018219006,249.7096398671468,-22.14446767,-142.1028137,-178.02948,1374.886719,253.8451441508614,2.6777496337890625,-12.57618713,6.710449219,-53.12202454,-5.327529907,-26.76501465,0.184623679,-0.867094486,0.4626675362746548,-0.889490767,-0.089205724,-0.448161259,1.7507351970944849,0.084721069,-1.736693115,0.2044335937500007,-18.66335449,-3.899047852,-26.34433594,221,0.1666666666666666,10021YOWE04,1.214799389797015,23.83298634575813,-26.62577331,-95.72696071,95.72696070846564,166.66666666666666,10021YOWE04,G,1,15.9,59,36,0.021875,0.5862179241371507,-0.239912046,-0.531518414,-0.059848479,30.20917924,-14.04277761,0.6821295251106931,3.7583131327752497,-1.538104786,-3.407628038,-0.383695748,193.67465647484403,-90.02992463,4.373213862832132,1002,1YO,70,WE04,Wind_success,4,Right,W,0,Naive,Left,7,FALSE,Second,Head-On,TRUE,TRUE,0.275,275,483.3127023209366,2.407162867,0.25,250,423.9697851,1.226648121336196,2.738054915956234,1.453800376917405,30.02390200799743,23.88694475126988,496.39679914109774,7964.859523809524,18.791535669321657
10021YOWE05_f233,11.473447632091307,122.5694746711763,-6.225043516,-170.6145325,-305.2026367,1390.805664,123.2625948,4.068161010742188,-12.59118652,5.526245117,-49.1676178,-18.62637329,-28.48693848,0.2836989638841873,-0.878064207,0.3853805220039996,-0.822216822,-0.311483821,-0.476379395,1.5144533077610878,0.2233959960937508,-1.399731445,0.5333056640625019,-12.47036133,-1.309570313,5.109960938,233,0.066666667,10021YOWE05,0.4539979916999784,48.3313028,-28.44920034,-110.7483993,110.74839933445509,66.66666666666667,10021YOWE05,G,1,15.9,59,36,0.044791667,0.6046580729464697,-0.221167492,-0.560521584,0.050118657,57.12934579929661,-17.73257371,-0.643260053,3.876535129385813,-1.417931207,-3.593570826,0.3213166961584128,366.26305976635706,-113.6856481,-4.124017032,1002,1YO,71,WE05,Wind_success,5,Right,W,0,Naive,Left,8,FALSE,Second,Head-On,TRUE,TRUE,0.2916666666666667,291.6666666666667,575.4098238352525,2.301557453288064,0.2,200,384.7568326870479,1.2093076430306904,2.911892610240874,1.1655256572741122,29.27988727349771,23.77376931838729,496.39679914109774,7964.859523809524,18.791535669321657
10021YOWE06_f236,30.80007031758626,100.44262542724609,32.15679016,-151.1833191,-327.280304,1429.2061767578125,109.87003453059188,6.2753448486328125,-12.3024292,3.455078125,-18.49983215,-4.267700195,-57.77429199,0.4408042518972001,-0.864169736,0.2426979177835652,-0.304204196,-0.070176437,-0.95001846,1.2759689707815631,0.3872332763671888,-1.202453613,0.1795898437500006,19.33198242187513,19.142138671875102,5.377148437500038,236,0.041666667,10021YOWE06,2.251773026760385,20.603781416372613,-71.80851529,-102.99023,102.99022995502798,41.66666666666666,10021YOWE06,G,1,15.9,59,36,0.022916667,0.5873642224476926,-0.103975651,-0.565639437,-0.119322342,45.273783050545525,-7.77077768,-2.507390102,3.765662188164385,-0.66660032,-3.626381992,-0.764989787,290.2556308897065,-49.81938389,-16.07517744,1002,1YO,74,WE06,Wind_success,6,Right,W,0,Naive,Left,9,FALSE,Second,Head-On,TRUE,TRUE,0.2166666666666666,216.66666666666669,359.4671494817405,2.1076554971892767,0.4,400,717.0591741915727,1.4522512363110431,2.760312108985181,1.6227522255338007,26.447421504201365,22.90646611,496.39679914109774,7964.859523809524,18.791535669321657
10021YOWE07_f231,50.50635067621866,169.28326117197673,-17.59490407,-131.4751129,-258.4310608,1379.4405517578125,177.53110888233005,2.265106201171875,-12.67877197,6.000732422,-47.44706726,3.4190216064453125,-35.81640625,0.1594154294959551,-0.892316607,0.4223242759339915,-0.79681337,0.057418135,-0.601491157,1.880558816625865,0.2506988525390634,-1.801417236,0.4780664062500017,-5.942944336,6.207275390625049,-16.13144531,231,0.083333333,10021YOWE07,1.1748409519854603,27.27601313132239,-36.97676868,-85.87840718,85.87840718451366,83.33333333333333,10021YOWE07,G,1,15.9,59,36,0.020833333,0.5667501902715266,-0.08189671,-0.560634019,0.013718752,44.39297869334692,-2.302698803,-0.116799564,3.633503165628236,-0.52504959,-3.594291659,0.087952559,284.6086889475309,-14.76287707,-0.748815955,1002,1YO,75,WE07,Wind_success,7,Right,W,0,Naive,Left,10,FALSE,Second,Head-On,TRUE,TRUE,0.2083333333333333,208.33333333333331,453.60190223224765,2.4827089406952694,0.1916666666666666,191.66666666666669,411.9675076317386,1.241934655642475,3.608706784135263,1.812998163168011,26.47905611560573,23.75712570990549,496.39679914109774,7964.859523809524,18.791535669321657
10021YOWE08_f223,60.36395648320516,240.42518914540608,20.60352910359711,-121.6279221,-187.2873993,1417.63623,248.7420033477124,1.594635009765625,-13.55386353,4.411254883,-49.39267731,-0.562835693,-33.5723877,0.1111819757934922,-0.945009558,0.3075638190534078,-0.82700369,-0.00942381,-0.562117504,1.7571297904222425,0.341818542,-1.722420044,0.062724609,-12.05496826,3.9194824218693873,-16.02949219,223,0.15,10021YOWE08,1.0434918005454612,,-34.20236414,-90.65286427,90.65286426778698,150,10021YOWE08,G,1,15.9,59,36,0.023958333,0.5376575317135703,-0.280549828,-0.452578458,-0.074432215,17.314801766852103,-10.55886576,2.0550838063760666,3.446986656624099,-1.798638459,-2.901534553,-0.477193819,111.0072623035928,-67.69414958,13.175387753326197,1002,1YO,76,WE08,Wind_success,8,Right,W,0,Naive,Left,11,FALSE,Second,Head-On,TRUE,TRUE,0.3,300,552.4061090762561,2.2484861060757004,0.25,250,442.8596322080556,,3.5895659126888475,1.9930229203252292,29.38471082112733,23.957036443055056,496.39679914109774,7964.859523809524,18.791535669321657
10021YOWE09_f233,52.14854977925617,138.26669178009035,21.10071055094409,-129.9253845,-289.464386,1418.122559,149.27286855167213,4.048011779785156,-13.29763794,3.330078125,-47.38539124,-4.141967773,-38.80126953,0.2832072725940887,-0.930330241,0.2329791499165402,-0.771942596,-0.067475677,-0.63210099,1.6689285985491482,0.3352166748046887,-1.618905029,0.2282519531250008,-12.42773438,2.852929688,-20.0953125,233,0.066666667,10021YOWE09,1.0591964551943225,22.98451373317041,-39.20530044,-94.99553999,94.99553998822842,66.66666666666667,10021YOWE09,G,1,15.9,59,36,0.021875,0.6147280790550795,-0.112186943,-0.60282597,-0.043652615,43.23907778302642,-7.495747149,-2.923958698,3.9410951413656936,-0.719243894,-3.864789299,-0.279862127,277.2108923831184,-48.05613031,-18.74584847,1002,1YO,78,WE09,Wind_success,9,Right,W,0,Naive,Left,12,FALSE,Second,Head-On,TRUE,TRUE,0.2166666666666666,216.66666666666669,439.9025924038377,2.363811769739238,0.2166666666666666,216.66666666666669,439.9025924038377,1.3112398187908518,3.6126766557337273,1.7186178030025254,29.038344542252844,24.30797840730009,496.39679914109774,7964.859523809524,18.791535669321657
10021YOWE10_f238,75.29770571390787,80.05921491,32.78666433,-106.7103119,-347.6428223,1429.8135986328125,114.69170735259668,2.6541519165039062,-13.23065186,4.422119141,-29.30177307,-8.942230225,-53.9576416,0.1869075608697759,-0.931713385,0.311409267,-0.472241785,-0.14411738,-0.869607887,1.3045906236082168,0.2400952148437508,-1.279815674,-0.079892578,-7.489379883,0.3427734374958925,-26.18261719,238,0.025,10021YOWE10,0.7792772785856039,24.95058123967231,-60.4131054,-106.9709891,106.97098908182964,25,10021YOWE10,G,1,15.9,59,36,0.027083333,0.5829961824361302,-0.305835928,-0.490803992,-0.073894353,28.166210437215085,-19.64072579,0.9189706185297336,3.7376581619072446,-1.960750667,-3.146603015,-0.473745525,180.57693944194463,-125.9190391,5.891630402360149,1002,1YO,79,WE10,Wind_success,10,Right,W,0,Naive,Left,13,FALSE,Second,Head-On,TRUE,TRUE,0.2333333333333333,233.33333333333331,438.5385743953625,2.1491834768399887,0.2,200,368.44243514622303,1.2763499949318562,3.629634310687587,1.5428873174386954,29.76917249749885,23.75812744732576,496.39679914109774,7964.859523809524,18.791535669321657
10021YOWE11_f232,65.71567373275758,145.20595995585126,29.198778279622505,-116.3012238,-282.5044861,1426.203857421875,162.0366910112431,1.9066314697265625,-13.5098877,4.080932617,-43.1530304,-6.414886475,-40.96228027,0.1338831785463919,-0.94866089,0.2865620540193146,-0.721098167,-0.107194392,-0.684490172,1.646506278773719,0.3331109619140637,-1.612192383,0.02925293,-19.05073242,-2.4046875,4.201171875,232,0.075,10021YOWE11,0.6843172779841175,36.14074925579932,-43.19552528,-98.45534831,98.45534830529448,75,10021YOWE11,G,1,15.9,59,36,0.020833333,0.6576746415243231,-0.261813004,-0.595600761,-0.096174936,33.573047615021686,-15.25013454,-0.350949702,4.216430683132493,-1.678514444,-3.818467621,-0.616589,215.24081841159185,-97.7704341,-2.24998046,1002,1YO,80,WE11,Wind_success,11,Right,W,0,Naive,Left,14,FALSE,Second,Head-On,TRUE,TRUE,0.2083333333333333,208.33333333333331,403.4988673068145,2.313166260271882,0.2,200,384.0247931,1.2117796533781298,2.721694541395703,1.5129594260183992,27.747986396703592,24.185791287012243,496.39679914109774,7964.859523809524,18.791535669321657
10021YOWE12_f230,33.904102007548005,173.05521920522057,-1.09669342,-148.0746155,-254.6665497,1395.918701171875,176.34851789443408,2.9273834228515625,-12.71199036,5.500854492,-52.76487732,-11.81678772,-23.40625,0.2067783669516834,-0.897922898,0.3885578157798565,-0.895527159,-0.200554893,-0.397251612,1.6458842409390173,0.3197497558593761,-1.611968994,0.090834961,-15.24111328,-0.622705078,-6.56015625,230,0.091666667,10021YOWE12,0.7830285097099972,,-23.40647551,-102.6232056,102.6232055587006,91.66666666666666,10021YOWE12,G,1,15.9,59,36,0.030208333,0.5043613409752242,-0.244702634,-0.434192506,-0.077316562,30.182317818042435,-21.25549138,1.0824363484833917,3.2335208007182006,-1.568817813,-2.783660021,-0.495685712,193.5024446755168,-136.2714941,6.939628722,1002,1YO,81,WE12,Wind_success,12,Right,W,0,Naive,Left,15,FALSE,Second,Head-On,TRUE,TRUE,0.2416666666666666,241.66666666666663,474.7296846142383,2.385674341816185,0.2166666666666666,216.66666666666669,418.4743079104501,1.4703245920856929,3.562556284065488,1.3281203658752176,30.35667405948005,24.927711695230972,496.39679914109774,7964.859523809524,18.791535669321657
10021YOWI01_f232,-29.03691246,152.70951665242512,11.03734817504892,97.78414916992188,-278.2516479,1410.6507568359375,155.83697191616196,-7.004402161,-11.72714233,4.565673828,43.95829772949219,-7.043487549,-37.16467285,-0.486331343,-0.814241779,0.3170049681140657,0.757996828,-0.121454685,-0.64085066,1.812570010139733,-0.337420349,-1.762408447,0.2558789062500009,-6.511376953,9.986572265625089,0.7910156250000061,232,0.075,10021YOWI01,2.133393699956739,26.60271076,-39.85528037,99.10318846063102,99.10318846063102,75,10021YOWI01,G,1,15.9,59,36,0.021875,0.6710127979498377,-0.187076768,0.6141999179878807,-0.194984406,-55.41330787,-20.04247588,1.564898483024399,4.301943197160115,-1.199371503,3.937709037677384,-1.25006832,-355.2613356,-128.4947069,10.03275109485507,1002,1YO,34,WI01,Wind_success,1,Right,W,0,Naive,Right,3,TRUE,First,Head-On,TRUE,TRUE,0.2083333333333333,208.33333333333331,443.73513730852704,2.675987666242979,0.2916666666666667,291.6666666666667,653.7114325546127,1.4676326581978527,2.782251632038706,1.808341325725093,28.060926596687903,24.419059862411967,496.39679914109774,7964.859523809524,18.791535669321657
10021YOWI02_f232,-17.22192926,130.80811824798582,23.515405527750545,109.53858184814452,-300.1419373,1423.2042236328125,134.01616672733996,-7.15561676,-12.09371948,3.654296875,38.38143157958984,-3.780303955,-46.18273926,-0.492829319,-0.832931631,0.2516826573523142,0.6378971547092063,-0.062828431,-0.767554433,1.5774990280635857,-0.267377014,-1.545600586,0.1677246093750006,7.781616210937553,1.7406738281250318,-22.89902344,232,0.075,10021YOWI02,1.4806450953693235,25.32993810298186,-50.13478417,95.62509298897506,95.62509298897506,75,10021YOWI02,G,1,15.9,59,36,0.013541667,0.6132503443499524,-0.185499401,0.5624127127351028,-0.159241633,-59.93749319,-22.65471292,0.6806035094443748,3.931621207662265,-1.189258817,3.605695079049762,-1.020917129,-384.2664281,-145.2420706,4.363430394119559,1002,1YO,36,WI02,Wind_success,2,Right,W,0,Naive,Right,4,TRUE,First,Head-On,TRUE,TRUE,0.2666666666666666,266.6666666666667,516.9308181366839,2.4243893952375264,0.3083333333333333,308.33333333333337,612.9524416666245,1.1511909553260795,2.687024674864897,1.587663630328456,28.53678480371181,23.81839998297162,496.39679914109774,7964.859523809524,18.791535669321657
10021YOWI03_f229,-26.39207829,159.0756887435913,-0.307424418,100.41614532470705,-271.8896484,1399.258301,161.25046063624634,-7.461967468,-11.20062256,4.553955078,47.34510040283203,-4.133422852,-32.44909668,-0.525186786,-0.788320103,0.3205156069515026,0.8227292135240893,-0.071827659,-0.56387714,1.6420993397483696,-0.190463562,-1.605366211,0.2881201171874933,4.389807128906772,2.511035156255085,-1.838671875,229,0.1,10021YOWI03,1.5343592883533612,26.757528735424675,-34.32435416,94.98950721495066,94.98950721495066,100,10021YOWI03,G,1,15.9,59,36,0.033333333,0.6690434663043325,-0.291293661,0.5964654316093299,-0.083643002,-56.61863043,-30.70135049,-2.408742107,4.289317576752848,-1.867518454,3.824011127198725,-0.536245276,-362.9888025,-196.8300251,-15.44273336,1002,1YO,37,WI03,Wind_success,3,Right,W,0,Naive,Right,5,TRUE,First,Head-On,TRUE,TRUE,0.2583333333333333,258.33333333333337,477.4809411253102,2.430695998701854,0.275,275,517.3923362866738,1.1471985095057275,3.52345141,1.5672662610670811,30.468508557468347,26.111952565315203,496.39679914109774,7964.859523809524,18.791535669321657
10021YOWI04_f233,32.13923492431641,104.58424002329508,11.945896657307912,158.8972625732422,-326.3976135,1411.6251220703125,110.06133803346968,-11.75308228,-7.732452393,4.08984375,39.54801940917969,-8.001708984,-37.8614502,-0.802201953,-0.527775461,0.279150657,0.7147483589496327,-0.14461428,-0.684267121,1.4124274122711344,-0.715753784,-1.164869385,0.3545800781250012,13.41013183593759,-4.265771484,-23.44042969,233,0.066666667,10021YOWI04,1.3840639978670704,24.525366216239924,-43.17799762,101.43818119836745,101.43818119836745,66.66666666666667,10021YOWI04,G,1,15.9,59,36,0.019791667,0.4292059537095856,-0.043319777,0.3624362329776731,-0.225790001,-36.62074251,-5.725397112,1.506797530363946,2.751690635980392,-0.277728265,2.3236219810209904,-1.447566667,-234.7799544,-36.70620476,9.660258947447709,1002,1YO,38,WI04,Wind_success,4,Right,W,0,Naive,Right,6,TRUE,First,Head-On,TRUE,TRUE,0.175,175,270.8365715776121,2.036331716305219,0.5916666666666667,591.6666666666666,1043.6845131895666,1.146641267283305,1.788969691047933,1.443030913621535,29.75063464359046,25.77181670009205,496.39679914109774,7964.859523809524,18.791535669321657
10021YOWI05_f234,16.113547039031985,98.78343830108643,13.238239288330078,142.94754028320312,-332.2002869,1412.9207763671875,100.96071047798117,-9.359130859,-9.742095947,4.093505859,42.06237793,-17.41183472,-36.75366211,-0.663020616,-0.690150672,0.2899926088861177,0.7189102634370851,-0.297594841,-0.628176204,1.3904013492334453,-0.555179443,-1.258505859,0.2028662109375007,5.908447266,-2.31328125,-16.5515625,234,0.058333333,10021YOWI05,1.7671273918404569,26.73666139803185,-38.915694,112.48724111986525,112.48724111986525,58.333333333333336,10021YOWI05,G,1,15.9,59,36,0.027083333,0.2861940302753926,-0.113248318,0.2314924214307065,-0.124471283,-28.46796339,-12.47541129,0.2550721813755929,1.8348241127035856,-0.726048494,1.484125564535652,-0.798000262,-182.5115136,-79.98135192,1.6352982220401011,1002,1YO,39,WI05,Wind_success,5,Right,W,0,Naive,Right,7,TRUE,First,Head-On,TRUE,TRUE,0.2916666666666667,291.6666666666667,547.0623777645915,2.4345946370372307,0.3416666666666667,341.6666666666667,656.9737538199147,0.9594394972684284,3.216530551024416,1.8309526306552315,28.845754918614222,24.47785318902408,496.39679914109774,7964.859523809524,18.791535669321657
10021YOWI06_f239,-65.11620202,69.99206231435141,35.55758056640616,61.712982177734375,-360.9403076,1435.1768798828125,101.99681410880432,-5.413768768,-12.82119751,3.415527344,26.882339477539062,-2.546600342,-56.68347168,-0.377784447,-0.894690782,0.2383428557677568,0.4281538617392255,-0.040559594,-0.902795209,1.3683370620593298,-0.024812622,-1.36251709,-0.123603516,-4.832940674,0.3238769531250097,-10.82460938,239,0.016666667,10021YOWI06,1.0597525561554988,,-64.52795276,95.41155734425844,95.41155734425844,16.666666666666668,10021YOWI06,G,1,15.9,59,36,0.029166667,0.6935143425574023,-0.306373189,0.6110747943729973,-0.116983793,-47.98499049,-27.84905495,0.4254140555855297,4.446203287348952,-1.964195111,3.917673496900206,-0.749997073,-307.6375056,-178.5436177,2.727380324181651,1002,1YO,40,WI06,Wind_success,6,Right,W,0,Naive,Right,8,TRUE,First,Head-On,TRUE,TRUE,0.2416666666666666,241.66666666666663,504.15235110719374,2.420313066719046,0.2166666666666666,216.66666666666669,444.6184450061073,1.3657120590047855,3.8461424719479984,1.861396271803176,30.163080377135337,24.153378012852457,496.39679914109774,7964.859523809524,18.791535669321657
10021YOWI07_f229,-15.25300509,167.25937767028807,16.49627914,111.552002,-263.683197,1416.083984,168.7616094038423,-6.931091309,-11.53497314,4.197021484,38.29681396484375,-11.17199707,-43.83728027,-0.491689664,-0.818287745,0.2977355215115014,0.6461201292228712,-0.188487016,-0.739595446,1.6185566436284242,-0.363912964,-1.547354736,0.3049365234374929,6.028857421876049,6.109057617192316,-17.38125,229,0.1,10021YOWI07,2.770335101475272,24.72695367849975,-47.69696515,106.2630904983328,106.2630904983328,100,10021YOWI07,G,1,15.9,59,36,0.023958333,0.631444702,-0.185242477,0.5602511753744714,-0.224780464,-49.03560347,-17.40450224,1.311601837750792,4.048267407333121,-1.187611645,3.591837205,-1.441094402,-314.3731109,-111.5823427,8.408836046844716,1002,1YO,41,WI07,Wind_success,7,Right,W,0,Naive,Right,9,TRUE,First,Head-On,TRUE,TRUE,0.2916666666666667,291.6666666666667,529.9706072866448,2.3561492536974367,0.35,350,654.9064852969055,1.1843164077897752,2.9469221430025567,1.7500964174127225,26.56674785230843,21.540186545508018,496.39679914109774,7964.859523809524,18.791535669321657
10021YOWI08_f208,124.27984118461607,465.3295464197794,-61.33984604,251.10679626464844,34.39397430419922,1338.2486572265625,485.5302693016956,-7.87336731,-11.44628716,3.39855957,38.95463562011719,26.61924743652344,-26.27832031,-0.55049413,-0.800307371,0.2376222296906482,0.7213081726218877,0.492898481,-0.486585663,2.2114994949015845,-0.380377808,-2.126387787,0.4738330078125017,-1.615209961,15.993347167961666,-3.011132812,208,0.275,10021YOWI08,0.6628966881974218,,-29.11641307,55.65365551792281,55.65365551792281,275,10021YOWI08,G,1,15.9,59,36,0.016666667,0.5634932591421188,-0.158046479,0.4775361575366961,-0.253978703,-42.17150195,-16.25470438,-0.281921725,3.6126225911316174,-1.013254857,3.0615413455445672,-1.628287803,-270.3665362,-104.2108513,-1.807433851,1002,1YO,42,WI08,Wind_success,8,Right,W,0,Naive,Right,10,TRUE,First,Head-On,TRUE,TRUE,0.275,275,485.5302693016956,2.335325794141641,0.3083333333333333,308.33333333333337,559.9677519962232,,3.2709868896318883,2.005812353502768,26.07842454072695,24.48571278219264,496.39679914109774,7964.859523809524,18.791535669321657
10021YOWI09_f231,-25.60332492,136.55118573506672,16.919799041748092,101.16275787353516,-294.3892212,1416.538086,139.95726552174253,-8.160758972,-10.89859009,3.961791992,43.713523864746094,-13.10839844,-36.40270996,-0.575510988,-0.768587624,0.2793924965784823,0.7488157533925288,-0.224547792,-0.623580995,1.3182506044991988,-0.528818665,-1.207331543,0.022045898,-5.355834961,6.702099609375034,0.6082031250000044,231,0.083333333,10021YOWI09,1.865308293658357,28.88681148819213,-38.57811185,106.69243945317574,106.69243945317574,83.33333333333333,10021YOWI09,G,1,15.9,59,36,0.047916667,0.3586220940572953,-0.236674894,0.2176750446222838,-0.158784054,-12.49724279,-18.14082613,-1.26493332,2.299169080820465,-1.517351014,1.3955407113924556,-1.017983538,-80.12131629,-116.3030032,-8.109638606,1002,1YO,43,WI09,Wind_success,9,Right,W,0,Naive,Right,11,TRUE,First,Head-On,TRUE,TRUE,0.2666666666666666,266.6666666666667,475.71996622972495,2.3449342806043365,0.3333333333333333,333.3333333333333,611.3104652,0.9921002113172066,3.4246078004808966,1.9757909824812536,29.76818533325573,25.734021050038155,496.39679914109774,7964.859523809524,18.791535669321657
10021YOWI10_f228,-22.67183569,177.4728671391805,-7.736907959,104.15260314941406,-253.4678802,1391.861083984375,179.0823566101498,-7.819984436,-11.39912415,4.118774414,49.29682922363281,-5.99168396,-29.02258301,-0.542144747,-0.790279742,0.285546849,0.8570590983674478,-0.104169524,-0.504577459,1.643771148622312,-0.284227295,-1.568856812,0.3998583984375014,3.136047363281276,7.910595703125065,-4.586132813,228,0.1083333333333333,10021YOWI10,2.4614641638720167,24.89967672225557,-30.30330717,96.92990919867952,96.92990919867952,108.33333333333334,10021YOWI10,G,1,15.9,59,36,0.026041667,0.6141586442633016,-0.238459625,0.5230212032379393,-0.216279145,-41.14295677,-19.49990663,-0.110603861,3.937444426899144,-1.528793136,3.353151406522284,-1.386591434,-263.7724102,-125.0162306,-0.709094565,1002,1YO,44,WI10,Wind_success,10,Right,W,0,Naive,Right,12,TRUE,First,Head-On,TRUE,TRUE,0.275,275,531.2041637538257,2.410833748358985,0.2916666666666667,291.6666666666667,569.3578248,1.3474456004301392,3.597280148891437,2.1526511996607582,30.55539222380652,27.084923006260286,496.39679914109774,7964.859523809524,18.791535669321657
10021YOWI11_f234,-27.73670127,115.05118160247804,22.843543497721384,99.05890655517578,-315.8891907,1422.424805,120.53184834215551,-7.024772644,-11.49682617,4.86340332,36.45861053466797,-6.745880127,-47.30700684,-0.490419571,-0.802626482,0.3395281653751082,0.6065753538874105,-0.112233696,-0.787064125,1.570954842781214,-0.275294495,-1.543026123,0.1057470703125003,4.903747558593785,3.2027343750000297,-16.41972656,234,0.058333333,10021YOWI11,1.358870974245222,27.99895353244385,-51.91198969,100.48279415275653,100.48279415275653,58.333333333333336,10021YOWI11,G,1,15.9,59,36,0.021875,0.5635896617488652,-0.155397507,0.5120663500647176,-0.176841666,-48.02113088,-16.35987075,1.7601058953116464,3.6132406397583336,-0.996271979,3.282918534320117,-1.133753042,-307.869206,-104.8850855,11.284249131688536,1002,1YO,45,WI11,Wind_success,11,Right,W,0,Naive,Right,13,TRUE,First,Head-On,TRUE,TRUE,0.25,250,496.01683885824576,2.501996225274164,0.3916666666666666,391.6666666666667,823.1039390218558,1.3071754179968926,2.973944562753792,1.5532460153962648,29.94778327348061,25.42023573,496.39679914109774,7964.859523809524,18.791535669321657
10021YOWI12_f232,-39.04823731,138.48460184733074,20.693033599853607,87.71931457519531,-292.4674072,1420.3167724609375,145.36489062091243,-6.133338928,-12.20819092,4.53527832,35.80533599853516,-2.492004395,-47.01550293,-0.426063466,-0.848064031,0.3150512997194248,0.6053339627724549,-0.042130449,-0.794855848,1.6151695638936232,-0.365793457,-1.564921875,0.1612060546875005,0.2277465820312593,10.050732421875075,-2.167382813,232,0.075,10021YOWI12,2.142045734680292,23.770897644279337,-52.64164223,93.98129091,93.98129091,75,10021YOWI12,G,1,15.9,59,36,0.014583333,0.9169362562672844,-0.293627352,0.8402533401547174,-0.220293895,-73.34027011,-27.99629764,0.8902584592850799,5.8785878629000345,-1.882480028,5.386964528268019,-1.412330477,-470.1932319,-179.4876082,5.70755332,1002,1YO,47,WI12,Wind_success,12,Right,W,0,Naive,Right,14,TRUE,First,Head-On,TRUE,TRUE,0.2833333333333333,283.3333333333333,550.0620899472658,2.416181759050189,0.3583333333333333,358.3333333333333,722.0301822,1.385672854147574,3.166846734538849,1.7675770857010562,29.657106914105047,23.91291369022919,496.39679914109774,7964.859523809524,18.791535669321657
10021YOWI13_f230,-43.86361887,170.10043862660729,23.28265559,82.91797637939453,-260.8655701,1422.907470703125,177.20118039196234,-5.237632751,-13.08285522,3.229858398,39.711570739746094,-8.106872559,-45.73364258,-0.362272202,-0.904903988,0.223400144,0.6498493342879865,-0.132662739,-0.748395912,1.6667040373202362,-0.099312744,-1.65210022,0.1964794921875007,12.760290527343184,1.5859863281196829,-22.47890625,230,0.091666667,10021YOWI13,2.234058502887508,22.997794197588654,-48.45161721,101.5380423399012,101.5380423399012,91.66666666666666,10021YOWI13,G,1,15.9,59,36,0.014583333,0.9100942927553024,-0.269653231,0.8456696697602255,-0.201001409,-74.73343364,-32.39678713,2.823208865554797,5.834723218,-1.728779071,5.421689264325489,-1.288644044,-479.1249696,-207.6996719,18.099929256853788,1002,1YO,48,WI13,Wind_success,13,Right,W,0,Naive,Right,15,TRUE,First,Head-On,TRUE,TRUE,0.2416666666666666,241.66666666666663,481.2062795930832,2.544420231354345,0.25,250,502.16398142685534,1.5388051709338542,3.792853749161567,2.1471260578463447,28.741533650273283,23.56708357754677,496.39679914109774,7964.859523809524,18.791535669321657
10031YOME01_f237,143.8584248224894,109.09986343383788,15.58199920654306,-35.90865707,-327.8540344,1412.820313,181.2203776978809,,,,-38.76797104,9.279907227,-51.84240723,,,,-0.592813795,0.1419021132756692,-0.792739298,2.4733912359710213,-0.581045151,-2.382429199,0.3226171874999926,-5.420516968,5.941406250007516,6.495117187498845,237,0.033333333,10031YOME01,2.783889939487059,21.68411602904184,-52.44224514,-76.53837686,76.53837686433081,33.333333333333336,10031YOME01,G,3,16.8,61,37,0.019791667,1.836855838908948,-0.440581385,-1.762744113,0.2695563201941476,75.23419677540437,-16.6741798,-3.963465295,11.145428856056428,-2.673300962,-10.69574361,1.635577885746733,456.4960243155936,-101.1733642,-24.04898606,1003,1YO,66,ME01,Wind_missed,1,Left,M,0,Naive,Left,7,TRUE,First,Failure,FALSE,FALSE,0.091666667,91.66666666666666,306.73499373098826,2.8940738040221308,0.125,125,393.70791092003407,2.535785679180792,3.678241372321865,2.783097867435595,28.632813188822087,24.35705812238522,524.3574213149404,8514.002380952381,18.587443261315652
10031YOPI01_f239,-12.56321629,39.77229993975487,36.24454914005423,116.95154571533205,-393.5526428,1435.4410400390625,55.25701392890378,-8.282165527,-10.62203979,0.863037109,47.43856048583984,-9.225280762,-38.03271484,-0.613633778,-0.78699736,0.063943267,0.7713831583689735,-0.15000932,-0.618437731,1.4505988490325068,-0.537341309,-1.347399902,0.003852539,18.489990234375146,2.915771484375026,10.126757812500072,239,0.016666667,10031YOPI01,0.1775503090671139,39.45196294578719,-38.20213884,101.0048398926474,101.0048398926474,16.666666666666668,10031YOPI01,G,3,16.8,61,37,0.013541667,0.7182721086124444,-0.260904516,0.6056003873033646,-0.284766267,-74.02667314,-36.86441482,0.7572194042224233,4.358235696158222,-1.58308162,3.674581253964398,-1.727866771,-449.1691735,-223.6809792,4.594554902,1003,1YO,92,PI01,Wind_Near-miss,1,Left,P,0,Naive,Right,2,FALSE,Second,Pivot,TRUE,FALSE,0.1416666666666666,141.66666666666666,295.9250018331507,2.771158694945623,0.2666666666666666,266.6666666666667,615.8971453943175,1.4505988490325068,3.6402274172654447,2.048140818274341,27.87712494,21.990845151437483,524.3574213149404,8514.002380952381,18.587443261315652
10031YOPI02_f233,-44.96851044,133.64507402692522,39.12596861254269,84.5579834,-299.6819153,1438.5333251953125,146.33527996704092,-3.427337646,-12.77954102,1.558105469,42.07146453857422,7.630554199,-42.25646973,-0.257257899,-0.959239563,0.1169522760456537,0.6998468411217514,0.1269320978221533,-0.70292435,1.8144591924137905,0.1757135009765631,-1.803533936,-0.093017578,-4.293566895,10.194873046875053,0.3480468750000027,233,0.066666667,10031YOPI02,1.039970480213806,21.05790964462115,-44.66209841,79.71994323866005,79.71994323866005,66.66666666666667,10031YOPI02,G,3,16.8,61,37,0.0125,0.8277305917747482,-0.168888623,0.7975762755749515,-0.143131584,-84.31267907,-31.17533702,3.979165470408185,5.022393280512766,-1.024759859,4.839426942714864,-0.868474733,-511.5812283,-189.1615517,24.144249492792728,1003,1YO,98,PI02,Wind_Near-miss,2,Left,P,0,Naive,Right,6,FALSE,Second,Pivot,TRUE,FALSE,0.1333333333333333,133.33333333333334,275.5872772706331,2.654099343720684,0.1916666666666666,191.66666666666669,414.32313827809577,1.7568275066872192,3.3323497572168064,2.2295129604641226,26.32008949234394,21.81775215439238,524.3574213149404,8514.002380952381,18.587443261315652
10031YOUI01_f198,166.1755621478055,146.9548841,103.44650160245963,295.7319336,-286.3514404,1502.875,244.7677145752237,,,,-11.09597778,-5.98348999,-3.147094727,,,,-0.853973754,-0.460504113,-0.242208154,128.6747843141314,-0.358311768,-128.6184009,-3.791923828,-156.1130859,-15131.22275,-400.1660156,198,0.3583333333333333,10031YOUI01,1.5690909677704965,25.230826401180035,-14.01690413,-118.3357015,118.33570150350728,358.3333333333333,10031YOUI01,G,3,16.8,61,37,0.035416667,0.2948162056310262,-0.2615199,-0.029459619,-0.132876137,2.919855077482832,-19.43402512,0.07176148,1.7888464493897511,-1.586815568,-0.178751145,-0.806248102,17.71670718340633,-117.9191855,0.4354247337471772,1003,1YO,90,UI01,Wind_Uturn,1,Left,U,0,Naive,Right,1,FALSE,Second,U-Turn,TRUE,FALSE,0.3583333333333333,358.3333333333333,244.7677145752237,1.8781390053378493,0.8583333333333333,858.3333333333333,1237.8470151514985,0.6393837362496915,1.7544987303502726,0.6010113353689984,28.30812724726583,22.99488104023284,524.3574213149404,8514.002380952381,18.587443261315652
10031YOWE01_f153,138.1460739135742,1462.0336952845255,-11.12544454,-41.34449005,1025.003173828125,1386.0220947265625,1468.5879746890407,0.5337562561035156,-13.57989502,-0.185668945,-25.23635101,48.63439941,-4.952026367,0.039270898,-0.999135219,-0.013660517,-0.45871381,0.8840133274590681,-0.090011542,0.8948017249847495,0.280235596,-0.695698242,-0.487998047,-3.13895874,-22.38925781,15.365039062500102,153,0.7333333333333333,10031YOWE01,4.498431384933493,23.44967470121331,-5.164271119,-27.4247626,27.42476259815686,733.3333333333333,10031YOWE01,G,3,16.8,61,37,0.013541667,1.179091883655535,-0.575577442,-0.992334408,0.2724714679990753,32.640327331282656,-21.60761837,-1.524971872,7.1543364621592085,-3.492412029,-6.021154363,1.653266030769594,198.0506245527077,-131.1078247,-9.253020921,1003,1YO,60,WE01,Wind_success,1,Left,W,0,Naive,Left,2,TRUE,First,Head-On,TRUE,TRUE,,,,2.6645281245939243,0.2083333333333333,208.33333333333331,539.1558275293285,1.9037612887009177,3.164045925573369,2.367022509184529,25.34058773623001,22.528393051309138,524.3574213149404,8514.002380952381,18.587443261315652
10031YOWE02_f240,95.80430030822754,55.71021366119385,62.203483835856105,-83.94807434,-381.2220764,1459.4425048828125,127.08802172133504,-1.90586853,-13.24783325,0.64465332,-31.57800293,5.112335205078125,-58.2401123,-0.142231768,-0.988663548,0.048109395,-0.475235241,0.076938426,-0.876488417,1.578610018990807,-0.408261108,-1.427091064,-0.537348633,-10.85581055,0.6600585937499682,5.429882812500037,240,0.008333333,10031YOWE02,0.4208759283492426,-35.00510192,-61.22162167,-80.80386364,80.80386364115105,8.333333333333334,10031YOWE02,G,3,16.8,61,37,0.020833333,1.2034768678335337,-0.669395505,-0.95164057,0.3076466374783398,66.7624269,-48.37414766,-2.690719687,7.302296416639564,-4.061668762,-5.774237722,1.866697232405828,405.0921490601645,-293.5182009,-16.32639002,1003,1YO,62,WE02,Wind_success,2,Left,W,0,Naive,Left,3,TRUE,First,Head-On,TRUE,TRUE,0.025,25,147.71121405368217,2.292939363779447,0.1083333333333333,108.33333333333334,293.9147306019851,1.5788390977818163,3.590683966136931,2.2648361977009213,24.56528322132625,20.870627050624496,524.3574213149404,8514.002380952381,18.587443261315652
10031YOWE03_f153,249.5059151331584,1365.4378664652506,5.150204467773392,69.76594543457031,928.4952392578124,1402.423828,1388.056300540317,7.9438323974609375,-11.36291504,2.307617188,-43.34233284,8.943664551,-41.28918457,0.5651927766126654,-0.808455816,0.1641837969767725,-0.716099629,0.1477667316688374,-0.682177627,1.059412197266374,0.8105429077148467,-0.328989258,0.5976123046875021,9.223022460937573,-6.624316406,12.05507812500009,153,0.7333333333333333,10031YOWE03,2.5055231991031564,20.43270004282498,-43.01404573,-78.34069648,78.34069648279831,733.3333333333333,10031YOWE03,G,3,16.8,61,37,0.001041667,2.255239226,-0.439570814,-2.054244506,0.8203419857110147,172.54043134176086,-34.90354655,-1.57612121,13.68403976626729,-2.667169157,-12.46447082,4.977561682145372,1046.9178155293482,-211.7830842,-9.563378054,1003,1YO,63,WE03,Wind_success,3,Left,W,0,Naive,Left,4,TRUE,First,Head-On,TRUE,TRUE,0.7083333333333334,708.3333333333334,1375.7441468812692,3.001959688268677,0.1333333333333333,133.33333333333334,353.46636640308355,2.497100190805336,5.539569984892677,3.2988258636916923,29.15663138152803,23.259593280863143,524.3574213149404,8514.002380952381,18.587443261315652
10031YOWE04_f150,263.7065147399902,1440.013689804077,24.08090897,83.98065948486328,1003.0853271484376,1421.3348388671875,1464.1586126223133,4.550117492675781,-12.37750244,3.886352539,-37.57304764,21.42590332,-39.75634766,0.3309637031083127,-0.900307311,0.2826831680682866,-0.639559032,0.3647063748083065,-0.67672262,0.7688846977204058,0.3387451171875012,-0.653334961,0.2226855468750007,-2.969165039,-6.565429688,4.696875000000031,150,0.7583333333333333,10031YOWE04,2.206613968,22.33943163016509,-42.58806482,-60.30619589,60.30619589454278,758.3333333333333,10031YOWE04,G,3,16.8,61,37,0.003125,1.0722443147630212,-0.576791351,-0.890079504,0.1574105589708551,40.06226034500458,-26.48401846,-1.930769611,6.506021035162255,-3.499777628,-5.400705694,0.955114794,243.08443974203053,-160.6961947,-11.71526632,1003,1YO,64,WE04,Wind_success,4,Left,W,0,Naive,Left,5,TRUE,First,Head-On,TRUE,TRUE,,,,2.653105744,0.2083333333333333,208.33333333333331,521.3247006483983,1.6791323267023908,2.984519683559106,2.6244427251408173,22.839185948951528,21.10150777831512,524.3574213149404,8514.002380952381,18.587443261315652
10031YOWE05_f234,113.97997070948284,98.26740862528482,35.39473342895508,-65.79196167,-338.694397,1432.6192626953125,154.59852675679048,-1.909431458,-13.28909302,1.929443359,-45.31030273,2.971130371,-47.87841797,-0.140777139,-0.979768343,0.142252562,-0.686662094,0.045026462,-0.725580999,1.975374344711901,-0.501135406,-1.908735352,-0.087729492,-0.14161377,2.039941406250037,-14.60917969,234,0.058333333,10031YOWE05,2.4819413363225498,23.87044318134916,-46.5172016,-86.24831754,86.24831754324236,58.333333333333336,10031YOWE05,G,3,16.8,61,37,-0.001041667,1.0346420170638193,-0.333321672,-0.945195565,0.2568776177997509,61.71619922,-19.35641365,-2.05996823,6.277862828647997,-2.022484785,-5.735131576,1.5586477464671065,374.47332179200697,-117.4482649,-12.49920047,1003,1YO,65,WE05,Wind_success,5,Left,W,0,Naive,Left,6,TRUE,First,Head-On,TRUE,TRUE,0.1666666666666666,166.66666666666666,373.2108923044706,2.875287198543576,0.2333333333333333,233.33333333333331,547.1875348,1.5769393887903485,4.432625713076712,2.7091216847273074,27.44469400112797,23.447186778041555,524.3574213149404,8514.002380952381,18.587443261315652
10031YOWE06_f237,65.97074839274089,84.01824410756427,41.05231959025059,-113.7848511,-352.9196167,1438.291748046875,114.43993153684012,0.1363983154296875,-12.97332764,2.824951172,-40.27133179,3.114624023,-49.6151123,0.010272478,-0.977051856,0.2127537253184967,-0.629459323,0.048682997,-0.775506883,1.9776442961825973,-0.096772156,-1.971459961,-0.122709961,-7.173303223,0.3476074218812738,-0.99140625,237,0.033333333,10031YOWE06,2.6198176812058525,25.10006894761015,-50.851011,-85.57749252,85.57749251553275,33.333333333333336,10031YOWE06,G,3,16.8,61,37,0.0125,1.0222691945627984,-0.488827524,-0.891539587,0.1060147245733928,79.99742287978101,-48.43431726,-1.221773853,6.202788666586563,-2.966042451,-5.409564993,0.643262005,485.3976923437029,-293.88329,-7.41331642,1003,1YO,67,WE06,Wind_success,6,Left,W,0,Naive,Left,8,TRUE,First,Head-On,TRUE,TRUE,0.1083333333333333,108.33333333333334,247.94344393055871,2.555718154625338,0.1416666666666666,141.66666666666666,321.17940967536697,1.8094531743645463,2.934335274183773,1.8815286448313289,25.93080870043726,21.92215556341783,524.3574213149404,8514.002380952381,18.587443261315652
10031YOWE07_f229,114.51631043752032,194.42737833658856,53.82033767700205,-65.24051666,-242.5303192,1451.0655517578125,231.97547187305813,-1.849090576,-13.21620178,1.854370117,-54.97745514,-3.754837036,-36.79150391,-0.137242616,-0.980928752,0.1376344727818166,-0.82973764,-0.056669222,-0.555269347,1.8063466737785296,-0.366283264,-1.727162476,-0.381621094,-1.48661499,13.260278320317772,-29.09355469,229,0.1,10031YOWE07,1.7545105569370028,25.89156612078522,-33.72926875,-93.90710593,93.90710592807858,100,10031YOWE07,G,3,16.8,61,37,0.028125,0.6358537873131707,-0.386040516,-0.478975007,0.1608281726324682,33.60257794353928,-25.84697353,-0.215894494,3.858148799,-2.342365154,-2.906260662,0.9758517343361258,203.88924047096788,-156.8308185,-1.309975815,1003,1YO,68,WE07,Wind_success,7,Left,W,0,Naive,Left,9,TRUE,First,Head-On,TRUE,TRUE,0.175,175,379.19496955938206,2.5374161560105657,0.2083333333333333,208.33333333333331,459.13427026020463,1.3928923145577772,4.2336408832792864,2.1775701340221274,29.402917575714064,22.99210527484947,524.3574213149404,8514.002380952381,18.587443261315652
10031YOWE08_f238,104.6949246088664,87.54412899017336,35.669162495931005,-75.05337524,-349.408844,1432.9095458984375,141.05775736436993,-1.504547119,-13.43078613,1.740844727,-40.67995453,14.35620117,-49.61486816,-0.110413703,-0.985640668,0.1277547972155803,-0.618740035,0.2183570882379201,-0.754639616,2.269753646904683,-0.407392273,-2.226690674,0.1663183593750006,2.825793457029892,-2.038623047,-5.173242187,238,0.025,10031YOWE08,0.930822334,21.66367082430697,-48.99389021,-70.56175598,70.56175597711899,25,10031YOWE08,G,3,16.8,61,37,0.020833333,1.472008383247024,-0.501517684,-1.327959937,0.3896294359532059,97.86581507955763,-39.99312967,-4.244079816,8.931656128628607,-3.043042111,-8.057618182,2.364141522,593.8171392138586,-242.6649779,-25.75166142,1003,1YO,70,WE08,Wind_success,8,Left,W,0,Naive,Left,10,TRUE,First,Head-On,TRUE,TRUE,0.1166666666666666,116.66666666666669,342.4212067804002,2.7787161647805623,0.1583333333333333,158.33333333333331,446.7571713197447,2.269753646904683,3.5084407828390503,2.287408661211168,26.29970938,22.43650397665943,524.3574213149404,8514.002380952381,18.587443261315652
10031YOWE09_f235,94.87758557001747,79.10405216217043,38.54925766,-84.82078552,-357.8128052,1435.8052978515625,129.40344886517389,-0.534866333,-13.47064209,2.282958984,-42.97531128,2.950561523,-47.84692383,-0.039117883,-0.985186341,0.1669660580156003,-0.667515585,0.045829704,-0.743184084,1.618618072279179,-0.422023315,-1.543868408,-0.241435547,-0.377050781,-0.047021484,-21.00761719,235,0.05,10031YOWE09,2.115405621978488,23.254741225511665,-48.00336169,-86.0723998,86.07239980152838,50,10031YOWE09,G,3,16.8,61,37,-0.001041667,0.7716002955077642,-0.33060513,-0.626660178,0.3055557005576266,47.74190822606372,-26.09459023,0.3852859845670806,4.681813355588103,-2.006001709,-3.80236504,1.8540101242514109,289.68198282889006,-158.333274,2.337786906989227,1003,1YO,71,WE09,Wind_success,9,Left,W,0,Naive,Left,11,TRUE,First,Head-On,TRUE,TRUE,0.175,175,355.9078852967369,2.687534186342593,0.25,250,543.2719599373911,1.3778794629896554,4.747518397467535,2.381943086732758,26.15962193768703,22.092747813017244,524.3574213149404,8514.002380952381,18.587443261315652
10031YOWE10_f234,154.5870745976766,123.00837313334148,37.249683888753225,-25.13725471,-313.9156494,1434.5157470703125,201.03671914202897,-3.509180069,-12.83544922,2.165649414,-46.00581169,0.961395264,-48.19177246,-0.260294322,-0.952072702,0.160637595,-0.690439793,0.014428298,-0.723245959,1.6664136881988203,-0.400091629,-1.612565918,-0.128422852,3.315179443359398,3.044091797,-17.46210938,234,0.058333333,10031YOWE10,1.8865770026041504,24.31319851545804,-46.3231272,-88.80284962,88.80284962,58.333333333333336,10031YOWE10,G,3,16.8,61,37,0.0125,0.7123041178577538,-0.315950408,-0.627621648,0.1168056638713638,20.69917139371072,-10.26819253,-0.696245413,4.322023917878705,-1.917081741,-3.808198923,0.7087378274802423,125.59567128847333,-62.30396906,-4.224585053,1003,1YO,73,WE10,Wind_success,10,Left,W,0,Naive,Left,12,TRUE,First,Head-On,TRUE,TRUE,0.1666666666666666,166.66666666666666,399.0015304846704,2.814493425954236,0.2166666666666666,216.66666666666669,515.2789178,1.6402885827994542,4.788224260057587,2.4613393043185328,31.210354095663625,23.33073245,524.3574213149404,8514.002380952381,18.587443261315652
10031YOWE11_f237,144.39928452173868,89.95531972249347,36.78805541992188,-35.35881424,-346.9848328,1434.0450439453125,174.05882321314627,-2.587665558,-12.72198486,3.226806641,-39.63377762,1.167938232421875,-51.19799805,-0.193434335,-0.950999514,0.2412116961153485,-0.612040962,0.018035779,-0.790620371,1.6357928213665456,-0.675441055,-1.479155273,-0.178037109,-6.829293823,-6.829980469,-10.27265625,237,0.033333333,10031YOWE11,0.9289219251761832,23.37393383517076,-52.243524,-88.31208188,88.31208187723166,33.333333333333336,10031YOWE11,G,3,16.8,61,37,0.020833333,1.1645532769388098,-0.550364798,-0.961493758,0.3589048317631995,40.06280115027472,-21.36485697,0.656146914,7.066121043510082,-3.339430111,-5.834023577,2.1777148667734543,243.0877211681151,-129.6348294,3.981280727082459,1003,1YO,74,WE11,Wind_success,11,Left,W,0,Naive,Left,13,TRUE,First,Head-On,TRUE,TRUE,0.1416666666666666,141.66666666666666,358.53669131769163,2.7400236663006416,0.2083333333333333,208.33333333333331,520.5775183543122,1.7504028065517785,4.567157847511531,2.0320052283341035,26.65990494272017,23.23155150295072,524.3574213149404,8514.002380952381,18.587443261315652
10031YOWE12_f234,122.20634558995565,104.15704504648846,41.07588806152353,-57.50889587,-332.7601929,1438.3385009765625,165.74169516241443,-2.029197693,-13.43084717,2.222167969,-40.92372131,7.057098388671875,-50.93139648,-0.147429605,-0.975806594,0.1614496933043836,-0.622738336,0.107388223,-0.775025635,1.831029719343629,-0.502241821,-1.759486084,-0.068056641,-2.09564209,12.389062500000074,-9.602929688,234,0.058333333,10031YOWE12,1.0358232667827465,28.752375912101027,-50.80735677,-80.21584669,80.21584669098252,58.333333333333336,10031YOWE12,G,3,16.8,61,37,0.001041667,1.118396630919521,-0.418106799,-0.985532156,0.3236110293599926,58.97205158619344,-29.21671812,-1.316317893,6.786057903254216,-2.53693267,-5.979880562,1.963563840104804,357.82274881191097,-177.2773052,-7.986978138,1003,1YO,75,WE12,Wind_success,12,Left,W,0,Naive,Left,14,TRUE,First,Head-On,TRUE,TRUE,0.1583333333333333,158.33333333333331,364.7498277,2.798566711635092,0.225,225,535.8181138744392,1.485169591765504,3.701664052021578,2.158664033673816,31.16415032703118,23.62638124673024,524.3574213149404,8514.002380952381,18.587443261315652
10031YOWE13_f233,151.47346223195393,167.73593571980797,38.90686035,-28.2852211,-269.2029419,1436.1463623046875,229.33228659469364,-2.118808746,-13.29315186,1.99597168,-52.72768021,3.219451904296875,-37.96984863,-0.155701709,-0.976853844,0.1466749667990701,-0.810496863,0.049487398,-0.583648723,2.050516000326115,-0.340645981,-2.007214966,-0.244262695,9.045565796,12.624169921875064,-17.68359375,233,0.066666667,10031YOWE13,1.9650538217701647,23.555546098654265,-35.70758574,-86.50596635,86.50596635455264,66.66666666666667,10031YOWE13,G,3,16.8,61,37,0.026041667,1.005622628275783,-0.241446933,-0.918691555,0.3301303932335186,41.95237032772685,-13.68523882,-0.162742348,6.1017828520204285,-1.465019494,-5.574314079,2.0031211666516104,254.5529969887799,-83.03746677,-0.987466312,1003,1YO,78,WE13,Wind_success,13,Left,W,0,Naive,Left,15,TRUE,First,Head-On,TRUE,TRUE,0.1416666666666666,141.66666666666666,385.5040059376455,2.7427452568676403,0.1833333333333333,183.3333333333333,489.19952309818666,1.746755289865194,3.123402673355294,1.9509671756183609,27.52846307963697,22.666856662601404,524.3574213149404,8514.002380952381,18.587443261315652
10031YOWI01_f235,-9.434620737,101.39476487616533,36.20157245026917,120.16739654541016,-332.0419006,1435.5357666015625,108.0761965495478,-6.661613464,-10.80780029,1.812011719,50.03649139404297,-6.253875732,-31.40124512,-0.519442365,-0.842743184,0.1412924447521574,0.8423127012584661,-0.105277545,-0.528607559,1.702039978,-0.299084473,-1.674133301,-0.069038086,0.1386474609375026,-9.965039063,-10.92128906,235,0.05,10031YOWI01,1.0742161472625742,23.50286253561209,-31.91142142,97.12424326,97.12424326,50,10031YOWI01,G,3,16.8,61,37,0.026041667,0.603172765,-0.280713154,0.4807385129319011,-0.232180946,-59.67725671,-27.31237901,1.3379334616972562,3.659851250063084,-1.703273832,2.9169610269641097,-1.408796576,-362.1016984,-165.7224104,8.118134202813309,1003,1YO,94,WI01,Wind_success,1,Left,W,0,Naive,Right,3,FALSE,Second,Head-On,TRUE,TRUE,0.1583333333333333,158.33333333333331,312.0164448871436,2.513124390723732,0.2333333333333333,233.33333333333331,491.8435567,1.4374904475874348,3.5782206327423625,2.001077227,29.27140106985928,22.72448985296543,524.3574213149404,8514.002380952381,18.587443261315652
10031YOWI02_f230,-95.26296736,177.20288581848143,38.22024256,34.21838379,-256.1519775,1437.520508,204.78447850126025,-2.340616226,-12.86071777,1.947631836,45.44464111328125,7.501358032226562,-43.53222656,-0.177101109,-0.973097321,0.1473662166092833,0.7170618237096105,0.1183624149980384,-0.68688622,1.9982296664209576,0.3184222412109386,-1.95507019,0.2631152343750009,-0.486199951,8.750390624993566,13.50878906250058,230,0.091666667,10031YOWI02,1.173880487214561,26.32364694818276,-43.38412884,80.62694235583008,80.62694235583008,91.66666666666666,10031YOWI02,G,3,16.8,61,37,0.026041667,0.6734306982948679,-0.237228974,0.6282298873177455,-0.050581892,-49.88006705,-24.79771238,2.557702520265056,4.086152967664602,-1.439426329,3.811889515786524,-0.306914058,-302.6556177,-150.4642516,15.519286201307311,1003,1YO,95,WI02,Wind_success,2,Left,W,0,Naive,Right,4,FALSE,Second,Head-On,TRUE,TRUE,0.1916666666666666,191.66666666666669,430.6035566059506,2.7250742673915056,0.2333333333333333,233.33333333333331,539.2935179723876,1.4833867609921367,3.5930300025382578,2.0856957984252835,27.73998716279135,23.110485697159536,524.3574213149404,8514.002380952381,18.587443261315652
10031YOWI03_f235,-25.30815194,93.02496993,36.49860407511392,104.26421356201172,-340.3968811,1435.9017333984375,103.08392544079511,-7.070075989,-11.17498779,2.021362305,38.783302307128906,1.190124512,-41.64746094,-0.528512814,-0.835369274,0.1511038752338758,0.6813456054833877,0.020908124,-0.731663185,1.3224195816235478,-0.015477905,-1.314942627,-0.139570313,2.1329956054687647,0.1920410156250092,-12.76523438,235,0.05,10031YOWI03,1.034171603495648,21.23436400058533,-47.02600652,88.24234358760457,88.24234358760457,50,10031YOWI03,G,3,16.8,61,37,0.036458333,0.6050408767492029,-0.340351182,0.5002275779095658,0.002811726,-55.75276685,-47.806238,-0.55905547,3.671186330452422,-2.065137505,3.0352141759475617,0.017060615,-338.2892023,-290.0723145,-3.392162213,1003,1YO,97,WI03,Wind_success,3,Left,W,0,Naive,Right,5,FALSE,Second,Head-On,TRUE,TRUE,0.2083333333333333,208.33333333333331,388.0114880942253,2.6882009226199943,0.2416666666666666,241.66666666666663,470.3580233581773,1.278148692261836,4.214078747747695,1.986645486326878,27.59232376614837,22.87775167544645,524.3574213149404,8514.002380952381,18.587443261315652
10031YOWI04_f240,-8.729321432,41.32097110748293,32.77224706013999,120.86384582519533,-392.0993958,1432.252685546875,53.45693484760842,-9.169883728,-9.675628662,2.871337891,40.92248535,-12.13571167,-43.97900391,-0.672460444,-0.709548533,0.2105655001668811,0.6677204778847953,-0.198014933,-0.717592816,1.4731153261729597,-0.195873413,-1.427867432,0.3047900390625011,8.330163574218808,14.371435546875109,9.989648437500076,240,0.008333333,10031YOWI04,1.3146855353650897,23.297691285313736,-45.85609483,106.51791474004844,106.51791474004844,8.333333333333334,10031YOWI04,G,3,16.8,61,37,0.015625,1.0758427836935174,-0.41073599,0.8948754509691192,-0.433510749,-116.8982177,-53.75197073,2.800183088764664,6.527855344968188,-2.492209053,5.429805901225177,-2.630398699,-709.2994132,-326.1490385,16.99057745233644,1003,1YO,99,WI04,Wind_success,4,Left,W,0,Naive,Right,7,FALSE,Second,Head-On,TRUE,TRUE,0.1583333333333333,158.33333333333331,347.7506570531692,2.630951714026246,0.3,300,707.7579904452856,1.5857545773165442,3.1930469629406955,1.9862741376330573,26.437767260398303,22.72812256114986,524.3574213149404,8514.002380952381,18.587443261315652
10031YOWI05_f231,-40.58049339,137.1322395468057,37.32680516252936,88.86265563964844,-296.6555786,1436.7347412109375,147.80161687484176,-5.976806641,-11.72445679,0.576171875,52.201507568359375,-9.526092529,-28.86413574,-0.453730624,-0.890064781,0.043740218,0.8641778413646194,-0.157701156,-0.47783575,1.4926374353908831,-0.139607849,-1.484996338,-0.057114258,14.863842773437606,-0.665771484,2.1832031250000163,231,0.083333333,10031YOWI05,0.326225887,28.38400249274904,-28.54414658,100.3419320719634,100.3419320719634,83.33333333333333,10031YOWI05,G,3,16.8,61,37,0.026041667,0.945223327,-0.338839817,0.8615859547041282,-0.190537028,-78.30613245,-34.35328088,-1.212322903,5.735300027581567,-2.055967045,5.227816336003883,-1.156115164,-475.1355058,-208.4442556,-7.355971211,1003,1YO,101,WI05,Wind_success,5,Left,W,0,Naive,Right,8,FALSE,Second,Head-On,TRUE,TRUE,0.2,200,379.0197948556774,2.677020495472325,0.3,300,634.6203838,1.2851636714431556,3.074064499998066,1.4906507776972224,29.58292782399452,23.41036063995516,524.3574213149404,8514.002380952381,18.587443261315652
10031YOWI06_f234,-43.13170942,99.181464,50.17903544108072,86.28215789794922,-334.5655823,1449.630859,119.2276929118556,-4.919395447,-12.14309692,0.620239258,38.94018555,3.393005371,-44.24511719,-0.375056831,-0.925794947,0.047287309,0.6595787587283838,0.057471587,-0.749435039,1.3143536304186778,0.069873962,-1.304710693,-0.142734375,-2.970043945,-8.839599609,-2.831835938,234,0.058333333,10031YOWI06,1.7539342105564262,23.809731462367367,-48.5414629,85.02017977146215,85.02017977146215,58.333333333333336,10031YOWI06,G,3,16.8,61,37,0.0125,0.6518695534337795,-0.258697551,0.5850532625148036,-0.125388086,-56.07058102,-32.77160751,1.5185041519670348,3.955327128742411,-1.569690492,3.5499081507863908,-0.760813102,-340.2175927,-198.8471889,9.213776952375094,1003,1YO,103,WI06,Wind_success,6,Left,W,0,Naive,Right,9,FALSE,Second,Head-On,TRUE,TRUE,0.2,200,356.9457306119178,2.4719002281253326,0.2416666666666666,241.66666666666663,450.8454677738071,1.442320848361568,2.8628163325610747,1.7815840630773727,27.948711285664487,22.810776110845623,524.3574213149404,8514.002380952381,18.587443261315652
10031YOWI07_f234,20.51558322906493,101.06772251129148,14.472873179117869,149.9290771484375,-332.733429,1413.960938,104.139511,-8.787277222,-9.561065674,3.300292969,44.64886474609375,-18.74829102,-32.03198242,-0.655836081,-0.713587574,0.2463164813173395,0.7690006388995712,-0.322907376,-0.551696333,1.124693477060558,-0.537504272,-0.917336426,0.3667675781250013,5.098754882812542,0.6398437500000065,11.341406250000077,234,0.058333333,10031YOWI07,0.9442822243322048,18.12796176078257,-33.4834665,112.77778898651678,112.77778898651678,58.333333333333336,10031YOWI07,G,3,16.8,61,37,0.059375,0.3779536943376795,-0.216340846,0.2798103503458349,-0.133235885,-26.71243384,-26.91248853,-1.881925493,2.293297014329884,-1.31268413,1.6977959221993764,-0.808430935,-162.0821431,-163.2960083,-11.41889649,1003,1YO,104,WI07,Wind_success,7,Left,W,0,Naive,Right,10,FALSE,Second,Head-On,TRUE,TRUE,0.2,200,335.4239817089231,2.7531875921101805,0.4,400,811.6794978258254,1.1297779313467406,3.0204167530714665,1.6302269224429282,28.68183890151722,22.691879407451225,524.3574213149404,8514.002380952381,18.587443261315652
10031YOWI08_f234,-37.08953206,112.02768262227374,50.59452336629238,92.35328674316406,-321.7676697,1450.068848,128.39642073134044,-6.089241028,-11.92337036,1.504394531,36.23020935058594,-8.570129395,-47.45788574,-0.45197488,-0.885014054,0.1116639224419234,0.6006479956764464,-0.142081184,-0.786787724,1.2124776259630377,-0.068294678,-1.210524902,0.008203125,1.1760864257812595,11.660009765625064,-0.84375,234,0.058333333,10031YOWI08,1.8545172633263576,21.533375649573355,-51.8863245,103.30849313333007,103.30849313333007,58.333333333333336,10031YOWI08,G,3,16.8,61,37,0.014583333,0.5240482446201061,-0.2231044,0.4601409813817007,-0.114548097,-45.33875534,-22.88190176,1.040037951955768,3.1797500401685963,-1.353723121,2.791982072361176,-0.695039666,-275.1004523,-138.8397514,6.310603562665452,1003,1YO,106,WI08,Wind_success,8,Left,W,0,Naive,Right,11,FALSE,Second,Head-On,TRUE,TRUE,0.2166666666666666,216.66666666666669,396.7039049464203,2.4597664467397755,0.375,375,763.4067923098814,1.2653142507915356,2.831149716937734,1.5891847250757023,31.421319614487977,23.206219812585648,524.3574213149404,8514.002380952381,18.587443261315652
10031YOWI09_f236,-50.12249896,81.31644541422526,48.12518056233717,79.27280426,-352.4726257,1447.6737060546875,106.96103122487358,-6.44152832,-11.68014526,1.758789063,33.74455261230469,-5.808319092,-47.81164551,-0.478778604,-0.868148576,0.1307252766353686,0.573808549,-0.098767442,-0.813012141,1.2067352046416853,-0.039319153,-1.185673828,-0.221000977,0.5430541992187534,10.25244140625006,-11.11289063,236,0.041666667,10031YOWI09,1.8617707819865603,17.782208707576416,-54.39127842,99.76639992,99.76639992,41.66666666666666,10031YOWI09,G,3,16.8,61,37,0.05,0.5405264950816604,-0.391545542,0.371303716,-0.031536189,-38.13459638,-41.98158596,-0.437955353,3.279734570419277,-2.375767815,2.252947160459813,-0.191351079,-231.3880174,-254.7302677,-2.657367078,1003,1YO,107,WI09,Wind_success,9,Left,W,0,Naive,Right,12,FALSE,Second,Head-On,TRUE,TRUE,0.25,250,436.80182856660514,2.542715749646616,0.4,400,793.4775769786305,1.2992029304929482,2.773882273310274,1.4611026065758963,27.99888002292449,21.322877584688328,524.3574213149404,8514.002380952381,18.587443261315652
10031YOWI10_f233,-22.12449341,107.2561523,39.68212891,105.17550659179688,-326.4438477,1439.682129,116.48195902665604,-7.350395203,-11.11282349,1.451538086,42.20597839355469,-12.98538208,-38.96276855,-0.548429885,-0.829153309,0.1083025937064802,0.716688672,-0.220501374,-0.661616574,1.3219411283883218,-0.308800964,-1.28536377,-0.003208008,11.68374023437509,9.849023438,-31.36289063,233,0.066666667,10031YOWI10,1.9697983634050205,19.34736307640196,-41.42327879,107.10139854633508,107.10139854633508,66.66666666666667,10031YOWI10,G,3,16.8,61,37,0.017708333,0.5082726187080148,-0.223447727,0.4151635948461256,-0.189871951,-39.07935361,-20.44982754,0.8257542760414711,3.0840288014417663,-1.355806314,2.5190742855087467,-1.152079698,-237.1204893,-124.0827359,5.010401655511085,1003,1YO,109,WI10,Wind_success,10,Left,W,0,Naive,Right,13,FALSE,Second,Head-On,TRUE,TRUE,0.2083333333333333,208.33333333333331,356.90259176359194,2.6496571288799613,0.375,375,762.4612406151628,0.9981065691828218,3.3088872642128835,1.5765077820263207,28.05654459543277,22.257900193467897,524.3574213149404,8514.002380952381,18.587443261315652
10031YOWI11_f240,-27.59981232,50.31474609374999,35.95385742,99.70018768310548,-383.3852539,1435.953857421875,67.72003527700535,-7.385406494,-10.7097168,3.371337891,36.881004333496094,-11.14797974,-45.12805176,-0.549548078,-0.796909999,0.2508612436553333,0.6215385384079286,-0.187871756,-0.760522221,1.1965461802492088,-0.366447144,-1.068966064,-0.393383789,-1.750341797,6.111914062500071,-22.03417969,240,0.008333333,10031YOWI11,1.0146792974976775,19.30171757513487,-49.5102574,106.81843296865752,106.81843296865752,8.333333333333334,10031YOWI11,G,3,16.8,61,37,0.023958333,0.6741652091134259,-0.354789255,0.5278975369144703,-0.223489383,-57.33785501,-38.87536347,0.6246006367136376,4.090609734439019,-2.152742917,3.2031062625265165,-1.356059071,-347.9069888,-235.8827452,3.789868433047167,1003,1YO,111,WI11,Wind_success,11,Left,W,0,Naive,Right,14,FALSE,Second,Head-On,TRUE,TRUE,0.1666666666666666,166.66666666666666,335.1246560006693,2.566159174590737,0.3166666666666666,316.66666666666663,691.3979661372684,1.1965461802492088,3.233536355356532,1.5032361070227669,27.290804634718825,21.817963224266315,524.3574213149404,8514.002380952381,18.587443261315652
10031YOWI12_f235,-17.56250251,86.91049118041991,40.76461308797207,111.81144714355467,-346.8899231,1440.3258056640625,97.58908059765098,-8.250305176,-10.04116821,1.529907227,40.806976318359375,-8.953460693,-38.89172363,-0.630486821,-0.767344249,0.116915232,0.7149289424129451,-0.156862595,-0.681374151,1.275852199759332,-0.382888184,-1.216556396,-0.034438477,-1.204980469,-7.183740234,-0.566015625,235,0.05,10031YOWI12,1.738441301716963,23.611523459356484,-42.9511176,102.37517333843093,102.37517333843093,50,10031YOWI12,G,3,16.8,61,37,0.025,0.4507878264873817,-0.307400175,0.2940592752654258,-0.149144023,-28.79364668,-31.94383751,-1.355679025,2.7352302466347607,-1.865201779,1.7842536482781528,-0.904956212,-174.7102488,-193.8245565,-8.225808367,1003,1YO,112,WI12,Wind_success,12,Left,W,0,Naive,Right,15,FALSE,Second,Head-On,TRUE,TRUE,0.2083333333333333,208.33333333333331,351.8733842379625,2.4970709962046604,0.4,400,790.9259337342849,1.030858931,2.7233016662854856,1.6717501837108146,25.426657134046167,22.02965431721225,524.3574213149404,8514.002380952381,18.587443261315652
10031YOXE01_f197,247.60223299662272,1050.9020153681438,-40.8400561,68.23513793945312,613.8400268554688,1356.261962890625,1080.4488983159326,-1.123596191,-13.43536377,1.684936523,-19.43903351,49.08697509765625,-14.03564453,-0.082695539,-0.988829137,0.1240096179874729,-0.355832558,0.8985397288769469,-0.256923231,2.319240269,0.4392443847656265,-2.276916504,0.039887695,-13.68676758,-9.573046875,8.688867187500062,197,0.3666666666666666,10031YOXE01,3.406109265511841,25.11667610689145,-14.88757555,-21.60416242,21.60416242090412,366.6666666666666,10031YOXE01,G,3,16.8,61,37,0.005208333,1.7889424157103797,0.5427879056960919,-1.61478435,0.5460473952845647,94.09589421723392,37.01970807281735,2.628629513214636,10.854706177554364,3.293456056114338,-9.797973098,3.313233552282441,570.9425162445629,224.62324688617872,15.949647548751486,1003,1YO,59,XE01,Wind_fall,1,Left,X,0,Naive,Left,1,TRUE,First,Failure,FALSE,FALSE,,,,3.206292480652676,0.1666666666666666,166.66666666666666,547.2171683300486,3.043559018054109,4.783642842428804,3.682224798283133,25.11667610689145,23.326757326170128,524.3574213149404,8514.002380952381,18.587443261315652
11011YOME01_f221,158.91171913146974,419.74078232447306,-6.426531474,-24.98740196,-7.546773434,1391.898193359375,448.86140303044937,-4.372854233,-12.81125879,4.174926758,-22.41601753,35.19719457626343,-46.48522949,-0.308683003,-0.904356201,0.2947111569103488,-0.358842495,0.5634475031983905,-0.744149834,2.7765868131752858,-0.635893478,-2.66616766,0.4434228515625016,-16.44521484,1.4517951965332594,-9.096679688,221,0.1666666666666666,11011YOME01,1.1987622911234417,,-48.08612797,-32.49181472,32.49181472,166.66666666666666,11011YOME01,H,1,16.2,60,39,0.6708333333333333,0.4182778573675668,-0.370934528,0.1896447336900358,-0.037400756,-11.24174511,-23.28394423,-2.232673603,2.631969503074256,-2.334066576,1.1933195762074211,-0.235340331,-70.73750085,-146.5117745,-14.04886424,1101,1YO,92,ME01,Wind_missed,1,Right,M,0,Naive,Left,5,FALSE,Second,Failure,FALSE,FALSE,,,,2.7733658450685867,0.1666666666666666,166.66666666666666,448.86140303044937,,5.048222721746998,2.984430117715616,27.162324148822687,23.25357836556011,582.5767989919827,8237.142857142857,18.36793076379879
11011YOME02_f226,101.53446070353188,283.5901423772176,3.517938232421784,-82.63852692,-145.2082367,1401.658203,301.23909350098427,-2.321907043,-13.61662292,3.668823242,-38.62410736,26.98340606689453,-39.88122559,-0.162460947,-0.952738165,0.2567029977867863,-0.625706987,0.4371286963377057,-0.646072186,2.9333866825234245,-0.933284912,-2.76549408,0.292880859,-5.20378418,5.216857910156279,-2.315039063,226,0.125,11011YOME02,1.246588400665968,,-40.24611198,-55.0612474,55.06124739559999,125,11011YOME02,H,1,16.2,60,39,0.007291667,1.356655214655464,-0.668431031,-1.133863354,0.3287357951363984,125.2462162457058,-72.26917201,1.6410490672219988,8.536610504873233,-4.206032085,-7.134716111,2.0685354773813467,788.0986662998565,-454.7461774,10.326128964032662,1101,1YO,101,ME02,Wind_missed,2,Right,M,0,Naive,Left,11,FALSE,Second,Failure,FALSE,FALSE,0.1833333333333333,183.3333333333333,470.5788952083663,2.963057578222526,0.1333333333333333,133.33333333333334,325.5392896509824,2.041527670641098,3.869432074,2.601588995515309,24.491247200829644,23.33154234633613,582.5767989919827,8237.142857142857,18.36793076379879
11011YOPE01_f239,-1.756346289,19.54484863281249,39.193360900878815,-185.6687775,-407.9426575,1437.5311279296875,43.83155711441342,10.87316895,-8.758666992,-1.427490234,-47.71058655,-18.61743164,-32.81896973,0.7747249063776583,-0.624064383,-0.101710205,-0.784357889,-0.306068955,-0.539541005,1.062825945840397,0.4488336181640641,-0.870091553,0.4136279296875015,-3.110888672,12.883447265625104,23.01328125000017,239,0.016666667,11011YOPE01,0.2790673323410002,49.25276861222248,-32.65239854,-111.3165221,111.31652214904948,16.666666666666668,11011YOPE01,H,1,16.2,60,39,0.1833333333333333,0.2321939106732961,-0.188118559,0.085855844,-0.105613417,-8.795995925,-20.48509313,1.9146266123262403,1.461055805195606,-1.183716284,0.5402388851617441,-0.664561337,-55.34788088,-128.9002978,12.047586944074704,1101,1YO,97,PE01,Wind_Near-miss,1,Right,P,0,Naive,Left,8,FALSE,Second,Pivot,TRUE,FALSE,0.175,175,247.76204903857231,2.1314219945815256,0.3833333333333333,383.33333333333337,650.4084949153341,1.062825945840397,5.427776981001705,2.6929604313107567,23.27842210451913,20.519306089336983,582.5767989919827,8237.142857142857,18.36793076379879
11011YOPE02_f240,40.145923017211146,47.48342965589933,16.177285084893583,-143.7367401,-379.9852905,1414.567138671875,64.25010334239552,-2.029174805,-13.78573608,3.368286133,-42.45854187,-1.439117432,-48.16748047,-0.141547953,-0.961643481,0.2349595540461638,-0.661086212,-0.022407286,-0.749975289,1.7188345946977477,-0.289072266,-1.672734375,0.2697949218750009,-11.02456055,-5.623242188,-10.90019531,240,0.008333333,11011YOPE02,1.970607347788448,25.65753664409204,-48.58823738,-91.94127723,91.94127723114237,8.333333333333334,11011YOPE02,H,1,16.2,60,39,0.019791667,1.3901395361828777,-0.3024062,-1.35094364,0.1264503910455241,147.86934719487647,-31.4358831,1.353753106049497,8.747307082612084,-1.902859261,-8.500671023,0.7956758098030741,930.4523426264234,-197.806994,8.518349291158536,1101,1YO,98,PE02,Wind_Near-miss,2,Right,P,0,Naive,Left,9,FALSE,Second,Pivot,TRUE,FALSE,0.2083333333333333,208.33333333333331,492.6854317248256,2.5041834681096096,0.1916666666666666,191.66666666666669,451.2541723141347,1.7188345946977477,3.955906978772175,2.2471412216044264,31.70208272627483,23.30800065995228,582.5767989919827,8237.142857142857,18.36793076379879
11011YOPE03_f240,25.75442790985108,36.07868150075279,40.19379806518555,-158.4735718,-392.7296753,1438.3123779296875,59.83730624536328,3.809890747070313,-13.59234619,1.743896484,-48.93202209,-4.092498779,-36.0645752,0.2678586359491329,-0.955625122,0.1226065954516871,-0.803163756,-0.067173735,-0.59195918,1.230491510955927,0.2916632080078135,-1.189277344,-0.121083984,15.350317382812609,10.271337890625071,-15.046875,240,0.008333333,11011YOPE03,1.940323037086905,23.04888468436289,-36.29616115,-94.78088665,94.78088664916096,8.333333333333334,11011YOPE03,H,1,16.2,60,39,0.016666667,0.8844650451002808,-0.467205273,-0.721655552,0.2078723468049783,88.39740220539004,-57.0183941,-3.920734192,5.565403437537161,-2.939840129,-4.540941798,1.308014918041419,556.2313727,-358.7822586,-24.67080827,1101,1YO,100,PE03,Wind_Near-miss,3,Right,P,0,Naive,Left,10,FALSE,Second,Pivot,TRUE,FALSE,0.175,175,322.8977453153224,2.3633768236144173,0.3416666666666667,341.6666666666667,689.2295398,1.285351618801712,3.602217044516585,1.7040008947104046,31.433819028810827,22.43054339364745,582.5767989919827,8237.142857142857,18.36793076379879
11011YOPI01_f240,9.811715110143028,20.77491544087729,29.0880127,134.79844665527344,-410.09021,1429.883301,37.06722740563249,-10.00749969,-10.16046143,0.325927734,43.286895751953125,-13.4357605,-40.46582031,-0.701540439,-0.712263281,0.022848013,0.7124261504547217,-0.221128981,-0.665996212,1.2733492835862534,-0.577809448,-1.105147705,0.2572998046875009,-18.84199219,29.53652343750022,19.10039062500013,240,0.008333333,11011YOPI01,1.4590181827000015,25.59935751403661,-41.7587975,107.24374885721394,107.24374885721394,8.333333333333334,11011YOPI01,H,1,16.2,60,39,0.153125,0.3539265802148796,-0.242527375,-0.23413444,0.1078218920911372,31.054237216852496,-33.63440676,-2.584101611,2.2270458477421604,-1.526078047,-1.473266381,0.6784579359128206,195.40552734582056,-211.6409733,-16.26018808,1101,1YO,54,PI01,Wind_Near-miss,1,Right,P,0,Naive,Right,1,TRUE,First,Pivot,TRUE,FALSE,0.2333333333333333,233.33333333333331,453.6816432,2.3062442810785457,0.2,200,381.37779548531216,1.4186854221519498,4.824328300352471,2.764150768301778,30.241096174935947,23.10984474888392,582.5767989919827,8237.142857142857,18.36793076379879
11011YOPI02_f216,-2.383089904,446.36732524009926,-118.9367494,122.5350341796875,13.91805362701416,1282.00293,461.9474196576389,-4.599021912,-13.47582844,1.153686523,29.57556152,35.71943187713623,-31.6986084,-0.321932863,-0.943311886,0.08075839,0.5265095350437505,0.6358838345217686,-0.564304402,2.675980159841302,0.3240490722656261,-2.612429237,0.4807031250000017,0.8249633789062478,-6.970811462,21.91113281250016,216,0.2083333333333333,11011YOPI02,1.7059133104421242,,-34.3540017,39.62463473310518,39.62463473310518,208.33333333333331,11011YOPI02,H,1,16.2,60,39,0.020833333,0.5448110467702472,-0.005789764,0.4092107404822483,-0.359627759,-52.1213825,-0.238015236,1.9941229418840705,3.4281663128468502,-0.036431479,2.574915622017394,-2.262919918,-327.9683272,-1.497685881,12.547809251608149,1101,1YO,74,PI02,Wind_Near-miss,2,Right,P,0,Naive,Right,13,TRUE,First,Pivot,TRUE,FALSE,,,,2.593916024478525,0.2,200,441.0133143527176,1.4276205583574082,4.403111054309066,3.162399793221264,29.272869337606345,23.73759924763066,582.5767989919827,8237.142857142857,18.36793076379879
11011YOUE01_f237,49.17013743718465,-41.88258127,60.25391108194981,-134.7203217,-469.2063904,1458.5496826171875,88.33112039223072,6.352935791015625,12.41278076171875,-2.433837891,0.6336822509765625,-41.43286133,-46.30664063,0.4488160998080321,0.876926201,-0.171943439,0.010197643,-0.666765586,-0.745197733,1.0294452602153554,0.4010156249999907,0.8895812988281044,-0.328007812,4.559765624998632,-11.41479492,-16.73789062,237,0.033333333,11011YOUE01,0.4797974612804837,2.267854382302596,-48.17608555,179.12377550436486,179.12377550436486,33.333333333333336,11011YOUE01,H,1,16.2,60,39,0.027083333,0.486380606,-0.383221625,0.2579952041527741,-0.152137289,-17.4126431,-24.2619464,0.054342374,3.0604988978212333,-2.41138184,1.623407735573263,-0.957307917,-109.5672286,-152.6657505,0.3419436839628842,1101,1YO,87,UE01,Wind_Uturn,1,Right,U,0,Naive,Left,1,FALSE,Second,U-Turn,TRUE,FALSE,,,,2.977767463636632,0.8833333333333333,883.3333333333333,249.23382521536467,0.9419648173494752,3.436144787642534,1.9845687352969368,25.840312781853925,21.66332897411284,582.5767989919827,8237.142857142857,18.36793076379879
11011YOUE02_f231,83.59406671524047,-103.2455695,14.742675526936864,-100.2800827,-530.5656128,1413.028809,133.65987464323118,-13.92243195,-41.53088379,-54.63122559,-0.635688782,-13.19903564,-4.903198242,-0.198826583,-0.593103542,-0.780189835,-0.045101329,-0.936455169,-0.347875819,1.2330914586713086,-0.015274658,1.097497558593754,0.5619433593750021,-17.64887695,-2.373925781,20.23066406250015,231,0.083333333,11011YOUE02,0.717636178,22.729576872351355,-20.35744566,-177.2426651,177.24266505367308,83.33333333333333,11011YOUE02,H,1,16.2,60,39,0.013541667,0.383465968,-0.105878068,0.3636720133588701,-0.05982182,-24.14555461,-8.929084755,1.3301925956265015,2.4129193451040387,-0.666226629,2.288367962641233,-0.376422519,-151.9333674,-56.18532837,8.370097252907097,1101,1YO,89,UE02,Wind_Uturn,2,Right,U,0,Naive,Left,2,FALSE,Second,U-Turn,TRUE,FALSE,,,,1.5837848236821694,0.1666666666666666,166.66666666666666,224.25837298482648,1.018081684419862,4.008855846706587,1.2841212972778284,23.92775093481584,21.41462495281564,582.5767989919827,8237.142857142857,18.36793076379879
11011YOUE03_f238,65.90035324096681,-15.99259396,58.961422475179006,-118.0086212,-443.3045044,1457.242431640625,89.86138747550048,3.8867111206054688,13.061492919921877,-3.438598633,-0.518157959,-45.46347046,-32.35400391,0.2765427924470376,0.9293362983559534,-0.244659209,-0.009285482,-0.81471342,-0.579789464,0.723280191,0.2071920776367194,0.6271215820312522,-0.294829102,1.542370605469382,-0.0140625,-10.78769531,238,0.025,11011YOUE03,0.9519155204216372,21.452602566255504,-35.43573604,-179.3470147,179.3470146801582,25,11011YOUE03,H,1,16.2,60,39,0.009375,0.3599016916190132,-0.26526324,0.2409962919927535,-0.032945838,-17.15690928,-18.30071691,1.2869594825534132,2.2646436089340254,-1.66914109,1.516443865498506,-0.207308228,-107.9580503,-115.1553398,8.098057427879167,1101,1YO,90,UE03,Wind_Uturn,3,Right,U,0,Naive,Left,3,FALSE,Second,U-Turn,TRUE,FALSE,0.7333333333333333,733.3333333333333,139.9712841020699,3.075557000093423,0.8416666666666667,841.6666666666666,446.1645416635378,0.7654165658831755,5.113586318879374,2.372565999412885,28.52194932088276,23.60944229141032,582.5767989919827,8237.142857142857,18.36793076379879
11011YOUE04_f239,51.45150973002117,7.018737220764137,41.37549692789708,-132.4468689,-420.2893066,1439.6761474609375,66.39617663467546,-6.939056396,-12.09060669,0.318115234,-2.887405396,-56.77703857,-34.5916748,-0.497638286,-0.867084578,0.022813811,-0.043388719,-0.853182235,-0.519805245,0.5843322948939275,0.1021728515625003,0.3891540527343763,-0.42375,-1.614111328,-11.55585938,-11.46972656,239,0.016666667,11011YOUE04,1.3184619188493696,21.14297813691257,-31.31918861,-177.088722,177.08872198401906,16.666666666666668,11011YOUE04,H,1,16.2,60,39,0.008333333,0.3443772045513111,-0.328369918,0.1031520421344398,0.011336308,-10.82239161,-28.88053262,-1.246630293,2.166957404,-2.066233237,0.6490733953413615,0.071332528,-68.09876298,-181.7277194,-7.844290235,1101,1YO,91,UE04,Wind_Uturn,4,Right,U,0,Naive,Left,4,FALSE,Second,U-Turn,TRUE,FALSE,,,,1.074736231098107,0.1916666666666666,191.66666666666669,120.58007690557749,0.5843322948939275,2.2264817832107644,1.2172782357795011,29.852722222299924,21.958618569423503,582.5767989919827,8237.142857142857,18.36793076379879
11011YOUE05_f240,83.62393639882404,-16.49543152,39.19051946004242,-100.2569199,-443.7999878,1437.4940185546875,93.81342556034215,-1.479469299,-13.90142822,1.47253418,-3.448570251,-47.19006348,-52.02075195,-0.105245834,-0.988913662,0.104752486,-0.049040849,-0.67107253,-0.739767973,1.059222991927246,-0.043863831,1.0046704101562536,-0.332666016,4.280163574218781,-6.193652344,-15.53730469,240,0.008333333,11011YOUE05,1.5628106508370172,22.620553557130428,-47.71165422,-175.8203509,175.8203508860191,8.333333333333334,11011YOUE05,H,1,16.2,60,39,0.023958333,0.5136907096607332,-0.33891513,0.3856971412647482,-0.01588694,-23.58893266,-21.7636724,-0.514588058,3.232344858866193,-2.132587875,2.426958767601391,-0.099966901,-148.4308822,-136.9456237,-3.23799133,1101,1YO,94,UE05,Wind_Uturn,5,Right,U,0,Naive,Left,6,FALSE,Second,U-Turn,TRUE,FALSE,,,,3.3116442948008227,0.9416666666666668,941.6666666666666,185.32629499160151,1.059222991927246,2.437205518112488,1.6550362922042854,28.745526563882454,22.934085248842656,582.5767989919827,8237.142857142857,18.36793076379879
11011YOUI01_f177,119.99908355077108,-53.03635559,2.415818023681595,244.9754180908203,-484.0383911,1403.1392822265625,131.21917254770517,-59.27165222,17.484893798828125,28.06640625,-45.67314148,14.47912598,26.98132324,-0.87328909,0.2576166922859405,0.4135212272758009,-0.830602993,0.2633146084712853,0.4906771705042169,60.03580297428571,1.762864379882772,-56.58866409,19.97280761718704,,,,177,0.5333333333333333,11011YOUI01,2.885569379379434,17.407340983981875,29.38509974837965,-72.41054123,72.41054122767503,533.3333333333334,11011YOUI01,H,1,16.2,60,39,0.023958333,0.3379290701657994,-0.324864265,-0.072066484,-0.058870092,3.5231983700182643,-23.35466426,2.6644268008107987,2.126383195314679,-2.04417428,-0.453470784,-0.370433873,22.169355847637608,-146.9567729,16.76562590963365,1101,1YO,58,UI01,Wind_Uturn,1,Right,U,0,Naive,Right,2,TRUE,First,U-Turn,TRUE,FALSE,,,,2.6727174793396298,0.75,750,434.20131874259647,0.8162150996965402,4.941450359580838,2.891729310233267,27.11058845851053,21.74085893,582.5767989919827,8237.142857142857,18.36793076379879
11011YOUI02_f240,-37.98391682,-13.4091568,50.70190480550127,86.84647369384766,-446.4559021,1451.6873779296875,64.75543663814345,-4.664054871,12.72338867,-3.715454102,14.404434204101562,-45.08612061,-34.98840332,-0.331927467,0.9054872396804152,-0.264418259,0.2447259569310807,-0.765996349,-0.594439904,0.5526119909448681,-0.1153125,0.5109960937500018,-0.17597168,-4.97779541,1.293310546875004,-8.152734375,240,0.008333333,11011YOUI02,2.7547020220240968,19.24156288119968,-36.47271441,162.28198931568386,162.28198931568386,8.333333333333334,11011YOUI02,H,1,16.2,60,39,0.064583333,0.2787320739167908,-0.272605074,-0.057983006,0.004001669,2.645379554687364,-24.62905924,0.5260741543086049,1.753892311,-1.715338811,-0.364851981,0.025180083,16.64577311314584,-154.9757695,3.310266384192276,1101,1YO,70,UI02,Wind_Uturn,2,Right,U,0,Naive,Right,10,TRUE,First,U-Turn,TRUE,FALSE,0.5916666666666667,591.6666666666666,297.4473039227425,2.539511631715921,0.7583333333333333,758.3333333333333,686.0488073750879,0.5526119909448681,4.954289376496666,2.6359952773545654,28.94774399872406,22.542998612244578,582.5767989919827,8237.142857142857,18.36793076379879
11011YOWE01_f239,42.01019947125519,43.14939086,22.18056734726315,-141.8742218,-384.2260742,1420.509033203125,64.17713268,-1.967300415,-13.9881897,2.61340332,-28.84519958,7.224700927734375,-58.87109375,-0.136945518,-0.97373023,0.1819213116258067,-0.437347399,0.1095400344374911,-0.892596344,1.9817072093541823,-0.322011108,-1.952955322,0.097148438,3.4837646484375298,5.889111328125031,16.55332031250012,239,0.016666667,11011YOWE01,0.5867061759991481,,-63.20133761,-75.93870635,75.93870635075541,16.666666666666668,11011YOWE01,H,1,16.2,60,39,0.008333333,1.893197499001272,-0.490121987,-1.804532661,0.2960389877059907,189.5488570968897,-52.1075095,2.109002393904837,11.91274649829018,-3.084041146,-11.35483232,1.862794249417895,1192.7162828109997,-327.8810328,13.270676142414748,1101,1YO,95,WE01,Wind_success,1,Right,W,0,Naive,Left,7,FALSE,Second,Head-On,TRUE,TRUE,0.1666666666666666,166.66666666666666,392.1199764349872,2.6789166711952888,0.1666666666666666,166.66666666666666,392.1199764349872,1.9817072093541823,4.689356368873913,2.6891286321958656,24.377015706227294,22.59251525854352,582.5767989919827,8237.142857142857,18.36793076379879
11011YOWE02_f237,14.05344835917154,54.86560420989992,37.97574055989594,-170.1254578,-373.9168701,1436.087158203125,68.19010783958193,4.3878326416015625,-13.74594116,-0.798583984,-52.20741272,-10.72515869,-32.74023438,0.3036277310533665,-0.9511869,-0.055260139,-0.834644118,-0.171463977,-0.523420768,1.2485426264176966,0.3877203369140535,-1.168476562,-0.207832031,6.047973632811141,4.677978515628627,-12.07265625,237,0.033333333,11011YOWE02,1.079406165316541,29.21381455362061,-31.56199084,-101.6089678,101.60896775350233,33.333333333333336,11011YOWE02,H,1,16.2,60,39,0.005208333,0.7097432073132067,-0.438139632,-0.551294937,0.088560576,70.73482780985744,-58.38700355,1.4915856538064622,4.4659846170650175,-2.756947632,-3.468965514,0.5572581290659484,445.0914776422234,-367.3940898,9.385646127071531,1101,1YO,102,WE02,Wind_success,2,Right,W,0,Naive,Left,12,FALSE,Second,Head-On,TRUE,TRUE,0.1583333333333333,158.33333333333331,241.03366407770085,2.313063715116482,0.4333333333333333,433.33333333333337,719.2870400283441,1.2961152903438016,3.126546368137051,1.3479449985586698,29.31474417945812,22.78759046604048,582.5767989919827,8237.142857142857,18.36793076379879
11011YOWE03_f234,49.99230645497639,61.723745473225904,47.40485636393237,-134.1477051,-367.0809937,1445.5299072265625,92.5001182,1.9757232666015625,-14.29031372,-1.139770508,-41.73554993,-4.59161377,-52.44616699,0.1365279510556016,-0.987500266,-0.0787613,-0.621222987,-0.068344997,-0.780647783,0.9846916075538826,0.092647705,-0.973201904,-0.117949219,-12.42070313,0.8121093749999837,0.2021484375000017,234,0.058333333,11011YOWE03,1.2933861730256808,20.282397134100208,-51.31992414,-96.27825243,96.27825242518156,58.333333333333336,11011YOWE03,H,1,16.2,60,39,-0.008333333,0.51871053,-0.280248614,-0.4364137,0.008025602,39.12602565844185,-24.7562149,-1.068641485,3.2639315497783943,-1.763434981,-2.74608739,0.050500257,246.19640866866663,-155.7758831,-6.724314348,1101,1YO,103,WE03,Wind_success,3,Right,W,0,Naive,Left,13,FALSE,Second,Head-On,TRUE,TRUE,0.35,350,577.4062890606904,2.6327825018859814,0.3833333333333333,383.33333333333337,658.9559036399476,0.8287019969158211,3.740229719,1.4745360246102406,32.03249845309932,22.113495993704746,582.5767989919827,8237.142857142857,18.36793076379879
11011YOWE04_f236,60.182105509440106,69.63465792338053,43.20454940795889,-123.9764557,-359.161499,1441.3233642578125,101.6735191542044,0.3628005981445312,-14.39651489,-1.133911133,-54.30027771,-3.935516357,-32.18225098,0.025114855,-0.996598107,-0.078494948,-0.858594359,-0.062228266,-0.508864785,1.105237541372208,-0.159912415,-1.091630859,0.065727539,4.233691406250031,-4.768945313,5.424609375000038,236,0.041666667,11011YOWE04,0.4951380220348715,5.450100020485288,-30.5882432,-94.1453728,94.14537279937127,41.66666666666666,11011YOWE04,H,1,16.2,60,39,0.017708333,0.722182676,-0.432481229,-0.547543732,0.1862891978962875,56.24592148291332,-45.62780648,-1.255224336,4.544258665,-2.721342727,-3.445361447,1.1722052195183017,353.92155575007433,-287.1081819,-7.898367349,1101,1YO,104,WE04,Wind_success,4,Right,W,0,Naive,Left,14,FALSE,Second,Head-On,TRUE,TRUE,0.2416666666666666,241.66666666666663,446.1762924080871,2.6533458881493006,0.2583333333333333,258.33333333333337,487.2415769975349,1.0404988369692647,3.839075027789917,1.921499058029075,29.98762044448512,23.46564373987167,582.5767989919827,8237.142857142857,18.36793076379879
11011YOWE05_f240,35.38640985650531,14.632593316546943,37.95265456377456,-148.8296509,-414.1585083,1436.046630859375,53.91395717378968,3.072479248046875,-13.97573853,1.47277832,-35.49638367,2.86114502,-52.39257813,0.2135879434205794,-0.971544153,0.1023823652348271,-0.560326011,0.045164431,-0.827039863,1.0532285002587458,-0.218269043,-1.018040771,-0.158876953,-41.91943359,12.1425293,18.031640625000133,240,0.008333333,11011YOWE05,1.0990705952119082,25.098148524065987,-55.79585037,-85.39170262,85.39170262207728,8.333333333333334,11011YOWE05,H,1,16.2,60,39,-0.001041667,0.8451537897051905,-0.519964377,-0.638196992,0.1913807055663003,70.95167853,-59.13954894,-0.661327821,5.318041490197647,-3.27182125,-4.01578757,1.2042429969815405,446.4559880213847,-372.1294027,-4.161335884,1101,1YO,105,WE05,Wind_success,5,Right,W,0,Naive,Left,15,FALSE,Second,Head-On,TRUE,TRUE,0.2583333333333333,258.33333333333337,450.2324455759164,2.396739740327126,0.3666666666666666,366.6666666666666,688.2080658,1.1685105935266649,4.342394540237304,1.978188131235012,29.41329846704156,22.317257768710903,582.5767989919827,8237.142857142857,18.36793076379879
11011YOWI01_f205,-235.5598642,526.5602904637655,-53.68864543,-110.6044235,95.53790283203124,1347.0655517578125,579.3415743319594,-1.619819641,-13.18054962,5.500610352,27.36022949,13.30388641357422,-52.11401367,-0.112692161,-0.916981481,0.3826819042613226,0.4534013411684999,0.2204659849213006,-0.86360985,2.114795433218441,0.3293481445312511,-1.843829041,0.9819287109375036,15.065112304687606,14.410327148437617,3.724804687500036,205,0.3,11011YOWI01,1.587013975304319,19.506499101081943,-59.7243454,64.06870476209896,64.06870476209896,300,11011YOWI01,H,1,16.2,60,39,0.0125,1.274458797200186,-0.624285876,1.101175282941729,0.14807217,-90.77806035,-56.22101958,1.646555690311278,8.019398177723575,-3.928253329,6.929029857047664,0.931728586,-571.2114141,-353.7648631,10.360778811689244,1101,1YO,59,WI01,Wind_success,1,Right,W,0,Naive,Right,3,TRUE,First,Head-On,TRUE,TRUE,0.4083333333333333,408.3333333333333,787.9608997197425,2.453904235900316,0.275,275,525.6711843448535,1.4877694418024563,2.582571789992404,1.7939578338830848,27.45716471243723,23.222711555912376,582.5767989919827,8237.142857142857,18.36793076379879
11011YOWI02_f236,12.286928988602682,76.27107146001214,1.4200308937697628,137.09471130371094,-354.8015442,1402.163574,77.26746698,-8.013504028,-11.39648438,3.084106445,45.78016662597656,-9.978179932,-40.79125977,-0.561597593,-0.798681596,0.2161385017969558,0.7369232819245216,-0.160618749,-0.656616855,1.6556485744547114,-0.452175293,-1.501014404,0.5326025390625019,5.956567382812544,8.658544921875059,-7.212304688,236,0.041666667,11011YOWI02,2.350343397269569,20.12850371547427,-41.04236244,102.29580563893636,102.29580563893636,41.66666666666666,11011YOWI02,H,1,16.2,60,39,0.013541667,1.2100483048819322,0.013395854,1.0987299747866672,-0.506783873,-140.1651702,-4.159434155,1.4579322587216756,7.614101917179069,0.084292007,6.913643012211445,-3.188884313,-881.9746177,-26.17280273,9.173885671723712,1101,1YO,61,WI02,Wind_success,2,Right,W,0,Naive,Right,4,TRUE,First,Head-On,TRUE,TRUE,0.1583333333333333,158.33333333333331,310.58907792574206,2.27321406,0.375,375,799.6906385910992,1.625709548199582,4.817644028,3.238108635989792,23.372129079007085,21.12624002,582.5767989919827,8237.142857142857,18.36793076379879
11011YOWI03_f185,-331.4812798,412.2913189570109,-74.53539124,-206.5162506,-18.90486717,1326.192383,534.2466613039142,-1.170715332,-12.99564743,5.351928711,41.48892211914063,-4.037626266,-50.81713867,-0.083010551,-0.92146726,0.3794829856517482,0.6312327765092071,-0.061430423,-0.773156831,1.536993441850231,-0.389359131,-1.347530766,0.6284179687500022,10.976660156248542,7.549948883052187,2.416992187501967,185,0.4666666666666667,11011YOWI03,1.5191838801437332,21.24602092261821,-50.63822206,95.55841730715284,95.55841730715284,466.6666666666667,11011YOWI03,H,1,16.2,60,39,0.009375,0.9688511667266232,-0.416319063,0.7928784281765447,0.3697226250067381,-48.00576957,-25.82305235,-0.035786319,6.096394248289244,-2.619643993,4.989104266096228,2.326440801190132,-302.071265,-162.4888458,-0.225181652,1101,1YO,62,WI03,Wind_success,3,Right,W,0,Naive,Right,5,TRUE,First,Head-On,TRUE,TRUE,0.6333333333333333,633.3333333333333,778.2470478708061,2.2825888441091555,0.55,550,635.6546780890054,1.1082566260708984,3.091707408287136,1.4479212932260066,26.07744973020576,22.699020554787367,582.5767989919827,8237.142857142857,18.36793076379879
11011YOWI04_f240,-28.89135599,32.80484207,28.49125537313671,96.10125732421876,-398.3823853,1429.268066,52.17872886968553,-5.712486267,-12.87332153,2.567871094,24.67447662353516,2.806182861328125,-57.08618164,-0.399027113,-0.899223926,0.1793702675416045,0.396352889,0.045076485,-0.916991002,1.202826607065974,-0.042593079,-1.179975586,0.2294238281250008,-5.319470215,18.107666015625167,-11.52421875,240,0.008333333,11011YOWI04,0.5354518590618226,1.2634155638139073,-66.49007703,83.51173379,83.51173379,8.333333333333334,11011YOWI04,H,1,16.2,60,39,0.015625,0.7289923651124085,-0.151158685,0.7026438228624594,-0.121953181,-78.42851032,-21.67005851,1.5312214597726237,4.587107921574159,-0.951150157,4.421312485763201,-0.76737759,-493.5031671,-136.3565681,9.635050274805398,1101,1YO,63,WI04,Wind_success,4,Right,W,0,Naive,Right,6,TRUE,First,Head-On,TRUE,TRUE,0.3,300,573.9666905945745,2.186536525956537,0.1833333333333333,183.3333333333333,329.40274543690504,1.370090865858332,4.371899397173282,3.169934223341288,24.507952795894703,22.23781421768371,582.5767989919827,8237.142857142857,18.36793076379879
11011YOWI05_f219,121.00744247436523,294.5383827,-99.25407987,245.87112426757807,-138.555069,1301.7200927734375,333.53715294774645,-55.7756958,-23.01092529,31.69006348,-49.34863281,-11.15994263,27.48400879,-0.81840181,-0.33764138,0.4649911567253861,-0.857077485,-0.19382372,0.4773369351958986,1.9639287937830168,-0.121611328,-1.747507324,0.8879443359375032,-14.44504395,66.28590088,47.467968750000345,219,0.1833333333333333,11011YOWI05,4.786433886537866,20.821646854802218,28.51161701762488,-102.7428063,102.74280632206614,183.3333333333333,11011YOWI05,H,1,16.2,60,39,0.025,1.107634872087989,-0.130336004,0.930358079,-0.586772001,-120.1744428,-20.51802262,2.1569630457527933,6.969676143567215,-0.820125624,5.854180533956671,-3.692201211,-756.1850646,-129.1075032,13.572463508845804,1101,1YO,65,WI05,Wind_success,5,Right,W,0,Naive,Right,7,TRUE,First,Head-On,TRUE,TRUE,0.1916666666666666,191.66666666666669,349.00928354306507,2.1582619284625792,0.4083333333333333,408.3333333333333,771.2360924788144,,4.9035446030551695,3.6149565112591633,26.56027320073545,21.893193265292847,582.5767989919827,8237.142857142857,18.36793076379879
11011YOWI06_f230,10.84539380073548,148.83424084981283,-18.88968557,135.6763458251953,-284.3372192,1382.1270751953125,150.41965974187542,-5.150482178,-12.81317139,3.663452148,53.88755798339844,2.417633056640625,-24.31762695,-0.360494826,-0.896825156,0.2564139623144225,0.9107279696328668,0.040859266,-0.410980639,1.852511287552691,-0.529370728,-1.673404541,0.5926904296875021,-1.761328125,11.992236328119397,-6.161132812,230,0.091666667,11011YOWI06,0.5640455221662231,,-24.26645192,87.43118171717289,87.43118171717289,91.66666666666666,11011YOWI06,H,1,16.2,60,39,0.00625,0.8645451224477166,-0.063699148,0.8314647912074011,-0.22813809,-101.0603886,-15.53825874,1.536686342,5.440059415610907,-0.400820198,5.231904904339243,-1.435534982,-635.9118852,-97.77286176,9.669437475,1101,1YO,66,WI06,Wind_success,6,Right,W,0,Naive,Right,8,TRUE,First,Head-On,TRUE,TRUE,0.2,200,393.9539696269764,2.587450729285216,0.2416666666666666,241.66666666666663,497.9261546,1.240374243909793,4.667947559883331,3.2784643964529683,28.53606358,23.385178418581315,582.5767989919827,8237.142857142857,18.36793076379879
11011YOWI07_f228,-0.945480776,172.38264134724938,-13.38422241,123.86078643798828,-260.6454163,1387.598633,172.90403807120498,-5.823547363,-12.13812256,3.732299805,52.399147033691406,-7.039215088,-29.05993652,-0.41684291,-0.868833036,0.2671537837661206,0.8685430697600506,-0.116678645,-0.481683537,1.6663300513018806,-0.222164612,-1.623574219,0.302167969,0.4788940429687533,1.2366210937500322,0.3234375000000067,228,0.1083333333333333,11011YOWI07,1.0873456442018727,18.16951228539327,-28.7954143,97.65121344,97.65121344,108.33333333333334,11011YOWI07,H,1,16.2,60,39,0.017708333,0.7043913989217607,-0.218087671,0.654055975,-0.144276789,-76.94579205,-28.98209889,-1.385287789,4.432308924640772,-1.372293772,4.115578556385308,-0.907846546,-484.1733181,-182.3668145,-8.716777975,1101,1YO,68,WI07,Wind_success,7,Right,W,0,Naive,Right,9,TRUE,First,Head-On,TRUE,TRUE,0.2166666666666666,216.66666666666669,386.5071337703628,2.3173251272478965,0.2833333333333333,283.3333333333333,535.7248961201226,1.1528073250265662,5.046583632226314,3.260368386239452,23.53580124201601,21.43129956336917,582.5767989919827,8237.142857142857,18.36793076379879
11011YOWI08_f228,-37.26194924,197.5511390192275,-25.44037643,87.44216918945312,-235.6475372,1375.4764404296875,202.63789907529352,-4.262329102,-12.57081604,4.442871094,49.51219177246094,4.051177978515625,-33.23730469,-0.30450493,-0.898071304,0.3174030249888198,0.8283630310448592,0.067778176,-0.556076261,1.9352571864268333,-0.026694031,-1.8331604,0.6197021484375022,-16.14957275,2.023901367,19.233984375000134,228,0.1083333333333333,11011YOWI08,0.4078929359491481,23.101274358564226,-33.78487697,85.32237468919767,85.32237468919767,108.33333333333334,11011YOWI08,H,1,16.2,60,39,0.014583333,0.9326434798886613,-0.122699253,0.9224156836685968,-0.062594412,-96.34145873,-18.58454052,1.6592218147891815,5.868561180256108,-0.772072169,5.804203846343469,-0.393868763,-606.2185143,-116.9412701,10.44047907016764,1101,1YO,71,WI08,Wind_success,8,Right,W,0,Naive,Right,11,TRUE,First,Head-On,TRUE,TRUE,0.2416666666666666,241.66666666666663,497.9100324000015,2.569391741908196,0.2416666666666666,241.66666666666663,497.9100324000015,1.523809739,4.856320486021093,3.4529483303858983,25.019309474771315,23.66383525938669,582.5767989919827,8237.142857142857,18.36793076379879
11011YOWI09_f233,-42.40787937,111.16173960367836,-8.910955302,82.48713684082031,-321.3281555,1392.0650634765625,119.30953737501048,-3.217529297,-12.43078613,5.767211914,41.90298461914063,-13.78842163,-46.89013672,-0.228580397,-0.883110537,0.4097154883746837,0.6508789234431708,-0.214175508,-0.728344341,1.3883867045459466,0.08781189,-1.275666504,0.540908203,9.325964355468816,1.1056640625000242,-9.258398438,233,0.066666667,11011YOWI09,0.7382911014276242,15.83703174028934,-46.74777329,108.21409220685618,108.21409220685618,66.66666666666667,11011YOWI09,H,1,16.2,60,39,0.009375,0.41204955,-0.012816527,0.4092824884883259,-0.045917454,-43.12917425,-3.387014988,0.7071778987284462,2.5927785302615307,-0.080646651,2.575367088812913,-0.288930757,-271.3858009,-21.31243621,4.449842682123596,1101,1YO,73,WI09,Wind_success,9,Right,W,0,Naive,Right,12,TRUE,First,Head-On,TRUE,TRUE,0.2166666666666666,216.66666666666669,420.8012646798993,2.471374773357164,0.2583333333333333,258.33333333333337,521.9993955046572,1.469258564707577,3.819559659,2.5025089568801264,28.823761411682373,23.79143681902622,582.5767989919827,8237.142857142857,18.36793076379879
11011YOWI10_f206,71.60370227,439.0997408548991,-88.61578369,196.3839569091797,6.617338180541992,1312.242431640625,453.6390963283064,-5.059249878,-13.16093826,2.62487793,40.90686035,27.94175910949707,-28.54003906,-0.352754775,-0.917642719,0.1830188754546455,0.7155041228017719,0.488730831,-0.499195378,2.2904340319727883,0.1072302246093754,-2.241042252,0.4607812500000016,,,,206,0.2916666666666667,11011YOWI10,1.5663150371947774,,-29.9467809,55.66465707153826,55.66465707153826,291.6666666666667,11011YOWI10,H,1,16.2,60,39,0.017708333,0.329129607,-0.024029185,0.285510916,-0.161964235,-33.07534323,-2.422135389,0.9467627745657952,2.071013495,-0.151201126,1.7965474611539374,-1.019142941,-208.1231247,-15.24103264,5.957405359646841,1101,1YO,75,WI10,Wind_success,10,Right,W,0,Naive,Right,14,TRUE,First,Head-On,TRUE,TRUE,0.2916666666666667,291.6666666666667,453.6390963283064,2.6432302732182733,0.2583333333333333,258.33333333333337,413.4237346038249,0.8091019226842905,4.123603859597555,2.9394081462294634,25.068336253962105,22.75923917518364,582.5767989919827,8237.142857142857,18.36793076379879
11011YOWI11_f222,64.03451105753581,59.89281438191733,34.18564885457363,188.8687438964844,-372.7044067,1435.1856689453125,94.10752578074025,-13.5433197,-4.179504395,-0.344238281,44.22579956054688,-28.91186523,-26.13708496,-0.955252477,-0.294793449,-0.024280197,0.7502405031415553,-0.490456985,-0.443385987,0.7285172020291536,-0.628731079,-0.320800781,0.1803369140624958,-2.884790039,5.461523437500922,13.870898437499152,222,0.1583333333333333,11011YOWI11,2.243340939,21.375564417738826,-26.32012081,123.17397035223549,123.17397035223549,158.33333333333331,11011YOWI11,H,1,16.2,60,39,0.015625,0.4042968794226709,-0.266782152,0.1904574197010614,-0.236662674,-22.33580702,-30.61553564,0.37358448,2.5439956671994497,-1.678698683,1.1984333176090247,-1.48917503,-140.5457207,-192.6450437,2.3507411208734097,1101,1YO,76,WI11,Wind_success,11,Right,W,0,Naive,Right,15,TRUE,First,Head-On,TRUE,TRUE,0.2416666666666666,241.66666666666663,157.71420379359506,1.9151921355522263,0.5,500,527.1197978358882,0.5052104447495319,3.1509940926915934,1.9225732576685053,31.207593373645352,22.55894573167291,582.5767989919827,8237.142857142857,18.36793076379879
11021YOPE01_f240,24.007128683725995,9.284786732991565,34.61942214965825,-158.588913,-423.6717529,1432.1578369140625,43.13993373071363,,,,-61.31393433,4.230712891,-24.36401367,,,,-0.927413937,0.063992339,-0.368521872,1.2259990439718556,0.1163671875000004,-1.203354492,0.2036425781250007,7.695483398437554,38.04521484375026,-2.53828125,240,0.008333333,11021YOPE01,2.306961241622834,23.197199303804744,-21.62448613,-86.05279959,86.05279958706626,8.333333333333334,11021YOPE01,H,1,17.7,62,38,0.009375,0.5830157083215161,-0.174436772,-0.535494977,0.1507456735077316,71.89243423648074,-21.16988705,-3.865965422,3.3576697842137104,-1.004606,-3.083991184,0.8681656185474962,414.03867975420405,-121.9203687,-22.26464073,1102,1YO,48,PE01,Wind_Near-miss,1,Left,P,0,Naive,Left,3,TRUE,First,Pivot,TRUE,FALSE,0.1333333333333333,133.33333333333334,267.71995622399913,2.6869654135828247,0.1333333333333333,133.33333333333334,267.71995622399913,1.5378138724058472,2.064032547024208,0.9508276122736816,29.365177095685496,23.84160020796236,553.0840879319021,8795.438095238096,18.933473818851326
11021YOWE01_f238,63.93306961059571,50.04859104156492,15.787065633138129,-118.584816,-382.4757385,1413.335938,82.71354360915811,0.046127319,-15.56408691,1.385742188,-29.61736298,6.750946044921875,-57.99108887,0.002952012,-0.996055491,0.088683398,-0.452411871,0.1031222169568767,-0.885826906,0.5491949380746287,-0.097359009,-0.12583374,0.5256445312500019,4.207763671874606,234.93647460937004,-18.42011719,238,0.025,11021YOWE01,0.6903086808127475,25.26105449367417,-62.35345302,-77.15945067,77.15945066547295,25,11021YOWE01,H,1,17.7,62,38,0.004166667,1.7567249502044016,-0.109734254,-1.727184062,0.3014567314795263,151.8024623,-9.483619793,-0.886141334,10.117227032282296,-0.63197506,-9.947096885,1.7361318813359268,874.2518144812453,-54.61750545,-5.103413062,1102,1YO,46,WE01,Wind_success,1,Left,W,0,Naive,Left,1,TRUE,First,Head-On,TRUE,TRUE,0.075,75,161.0659926792046,2.6144188452141703,0.1916666666666666,191.66666666666669,466.0837119339427,1.6772264972125053,2.335876470192147,1.5065574598635658,25.861769157763145,22.518323327252467,553.0840879319021,8795.438095238096,18.933473818851326
11021YOWE02_f239,42.87960993820542,18.14663161116505,20.33793242,-139.5985565,-414.4014282,1417.954833984375,50.80937592985389,,,,0.029006958,-15.35025024,0.961181641,,,,0.001885976,-0.998043547,0.062494169,2.0574581655796704,-0.393262939,-2.002042236,0.2651513671875009,-0.758496094,22.89023437500018,11.040820312500076,239,0.016666667,11021YOWE02,2.4009529265969007,17.82546036071248,3.582986956,179.8917298242243,179.8917298242243,16.666666666666668,11021YOWE02,H,1,17.7,62,38,-0.002083333,2.053975213698135,-0.262748051,-1.934342266,0.6388252018450666,209.96030240952115,-31.1559536,-0.591928591,11.829133270547953,-1.513203125,-11.14015023,3.679084537541345,1209.1910273128487,-179.4315359,-3.409000332,1102,1YO,47,WE02,Wind_success,2,Left,W,0,Naive,Left,2,TRUE,First,Head-On,TRUE,TRUE,0.175,175,415.5713564785039,2.9262146525960504,0.1416666666666666,141.66666666666666,318.6430082218498,2.0574581655796704,4.045734527350563,1.6191260218782038,25.281418929434256,21.33931871152528,553.0840879319021,8795.438095238096,18.933473818851326
11021YOWE03_f232,68.27901485817418,118.68534236262884,-21.19819937,-114.5678406,-314.304718,1376.4871826171875,138.5553969299793,,,,-44.38981628,7.670867919921875,-41.38916016,,,,-0.725622152,0.1253925371560282,-0.676571655,2.645040037703066,-0.76445343,-2.462651367,0.5892333984375021,362.0826782226588,1554.7357177734486,-503.9789063,232,0.075,11021YOWE03,1.414885486568069,15.558827000794087,-42.57631747,-80.19571953,80.19571953052127,75,11021YOWE03,H,1,17.7,62,38,-0.014583333,2.3617443295724097,-0.109000848,-2.286747257,0.5802948162020298,244.15729947057943,-14.1532904,0.536016561,13.60161906490212,-0.627751276,-13.16970034,3.3419997823161527,1406.1363618962516,-81.51079781,3.086995059356957,1102,1YO,50,WE03,Wind_success,3,Left,W,0,Naive,Left,4,TRUE,First,Head-On,TRUE,TRUE,0.1583333333333333,158.33333333333331,364.4858362038785,2.790422654767005,0.1333333333333333,133.33333333333334,295.45055502414107,2.5025637716620084,3.2152301335065143,1.8491553067800797,27.79710407108353,22.42672034855628,553.0840879319021,8795.438095238096,18.933473818851326
11021YOWE04_f240,28.44069922765096,44.19834702809652,20.392096710205124,-154.3199921,-388.905365,1418.0093994140625,56.37556972,2.759033203,-15.72113037,2.713500977,-51.55343628,-9.459472656,-34.63757324,0.1704115983163349,-0.971015119,0.1675993017862937,-0.82058592,-0.150568238,-0.551332888,1.2577217448263196,-0.319293823,-1.207510986,0.1477587890625005,-21.1111084,28.447998046875195,-35.41113281,240,0.008333333,11021YOWE04,1.4744748181745737,21.11575953508871,-33.45850279,-100.3974696,100.39746958733144,8.333333333333334,11021YOWE04,H,1,17.7,62,38,0.014583333,1.5797772581708835,-0.152634426,-1.50961159,0.4398542550111098,186.65939915916343,-17.03669869,-2.342826065,9.098160289401934,-0.879043213,-8.694066297,2.533182760650724,1074.9978354795546,-98.11675328,-13.49266611,1102,1YO,52,WE04,Wind_success,4,Left,W,0,Naive,Left,5,TRUE,First,Head-On,TRUE,TRUE,0.1833333333333333,183.3333333333333,408.9932981480085,2.662166809547721,0.1916666666666666,191.66666666666669,430.86992993899935,1.4883991104720995,1.5725405423305152,1.1053482499800884,30.10813287261978,24.956099449560543,553.0840879319021,8795.438095238096,18.933473818851326
11021YOWE05_f239,61.87241357167562,68.73060239156086,21.572977447509857,-120.6997528,-364.3406982,1419.2193603515625,94.96043714222291,-25.71160889,7.162933349609375,-60.84643555,-1.253608704,-15.18173218,1.37890625,-0.386971947,0.1078055550515371,-0.915767806,-0.081958336,-0.992550152,0.09015003,1.718976326102805,-0.281089783,-1.68201416,0.2160937500000007,-0.073388672,-4.169970703,-14.2171875,239,0.016666667,11021YOWE05,0.5792186586662492,27.60938159932021,5.172238247697771,-175.2795962,175.27959623882742,16.666666666666668,11021YOWE05,H,1,17.7,62,38,0.030208333,0.946151434,-0.329615282,-0.855762508,0.2328665520325542,76.58390323527243,-27.46999558,0.2722808697213726,5.449019699587046,-1.898300951,-4.928457114,1.3411113531825256,441.0575121,-158.2035832,1.5681039739305136,1102,1YO,55,WE05,Wind_success,5,Left,W,0,Naive,Left,6,TRUE,First,Head-On,TRUE,TRUE,0.1666666666666666,166.66666666666666,375.6402225627486,2.432437515668534,0.2166666666666666,216.66666666666669,496.6189992035768,1.7041377110452964,1.184935530525279,0.5215589948488302,27.166033223319538,25.498646979691067,553.0840879319021,8795.438095238096,18.933473818851326
11021YOWE07_f234,74.84719629287719,108.5084145228068,12.760234069824264,-107.72509,-324.4768066,1410.436767578125,132.43489868110467,0.282287598,-15.40524292,1.761474609,-36.68680573,3.154083251953125,-54.18676758,0.018202484,-0.993361696,0.1135834997034434,-0.559984765,0.0481437,-0.827102924,1.946866130060587,-0.102094116,-1.894962158,0.4347216796875015,2.0080810546875143,8.230517578125093,2.503125000000017,234,0.058333333,11021YOWE07,1.9605486687085527,21.79569007409461,-55.80227831,-85.08617956,85.08617956221474,58.333333333333336,11021YOWE07,H,1,17.7,62,38,0.003125,1.3401932934026743,-0.267580015,-1.268336344,0.3403555766717812,101.84633721670691,-20.98448605,-0.193484975,7.718362407797153,-1.541031087,-7.304528088,1.960155823193105,586.5474364145138,-120.8526181,-1.114307289,1102,1YO,58,WE07,Wind_success,7,Left,W,0,Naive,Left,7,TRUE,First,Head-On,TRUE,TRUE,0.1416666666666666,141.66666666666666,278.0729715964814,2.562677171722638,0.275,275,622.1001759368786,1.712759320368419,2.4455092838410035,1.4676941790831235,25.307502213065906,22.92549245087311,553.0840879319021,8795.438095238096,18.933473818851326
11021YOWE08_f155,156.41080713272095,1409.7027577082315,-97.92959976,-26.18525696,976.7418212890624,1299.7357177734375,1421.730077,0.2249221801757812,-14.78338623,-2.401000977,-22.68098068,52.15734863,-15.80859375,0.015016053,-0.986955176,-0.160293474,-0.384217742,0.8835499216373983,-0.267798923,1.0954861417294723,0.2585531616210946,-0.797307129,-0.705366211,13.278213500977127,-8.272265625,9.275976562497563,155,0.7166666666666667,11021YOWE08,2.971912053858716,23.70346493169351,-15.5333318,-23.50214335,23.502143350971263,716.6666666666666,11021YOWE08,H,1,17.7,62,38,-0.008333333,1.373074507971446,-0.213983158,-1.337265104,0.226421852,102.78114739423896,-15.78604432,1.1483765698312165,7.907729965223115,-1.232359219,-7.70149855,1.3039954178460695,591.9311402191869,-90.91405816,6.613662812829157,1102,1YO,59,WE08,Wind_success,8,Left,W,0,Naive,Left,8,TRUE,First,Head-On,TRUE,TRUE,,,,2.837773987487079,0.1833333333333333,183.3333333333333,392.3879658172369,1.257277364848624,1.6633335945230705,1.2142455091667264,26.58873423678043,24.594388399286974,553.0840879319021,8795.438095238096,18.933473818851326
11021YOWE09_f211,180.04385734151947,623.9846459948195,-119.6604218,-2.589880943,191.7125396728516,1278.0352783203125,660.3720508534986,16.732515335083008,-40.48500061,39.64770508,13.769134521484377,-55.54055786,42.71435547,0.283197385,-0.685207579,0.6710363737507559,0.1928280237805859,-0.777810399,0.5981875432510909,5.436701212852804,-2.274752312,2.3560766601562584,-4.339599609,-244.6151688,570.7819336,-556.5603516,211,0.25,11021YOWE09,22.978451721672485,23.559678024305978,36.74019997856578,166.07644328888404,166.07644328888404,250,11021YOWE09,H,1,17.7,62,38,0.028125,1.2869720318002202,-0.343641178,-1.180895398,0.3790696632001978,109.68710948994534,-31.65442775,1.2427477288867832,7.411853647553345,-1.979078066,-6.800943338,2.1831157138178945,631.7035510285557,-182.3023189,7.157159642741945,1102,1YO,63,WE09,Wind_success,9,Left,W,0,Naive,Left,9,TRUE,First,Head-On,TRUE,TRUE,0.25,250,660.3720508534986,3.010849656227121,0.1833333333333333,183.3333333333333,468.4164947062268,1.5456544076108851,3.714630241663443,1.802823659027908,25.66521037596869,22.492825486617303,553.0840879319021,8795.438095238096,18.933473818851326
11021YOWE10_f239,50.68333549499511,33.69787076314293,21.720362091064544,-131.890152,-398.5668335,1419.4051513671875,64.62291482310796,0.958618164,-14.6060791,2.572265625,-35.97583008,-0.514892578,-54.28588867,0.064502165,-0.982793529,0.17307903,-0.552397811,-0.007906017,-0.833543132,1.3862801083542984,-0.055889282,-1.381951904,-0.094116211,-1.971166992,1.3675781250000134,-15.91347656,239,0.016666667,11021YOWE10,0.1703657244610518,,-56.46444252,-90.81997156,90.81997156,16.666666666666668,11021YOWE10,H,1,17.7,62,38,0.002083333,1.1523587989839457,-0.327095986,-1.06717076,0.2865058212567235,105.5201057239986,-28.16802304,2.9204488800429527,6.636597032797996,-1.88379197,-6.14598709,1.650027478341157,607.7051879726014,-162.2236219,16.81927745839281,1102,1YO,64,WE10,Wind_success,10,Left,W,0,Naive,Left,10,TRUE,First,Head-On,TRUE,TRUE,0.2333333333333333,233.33333333333331,477.8731830705743,2.503608015006704,0.2416666666666666,241.66666666666663,498.45316506817113,1.3862801083542984,1.653932806854246,0.973410331,29.464661514413194,24.11025150011654,553.0840879319021,8795.438095238096,18.933473818851326
11021YOWE11_f236,108.08607006072998,99.03186264038084,12.841467539469477,-74.57965088,-333.1777039,1410.5462646484375,147.15573943194855,-1.399009705,-15.13079834,2.410522461,-33.50101471,5.110473633,-57.20898438,-0.090931306,-0.983455118,0.1566765082898947,-0.503828616,0.076857459,-0.860377624,1.5569299153783305,-0.158852234,-1.544436035,0.1162500000000004,-3.016955566,-7.029492188,-16.92597656,236,0.041666667,11021YOWE11,0.6680535386928221,20.57909870255989,-59.35900899,-81.32657632,81.32657632340783,41.66666666666666,11021YOWE11,H,1,17.7,62,38,0.022916667,1.3863757353515425,-0.297163619,-1.331252002,0.2479910711084703,69.87325795161121,-15.54744845,3.2328421515699937,7.984333611796693,-1.71140724,-7.666868246,1.4282155940754009,402.4099584282797,-89.53995088,18.61839441806754,1102,1YO,65,WE11,Wind_success,11,Left,W,0,Naive,Left,11,TRUE,First,Head-On,TRUE,TRUE,0.2583333333333333,258.33333333333337,547.3801969092086,2.437841632207744,0.2333333333333333,233.33333333333331,487.6212619943493,1.7211781193685505,2.2156598384672432,1.141771046149189,30.15048625545711,25.586350884590672,553.0840879319021,8795.438095238096,18.933473818851326
11021YOWE12_f224,56.42585570017496,247.6636966705322,15.78845748901358,-126.2020721,-184.5772552,1413.5272216796875,254.50041106036105,-0.409118652,-15.51394653,0.295043945,-56.2381134,3.2805328369140625,-28.3737793,-0.026357096,-0.999471861,0.019007937,-0.891595486,0.05200936,-0.449836099,1.849934828,0.09230072,-1.844606323,0.1056738281250003,5.565783691406291,4.336523437500001,-7.716796875,224,0.1416666666666666,11021YOWE12,1.205473259031626,19.941399755476773,-26.73316871,-86.6615536,86.66155359955786,141.66666666666666,11021YOWE12,H,1,17.7,62,38,0.032291667,1.000189078694799,-0.544907921,-0.837694653,0.041487581,62.84978476888519,-40.95270396,2.133873963589749,5.760230127765388,-3.138201657,-4.824401785,0.2389328385751533,361.9607846765677,-235.8524045,12.28928145262674,1102,1YO,66,WE12,Wind_success,12,Left,W,0,Naive,Left,12,TRUE,First,Head-On,TRUE,TRUE,0.225,225,422.0061692040295,2.265011546400232,0.3,300,581.4039264253321,,2.095180431618488,1.2285345912590886,25.434524207529925,21.26650381073377,553.0840879319021,8795.438095238096,18.933473818851326
11021YOWE13_f238,114.76188955307006,40.10358339945475,35.73331782023115,-67.88690186,-392.1162415,1433.4300537109375,126.71013652312794,-5.792625427,-14.27459717,0.19934082,-23.40899658,3.608245849609375,-63.90673828,-0.375987295,-0.926534479,0.012938799,-0.34346824,0.052941947,-0.937670901,1.836135470827984,-0.430551453,-1.781953125,-0.103256836,4.809704589842284,4.252148437494243,-10.33769531,238,0.025,11021YOWE13,0.7057141807038002,,-69.66402268,-81.23743196,81.23743195983462,25,11021YOWE13,H,1,17.7,62,38,-0.004166667,1.4098784501962367,-0.495345184,-1.274680352,0.342899977,59.57823636881445,-22.88137379,-1.114747681,8.119689065096935,-2.852762855,-7.341064126,1.974809384925788,343.11947550818337,-131.7770624,-6.419989297,1102,1YO,68,WE13,Wind_success,13,Left,W,0,Naive,Left,13,TRUE,First,Head-On,TRUE,TRUE,0.1083333333333333,108.33333333333334,261.5458370977567,2.5418312322597134,0.2166666666666666,216.66666666666669,509.8833576642089,1.669878019167598,1.6602432929953843,1.0015488766943894,28.34815580887064,24.85230561760767,553.0840879319021,8795.438095238096,18.933473818851326
11021YOWE14_f206,242.8900769233704,429.5371901512146,-20.18666026,60.257469177246094,-2.705686092,1377.523438,493.8676831330558,-5.260505676,-14.48426294,0.946289063,-48.7312603,8.316511631011963,-44.79284668,-0.340728726,-0.938161608,0.061292181,-0.730487919,0.1246655891154874,-0.671450587,2.137059232546377,-0.611219788,-2.020799732,0.3313623046875012,-9.690161133,16.202011871338037,13.19238281,206,0.2916666666666667,11021YOWE14,2.647903840317429,22.520999364903016,-42.17912079,-80.31516595,80.31516595,291.6666666666667,11021YOWE14,H,1,17.7,62,38,-0.011458333,0.8115139809423596,-0.248147194,-0.768763627,0.077333026,37.41732961451066,-12.18651335,-0.203635054,4.673623599476837,-1.429114726,-4.427418276,0.4453718173393155,215.4916844595948,-70.18385109,-1.17276303,1102,1YO,69,WE14,Wind_success,14,Left,W,0,Naive,Left,14,TRUE,First,Head-On,TRUE,TRUE,0.5166666666666667,516.6666666666667,883.7524099173008,2.231136687824142,0.3,300,511.1507201718446,0.9871842689695663,2.624430504831483,1.4001042185546906,25.91689365227713,22.261215868670497,553.0840879319021,8795.438095238096,18.933473818851326
11021YOWE15_f224,64.78233359654743,203.97740160624187,-2.903692373,-117.810051,-228.2509003,1394.799560546875,214.0372924086907,,,,-0.014579773,-15.4410553,1.281860352,,,,-0.000940984,-0.996571409,0.08273174,1.6562580555568165,-0.152506714,-1.636296387,0.2060742187500007,-12.34324951,13.023632812500123,-11.63847656,224,0.1416666666666666,11021YOWE15,1.1018393072792791,23.617791727616765,4.745603666729968,-179.9459001,179.9459001219878,141.66666666666666,11021YOWE15,H,1,17.7,62,38,-0.001041667,1.0019435508899228,-0.294518858,-0.936009724,0.202571761,82.07219435134499,-25.07725702,1.7089352586611088,5.770334380863081,-1.696175689,-5.390612161,1.1666393747682575,472.6653556059192,-144.423464,9.841999450929864,1102,1YO,71,WE15,Wind_success,15,Left,W,0,Naive,Left,15,TRUE,First,Head-On,TRUE,TRUE,0.1583333333333333,158.33333333333331,241.5867139873229,2.166261790579397,0.275,275,475.0145377629567,0.9885428594827326,1.9068816098734485,0.9681955337124272,28.42530629019652,25.671957894605704,553.0840879319021,8795.438095238096,18.933473818851326
11021YOWI01_f212,-43.83062175,479.02811870574953,-61.05923564,81.84800720214844,47.63630294799805,1339.215087890625,484.88894828647375,-3.193565369,-14.67940521,2.285400391,30.99618530273437,32.97861862182617,-39.62548828,-0.210163552,-0.966028743,0.1503986323215327,0.5152785132678701,0.5482343522957196,-0.658731469,2.597011897087848,0.205311584,-2.489481354,0.7104931640625025,4.6107421875000325,-10.29094849,34.347656250000234,212,0.2416666666666666,11021YOWI01,0.2572271209441849,,-41.20319905,43.22510238320136,43.22510238320136,241.66666666666663,11021YOWI01,H,1,17.7,62,38,0.0125,0.8528829881435417,-0.273639967,0.7983351698375594,-0.123253869,-83.1928604,-35.33718982,0.031523764,4.911873553122558,-1.57593121,4.597724965517483,-0.709836436,-479.1194296,-203.5118656,0.1815498054965895,1102,1YO,78,WI01,Wind_success,1,Left,W,0,Naive,Right,1,FALSE,Second,Head-On,TRUE,TRUE,,,,2.5588491816475947,0.2666666666666666,266.6666666666667,547.8917196165532,1.371698819778957,2.1884447468953074,1.182072431,24.98815809207445,24.34395283,553.0840879319021,8795.438095238096,18.933473818851326
11021YOWI02_f152,-78.49011846,1419.4713251113892,-84.49574203,47.13005065917969,988.1379395,1315.909912109375,1424.148542789948,-3.447685242,-14.50952148,-3.565185547,11.061775207519531,55.26940918,-15.55187988,-0.224843212,-0.946248622,-0.232506076,0.1891819219897801,0.9452346354629554,-0.265973089,0.9857285096890668,-0.129687195,-0.780908203,-0.587387695,2.3164123535156427,-3.186914063,9.557226562500068,152,0.7416666666666667,11021YOWI02,2.051864413508338,24.381540639408698,-15.42478194,11.31780030621124,11.31780030621124,741.6666666666667,11021YOWI02,H,1,17.7,62,38,0.011458333,0.5761601563753249,-0.29152458,0.4969646449112322,0.000294914,-33.0634382,-20.33931666,-0.833735406,3.318187692573155,-1.678931216,2.862089559893526,0.001698454,-190.4170091,-117.1369965,-4.801599927,1102,1YO,80,WI02,Wind_success,2,Left,W,0,Naive,Right,2,FALSE,Second,Head-On,TRUE,TRUE,,,,2.535493259386959,0.3083333333333333,308.33333333333337,620.0627136446269,1.210574775802961,4.213080169828696,2.553173988747864,22.69881138186044,22.214738627791675,553.0840879319021,8795.438095238096,18.933473818851326
11021YOWI03_f238,-52.51424193,70.70892907383546,30.13269450719281,73.08493805,-360.6574707,1430.5921630859375,93.08854674150876,,,,-1.999702454,-14.93103027,-1.537109375,,,,-0.132058397,-0.98603066,-0.101509202,16.446528691105225,0.4415176391601578,-15.91272583,4.132617187500014,66.38818359375011,-1672.683179,442.3218750000046,238,0.025,11021YOWI03,0.1441519008412531,19.611021380330858,-5.826083676,-172.3718092,172.37180924445954,25,11021YOWI03,H,1,17.7,62,38,0.027083333,0.7882815956924083,-0.21577687,0.755245794,-0.06657332,-72.76128612,-24.23396565,1.529949862534988,4.539825012,-1.242689464,4.349567165999187,-0.383405149,-419.0425204,-139.56683,8.811197282462768,1102,1YO,81,WI03,Wind_success,3,Left,W,0,Naive,Right,3,FALSE,Second,Head-On,TRUE,TRUE,0.025,25,93.08854674150876,2.5035948103903527,0.2583333333333333,258.33333333333337,575.2364968403193,,1.907466496781268,1.4285630499384283,28.212331267767937,25.096025590953605,553.0840879319021,8795.438095238096,18.933473818851326
11021YOWI04_f208,-41.64275185,549.1196951548259,-44.7348587,83.99851989746094,117.76838684082033,1355.627685546875,552.5104215958504,-3.519256592,-15.00020599,1.931396484,20.38234711,41.48132324,-38.19396973,-0.226638057,-0.966004455,0.1243807991518656,0.3399457404762304,0.6918437347533117,-0.637015808,2.497919418675848,-0.000819397,-2.462056274,0.4217578125000015,8.586145019531081,6.903149414054493,2.272851562501298,208,0.275,11021YOWI04,2.657499992754594,,-39.56965407,26.167749292675342,26.167749292675342,275,11021YOWI04,H,1,17.7,62,38,0.014583333,1.0552061391466203,-0.344251134,0.986496612,-0.147565536,-75.78222582,-31.38981693,-1.432627091,6.077081147,-1.982590885,5.681373279062032,-0.84985076,-436.4405387,-180.7783878,-8.250701698,1102,1YO,82,WI04,Wind_success,4,Left,W,0,Naive,Right,4,FALSE,Second,Head-On,TRUE,TRUE,,,,2.497919418675848,0.275,275,552.5104215958504,1.445093614889062,2.7966956474034297,0.9257554577136282,25.51900329170761,23.711484325539185,553.0840879319021,8795.438095238096,18.933473818851326
11021YOWI05_f173,0.3758949120839503,1179.185151163737,-150.9253202,125.93576049804688,747.8590698242188,1249.437744140625,1188.804531575121,-2.285690308,-15.35852051,-0.31628418,-13.33390808,51.82611083984375,-22.21057129,-0.147170587,-0.988901457,-0.020364845,-0.230132873,0.8944783258840089,-0.383337169,1.7900603467996423,0.3333361816406262,-1.707341309,-0.422124023,6.683642578125044,5.408789062500043,-22.29960938,173,0.5666666666666667,11021YOWI05,1.6674546195117474,26.73914840480532,-22.54054842,-14.42823271,14.428232712592376,566.6666666666666,11021YOWI05,H,1,17.7,62,38,0.028125,0.9650545464138944,-0.334538694,0.8854996403228462,-0.187894988,-62.79372119,-29.25408195,-2.067211932,5.557885395473859,-1.926655576,5.099717458392198,-1.082113767,-361.6379066,-168.4783885,-11.9053654,1102,1YO,84,WI05,Wind_success,5,Left,W,0,Naive,Right,5,FALSE,Second,Head-On,TRUE,TRUE,,,,2.271734486512694,0.375,375,795.2514181,,1.6929991643164777,1.4890138011941003,26.96375426465785,25.047132430201177,553.0840879319021,8795.438095238096,18.933473818851326
11021YOWI06_f152,-99.14668442,1434.8726816834387,-76.48845429,26.338773727416992,1003.4295654296876,1323.986328,1440.3264079066105,6.536218643188477,14.32073974609375,3.029052734,21.64965248,68.54052734,-10.40917969,0.4077332671713845,0.8933363958182289,0.1889541392725899,0.2980885973285891,0.9437172108843882,-0.143321366,1.098350060141115,-0.131387558,-0.732312012,-0.807978516,4.684295654296908,-16.50585938,-10.59082031,152,0.7416666666666667,11021YOWI06,2.502672704162616,25.68871935454048,-8.240085288,17.52957833106781,17.52957833106781,741.6666666666667,11021YOWI06,H,1,17.7,62,38,0.010416667,0.8102357598100494,-0.258300766,0.7223167660906031,-0.260808723,-86.03857909,-34.7377811,-0.248216119,4.666262143495046,-1.487590584,4.159924244778493,-1.502034262,-495.5083254,-200.0597862,-1.429511675,1102,1YO,85,WI06,Wind_success,6,Left,W,0,Naive,Right,6,FALSE,Second,Head-On,TRUE,TRUE,,,,2.474409041584932,0.25,250,519.6634877,,1.3968314760212277,1.118871680179601,23.89981377226913,22.43907380275049,553.0840879319021,8795.438095238096,18.933473818851326
11021YOWI07_f150,-66.65606194,1434.4376983006796,-61.73044484,58.92231369018555,1003.0724487304688,1338.6942138671875,1437.3117924513103,-6.284618378,-12.58343506,-5.992431641,17.940845489501953,56.56109619140625,-10.05773926,-0.411059313,-0.823047297,-0.391948196,0.2980967991963235,0.939793041,-0.167114748,1.190298150682029,-0.134904327,-0.732861328,-0.928183594,9.697906494,-17.06044922,-0.0703125,150,0.7583333333333333,11021YOWI07,1.3388374282678666,25.096886191112272,-9.620106596,17.598719658859793,17.598719658859793,758.3333333333333,11021YOWI07,H,1,17.7,62,38,0.034375,0.6401218849420378,-0.380342718,0.5103572924084203,-0.068050556,-40.66534013,-33.46409441,-0.890066186,3.6865523185843903,-2.190447418,2.939219707829669,-0.391912763,-234.1974356,-192.7244447,-5.126016837,1102,1YO,87,WI07,Wind_success,7,Left,W,0,Naive,Right,7,FALSE,Second,Head-On,TRUE,TRUE,,,,2.3942368257752875,0.2,200,402.46058303294967,1.2590510525288698,2.145707046525092,1.6947305777322923,26.26356533502584,24.743031533387654,553.0840879319021,8795.438095238096,18.933473818851326
11021YOWI08_f150,-50.31696456,1451.4830626169842,-46.87062124,75.43177032470703,1020.1270141601562,1353.5064697265625,1453.1110532653213,-1.101905823,-15.73284912,-2.393432617,-17.82287216,53.48333740234375,-14.40454102,-0.069076485,-0.986263883,-0.150039966,-0.306308493,0.9191784755794464,-0.247560169,1.072307808478171,0.1540090942382818,-0.686638184,-0.809106445,2.107397460937514,6.341308593750044,-11.53300781,150,0.7583333333333333,11021YOWI08,2.3809162358737685,23.93238941610361,-14.3331824,-18.43021761,18.43021761323024,758.3333333333333,11021YOWI08,H,1,17.7,62,38,0.010416667,0.7077336352642788,-0.348506818,0.6097775309461965,-0.087185201,-51.37597117,-32.6436745,-2.209584285,4.075937935,-2.007099971,3.511794899394693,-0.502111885,-295.8814721,-187.9995306,-12.72530788,1102,1YO,89,WI08,Wind_success,8,Left,W,0,Naive,Right,8,FALSE,Second,Head-On,TRUE,TRUE,,,,2.432086857,0.3333333333333333,333.3333333333333,658.8390044402781,1.1816768340422628,1.6352268540844086,1.057763582022745,25.63565681341452,24.83146997706944,553.0840879319021,8795.438095238096,18.933473818851326
11021YOWI09_f174,-12.00811367,1170.968258603414,-171.4911456,113.59185028076172,739.6112670898438,1228.9019775390625,1183.5202028113574,2.1023941040039062,-15.30615234,-1.501098633,-17.54894257,51.92120361328125,-19.41455078,0.1354406940923343,-0.986054847,-0.096703963,-0.301819667,0.892979183,-0.333905774,2.0366397611280025,0.5321438598632832,-1.949172363,-0.255834961,2.129150390625013,-0.551953125,-1.003710938,174,0.5583333333333333,11021YOWI09,1.122661779013077,,-19.50601239,-18.67483309,18.67483308872704,558.3333333333334,11021YOWI09,H,1,17.7,62,38,0.025,0.6932631952142801,-0.140325518,0.6620506033788485,-0.150371558,-75.60155401,-19.95496061,0.2245977609538958,3.992600627828632,-0.808154473,3.8128429043282734,-0.866011032,-435.4000242,-114.9234357,1.2934902178331564,1102,1YO,91,WI09,Wind_success,9,Left,W,0,Naive,Right,9,FALSE,Second,Head-On,TRUE,TRUE,,,,2.3241737420873467,0.2083333333333333,208.33333333333331,426.75572267768086,,1.5827364921230929,1.1199039642849993,26.78181904736376,23.802841199187316,553.0840879319021,8795.438095238096,18.933473818851326
11021YOWI10_f215,-70.06130335,355.7648038864136,-55.86090673,55.55742263793945,-75.54704285,1344.5189208984375,366.8754867952827,-3.136711121,-15.20275116,2.417480469,46.19664383,22.288333892822266,-30.97875977,-0.199662246,-0.967706407,0.1538807886766415,0.7709530358219849,0.3719590267544493,-0.516989264,2.0380988250665752,-0.033789368,-1.906069794,0.7208349609375027,2.522570800781092,6.2394104003844175,-14.12226562,215,0.2166666666666666,11021YOWI10,0.064669432,,-31.13051309,64.24424691345568,64.24424691345568,216.66666666666669,11021YOWI10,H,1,17.7,62,38,0.022916667,1.023316397965245,-0.480719761,0.9006168160066507,-0.070528805,-74.5598483,-38.05937177,-1.187572088,5.893423624948859,-2.768532981,5.186779407653038,-0.406185344,-429.400694,-219.1892959,-6.839395334,1102,1YO,93,WI10,Wind_success,10,Left,W,0,Naive,Right,10,FALSE,Second,Head-On,TRUE,TRUE,0.2416666666666666,241.66666666666663,416.862819,2.211810097311479,0.3333333333333333,333.3333333333333,607.0267804,1.245403462632259,1.7228660245588356,1.099408301966349,26.257973655671563,24.901036729283373,553.0840879319021,8795.438095238096,18.933473818851326
11021YOWI11_f210,-68.60696977,480.0480605443319,-45.8835434,57.11577224731445,48.63066482543945,1354.333008,487.0917329291685,-3.753669739,-14.90915298,2.235351563,45.34817886352539,19.90715408325196,-32.21691895,-0.241609889,-0.959647238,0.1438813428499028,0.7675465238234812,0.3369411363089655,-0.545291669,2.306549255889928,-0.214578552,-2.153247528,0.7985302734375028,-2.569921875,-6.125592041,18.33398437500014,210,0.2583333333333333,11021YOWI11,0.080046483,52.02052681514134,-33.04459753,66.29926344311295,66.29926344311295,258.33333333333337,11021YOWI11,H,1,17.7,62,38,0.026041667,0.6999694530460655,-0.32833208,0.6067295391198799,-0.118467493,-30.01139456,-17.69044641,0.624505313,4.031222913584463,-1.890910807,3.494241084100047,-0.682271021,-172.8398588,-101.8817787,3.5966142779856134,1102,1YO,96,WI11,Wind_success,11,Left,W,0,Naive,Right,11,FALSE,Second,Head-On,TRUE,TRUE,0.3083333333333333,308.33333333333337,592.7002858830142,2.262636592,0.25,250,468.9910351291551,1.326964663982978,1.8529756756872096,1.2066097819059896,25.82696265835316,24.311656202553767,553.0840879319021,8795.438095238096,18.933473818851326
11021YOWI12_f212,-79.83536743,451.22928822835286,-30.11147664,45.71939849853516,19.88195801,1370.290527,459.2257151692082,-1.432540894,-15.04885578,3.427978516,47.66983795166016,12.505836486816406,-35.20275879,-0.092417902,-0.970850945,0.221150115,0.7870936879512951,0.2064883243636323,-0.5812453,2.332430340666108,0.3201141357421886,-2.21445694,0.6587402343750023,1.388287353515634,-1.885418701,-17.09472656,212,0.2416666666666666,11021YOWI12,1.1335739971195014,,-35.53817812,75.30012526,75.30012526,241.66666666666663,11021YOWI12,H,1,17.7,62,38,0.036458333,0.8134656328363048,-0.372422512,0.7170704906580945,-0.094009146,-68.71418874,-37.38613021,-2.386938369,4.684863438301196,-2.144833834,4.129710203805033,-0.541411945,-395.7347152,-215.3120027,-13.74671509,1102,1YO,97,WI12,Wind_success,12,Left,W,0,Naive,Right,12,FALSE,Second,Head-On,TRUE,TRUE,0.3166666666666666,316.66666666666663,627.4371958707341,2.374082193230755,0.2083333333333333,208.33333333333331,384.6708262100402,1.2543501877285292,2.1355379746375847,1.264064989,24.635694691835425,23.51104529083447,553.0840879319021,8795.438095238096,18.933473818851326
11021YOWI13_f231,-80.08457821,144.2023635864258,5.151592763264944,45.422000885009766,-287.1158142,1405.47168,165.0284831152507,-52.06232786,-27.36160278,33.89196777,-54.03021812,-12.47766113,36.79528809,-0.766966437,-0.403082841,0.4992861985929478,-0.811878889,-0.187494147,0.5529001851592723,1.7321263060173129,0.1290270996093754,-1.68394043,-0.38465332,1.7892333984375144,-51.39755859,-46.93183594,231,0.083333333,11021YOWI13,0.885157038,,33.5662062,-103.0038281,103.00382812251542,83.33333333333333,11021YOWI13,H,1,17.7,62,38,0.023958333,0.7854222457769087,-0.505654949,0.6008202208400314,0.014705058,-31.5001501,-25.97151216,-2.292793491,4.523357612587804,-2.912138249,3.460208485749185,0.084688504,-181.4138122,-149.5736056,-13.20452145,1102,1YO,99,WI13,Wind_success,13,Left,W,0,Naive,Right,13,FALSE,Second,Head-On,TRUE,TRUE,0.091666667,91.66666666666666,178.0312684296562,2.703395356934674,0.275,275,573.5346182797888,,,,,,553.0840879319021,8795.438095238096,18.933473818851326
11021YOWI14_f150,-122.101235,1446.859540049235,-109.0245934,3.483990192,1015.5587768554688,1291.304443359375,1456.089833144106,-3.55557204,-15.1975708,-2.220703125,16.006812572479248,52.81610107421875,-12.77319336,-0.225533746,-0.963998208,-0.14086158,0.2825698915890721,0.932368008,-0.225486482,1.3929730035781205,-0.064360943,-0.788964844,-1.146196289,5.359542846679724,-12.66064453,22.85507812500016,150,0.7583333333333333,11021YOWI14,1.913389149257711,24.18858769305129,-13.03148672,16.860319792185365,16.860319792185365,758.3333333333333,11021YOWI14,H,1,17.7,62,38,0.023958333,0.7190865870922822,-0.187033602,0.6854123448071004,-0.110967875,-43.46403311,-13.30455502,2.3828234002395563,4.141321187836016,-1.07715292,3.9473864718182208,-0.639079659,-250.3155037,-76.62281092,13.723016409172908,1102,1YO,100,WI14,Wind_success,14,Left,W,0,Naive,Right,14,FALSE,Second,Head-On,TRUE,TRUE,,,,2.435713239764874,0.275,275,574.3710852536743,1.5024403322609994,1.4536336635502858,0.8523600902519753,28.66572872598781,25.62385087155865,553.0840879319021,8795.438095238096,18.933473818851326
11021YOWI15_f239,-42.51417884,31.82330029194935,25.196703184123862,83.02266693115234,-399.2962646,1425.4945068359375,58.77968778,,,,4.053642272949219,14.566375732421877,1.42590332,,,,0.2669155354417013,0.9591354432061636,0.093889821,1.414574630218133,0.051697998,-1.413233643,0.033457031,16.674719238281366,18.42626953125014,-6.816796875,239,0.016666667,11021YOWI15,0.1966940660350264,7.832927037189863,5.387425648273738,15.551227570942928,15.551227570942928,16.666666666666668,11021YOWI15,H,1,17.7,62,38,0.027083333,0.6300248175761701,-0.2157462,0.5878321348525642,-0.069557381,-61.91814973,-26.8653584,-0.280978308,3.628401881950104,-1.242512828,3.385408264670342,-0.400590777,-356.5953669,-154.7213923,-1.618193751,1102,1YO,102,WI15,Wind_success,15,Left,W,0,Naive,Right,15,FALSE,Second,Head-On,TRUE,TRUE,,,,2.468403567655144,0.3083333333333333,308.33333333333337,677.6310606114464,1.414574630218133,3.1437518547822068,1.3249611493180038,27.301277812987028,22.80822734652529,553.0840879319021,8795.438095238096,18.933473818851326
12021YOME01_f224,320.04507398605347,316.36435782114665,-21.21904984,140.7288360595703,-118.5608444,1376.069091796875,450.5169301571628,,,,-29.76123047,22.479644775390625,-64.51831055,,,,-0.399356308,0.3016470687175696,-0.865750302,0.7764684758534417,0.1095886230468753,-0.766672668,0.055737305,28.547534179687705,191.3259155273451,-28.37460938,224,0.1416666666666666,12021YOME01,5.987233284069922,26.21423976672016,-59.96849067,-52.93503858,52.93503857970893,141.66666666666666,12021YOME01,J,2,22.1,62,40,0.016666667,0.045425368,-0.028318149,-0.034510096,0.008402368,-0.185682503,0.033866215,-0.105179384,0.2095256398808059,-0.130618168,-0.159178674,0.038756129,-0.856465159,0.1562087598374578,-0.485142521,1202,1YO,103,ME01,Wind_missed,1,Right,M,0,Naive,Left,2,FALSE,Second,Failure,FALSE,FALSE,0.1416666666666666,141.66666666666666,450.5169301571628,2.4645526335119645,0.3416666666666667,341.6666666666667,863.3552662218589,2.0636709516546023,3.5586043743160056,1.187162866901052,29.532212169540497,25.924677930292557,612.8355544951825,8795.438095238096,23.48996300785376
12021YOMI01_f154,-39.34141971,1466.991187109579,-11.52173998,90.06991577148438,1028.981934,1388.281005859375,1467.563845580112,-1.927932739,-13.75482178,-3.301391602,-13.13474274,63.34228516,-23.92211914,-0.135044786,-0.963476018,-0.231250661,-0.190437919,0.9183866960604488,-0.346841859,1.0821272700703095,0.091713867,-0.725170898,-0.797944336,11.07784423828074,-21.14296875,7.446093750002408,154,0.725,12021YOMI01,4.029564598807556,25.02087643014833,-20.29427033,-11.71490547,11.714905467899428,725,12021YOMI01,J,2,22.1,62,40,0.0125,0.3805466092184849,-0.071984462,0.3586210422823146,-0.104999557,-46.4521327,-8.001974302,0.8370894601756143,1.7552806915949872,-0.33203012,1.654148469252054,-0.484313067,-214.2616164,-36.90930532,3.861095937,1202,1YO,78,MI01,Wind_missed,1,Right,M,0,Naive,Right,5,TRUE,First,Failure,FALSE,FALSE,,,,2.5680277942077696,0.2666666666666666,266.6666666666667,602.5849839480862,,1.622046274648567,1.3033412613201276,27.929680128686872,24.97978427945417,612.8355544951825,8795.438095238096,23.48996300785376
12021YOUI01_f240,-101.735625,-28.2503788,62.59106038,27.69536590576172,-465.9413452,1462.2755126953125,122.74307371707668,-2.543331146,13.252227783203123,-3.684570313,9.274162292480469,-36.52392578,-59.03259277,-0.181821434,0.9473949406134138,-0.263408034,0.1324224559520663,-0.521512111,-0.84290534,0.8373793544643335,-0.100350494,0.7667102050781277,-0.321386719,8.919909667968813,5.142480468750038,-15.21386719,240,0.008333333,12021YOUI01,2.429609112464001,20.733422991977104,-57.44820005,165.75255415841048,165.75255415841048,8.333333333333334,12021YOUI01,J,2,22.1,62,40,0.025,0.6331336148291141,-0.34146311,-0.528451347,-0.070712749,19.61950652647053,-11.9281399,-2.127657584,2.920344531755453,-1.575007082,-2.437494968,-0.326164313,90.4954614,-55.0188417,-9.813873481,1202,1YO,75,UI01,Wind_Uturn,1,Right,U,0,Naive,Right,3,TRUE,First,U-Turn,TRUE,FALSE,0.625,625,228.2982988211932,2.594268049764201,0.6333333333333333,633.3333333333333,249.00149185615444,0.7696446485417368,2.259121743,1.4749356617164109,31.59805881513638,25.133532956704308,612.8355544951825,8795.438095238096,23.48996300785376
12021YOWE01_f151,100.57797829310098,1420.997195116679,38.899153645833394,-78.73323822,986.0889892578124,1436.150634765625,1425.0831913966842,7.9609375,-11.24243164,-5.352050781,-41.66136932,49.97766113,-7.294921875,0.5386724085936503,-0.760712885,-0.36214354,-0.636318305,0.7633378623553386,-0.111419581,0.909401822,0.4308984375000015,-0.725507813,-0.339082031,2.0592773437500127,-26.15800781,17.310937500000133,151,0.75,12021YOWE01,2.503423431637032,26.25231138267075,-6.397154668,-39.81458087,39.81458086517876,750,12021YOWE01,J,2,22.1,62,40,0.030208333,1.0201976745533674,-0.455484575,-0.799574274,0.4404748314852521,33.46123327938968,-18.50314777,-0.159690044,4.705687125766797,-2.10093392,-3.68805621,2.0317011060154337,154.34077001208334,-85.34622888,-0.736574298,1202,1YO,101,WE01,Wind_success,1,Right,W,0,Naive,Left,1,FALSE,Second,Head-On,TRUE,TRUE,,,,2.503698805234336,0.2333333333333333,233.33333333333331,519.2862956996976,,2.750332902589156,1.784509842968144,27.71098289150007,24.21399194742952,612.8355544951825,8795.438095238096,23.48996300785376
12021YOWE02_f221,88.61961240509606,359.0925285960538,20.55203278925819,-90.67390442,-75.85583496,1417.815185546875,370.4365881606566,,,,-23.69416809,46.83518028259277,-46.1640625,,,,-0.338970337,0.6700271885806296,-0.660426133,0.7908586537230609,-0.182387695,-0.764648438,0.086630859,39.00607910156278,202.4762145996108,-4.589648438,221,0.1666666666666666,12021YOWE02,4.479784581489522,19.63842858353641,-41.33238023,-26.83509242,26.83509242478192,166.66666666666666,12021YOWE02,J,2,22.1,62,40,0.019791667,1.5415328122900558,-0.519102906,-1.415083366,0.3231016099570198,148.9145091125656,-51.47104329,-1.65647011,7.110358403743782,-2.394375056,-6.527107192,1.490314204994533,686.8718738039289,-237.4114662,-7.640509545,1202,1YO,104,WE02,Wind_success,2,Right,W,0,Naive,Left,3,FALSE,Second,Head-On,TRUE,TRUE,,,,2.481194663425978,0.1583333333333333,158.33333333333331,349.9649144311284,,5.449055014134222,1.7591253341424444,30.843387071390914,27.15749174701902,612.8355544951825,8795.438095238096,23.48996300785376
12021YOWE03_f224,114.10736608505248,198.26879564921063,-12.48541667,-65.27394104,-236.7756042,1384.896728515625,229.1001789,2.4321823120117188,13.42675781,-2.622924805,-26.09445953,36.74533081054688,-64.23925781,0.1750391815049657,0.9662962707024576,-0.188766528,-0.332532982,0.4682616402689966,-0.818628641,1.9754716034007187,-0.455679474,-1.886782837,0.3672802734375013,-5.825335693,-0.881542969,-3.942773438,224,0.1416666666666666,12021YOWE03,1.1450277257784374,,-54.94775016,-35.38021959,35.38021959393694,141.66666666666666,12021YOWE03,J,2,22.1,62,40,-0.003125,1.6906853451649884,-0.135017818,-1.650827166,0.3390527896161782,107.10052843345512,-6.642644939,3.0748543147168133,7.798328168066513,-0.622773042,-7.614481325,1.563889417558859,494.0038488450473,-30.63936485,14.182841936692231,1202,1YO,106,WE03,Wind_success,3,Right,W,0,Naive,Left,4,FALSE,Second,Head-On,TRUE,TRUE,,,,2.548305298863755,0.25,250,470.88384554626094,1.5538803437199324,2.762534889433535,1.354673320976952,31.773223008192417,24.38093600112929,612.8355544951825,8795.438095238096,23.48996300785376
12021YOWE04_f233,82.45249789555868,147.44905268351238,13.205092620849657,-96.88419342,-287.6621399,1410.5987548828125,169.45209357693855,1.8010787963867188,13.856536865234377,-1.159912109,-34.42546844,37.27412414550781,-60.59277344,0.1284543466564011,0.9882590331499522,-0.082725838,-0.435592456,0.471637076,-0.76669269,2.0624180526731286,-0.36260376,-1.994073486,0.3817822265625013,-4.456274414,10.836914062500108,7.507617187500046,233,0.066666667,12021YOWE04,0.9230984078915055,32.542781701838386,-50.05781716,-42.72481063,42.72481062852978,66.66666666666667,12021YOWE04,J,2,22.1,62,40,0.023958333,2.505307166572892,-0.153329718,-2.464648059,0.4225682691758898,208.7586233,-15.29572846,4.137395279502181,11.555791562644508,-0.707237136,-11.36825042,1.949106642385828,962.9043374028254,-70.55192762,19.08383854088395,1202,1YO,107,WE04,Wind_success,4,Right,W,0,Naive,Left,5,FALSE,Second,Head-On,TRUE,TRUE,,,,2.421363932699883,0.2083333333333333,208.33333333333331,485.39108163781486,2.062554706692993,2.593337522623952,1.2650764848329288,29.82467875633716,24.47532684096423,612.8355544951825,8795.438095238096,23.48996300785376
12021YOWE05_f234,74.18677005767822,103.84598503112797,55.38901926676431,-105.1505356,-331.2687683,1452.820313,139.12443679673984,-0.790710449,-13.86401367,-0.817871094,-15.8002243,10.72509766,-71.00817871,-0.056842264,-0.996650456,-0.058794777,-0.214877847,0.1458577959948669,-0.965687845,1.420944204281895,-0.082998962,-1.399141846,-0.233657227,4.377172851562531,-0.5625,-12.7265625,234,0.058333333,12021YOWE05,1.3025681891554737,,-74.94740726,-55.83157408,55.831574084312365,58.333333333333336,12021YOWE05,J,2,22.1,62,40,0.0125,1.2574933824953884,-0.653714274,-1.066703202,0.1268524100181502,76.24081359552217,-46.8428182,-1.535616373,5.800219475442403,-3.015273334,-4.920195026,0.5851098934882693,351.66264729185826,-216.063663,-7.083068682,1202,1YO,108,WE05,Wind_success,5,Right,W,0,Naive,Left,6,FALSE,Second,Head-On,TRUE,TRUE,0.058333333,58.333333333333336,139.12443679673984,2.2544509494827145,0.275,275,520.0700455482773,1.567853376052626,3.121774955923895,1.1299149997549764,28.460563318081867,23.818271504459837,612.8355544951825,8795.438095238096,23.48996300785376
12021YOWE06_f224,169.75609267552693,277.22468757629395,37.10157953898101,-9.584604263,-157.889679,1434.5255126953125,327.180662,-4.256705284,-13.38345337,0.718017578,-39.33031273,28.27807617,-52.39050293,-0.302700568,-0.951717035,0.051059285,-0.551205538,0.3963109139413315,-0.734241183,2.063336898411328,-0.440586605,-2.015447388,0.034848633,-5.010874557,-0.987890625,-7.254492188,224,0.1416666666666666,12021YOWE06,0.3642973380253655,17.943534963289746,-47.24313588,-54.28426703,54.28426702715831,141.66666666666666,12021YOWE06,J,2,22.1,62,40,0.028125,1.2996791858636876,-0.586390236,-1.131455106,0.2551897762822835,46.83073090284891,-24.99958156,-0.708829993,5.994802541794952,-2.704739533,-5.218864791,1.1770691845622645,216.0079100320059,-115.3111912,-3.269495957,1202,1YO,109,WE06,Wind_success,6,Right,W,0,Naive,Left,7,FALSE,Second,Head-On,TRUE,TRUE,0.1416666666666666,141.66666666666666,327.180662,2.377563692,0.2,200,450.3985507563772,1.562558628835351,2.255037910790393,1.3870231781237323,30.04968153375157,24.995161039519843,612.8355544951825,8795.438095238096,23.48996300785376
12021YOWE07_f211,178.9561928709348,477.6903437932333,37.43893102010088,-0.364427507,42.564266204833984,1434.8638916015625,511.4831933,-2.294478238,-13.76825523,0.853393555,-31.25490195,42.33626174926758,-47.15148926,-0.164076511,-0.984558164,0.061025568,-0.442343347,0.5991752515763991,-0.667324045,0.6689596657709532,-0.146304717,-0.639427643,0.1312792968750004,32.72333021163964,191.0348327636732,-6.231445313,211,0.25,12021YOWE07,8.166806901240056,23.36171143277797,-41.86086775,-36.43673506,36.43673505541204,250,12021YOWE07,J,2,22.1,62,40,0.013541667,1.2685220078175088,-0.509740936,-1.129612222,0.2707184721189165,68.22849910516824,-30.19821168,-2.450287124,5.851089283801775,-2.351192732,-5.210364444,1.248695679996478,314.7056475992649,-139.2900018,-11.30201025,1202,1YO,110,WE07,Wind_success,7,Right,W,0,Naive,Left,8,FALSE,Second,Head-On,TRUE,TRUE,,,,2.311966289345848,0.2833333333333333,283.3333333333333,586.0192033754523,1.5218064407958205,4.615787131863374,1.5236496632237635,27.23352025686522,23.39775846325082,612.8355544951825,8795.438095238096,23.48996300785376
12021YOWE08_f150,178.25436970392863,1400.244728724162,-35.88446706,-1.099232674,965.1197509765624,1361.5343017578125,1412.0012803162128,3.9866206645965576,-13.29144287,-1.606445313,-36.19565487,51.67382813,-9.967651367,0.2853881394309979,-0.951487606,-0.114999765,-0.566688291,0.8090184710304236,-0.156056061,1.0778063462301544,0.5289281845092793,-0.938269043,-0.039404297,3.571366882324247,2.038183593750025,29.05664062500021,150,0.7583333333333333,12021YOWE08,2.142632241,24.21012148455465,-8.978049449,-35.00985766,35.00985765659573,758.3333333333333,12021YOWE08,J,2,22.1,62,40,0.020833333,1.0255420028660789,-0.430008378,-0.92293586,0.1225503669348183,55.05807958,-26.69206756,-2.8783907,4.730337972915616,-1.98342433,-4.25706459,0.5652666128607262,253.9567602319768,-123.1178249,-13.27664863,1202,1YO,111,WE08,Wind_success,8,Right,W,0,Naive,Left,9,FALSE,Second,Head-On,TRUE,TRUE,,,,2.4461435633486364,0.3333333333333333,333.3333333333333,680.2488000279361,,1.8223309587924088,1.0205041957957606,27.374726693834447,24.46459692012004,612.8355544951825,8795.438095238096,23.48996300785376
12021YOWE09_f236,109.63742055892943,98.93239612579345,63.79745534261065,-69.70066071,-336.1729126,1461.229004,160.86670972640323,-2.515892029,-13.60797119,-2.509643555,-22.93828583,23.38562012,-64.81982422,-0.178884814,-0.967553202,-0.178440535,-0.315837469,0.3219968189889965,-0.892504757,1.3547409691236707,-0.251489868,-1.316385498,-0.19800293,-5.669055176,9.593261718750082,-10.83867188,236,0.041666667,12021YOWE09,1.3336778648508831,27.34822727410368,-63.18970089,-44.44673124,44.44673123611221,41.66666666666666,12021YOWE09,J,2,22.1,62,40,0.03125,1.263785342492869,-0.735036133,-1.010662596,0.1882455621458174,53.03924754887629,-39.37159843,1.309222620293779,5.829241297285845,-3.390372431,-4.661706339,0.8682873332955912,244.6448473433069,-181.6024762,6.03882187,1202,1YO,112,WE09,Wind_success,9,Right,W,0,Naive,Left,10,FALSE,Second,Head-On,TRUE,TRUE,,,,2.292673383,0.375,375,756.5441100868065,1.4720678079634022,2.0979938791067134,1.0968252335519857,26.722729284143675,24.38977556363303,612.8355544951825,8795.438095238096,23.48996300785376
12021YOWE10_f151,153.6319312731425,1348.5151182174682,-5.298480225,-25.79526901,913.3894043,1392.1634521484375,1357.248639071146,0.8332443237304688,-14.32086182,-1.617675781,-27.31689453,56.11224365234375,-14.5135498,0.057719868,-0.992023856,-0.112058407,-0.426335488,0.8757452557755929,-0.226513352,1.2905497408721434,0.4845959472656267,-1.194433594,-0.063354492,7.995465088,-4.740820313,8.855859375000064,151,0.75,12021YOWE10,1.3951219159458248,26.640060182959115,-13.09188466,-25.9580195,25.95801950238473,750,12021YOWE10,J,2,22.1,62,40,0.003125,0.9192219533518832,-0.440864537,-0.783170365,0.1930068353260316,39.276217227984006,-22.87250919,-1.216491033,4.239934102480539,-2.033498633,-3.612392771,0.8902488241568608,181.16252797719568,-105.500017,-5.61109512,1202,1YO,113,WE10,Wind_success,10,Right,W,0,Naive,Left,11,FALSE,Second,Head-On,TRUE,TRUE,,,,2.125003074,0.475,475,893.9294784230035,,1.3740661691568674,1.199218572169101,24.57375895195525,23.49063550354927,612.8355544951825,8795.438095238096,23.48996300785376
12021YOWE11_f220,162.1118427912394,288.63954073588053,48.88225784301767,-17.30017471,-146.4755859,1446.3619384765625,334.63787768455444,4.167200088500977,13.51489258,-0.500488281,-25.63493729,46.543922424316406,-59.25158691,0.2944680469493268,0.9550067041877988,-0.035366146,-0.322095825,0.5848113815036853,-0.744479635,2.1675426181608355,-0.332992859,-2.135361328,0.1660986328125006,-11.66377258,7.955529785156276,11.849414062500085,220,0.175,12021YOWE11,1.475615318617052,24.88167743,-48.11442301,-28.84459872,28.84459872,175,12021YOWE11,J,2,22.1,62,40,0.005208333,1.277593371893723,-0.601586493,-1.084607725,0.3065364560328481,48.22132597753833,-28.16158187,-1.416468326,5.892931176026507,-2.77483265,-5.002780082,1.4139070208755868,222.4220643702673,-129.8959962,-6.533495352,1202,1YO,114,WE11,Wind_success,11,Right,W,0,Naive,Left,12,FALSE,Second,Head-On,TRUE,TRUE,,,,2.311316678337593,0.275,275,540.0982487147736,1.2646229453056437,2.123605487456535,1.2127989626392688,29.503829791913788,25.48485251,612.8355544951825,8795.438095238096,23.48996300785376
12021YOWE12_f185,112.56038462320964,898.6173141479492,-42.08637848,-66.84532928,463.4939880371094,1355.3570556640625,906.6168875144986,-0.942977905,-14.03634644,-0.717895508,-14.60238647,58.791900634765625,-27.9276123,-0.066942951,-0.996454364,-0.050964125,-0.218907174,0.8813606507468201,-0.418668189,2.124974744616529,0.3528112792968763,-2.084351807,0.2156835937500007,6.716381835938498,8.856738281243196,-10.48183594,185,0.4666666666666667,12021YOWE12,0.3113475482265147,,-24.7505332,-13.94853359,13.948533588760426,466.6666666666667,12021YOWE12,J,2,22.1,62,40,0.013541667,0.9590438290654838,-0.547218452,-0.76119431,0.2022381137799601,58.55903970886123,-41.78605782,3.142348860660533,4.423613493782241,-2.52405871,-3.511027668,0.9328283254226694,270.10502584794915,-192.7392301,14.49416221,1202,1YO,115,WE12,Wind_success,12,Right,W,0,Naive,Left,13,FALSE,Second,Head-On,TRUE,TRUE,,,,2.137782694518823,0.5083333333333333,508.3333333333333,992.0608573,,1.5157498343729463,0.8504608419848362,27.056475160656863,26.62868141054889,612.8355544951825,8795.438095238096,23.48996300785376
12021YOWE13_f237,87.99406407674152,74.85702915191649,22.70502421061201,-91.37297058,-360.256958,1420.156005859375,117.73719994376054,3.583091735839844,13.55462646484375,-2.042358398,-27.75763702,25.29965209960937,-66.5994873,0.2528968877646678,0.956694135,-0.144150951,-0.363037268,0.3308897141584571,-0.871043018,1.4622521299366258,-0.469045715,-1.371972656,0.1893896484374956,-3.35324707,4.117236328129324,-19.72792969,237,0.033333333,12021YOWE13,1.187838099290103,26.73507685,-60.58007204,-47.65244499,47.652444993714994,33.333333333333336,12021YOWE13,J,2,22.1,62,40,0.025,1.6290995340251533,-0.444099733,-1.536193409,0.3112081775887524,118.74068182380876,-35.43021625,3.527106538568299,7.514262083777995,-2.048421055,-7.085730272,1.4354554526443717,547.6943456156049,-163.4227529,16.268866557664857,1202,1YO,116,WE13,Wind_success,13,Right,W,0,Naive,Left,14,FALSE,Second,Head-On,TRUE,TRUE,,,,2.507667038144693,0.2416666666666666,241.66666666666663,536.0852406035981,1.6589601521103543,1.7985228767676025,1.1261553968864044,30.00683844242155,27.00576205188516,612.8355544951825,8795.438095238096,23.48996300785376
12021YOWE14_f215,146.09802198410034,418.9235336303711,50.59138310750336,-33.27868271,-16.18978691,1448.057617,446.54344368913706,-1.77482605,-14.16310692,0.54699707,-38.20767593,36.490530014038086,-47.65246582,-0.124249642,-0.991511795,0.038293437,-0.537011302,0.5128767078902874,-0.669758422,2.103616033,-0.158163528,-2.095961165,0.084448242,1.6235870361322748,-8.346509171,2.387109375000224,215,0.2166666666666666,12021YOWE14,0.5116435758026361,,-42.04842242,-46.31687084,46.316870841733305,216.66666666666669,12021YOWE14,J,2,22.1,62,40,0.008333333,1.6640705034452674,-0.659657654,-1.507511766,0.2477714547048549,74.27329915740748,-31.42334748,0.8416486144048232,7.675566549,-3.042687322,-6.953435484,1.142851992,342.58743805336445,-144.9409711,3.882125148891486,1202,1YO,117,WE14,Wind_success,14,Right,W,0,Naive,Left,15,FALSE,Second,Head-On,TRUE,TRUE,,,,2.129721858537212,0.2333333333333333,233.33333333333331,479.6357441939444,1.6691811338209892,1.887060753032913,1.2758896318590336,27.84281667725755,25.39677074823076,612.8355544951825,8795.438095238096,23.48996300785376
12021YOWI01_f170,-58.20148107,1407.273292,15.519114474372373,71.35351563,969.6831055,1415.084228515625,1408.5618101338691,-1.539405823,-13.93365479,-1.46887207,-12.38488007,63.02404785,-9.165039063,-0.109215055,-0.988540414,-0.10421095,-0.19088904,0.9713941479932126,-0.141261401,1.6857080443370884,0.2191488647460945,-1.557055664,0.6075878906250022,15.1949707,-2.589257813,-25.14199219,170,0.5916666666666667,12021YOWI01,1.6591241191556607,20.98566163,-8.120844669,-11.11755403,11.117554030216697,591.6666666666666,12021YOWI01,J,2,22.1,62,40,0.014583333,2.7110097491619687,-0.235035817,2.266093849859151,-1.469404876,-282.4399682,-52.10819936,3.322339997427118,12.504599836541198,-1.084108545,10.452414194856807,-6.777666504,-1302.761372,-240.3503644,15.324375798207194,1202,1YO,69,WI01,Wind_success,1,Right,W,0,Naive,Right,1,TRUE,First,Head-On,TRUE,TRUE,,,,2.7591792617150257,0.2083333333333333,208.33333333333331,521.6860333912953,,4.034752482920957,1.9677797106128825,24.07068344521617,22.16950428557984,612.8355544951825,8795.438095238096,23.48996300785376
12021YOWI02_f236,19.843634391480776,54.42717584573995,12.178238011006217,149.48011779785156,-383.2244873,1411.788818359375,59.19794571991982,-8.100112915,-11.65661621,2.08996582,49.09577941894531,-11.67922974,-45.96716309,-0.564558296,-0.812437981,0.1456655671676838,0.7192194943560278,-0.171092705,-0.673387411,1.4625094028237169,-0.600272827,-1.319267578,0.1952929687500007,8.690844726562558,-12.85708008,-15.37910156,236,0.041666667,12021YOWI02,1.698281778556222,22.682686073644987,-42.32904826,103.38118632644178,103.38118632644178,41.66666666666666,12021YOWI02,J,2,22.1,62,40,0.005208333,1.4228452456573424,0.1143836435575047,0.9393460027745504,-1.062560145,-118.438175,13.564515764392436,3.596056220597358,6.562909053267016,0.527597398,4.332756780524768,-4.901085075,-546.2990255,62.566666041173406,16.58689867942195,1202,1YO,73,WI02,Wind_success,2,Right,W,0,Naive,Right,2,TRUE,First,Head-On,TRUE,TRUE,0.1583333333333333,158.33333333333331,273.1476723102623,2.629688757973626,0.2,200,373.2918131407476,1.3191658102343282,1.9475189876221832,1.0120350850930464,29.90155786160558,24.356495682864807,612.8355544951825,8795.438095238096,23.48996300785376
12021YOWI03_f240,-12.56988908,31.624963752328085,21.41868211448445,116.93082427978516,-406.2064514,1421.097900390625,40.21069991257357,-6.056533813,-12.99868774,0.138183594,54.70249176025391,0.668273926,-41.07470703,-0.422320617,-0.906395307,0.009635508,0.7996260461092771,0.009768645,-0.60041882,1.7433662869598592,-0.20513031,-1.726080322,0.1337695312500004,16.810180664062617,-2.345361328,-13.01308594,240,0.008333333,12021YOWI03,1.411708758,26.16631729584337,-36.89989934,89.30007995,89.30007995,8.333333333333334,12021YOWI03,J,2,22.1,62,40,0.013541667,2.168602364889173,-0.063007789,1.9246917676016488,-0.997210026,-245.7265259,-18.70243038,6.513448505954183,10.002732297771566,-0.290624993,8.877688606609972,-4.599656024,-1133.419707,-86.26542487,30.04344309276333,1202,1YO,76,WI03,Wind_success,3,Right,W,0,Naive,Right,4,TRUE,First,Head-On,TRUE,TRUE,0.125,125,277.4548369068456,2.646010337984871,0.1666666666666666,166.66666666666666,384.7828981835339,1.757869169,1.678524303071161,1.2262199769306985,31.467189322019287,25.276896992124005,612.8355544951825,8795.438095238096,23.48996300785376
12021YOWI04_f240,-15.98731279,42.79380499521892,-28.83739548,113.34274291992188,-395.2506104,1370.9503173828125,54.02313666,-33.61711121,0.745880127,64.09973145,-38.13071442,-12.74050903,64.94665527,-0.464427438,0.01030449,0.8855512253650569,-0.499205171,-0.166798029,0.8502779630219953,1.296796125089115,-0.600340576,-1.090290527,-0.364057617,37.38856201171903,16.65659179687514,-3.160546875,240,0.008333333,12021YOWI04,1.0964711434804244,23.39976597155527,58.24191505123543,-108.475876,108.47587601581708,8.333333333333334,12021YOWI04,J,2,22.1,62,40,0.022916667,0.8845618019220806,-0.244768173,0.8164711858397079,-0.236459142,-74.15138282,-27.77561918,-0.052519003,4.080063292706586,-1.12899928,3.7659936339763553,-1.090673667,-342.0250959,-128.1157337,-0.242245205,1202,1YO,79,WI04,Wind_success,4,Right,W,0,Naive,Right,6,TRUE,First,Head-On,TRUE,TRUE,0.1416666666666666,141.66666666666666,290.22470213227206,2.6576132582488143,0.125,125,247.2224956383655,1.296796125089115,2.433249066986826,1.365465099552312,28.57222328441395,25.654939433012306,612.8355544951825,8795.438095238096,23.48996300785376
12021YOWI05_f214,4.463795630137128,432.30624249776207,-9.679393514,133.81971740722656,-5.715636253,1390.075684,432.4376295291152,-3.480407715,-13.58552647,0.87109375,46.24903869628906,33.02250385284424,-35.8626709,-0.247693222,-0.966853053,0.061993891,0.6882487552446817,0.4914198827143704,-0.533685441,2.497606043058844,-0.186690674,-2.490386238,0.034042969,-9.49284668,-7.443058777,0.553710937,214,0.225,12021YOWI05,0.102703584,,-32.2548051,54.47259706037085,54.47259706037085,225,12021YOWI05,J,2,22.1,62,40,0.030208333,0.7074833217995452,-0.239770249,0.6333438720713888,-0.204739879,-48.41675755,-19.71863104,0.6617943340728853,3.2632844027451218,-1.105946232,2.921314348510333,-0.944367779,-223.3234974,-90.95267568,3.0525428114855804,1202,1YO,80,WI05,Wind_success,5,Right,W,0,Naive,Right,7,TRUE,First,Head-On,TRUE,TRUE,0.2333333333333333,233.33333333333331,453.20897320614176,2.522642464,0.3583333333333333,358.3333333333333,757.2570246694704,,1.751826365,0.9725779360361236,28.874102751610334,25.382820635048823,612.8355544951825,8795.438095238096,23.48996300785376
12021YOWI06_f233,-18.21568271,109.34769059823644,27.464275024924746,111.08403778076172,-328.6815491,1427.2298583984375,114.20601971209224,-4.956634521,-13.17089844,0.180664063,55.23503875732422,-13.45565796,-39.02282715,-0.352187376,-0.935841475,0.012836856,0.8010341569491504,-0.195137758,-0.565920078,1.5675150771163204,-0.302559814,-1.516739502,0.2550732421875009,20.96553955,-1.192236328,-2.641992188,233,0.066666667,12021YOWI06,0.365096383,30.98982786548688,-34.46620759,103.69099849493568,103.69099849493568,66.66666666666667,12021YOWI06,J,2,22.1,62,40,0.03125,0.6232584656432817,-0.263655298,0.5256736436417929,-0.206407896,-56.60784543,-29.43161808,1.4403380364544298,2.874795160738565,-1.216116612,2.4246827442760543,-0.952061549,-261.1050938,-135.7540698,6.643594985514041,1202,1YO,81,WI06,Wind_success,6,Right,W,0,Naive,Right,8,TRUE,First,Head-On,TRUE,TRUE,0.2166666666666666,216.66666666666669,421.9269874718546,2.5414289430653474,0.1916666666666666,191.66666666666669,359.2704465210663,1.355979666945264,2.2089904750082883,1.1605130446789444,29.467457459334227,24.14774278915351,612.8355544951825,8795.438095238096,23.48996300785376
12021YOWI07_f234,-12.29199231,90.62322354565585,30.307867444382737,117.08344268798828,-347.4310608,1430.112305,96.34432287,-5.709526062,-12.96963501,-0.39831543,56.60041046142578,-17.14068604,-37.74035645,-0.402750202,-0.914878584,-0.028097187,0.8067891826009631,-0.244325438,-0.537955663,1.2698519422801835,-0.439553833,-1.188786621,0.078120117,13.519555664062588,10.151367187500089,-27.16171875,234,0.058333333,12021YOWI07,0.5807926231855863,16.781976946483763,-32.5445801,106.8482427077625,106.8482427077625,58.333333333333336,12021YOWI07,J,2,22.1,62,40,0.04375,0.5606371991220866,-0.413909134,0.3186307258780282,-0.203636338,-34.91680353,-44.41482264,-0.810808552,2.585953012772481,-1.909166167,1.469692141078815,-0.93927767,-161.054624,-204.8644732,-3.739874596,1202,1YO,82,WI07,Wind_success,7,Right,W,0,Naive,Right,9,TRUE,First,Head-On,TRUE,TRUE,0.2333333333333333,233.33333333333331,412.1059636,2.425685178546726,0.3666666666666666,366.6666666666666,715.7940759411235,1.086406936,2.999766968819734,1.198204959461765,28.931228215147733,23.46183546180173,612.8355544951825,8795.438095238096,23.48996300785376
12021YOWI08_f224,4.576227522803663,245.72251521104488,-27.61716995,133.9680633544922,-192.3454285,1372.1563720703125,247.31195768921663,-4.94430542,-13.03787231,2.926025391,51.87368774414063,21.084976196289062,-33.43322754,-0.347027428,-0.915093004,0.2053698102456266,0.7954032518768371,0.3233056943048818,-0.512647145,2.215518964637365,-0.103313599,-2.183047485,0.3635302734375013,-13.28378906,6.795703124999998,-9.142382813,224,0.1416666666666666,12021YOWI08,0.3998466991057282,,-30.84031614,67.87984836941583,67.87984836941583,141.66666666666666,12021YOWI08,J,2,22.1,62,40,0.0125,1.223961488476729,-0.060430478,1.2113145494035555,-0.1647633,-138.1488218,-13.54997828,2.286063712020905,5.645552781014519,-0.27873708,5.587218460263354,-0.759974816,-637.2148733,-62.49961151,10.544525680328526,1202,1YO,83,WI08,Wind_success,8,Right,W,0,Naive,Right,10,TRUE,First,Head-On,TRUE,TRUE,0.2,200,381.5793966739431,2.418332114547739,0.375,375,794.1830597,,1.773550816801244,1.1790464059321235,26.54108430799052,24.313764302570267,612.8355544951825,8795.438095238096,23.48996300785376
12021YOWI09_f226,1.266286755,149.7308639526367,30.844058481852244,130.66847229003906,-288.3157043,1430.606445,152.87998902989173,-6.065254211,-12.93096924,0.112060547,61.79541016,-9.820800781,-21.67053223,-0.424642501,-0.905327119,0.007845619,0.9332213200917264,-0.148311673,-0.327263831,1.405845402520704,-0.458664551,-1.328338623,0.039301758,-7.244824219,0.2456542968749806,9.298828125000066,226,0.125,12021YOWI09,2.107765168833396,21.32195829060759,-19.10278508,99.03017988,99.03017988,125,12021YOWI09,J,2,22.1,62,40,0.015625,0.3719730749333809,-0.173304096,0.263492547,-0.197234218,-23.81200833,-17.1586997,-0.264361732,1.7157350516528105,-0.799369448,1.2153659190641002,-0.909747732,-109.8334802,-79.14492874,-1.219375057,1202,1YO,85,WI09,Wind_success,9,Right,W,0,Naive,Right,11,TRUE,First,Head-On,TRUE,TRUE,0.2916666666666667,291.6666666666667,460.5929213744482,2.2901954766571047,0.3333333333333333,333.3333333333333,553.3590880559678,0.8426265328623398,2.347593454219352,1.3857092775737156,28.86707631930617,23.41365755427887,612.8355544951825,8795.438095238096,23.48996300785376
12021YOWI10_f227,-53.26563501,185.3547820409139,38.03302434285479,76.14154815673828,-252.6489563,1437.7796630859375,196.57093894952743,-3.431625366,-13.512146,-0.755981445,55.41585540771485,-3.083572388,-41.78271484,-0.245790659,-0.967809395,-0.054147279,0.7976832120552355,-0.044386465,-0.601441049,1.6403739844088634,-0.180883484,-1.623270264,0.1519921875000005,16.64857177734387,-8.447167969,-5.087109375,227,0.1166666666666666,12021YOWI10,0.1736552559130984,42.414547066539626,-36.97317501,93.18489491065348,93.18489491065348,116.66666666666669,12021YOWI10,J,2,22.1,62,40,0.020833333,0.6631889217566871,-0.139997195,0.627214717,-0.163774326,-42.23469354,-11.04729147,3.0600847816369066,3.0589753818325884,-0.645740543,2.8930434690438096,-0.755413148,-194.8085735,-50.95590643,14.114717098338597,1202,1YO,86,WI10,Wind_success,10,Right,W,0,Naive,Right,12,TRUE,First,Head-On,TRUE,TRUE,0.275,275,499.7042160904237,2.4306562833380374,0.3583333333333333,358.3333333333333,693.0704873,1.127941053155885,1.8600109285444348,1.0764971500416445,27.20258516593908,22.671869823481337,612.8355544951825,8795.438095238096,23.48996300785376
12021YOWI11_f224,-7.591286167,209.9115600585937,28.98713623556569,121.7537841796875,-228.1173401,1428.7342529296875,212.0394886313592,5.235374450683594,13.10144043,0.694091797,68.21237182617188,16.2590332,-19.55041504,0.3706245931884349,0.9274820884686524,0.049136407,0.93701296,0.2233454784941341,-0.268558207,1.9340032555312168,-0.384916992,-1.891435547,0.1211572265625004,-0.27421875,0.9312011718749458,8.929687500000064,224,0.1416666666666666,12021YOWI11,1.6812954108185734,20.14229054767888,-15.57848976,76.59320103477268,76.59320103477268,141.66666666666666,12021YOWI11,J,2,22.1,62,40,0.0125,0.8842162517100586,-0.288065834,0.7902783252405203,-0.272610755,-76.91381719,-31.63238898,1.1219502130041878,4.078469434,-1.328710817,3.645178413570602,-1.257423883,-354.7668931,-145.9051803,5.175023238,1202,1YO,87,WI11,Wind_success,11,Right,W,0,Naive,Right,13,TRUE,First,Head-On,TRUE,TRUE,0.225,225,380.9929501215021,2.4356843489328326,0.35,350,685.4409441659187,1.3397206500765777,2.419344499868631,1.3221118420047329,25.03526879761145,21.913860134803283,612.8355544951825,8795.438095238096,23.48996300785376
12021YOWI12_f224,-15.13612041,214.07271868387852,10.34177856445308,114.2796401977539,-223.9499054,1410.0623779296875,214.85619239340653,-4.861541748,-12.72206116,-0.090576172,62.544090270996094,-7.68548584,-22.44177246,-0.356951751,-0.934099149,-0.006650426,0.935009053,-0.114894929,-0.335495493,1.6276509500048697,-0.357256165,-1.569369507,0.2422705078125009,-3.600878906,-3.480029297,19.698046875000145,224,0.1416666666666666,12021YOWI12,0.739517461,20.585617308315378,-19.60267144,97.00544837186789,97.00544837186789,141.66666666666666,12021YOWI12,J,2,22.1,62,40,0.038541667,0.9644644567155822,-0.500788573,0.81937488,-0.0895952,-73.87001918,-48.74526542,-3.689428261,4.448616273520797,-2.309899736,3.779386995235437,-0.413260088,-340.7272991,-224.838748,-17.01757954,1202,1YO,88,WI12,Wind_success,12,Right,W,0,Naive,Right,14,TRUE,First,Head-On,TRUE,TRUE,0.275,275,461.08503731530806,2.189651223,0.3833333333333333,383.33333333333337,690.8939117084116,1.181595834084283,1.6204499634714438,1.0450855227404166,27.98267221,22.743995397860346,612.8355544951825,8795.438095238096,23.48996300785376
12021YOWI13_f231,-44.23043197,128.82414639790852,46.74828847249341,85.18158721923828,-309.1732483,1446.4964599609375,144.00484117732478,-4.539970398,-12.91439819,-2.485961914,55.589088439941406,-7.817016602,-39.80883789,-0.32631017,-0.928221795,-0.178678402,0.8077628684894554,-0.113588762,-0.578460665,1.530169330940483,-0.286270752,-1.502764893,-0.034130859,30.60340576171897,6.233642578125038,-27.87890625,231,0.083333333,12021YOWI13,1.2075741055996494,22.27866917,-35.34234672,98.00452776510303,98.00452776510303,83.33333333333333,12021YOWI13,J,2,22.1,62,40,0.013541667,0.7602447253393044,-0.272262156,0.6845591969062561,-0.187680758,-55.58409891,-23.69004664,0.985820191,3.5066476876919586,-1.255815958,3.157546307010835,-0.865682161,-256.3830375,-109.2709288,4.547120126741942,1202,1YO,89,WI13,Wind_success,13,Right,W,0,Naive,Right,15,TRUE,First,Head-On,TRUE,TRUE,0.2666666666666666,266.6666666666667,482.3883193,2.2298263704523538,0.2583333333333333,258.33333333333337,464.0992015998665,1.117325355862389,2.5657774698615405,0.9413867071743796,27.84383130698667,23.25701370491277,612.8355544951825,8795.438095238096,23.48996300785376
14011YOME01_f236,23.711067678539337,107.24948867095566,-8.07168311,-160.264328,-318.6673584,1389.894531,110.1354603152808,-0.70262146,-14.6819458,2.834716797,-64.49055481,0.981842041,-24.38879395,-0.046936565,-0.980784318,0.1893649396415632,-0.935254007,0.014238856,-0.353690821,2.281726395131513,-0.42437439,-2.207662354,0.3903955078125014,-10.35021973,-2.743066406,-17.4796875,236,0.041666667,14011YOME01,1.2047482980299722,26.03479441,-20.71322914,-89.12776283,89.12776282626459,41.66666666666666,14011YOME01,E,1,20,62,39,0.6333333333333333,0.6613633813081548,-0.480176217,0.3950602032206952,-0.225299265,-10.45051759,-10.91878803,2.261572713442254,3.370863309419749,-2.44738133,2.013558630074899,-1.148314295,-53.26461563,-55.65131514,11.526874176566023,1401,1YO,96,ME01,Wind_missed,1,Left,M,0,Naive,Left,11,TRUE,First,Failure,FALSE,FALSE,0.1666666666666666,166.66666666666666,444.8734770052707,2.9472179594040098,0.125,125,322.7827000158389,2.3710606087545405,4.604591753113748,2.0968818418893607,31.210458069477635,27.292715050232776,582.5767989919827,8795.438095238096,21.326474979587854
14011YOMI01_f217,-53.92976148,444.23141139235526,39.81096176115602,71.26181030273438,11.117993354797363,1439.9913330078125,449.2603685144715,-1.972808838,-14.11879206,0.835327148,60.82612609863281,7.652724266052246,-31.33630371,-0.138147938,-0.988682722,0.05849463,0.8834564564528421,0.1111504068388987,-0.455137646,2.2898268589626105,-0.060262756,-2.288483849,-0.050170898,15.923693847656365,14.162434387207108,-26.14042969,217,0.2,14011YOMI01,0.6587013515207745,,-27.07379095,82.82911705484726,82.82911705484726,200,14011YOMI01,E,1,20,62,39,0.017708333,1.1936401260291476,-0.61155023,1.0098838537556578,-0.175834206,-109.2513667,-64.93736871,2.4032224725728755,6.083792691280059,-3.116973651,5.147216379998255,-0.89619881,-556.8367312,-330.9753757,12.248840329117613,1401,1YO,131,MI01,Wind_missed,1,Left,M,0,Naive,Right,9,FALSE,Second,Failure,FALSE,FALSE,0.2083333333333333,208.33333333333331,468.1043979247865,2.5750225019356945,0.1666666666666666,166.66666666666666,365.01724819202826,1.7520580900186962,3.0942873757165152,2.605883939575647,25.289146811730618,23.24473499830657,582.5767989919827,8795.438095238096,21.326474979587854
,,,,,,,,,,,,,,,,,,,,,,,,,,,,,14011YOOE01,,,,,,,14011YOOE01,E,1,20,62,39,0.5364583333333334,0.1328359284598086,-0.003382201,0.003642048,0.1327429097444739,-0.363080428,-0.20298011,0.3349976619007079,0.6770434681947434,-0.017238539,0.018562938,0.6765693666894694,-1.850562833,-1.034557137,1.7074294694225682,1401,1YO,84,OE01,Wind_hitNrun,1,Left,O,0,Naive,Left,1,TRUE,First,Failure,FALSE,FALSE,,,,,,,,,,,,,582.5767989919827,8795.438095238096,21.326474979587854
14011YOPE01_f240,8.030067380003345,33.15904101766802,19.433582513402143,-175.7857208,-391.8323669,1417.345458984375,39.26408171145727,3.8881683349609375,-13.94644165,1.796264648,-53.43392944,-5.983947754,-41.91821289,0.2665082299009237,-0.955936358,0.1231220643366236,-0.783750851,-0.087770527,-0.614842206,1.713603865758496,0.04776123,-1.627591553,0.5339501953125019,-6.122680664,1.122363281249989,-5.0765625,240,0.008333333,14011YOPE01,0.4012809884992057,12.339314671463198,-37.94045556,-96.38980449,96.38980448859422,8.333333333333334,14011YOPE01,E,1,20,62,39,0.015625,0.8001504871119925,-0.122820951,-0.775482056,-0.154218667,100.56183260631543,-9.309605227,-4.724237669,4.078238976105976,-0.625998732,-3.952507929,-0.786027866,512.5475668007922,-47.44956792,-24.07868333,1401,1YO,85,PE01,Wind_Near-miss,1,Left,P,0,Naive,Left,2,TRUE,First,Pivot,TRUE,FALSE,0.2416666666666666,241.66666666666663,509.89635626098215,2.240878682007736,0.1583333333333333,158.33333333333331,331.9711210275859,1.7198048230730785,3.4252067982768835,1.9026950132776503,30.80586424,26.341824313464524,582.5767989919827,8795.438095238096,21.326474979587854
14011YOPE03_f233,52.83807846705119,151.08122107187904,8.275281778971248,-131.1705017,-274.7755737,1406.094482421875,160.26814463636128,-0.404815674,-14.09625244,1.996459961,-47.58830261,9.921600341796877,-47.93408203,-0.028422709,-0.98971879,0.1401744147827676,-0.697062632,0.1453293449756915,-0.70212753,2.300064352203293,-0.129832764,-2.27671875,0.299985352,10.424926757812573,-13.47231445,-10.35703125,233,0.066666667,14011YOPE03,1.0646990926888875,33.11704268385858,-44.59794625,-78.22320632,78.22320631587843,66.66666666666667,14011YOPE03,E,1,20,62,39,0.011458333,1.9365111033832805,-0.611228284,-1.780436528,0.454445827,188.4525784293569,-65.74128039,-2.845650419,9.870087173207342,-3.115332742,-9.074600039,2.316237650775224,960.5126322,-335.0727849,-14.50382476,1401,1YO,90,PE03,Wind_Near-miss,3,Left,P,0,Naive,Left,5,TRUE,First,Pivot,TRUE,FALSE,0.2166666666666666,216.66666666666669,508.28292652591045,2.4848414928518503,0.15,150,345.38247205418514,1.9904791015123569,3.216191134905782,2.0986909621539453,29.16359638907254,24.62546104261474,582.5767989919827,8795.438095238096,21.326474979587854
14011YOPE04_f235,43.61458156004329,143.8729014227435,-14.80952928,-140.4061432,-281.9924622,1382.991455078125,151.06609694444492,,,,-55.10113525,-1.373626709,-38.19848633,,,,-0.821659797,-0.020483314,-0.569610052,0.7752215223336357,-0.314489136,-0.694145508,0.1422216796875005,-13.22226563,213.2870361,-81.69257813,235,0.05,14011YOPE04,1.7059461713213917,24.660622223211625,-34.72303798,-91.42804164,91.42804163751664,50,14011YOPE04,E,1,20,62,39,0.019791667,2.2538729463151514,-0.445021662,-2.179555595,0.362541563,248.35423813538657,-54.29701485,-5.636348267,11.487629695795878,-2.268204189,-11.10884605,1.8478163253352853,1265.8218049713892,-276.743195,-28.72756507,1401,1YO,91,PE04,Wind_Near-miss,4,Left,P,0,Naive,Left,6,TRUE,First,Pivot,TRUE,FALSE,0.2,200,513.9923354003137,2.519893322586864,0.058333333,58.333333333333336,157.45122261656084,,2.917039484397018,1.9701323508307105,29.83799788178004,25.26871056377917,582.5767989919827,8795.438095238096,21.326474979587854
14011YOPE05_f233,43.40023063023884,152.9010493596395,3.451608276367097,-140.5678711,-272.9537964,1401.4071044921875,158.97869201163508,2.374298095703125,-13.76986694,3.237670898,-55.27490234,-7.126098633,-38.35778809,0.1655340895434478,-0.960023677,0.2257277236519256,-0.816991977,-0.105327466,-0.566948177,1.8255680107306065,0.161969604,-1.728815918,0.563613281,-12.79621582,5.710473632812561,15.632226562500106,233,0.066666667,14011YOPE05,0.6339592916712493,,-34.53768584,-97.34611205,97.34611205,66.66666666666667,14011YOPE05,E,1,20,62,39,0.028125,1.1777204673893042,-0.466723963,-1.076715296,0.099390201,102.7723774611535,-44.75311668,-2.169068359,6.002652738987279,-2.378817345,-5.487845547,0.5065759504794303,523.8143601485907,-228.0994734,-11.05539429,1401,1YO,93,PE05,Wind_Near-miss,5,Left,P,0,Naive,Left,8,TRUE,First,Pivot,TRUE,FALSE,0.25,250,522.6725735718652,2.2351468909581964,0.2666666666666666,266.6666666666667,558.9830524788598,,2.8666115320466496,1.994122050250955,30.818784459601748,25.67434553512327,582.5767989919827,8795.438095238096,21.326474979587854
14011YOPE06_f227,41.30406441,306.5791530848547,-59.67420174,-142.5680389,-119.390564,1338.28125,315.0520801338505,-0.271362305,-13.91363525,4.305297852,-57.39814758,1.3165130615234375,-32.2779541,-0.018628522,-0.955145397,0.2955507564115906,-0.871456575,0.019988171,-0.490065211,2.4486901645237333,-0.321454468,-2.393070374,0.4073876953125014,19.376806640625134,3.2487670898437786,-7.3828125,227,0.1166666666666666,14011YOPE06,1.9581594987190072,31.583186061548428,-29.34486781,-88.68606529,88.68606529,116.66666666666669,14011YOPE06,E,1,20,62,39,0.028125,0.8359750419001749,-0.083397227,-0.810426034,-0.187373469,103.47355243431409,-8.093653293,-3.464507185,4.260830998471839,-0.425062317,-4.130611793,-0.955012586,527.3881367702043,-41.25205552,-17.65803866,1401,1YO,99,PE06,Wind_Near-miss,6,Left,P,0,Naive,Left,14,TRUE,First,Pivot,TRUE,FALSE,0.1916666666666666,191.66666666666669,500.8600788031729,2.520180044011785,0.1666666666666666,166.66666666666666,438.4154015645544,,3.808843483106254,1.9395302309672984,29.80769997810156,25.79328932824233,582.5767989919827,8795.438095238096,21.326474979587854
14011YOUI01_f240,-119.8747118,3.325823974609364,36.59936523,7.425288200378418,-430.374176,1436.599365234375,125.3815025022096,-3.434882641,12.911712646484377,-3.51171875,2.960944175720215,-45.80703735,-49.4576416,-0.248641655,0.934643169,-0.254203608,0.043880962,-0.678856724,-0.732958395,1.0452905182947227,-0.076299019,1.0119580078125037,-0.25050293,17.04453277587903,-11.1234375,-2.935546875,240,0.008333333,14011YOUI01,1.178120869606928,,-47.13498351,176.30157450358666,176.30157450358666,8.333333333333334,14011YOUI01,E,1,20,62,39,0.014583333,0.668115214,-0.496899912,-0.44308645,-0.056060816,11.593974395874753,-11.24747106,-1.662460766,3.4052763220046685,-2.532619328,-2.258340722,-0.285733009,59.09263198712921,-57.32655992,-8.473296462,1401,1YO,121,UI01,Wind_Uturn,1,Left,U,0,Naive,Right,1,FALSE,Second,U-Turn,TRUE,FALSE,0.6833333333333333,683.3333333333334,402.59292129639147,2.678436828611496,0.625,625,251.61817599195496,1.0452905182947227,3.653112065357256,1.9341421971508967,28.58534269,24.445816710490043,582.5767989919827,8795.438095238096,21.326474979587854
14011YOWE01_f233,37.44191719597853,155.69078000120538,-14.23732154,-146.5911102,-270.1504211,1383.502197265625,160.76136807515618,1.908599853515625,-13.77999878,2.159057617,-49.92831421,4.765899658203125,-48.33837891,0.1355723469462895,-0.978825798,0.1533629523313681,-0.716770013,0.068419173,-0.693944929,2.412880327036485,0.001118774,-2.256355591,0.8548974609375031,-0.376831055,6.886450195312602,4.716210937500031,233,0.066666667,14011YOWE01,1.0921746312801897,19.996260829512966,-43.94320124,-84.54736082,84.54736081765333,66.66666666666667,14011YOWE01,E,1,20,62,39,0.009375,2.0647243282854664,-0.311268968,-1.97646465,0.5096917396427929,222.8738569282444,-38.02138202,-3.461886263,10.52356946118994,-1.586488116,-10.073724,2.597817225498434,1135.9523798585342,-193.7888992,-17.64468024,1401,1YO,88,WE01,Wind_success,1,Left,W,0,Naive,Left,3,TRUE,First,Head-On,TRUE,TRUE,0.1833333333333333,183.3333333333333,435.46527712083497,2.453287520868928,0.075,75,179.73752476872664,2.141938544,4.143052957512556,2.0962621115381723,30.093703700157867,24.409742432772603,582.5767989919827,8795.438095238096,21.326474979587854
14011YOWE02_f224,64.44199679692585,277.5416041692098,-55.11803029,-119.5865021,-148.3388367,1342.6812744140625,290.2070127675409,0.9575347900390624,-13.16238403,5.711791992,-51.16758728,9.807495117,-40.00378418,0.066587086,-0.915313794,0.3971987132253752,-0.778976006,0.149309432,-0.609018124,0.7090866492179128,-0.247182312,-0.657663574,-0.095830078,-0.927355957,190.27902832031387,-68.20664063,224,0.1416666666666666,14011YOWE02,1.8490402678869484,21.97824643444781,-37.51854077,-79.14949118,79.14949117796795,141.66666666666666,14011YOWE02,E,1,20,62,39,0.011458333,1.859536861083096,-0.387280746,-1.774761154,0.3976352685800957,163.46819032684695,-35.15480896,-1.427954484,9.477761779,-1.973907982,-9.045673569,2.026683326096308,833.1712045201169,-179.1784351,-7.278055475,1401,1YO,89,WE02,Wind_success,2,Left,W,0,Naive,Left,4,TRUE,First,Head-On,TRUE,TRUE,0.2666666666666666,266.6666666666667,583.1174707183027,2.4264316384514624,0.2333333333333333,233.33333333333331,502.9168497,1.6905487209438566,3.6041800118982175,2.0471013519217705,29.32382201399238,23.798436767971086,582.5767989919827,8795.438095238096,21.326474979587854
14011YOWE03_f221,54.05697886149088,329.5081989,-34.13094864,-129.9332581,-96.37291718,1363.6302490234375,335.65269517754115,1.2400665283203125,-13.84983826,3.557861328,-38.48556519,31.92130279541016,-40.4486084,0.086396559,-0.964930788,0.2478794243705095,-0.598407733,0.4963407539092914,-0.628930872,2.492168140478141,-0.283960876,-2.468340454,0.1938134765625007,-0.464941406,-14.03898926,-20.51015625,221,0.1666666666666666,14011YOWE03,5.847519736702391,19.99282355847635,-38.97128815,-50.32647502,50.32647501896133,166.66666666666666,14011YOWE03,E,1,20,62,39,-0.0125,2.54339865,-0.071799273,-2.488041732,0.5228478707143147,268.8529129866416,-10.31709766,-1.379843449,12.963295869842351,-0.365949406,-12.68115052,2.664871920052572,1370.300270064432,-52.58459564,-7.03284123,1401,1YO,92,WE03,Wind_success,3,Left,W,0,Naive,Left,7,TRUE,First,Head-On,TRUE,TRUE,0.1666666666666666,166.66666666666666,335.65269517754115,2.5426879553282644,0.25,250,542.0472240544848,,4.070558313,2.169656819360279,28.25213815459129,24.98392730523418,582.5767989919827,8795.438095238096,21.326474979587854
14011YOWE04_f222,70.96916663,326.6840071,-89.82352269,-112.9438095,-99.18167877,1308.1097412109375,346.1608417,1.4770736694335938,-13.57894897,3.64465332,-53.67401886,-0.252288818,-39.5489502,0.1044832593994458,-0.96052951,0.2578106063140966,-0.805052415,-0.00378406,-0.593191614,13.238772354723984,-2.076430664,-12.85838047,2.369721679687445,,,,222,0.1583333333333333,14011YOWE04,1.1522181410838193,14.65157786647163,-36.38382342,-90.26931052,90.26931052236311,158.33333333333331,14011YOWE04,E,1,20,62,39,0.00625,2.770255410826438,0.06460886,-2.648231282,0.8105626539443109,291.83104054665097,9.980519049724304,-0.436363116,14.119548475160231,0.3293010173120753,-13.49761102,4.131308124079056,1487.4161088004637,50.86910830644395,-2.224072966,1401,1YO,94,WE04,Wind_success,4,Left,W,0,Naive,Left,9,TRUE,First,Head-On,TRUE,TRUE,0.1583333333333333,158.33333333333331,346.1608417,2.2032215892109863,0.075,75,165.85821568164576,,4.853989452557383,1.7489246643360137,27.15726559,23.129537103037364,582.5767989919827,8795.438095238096,21.326474979587854
14011YOWE05_f228,114.36357034047444,235.0926504135132,-2.7904157,-69.67042542,-190.776001,1395.1829833984375,261.44859326309506,,,,-49.37417603,4.076263427734375,-47.34155273,,,,-0.72053006,0.059485961,-0.690867465,2.2772533424531587,-0.186745605,-2.226978149,0.4376953125000015,4.508239746093784,-15.42150879,8.131640625000054,228,0.1083333333333333,14011YOWE05,0.7527727041000171,27.90101569267741,-43.69881549,-85.28044328,85.28044327946031,108.33333333333334,14011YOWE05,E,1,20,62,39,0.019791667,1.5432830027121776,-0.37998084,-1.495691554,0.015612873,88.98446964302921,-23.15077899,-4.29080665,7.865866476616603,-1.936701527,-7.623300482,0.079576317,453.53960062706017,-117.9958154,-21.86955479,1401,1YO,95,WE05,Wind_success,5,Left,W,0,Naive,Left,10,TRUE,First,Head-On,TRUE,TRUE,0.25,250,581.1182667317208,2.4156968646163537,0.175,175,391.8302131774373,1.752044521731615,3.237741181096499,1.916897118934056,26.886014783607017,24.06137714198748,582.5767989919827,8795.438095238096,21.326474979587854
14011YOWE06_f227,47.749602921803785,194.84824911753336,18.23782501220694,-136.223175,-231.0916748,1416.1920166015625,201.4410162418125,2.0771942138671875,-14.21865845,2.177368164,-59.14070129,-4.499237061,-33.3338623,0.1429234539941238,-0.978329211,0.1498160242056952,-0.869245226,-0.066129421,-0.489938402,1.6031402657988794,0.2905206298828136,-1.546820068,0.3049658203125011,-1.146972656,-2.391943359,-1.360546875,227,0.1166666666666666,14011YOWE06,0.6096654422129006,14.737355398665938,-29.33653297,-94.35050107,94.35050106657384,116.66666666666669,14011YOWE06,E,1,20,62,39,0.026041667,0.8713493116324307,-0.385634596,-0.780906837,0.026834546,66.28962007,-32.24654623,-1.248391779,4.441127989971614,-1.965517818,-3.980157172,0.1367713853081607,337.8675844581957,-164.3554854,-6.362853104,1401,1YO,97,WE06,Wind_success,6,Left,W,0,Naive,Left,12,TRUE,First,Head-On,TRUE,TRUE,0.1333333333333333,133.33333333333334,224.96336324958955,2.0833846746423625,0.3833333333333333,383.33333333333337,718.3166317911814,1.1087825105993334,2.851606923786922,1.7091740149797197,25.887322060767303,23.45388709061996,582.5767989919827,8795.438095238096,21.326474979587854
14011YOWE07_f218,121.35711110432942,328.7163211186727,-8.803968302,-62.63802719,-97.24275208,1389.125244140625,350.5131638658564,-0.038272858,-13.72431183,4.455810547,-60.03226852,-3.924819946,-32.31726074,-0.002652391,-0.951124201,0.3087972132620643,-0.879063508,-0.057471858,-0.473227571,2.4012114890983267,-0.313035736,-2.374665527,0.1696728515625006,-8.958966064,-7.236529541,-29.39589844,218,0.1916666666666666,14011YOWE07,1.4571711079709329,33.988779290205535,-28.24400995,-93.74058892,93.74058892061048,191.66666666666669,14011YOWE07,E,1,20,62,39,-0.00625,1.3326019000321982,-0.562651304,-1.204444407,0.092547302,78.40489856968188,-39.34425132,-1.967566233,6.792058614,-2.867743651,-6.138860384,0.4716987862589711,399.6172200289596,-200.5313523,-10.0283702,1401,1YO,98,WE07,Wind_success,7,Left,W,0,Naive,Left,13,TRUE,First,Head-On,TRUE,TRUE,0.2916666666666667,291.6666666666667,589.5938790165859,2.500451850586331,0.225,225,429.13021582007286,1.2729007724224914,3.5514842963479003,2.1834282066224517,28.65354541,23.964047823529224,582.5767989919827,8795.438095238096,21.326474979587854
14011YOWE08_f227,121.45674832661948,191.04186999003093,50.54311014811197,-62.40771103,-234.9586029,1448.501953,231.955478,,,,-54.85072708,14.851394653320312,-39.30993652,,,,-0.793818639,0.214934505,-0.568906958,0.1357912015234658,0.086838684,-0.094870605,0.043564453,41.75441894531279,208.20190429687648,5.800781250000042,227,0.1166666666666666,14011YOWE08,2.9417642082079154,24.61879406059168,-34.67403975,-74.8498351,74.84983510409546,116.66666666666669,14011YOWE08,E,1,20,62,39,0.016666667,0.9302603603483316,-0.299480627,-0.880164339,0.031724251,49.07216478040724,-17.20278082,-5.591063651,4.741388177106684,-1.526404824,-4.486056775,0.1616934320127965,250.11297033846708,-87.67982069,-28.49675663,1401,1YO,101,WE08,Wind_success,8,Left,W,0,Naive,Left,15,TRUE,First,Head-On,TRUE,TRUE,0.3,300,588.8587716785727,2.267631375812673,0.225,225,424.9996433796473,,3.5495852789818145,2.1013352383058894,29.33589797521581,24.974711568537938,582.5767989919827,8795.438095238096,21.326474979587854
14011YOWI01_f230,-79.78812888,185.9022192586688,17.328753700335938,45.40686035,-247.2815857,1417.504883,203.04203096914043,,,,61.94215393066406,-3.63079834,-35.10217285,,,,0.8688833333102468,-0.050930424,-0.492389932,2.0897539823747744,0.1137066650390629,-2.07166626,0.2496826171875009,10.043041992187668,-4.158544922,-12.825,230,0.091666667,14011YOWI01,1.3029039596769418,20.671627870877124,-29.49778627,93.35460823800976,93.35460823800976,91.66666666666666,14011YOWI01,E,1,20,62,39,0.022916667,1.2668674573037184,-0.384748489,1.2055894692678406,-0.058955797,-117.9959787,-46.41173837,1.590879317073597,6.457020679427719,-1.961001474,6.144696581385528,-0.300488262,-601.4066193,-236.5532027,8.108457273565733,1401,1YO,123,WI01,Wind_success,1,Left,W,0,Naive,Right,2,FALSE,Second,Head-On,TRUE,TRUE,0.2583333333333333,258.33333333333337,578.1147415833387,2.3970118931854016,0.1833333333333333,183.3333333333333,387.9146138246717,1.4898674717128326,3.006233324016465,2.029453334129444,28.497828651361267,23.91540884237473,582.5767989919827,8795.438095238096,21.326474979587854
14011YOWI02_f230,-136.0368997,180.12197182973227,21.097492980956986,-10.82132149,-252.9941101,1421.2318115234375,226.7048014832644,2.312561035,-14.00332642,2.915527344,57.23588371276856,13.628952026367188,-40.63513184,0.159604147,-0.966456206,0.2012185827624764,0.800450307,0.1906024355398704,-0.568286915,0.395205091,0.1151806640625004,-0.340140381,-0.165,-34.96754608,210.8093994140573,-51.29472656,230,0.091666667,14011YOWI02,2.6312074686370965,25.58494455762381,-34.63085329,76.60621324,76.60621324,91.66666666666666,14011YOWI02,E,1,20,62,39,0.010416667,1.6917473282000015,-0.574948518,1.5906201756191056,0.037022705,-95.28522279,-36.43452378,-0.66395327,8.622565383282373,-2.930420582,8.107136471,0.1886988045593413,-485.653531,-185.7009367,-3.384063557,1401,1YO,125,WI02,Wind_success,2,Left,W,0,Naive,Right,3,FALSE,Second,Head-On,TRUE,TRUE,0.125,125,278.4053443683071,2.579923580248714,0.2916666666666667,291.6666666666667,687.3882372712053,1.842795813737524,4.023203477545665,2.485478838416756,27.717581147638853,25.207149895456457,582.5767989919827,8795.438095238096,21.326474979587854
14011YOWI03_f227,-9.756236863,213.5724930414825,5.183042012575015,115.1937255859375,-219.6633759,1405.4156494140625,213.8580320356966,-3.788352966,-13.35418701,3.277709961,62.86366271972656,-8.418884277,-25.41748047,-0.265609541,-0.936290656,0.2298072661511146,0.9200228777307196,-0.123212136,-0.371990153,2.139255279305219,-0.04651062,-2.130025635,0.1929785156250006,17.630529785156376,-0.267626953,-0.47109375,227,0.1166666666666666,14011YOWI03,1.6682530537611988,26.248995009658167,-21.83840765,97.62783068,97.62783068,116.66666666666669,14011YOWI03,E,1,20,62,39,0.023958333,0.9832617127251064,-0.354875624,0.8912895711882626,-0.215568522,-103.3038406,-50.35665885,2.5312886983652394,5.011527587793609,-1.808744259,4.542760301673101,-1.098718258,-526.5231427,-256.6598311,12.90157339,1401,1YO,126,WI03,Wind_success,3,Left,W,0,Naive,Right,4,FALSE,Second,Head-On,TRUE,TRUE,0.2416666666666666,241.66666666666663,502.14460761059377,2.4634935178862496,0.2416666666666666,241.66666666666663,502.14460761059377,1.277518615706586,3.973479395753027,2.123072103562608,30.02912564954877,23.71873713155369,582.5767989919827,8795.438095238096,21.326474979587854
14011YOWI04_f221,-134.885286,320.5676519393921,13.464107513427734,-9.671916962,-112.5614471,1413.6202392578125,348.0502004468472,-0.369769096,-14.49237061,2.158081055,59.6799202,1.7175750732421875,-35.76379395,-0.025228439,-0.988778912,0.1472405789508786,0.857511551,0.024678995,-0.513872443,2.314609547,0.048913765,-2.296705627,0.283139648,7.506724548339898,5.009765625000018,-3.413671875,221,0.1666666666666666,14011YOWI04,1.690032034,19.907549320421072,-30.92211726,88.35149501355653,88.35149501355653,166.66666666666666,14011YOWI04,E,1,20,62,39,0.013541667,0.8482433668789879,-0.136845658,0.8352540236518567,-0.056042763,-43.93587996,-9.635558182,1.4789024776242516,4.323360687456615,-0.697480418,4.257156083852481,-0.285640994,-223.9341486,-49.11089797,7.5377292437525565,1401,1YO,127,WI04,Wind_success,4,Left,W,0,Naive,Right,5,FALSE,Second,Head-On,TRUE,TRUE,0.275,275,602.7454081967808,2.6198058486990843,0.2083333333333333,208.33333333333331,443.3041608551212,1.2060708163318152,3.514155890918321,1.7746291611799128,26.568271418782533,22.70900329531186,582.5767989919827,8795.438095238096,21.326474979587854
14011YOWI05_f214,-168.834956,483.9407784144084,1.519201660156341,-43.64057541,50.835391998291016,1401.705078,512.5487560831215,-0.830623627,-14.17035675,3.266479492,55.50312614440918,3.285350799560547,-39.60949707,-0.057026106,-0.972859723,0.2242587389203045,0.8130371254918265,0.048125436,-0.58021942,2.3742212508547453,0.2553501892089785,-2.359897614,0.051049805,-0.752288818,-1.800054932,5.646093749999727,214,0.225,14011YOWI05,1.8566842951023912,26.26458200875805,-35.46597693,86.61249074492842,86.61249074492842,225,14011YOWI05,E,1,20,62,39,0.011458333,1.388134958134797,-0.445061062,1.3142491021212157,0.039857381,-47.10739194,-17.41652516,0.6999769734441537,7.075101723418944,-2.268405004,6.698517340067358,0.2031466926280021,-240.0988376,-88.76924138,3.567670608787735,1401,1YO,128,WI05,Wind_success,5,Left,W,0,Naive,Right,6,FALSE,Second,Head-On,TRUE,TRUE,0.2833333333333333,283.3333333333333,645.2960459374966,2.3892524036175247,0.2833333333333333,283.3333333333333,645.2960459374966,1.6519553970696943,2.7016554330660614,1.94286708,27.21199606403718,24.97874303639121,582.5767989919827,8795.438095238096,21.326474979587854
14011YOWI06_f213,-128.5614782,403.0364760716756,-29.12375514,-3.365829468,-30.08099937,1371.041504,424.0455728182468,-0.309994459,-13.56957436,4.360473633,59.85197067260742,0.2911109924316406,-34.17944336,-0.021744326,-0.951827481,0.3058621093585543,0.8683708798559789,0.004223625,-0.495897344,2.113011705807095,0.1169918632507328,-2.105372314,0.1361572265625004,0.4569007873535196,-7.700440979,-20.13574219,213,0.2333333333333333,14011YOWI06,2.696451444941846,28.77687002703227,-29.72893965,89.72132413482798,89.72132413482798,233.33333333333331,14011YOWI06,E,1,20,62,39,0.032291667,0.941210472,-0.517016112,0.7849435100154468,0.049347529,-50.63172448,-31.44772708,-2.674156265,4.797199143866539,-2.63514838,4.000731447581278,0.2515164567403617,-258.0617965,-160.284032,-13.62974651,1401,1YO,129,WI06,Wind_success,6,Left,W,0,Naive,Right,7,FALSE,Second,Head-On,TRUE,TRUE,0.3583333333333333,358.3333333333333,696.0900933,2.291281329318822,0.3083333333333333,308.33333333333337,585.6915859350956,1.169251258217497,3.7920563345110025,2.145930125,29.80921377995483,25.722512445260502,582.5767989919827,8795.438095238096,21.326474979587854
14011YOWI07_f222,-109.2809266,283.6985034306844,9.119526418,15.906800270080566,-149.4429932,1409.3148193359375,304.1551043924068,,,,63.68852138519287,-0.033584595,-27.12011719,,,,0.9200575916083364,-0.00048517,-0.391782839,2.0866912907570407,0.1745549011230428,-2.064735718,0.2463281249999943,2.2214904785150265,2.7336181640690684,17.987695312498857,222,0.1583333333333333,14011YOWI07,1.3870863113192031,20.69342749925151,-23.06547841,90.03021353478267,90.03021353478267,158.33333333333331,14011YOWI07,E,1,20,62,39,0.016666667,1.1257929379277332,-0.482535257,1.0161179135546767,-0.045539546,-62.89916201,-33.70638169,1.0867889991697266,5.737986431843695,-2.459404982,5.178990385090095,-0.232107776,-320.5869624,-171.7960331,5.539189598214712,1401,1YO,130,WI07,Wind_success,7,Left,W,0,Naive,Right,8,FALSE,Second,Head-On,TRUE,TRUE,0.2916666666666667,291.6666666666667,594.8066161188672,2.393793935963457,0.2666666666666666,266.6666666666667,536.2898696,,3.4167248002822963,2.1624640667631763,29.93924945335317,24.35448125669425,582.5767989919827,8795.438095238096,21.326474979587854
14011YOWI08_f234,-23.05378514,118.9463499065232,5.665708283044069,101.85285949707033,-314.4119873,1405.8214111328125,121.29225620764606,,,,66.58782958984375,11.79858398,-23.03833008,,,,0.932058869,0.1651499217558631,-0.322477546,2.5117281514056446,-0.001734009,-2.509573975,0.1039892578125003,12.846093750000092,4.257421875000007,-12.72832031,234,0.058333333,14011YOWI08,2.3175765448418075,20.044101468330908,-18.81282272,79.95214546780062,79.95214546780062,58.333333333333336,14011YOWI08,E,1,20,62,39,0.005208333,2.876512609751744,0.1495250273646746,2.7992614834750427,-0.645059848,-348.8779961,-6.368744172,3.884315418677288,14.66112441259808,0.7621051343765274,14.267387785295831,-3.287766809,-1778.175312,-32.46046979,19.79773404014928,1401,1YO,132,WI08,Wind_success,8,Left,W,0,Naive,Right,10,FALSE,Second,Head-On,TRUE,TRUE,0.175,175,440.35628801202927,2.695651919898796,0.1333333333333333,133.33333333333334,315.4805552568237,2.266082935588238,4.580272709300405,2.116529628964052,29.51620696471754,23.950534585599318,582.5767989919827,8795.438095238096,21.326474979587854
14011YOWI09_f220,-181.7152247,180.5141025543213,3.5669629414876454,-56.51659012,-252.7784729,1403.7801513671875,256.1610574403861,1.0886955261230469,-13.39981079,5.225708008,53.39342260360718,4.537109375,-46.14941406,0.075478706,-0.929002051,0.3622956721748535,0.755005571,0.064156645,-0.652572228,1.375488394,-0.012474518,-1.309436646,0.4209375000000015,-15.0791748,-1.789892578,4.978125000000039,220,0.175,14011YOWI09,2.2105997639715924,25.58678881454749,-40.73581873,85.14295569928304,85.14295569928304,175,14011YOWI09,E,1,20,62,39,0.00625,0.6760187260454606,-0.275201933,0.6163132629893356,0.037725004,-13.12039683,-5.675373542,0.4365156142535961,3.4455592560930715,-1.402660209,3.141250066204565,0.1922783057713348,-66.87256285,-28.92647065,2.224850225553497,1401,1YO,134,WI09,Wind_success,9,Left,W,0,Naive,Right,11,FALSE,Second,Head-On,TRUE,TRUE,0.4416666666666666,441.6666666666666,710.1297191,2.229453357257827,0.3583333333333333,358.3333333333333,531.9508004835071,0.5902418966181796,3.995305758657284,2.192769974442472,27.52167186085904,23.755154930478948,582.5767989919827,8795.438095238096,21.326474979587854
14011YOWI10_f220,-163.9584071,369.6142120997111,-2.183834839,-38.74597931,-63.69891739,1398.035400390625,404.353551,0.7010726928710938,-14.14173508,3.37890625,60.49905014038086,5.903720855712891,-35.09838867,0.048161551,-0.971493965,0.232120529,0.8619107647820865,0.084108437,-0.500035603,2.3140515104496804,0.1041746520996097,-2.296268921,0.2667041015625009,-6.575921631,2.879571533203197,-2.547070313,220,0.175,14011YOWI10,2.5685473119611664,22.18641538,-30.00235551,84.42651274779847,84.42651274779847,175,14011YOWI10,E,1,20,62,39,0.025,1.063762844,-0.326428051,1.0123738098871915,-0.011635535,-42.13815639,-13.53843875,1.1340961673129797,5.421828972774159,-1.663751535,5.159907287906176,-0.05930446,-214.7714393,-69.00325561,5.7803066631650335,1401,1YO,135,WI10,Wind_success,10,Left,W,0,Naive,Right,12,FALSE,Second,Head-On,TRUE,TRUE,0.3,300,699.2157626729226,2.6073155611910583,0.2333333333333333,233.33333333333331,539.5869883569987,,3.99172477,2.321309055,25.88789663153884,23.33678097687541,582.5767989919827,8795.438095238096,21.326474979587854
14011YOWI11_f222,-37.42334102,263.73124672525364,20.46159805584557,87.74639129638672,-169.6819763,1420.715332,267.1579194924506,-2.061042786,-14.02999878,2.237670898,62.388893127441406,-13.15992737,-26.28491211,-0.14356623,-0.977288799,0.1558696290022944,0.9046188173413008,-0.1908147,-0.381122743,1.9933516787965704,-0.051468201,-1.992462158,0.029941406,14.01646728515614,2.035766601568773,-16.39863281,222,0.1583333333333333,14011YOWI11,0.7209051798037703,25.292170429590872,-22.40324532,101.9110134028618,101.9110134028618,158.33333333333331,14011YOWI11,E,1,20,62,39,0.023958333,0.7253980960212486,-0.349109874,0.6327805954113516,-0.062557266,-72.60071863,-42.48910259,2.4341012384292027,3.697238002147037,-1.779357157,3.225181424114941,-0.318844374,-370.0342438,-216.5601559,12.40622446,1401,1YO,136,WI11,Wind_success,11,Left,W,0,Naive,Right,13,FALSE,Second,Head-On,TRUE,TRUE,0.275,275,519.9103431953721,2.291095753,0.3166666666666666,316.66666666666663,612.3405754843591,1.3086665432056084,2.5846983676092465,1.6544585584362623,29.18570246492957,23.71578821381616,582.5767989919827,8795.438095238096,21.326474979587854
14011YOWI13_f221,-137.8746826,361.4840383847555,-33.13104986,-12.69781113,-71.81090546,1367.100098,388.3011776481399,-0.324669838,-13.51573181,5.265136719,58.05127716064453,-5.082702637,-38.0871582,-0.022377612,-0.93156115,0.3628953935936028,0.8338758994228849,-0.073010336,-0.547101887,2.3172415246867786,-0.007106323,-2.290070343,0.3537451171875013,19.72371368408217,4.676770019531346,-5.725195313,221,0.1666666666666666,14011YOWI13,0.5380861531318555,,-33.16841662,95.00379449847554,95.00379449847554,166.66666666666666,14011YOWI13,E,1,20,62,39,0.015625,1.6374081419145512,-0.343517176,1.6000385136637356,-0.054572225,-80.30020177,-20.81636405,1.5438498238637757,8.345607247270902,-1.750852069,8.155140232740752,-0.278145899,-409.2772771,-106.0976761,7.868755473311802,1401,1YO,138,WI13,Wind_success,13,Left,W,0,Naive,Right,14,FALSE,Second,Head-On,TRUE,TRUE,0.2916666666666667,291.6666666666667,665.320934,2.3797954745224144,0.2416666666666666,241.66666666666663,556.2431284550308,,4.077893323703178,1.8165506749317424,30.87342236117484,25.28471240338658,582.5767989919827,8795.438095238096,21.326474979587854
14011YOWI14_f230,-32.29163827,180.6089106968471,28.25232754234503,92.85775756835938,-252.7889404,1428.565185546875,185.635456,-2.856231689,-14.18890381,1.916259766,60.513763427734375,-17.22354126,-29.23632813,-0.195634555,-0.971853892,0.1312521767715508,0.8722307581201538,-0.24825596,-0.421405366,1.6496563279545966,-0.015023804,-1.649326172,0.029384766,9.175781249999774,-3.832250977,-15.99082031,230,0.091666667,14011YOWI14,2.695141119873893,21.52530271296976,-24.92334598,105.88751290120685,105.88751290120685,91.66666666666666,14011YOWI14,E,1,20,62,39,0.027083333,1.3521927303402204,-0.594317706,1.2143352807216932,-0.024524884,-144.6233785,-73.83276651,0.140384056,6.891909940571969,-3.029142234,6.189272582679373,-0.124999409,-737.1222144,-376.3137946,0.7155150660540167,1401,1YO,139,WI14,Wind_success,14,Left,W,0,Naive,Right,15,FALSE,Second,Head-On,TRUE,TRUE,0.2833333333333333,283.3333333333333,573.2205851246158,2.3022577198883547,0.2583333333333333,258.33333333333337,515.7662624062481,1.412585847652173,2.8472437979091123,1.8411702166815616,25.249071576455865,23.16262467831436,582.5767989919827,8795.438095238096,21.326474979587854
14021YOMI01_f240,4.104363854726159,37.625554656982445,34.71404571533208,129.03514099121094,-396.2171326,1435.4534912109375,51.357503208622994,-6.885932922,-12.56436157,1.017578125,43.92030334472656,-8.839355469,-48.96252441,-0.479399615,-0.874732614,0.070843932,0.6617884613670688,-0.133190871,-0.737764342,1.485700708040977,0.1394540405273442,-1.479129639,0.005888672,2.8071166992187706,30.91201171875021,-10.50292969,240,0.008333333,14021YOMI01,0.9764313131206832,,-47.54131843,101.37927551847152,101.37927551847152,8.333333333333334,14021YOMI01,E,1,19.5,62,41,0.5395833333333333,0.2386610746978726,-0.230370235,-0.014259218,-0.060706986,0.5210057837194333,-23.09237896,1.085485039477796,1.2476074894684788,-1.204266891,-0.074540466,-0.317347478,2.7235724076396832,-120.7160614,5.674403614719652,1402,1YO,71,MI01,Wind_missed,1,Right,M,0,Naive,Right,4,TRUE,First,Failure,FALSE,FALSE,0.1166666666666666,116.66666666666669,270.1617470175949,2.921041991551842,0.1666666666666666,166.66666666666666,407.73924828207015,1.743108267021318,3.6078792555268526,2.5212960511377798,29.39904142847121,24.327293464210378,643.8603544,8795.438095238096,20.65831492028086
14021YOPI01_f238,18.68677390416464,45.70643024444581,21.673592122395803,143.59469604492188,-387.6625366,1422.3565673828125,53.92604083486694,-10.54559326,-9.355957031,3.482055664,42.06681823730469,-14.21514893,-43.99743652,-0.726215462,-0.644291932,0.2397895119400771,0.6729646922782072,-0.227407104,-0.703849794,1.304467416324076,-0.104979858,-1.22947998,0.4230761718750015,41.33781738281136,-2.390185547,-31.57207031,238,0.025,14021YOPI01,0.5009116489125269,,-44.73669536,108.67105353446225,108.67105353446225,25,14021YOPI01,E,1,19.5,62,41,0.1322916666666666,0.3666474143142477,-0.31364284,-0.184681136,-0.04417435,21.45832337061408,-40.3647234,-1.308414534,1.9166596843317791,-1.639576779,-0.965425842,-0.230922657,112.1739897572549,-211.0077284,-6.839773824,1402,1YO,72,PI01,Wind_Near-miss,1,Right,P,0,Naive,Right,5,TRUE,First,Pivot,TRUE,FALSE,0.1583333333333333,158.33333333333331,302.48081636232905,2.693895614155139,0.2,200,411.2346674970525,1.2399576782116712,3.466923605906655,1.9855016164350512,30.75193026929176,25.13047606893721,643.8603544,8795.438095238096,20.65831492028086
14021YOPI02_f157,-31.00982132,1461.759373919169,-52.53390808,93.88047790527344,1028.9803466796875,1347.7750244140625,1463.0317453005257,-0.51688385,-14.684021,-1.558837891,9.574462891,53.24584961,-18.24084473,-0.034982317,-0.993803691,-0.105500997,0.1677017693413481,0.9326291502282512,-0.31949802,1.212406788991871,0.055047913,-0.469555664,-1.116430664,-3.215917969,24.996093750000185,-27.76289063,157,0.7,14021YOPI02,3.909429543761872,24.432529872465324,-18.63256998,10.193769327752804,10.193769327752804,700,14021YOPI02,E,1,19.5,62,41,0.042708333,0.3249959610614166,-0.163390048,0.1994742212210629,-0.197828466,-29.0068441,-19.6595505,1.090567397,1.6989255394098983,-0.854126078,1.0427571092870327,-1.034153878,-151.6340945,-102.7708539,5.700971783221463,1402,1YO,73,PI02,Wind_Near-miss,2,Right,P,0,Naive,Right,6,TRUE,First,Pivot,TRUE,FALSE,,,,2.8468749881032243,0.3166666666666666,316.66666666666663,716.5335457342998,,3.2010738359923843,2.3462917916824293,27.66593719123536,24.042803692442448,643.8603544,8795.438095238096,20.65831492028086
,,,,,,,,,,,,,,,,,,,,,,,,,,,,,14021YOUE01,,,,,,,14021YOUE01,E,1,19.5,62,41,0.047916667,0.5149528494512179,-0.416794073,0.2956183844713648,-0.063787998,-31.97310133,-45.43025627,-3.803120612,2.691930523281936,-2.178802754,1.545353430415666,-0.333453558,-167.1402877,-237.4879441,-19.88092011,1402,1YO,100,UE01,Wind_Uturn,1,Right,U,0,Naive,Left,1,FALSE,Second,U-Turn,TRUE,FALSE,,,,1.5350125607111036,0.1666666666666666,166.66666666666666,177.9826459182461,0.7541111729616407,,,,,643.8603544,8795.438095238096,20.65831492028086
14021YOUE02_f238,46.21336355209351,-49.46373259,48.72843144734702,-137.4616089,-475.6040649,1446.826172,83.40740881,3.730682373046875,13.28741455078125,-2.284667969,-8.755844116,-31.88592529,-55.92907715,0.266686196,0.9498450105430336,-0.163318489,-0.134762102,-0.490759573,-0.86081021,1.2391769263647727,0.2154437255859382,1.2145825195312543,-0.118037109,10.340771484375487,2.104980468753855,-19.5890625,238,0.025,14021YOUE02,0.6652350295436917,1.472383219777322,-59.40767525,-164.6451096,164.6451096480762,25,14021YOUE02,E,1,19.5,62,41,0.021875,0.5831355177640798,-0.310438861,0.4792153551462786,-0.118437278,-42.53420971,-28.90032788,1.050416180643089,3.0483573421369075,-1.622827891,2.5051117653168067,-0.619134205,-222.3487792,-151.0772779,5.491080168,1402,1YO,103,UE02,Wind_Uturn,2,Right,U,0,Naive,Left,2,FALSE,Second,U-Turn,TRUE,FALSE,,,,1.7998995166099496,0.1333333333333333,133.33333333333334,204.5600710029576,1.1587445836626395,2.070699545969411,1.2968079923159774,24.788690624750465,20.27899727,643.8603544,8795.438095238096,20.65831492028086
14021YOUI01_f240,-44.17939072,0.676148987,46.31879247029633,80.94569396972656,-430.5544434,1446.5936279296875,64.01332890456939,5.124214172363281,-13.04388428,-2.077758789,13.69744873046875,-54.81890869,-41.19213867,0.3616883984797124,-0.920691731,-0.146656877,0.1958873277887677,-0.783965667,-0.589089116,0.5337739159864318,-0.329918518,0.3671520996093763,-0.203144531,-8.381469727,-1.778027344,-1.7859375,240,0.008333333,14021YOUI01,1.765601645313711,24.18922783840113,-36.09239575,165.97091656998924,165.97091656998924,8.333333333333334,14021YOUI01,E,1,19.5,62,41,0.071875,0.2731631595251168,-0.260591592,-0.077670168,-0.026028423,4.824550063201003,-21.57770718,-0.732992164,1.4279681095957386,-1.362249888,-0.40602299,-0.136064314,25.22047133067253,-112.798072,-3.83173718,1402,1YO,63,UI01,Wind_Uturn,1,Right,U,0,Naive,Right,1,TRUE,First,U-Turn,TRUE,FALSE,,,,1.1669933672400266,0.5166666666666667,516.6666666666667,197.62917117783053,0.5337739159864318,3.2988981933751083,1.6545772084570922,28.53002966151883,22.78051828848816,643.8603544,8795.438095238096,20.65831492028086
14021YOWE01_f230,10.804080843676616,225.7429032,-104.0340467,-173.178421,-200.2940063,1294.068115234375,248.79644160811424,43.0838623,3.3695220947265625,46.30029297,45.50543212890625,-9.198471069,52.55273438,0.6802563411574855,0.053201794,0.7310409560475912,0.6489432001075156,-0.131177422,0.7494432647756167,2.7827177919243447,-0.429125977,-2.624800415,0.818408203,-15.65068359,-38.1548584,21.290625,230,0.091666667,14021YOWE01,2.0669765160756217,0.7692772894772962,48.54217475879341,101.42778454512134,101.42778454512134,91.66666666666666,14021YOWE01,E,1,19.5,62,41,0.011458333,2.794251481441735,0.5014676284583621,-2.724093661,0.3683548354284286,328.2733273056839,69.84319920070065,-1.10718025,14.607028314601711,2.621436151,-14.24027633,1.9255852762927863,1716.0580637532807,365.1072908,-5.787815941,1402,1YO,104,WE01,Wind_success,1,Right,W,0,Naive,Left,3,FALSE,Second,Head-On,TRUE,TRUE,0.091666667,91.66666666666666,248.79644160811424,2.7912192580872723,0.1333333333333333,133.33333333333334,354.9719042918658,2.534468947325089,3.6262137486713337,2.266969574735144,27.460154254255578,25.39565820386301,643.8603544,8795.438095238096,20.65831492028086
14021YOWE02_f227,41.58582722345989,235.4965184,-57.13726298,-142.2745819,-190.272583,1341.065185546875,245.87122243207511,2.74432373,-13.27624512,4.241577148,-52.72277832,6.876159668,-31.74658203,0.1931947116163056,-0.934620183,0.2985982538768219,-0.85138479,0.1110384911253177,-0.512654263,2.418048348442324,-0.418101196,-2.266739502,0.7307812500000026,-3.570996094,4.215014648,-6.115429688,227,0.1166666666666666,14021YOWE02,1.8216935316667096,22.28177232382948,-30.84079116,-82.56936616,82.56936615789999,116.66666666666669,14021YOWE02,E,1,19.5,62,41,0.022916667,1.4619845512380865,0.1801918509450467,-1.405391027,0.3602857017957471,160.31388438858457,24.70225077968967,1.4288578861508492,7.642565415918274,0.9419579756138252,-7.346721173,1.883403652974448,838.0453456106252,129.13171164792425,7.4693948412182705,1402,1YO,107,WE02,Wind_success,2,Right,W,0,Naive,Left,4,FALSE,Second,Head-On,TRUE,TRUE,0.6916666666666667,691.6666666666666,1344.646738558859,2.733203939016162,0.1833333333333333,183.3333333333333,414.8013210021077,1.5660209998226309,3.549933719607196,2.368191386,28.20735147910532,25.182332546120623,643.8603544,8795.438095238096,20.65831492028086
14021YOWE03_f231,98.01150573094684,140.77900784810384,9.380803680419833,-85.88007355,-284.9830017,1407.6695556640625,171.79343347181373,1.9918060302734373,-13.52627563,4.69140625,-46.98166656,-27.67614746,-39.32995605,0.1377969675443645,-0.935773733,0.324560497,-0.698803066,-0.411653696,-0.584991889,1.4565504318384084,-0.117710266,-1.442369385,0.1650878906250006,-2.334484863,-7.20703125,-15.73242188,231,0.083333333,14021YOWE03,0.9108213731790392,22.692202532446466,-35.80241699,-120.5016577,120.5016576546156,83.33333333333333,14021YOWE03,E,1,19.5,62,41,0.029166667,0.5112676767722102,-0.205245598,-0.468072172,-0.013316297,27.14856397237653,-10.97052566,0.5937550073474624,2.6726661793157693,-1.072927143,-2.446860461,-0.06961132,141.91988275896665,-57.34873185,3.1038710230139963,1402,1YO,108,WE03,Wind_success,3,Right,W,0,Naive,Left,5,FALSE,Second,Head-On,TRUE,TRUE,0.3333333333333333,333.3333333333333,687.6119988545489,2.461984656619467,0.2416666666666666,241.66666666666663,470.5544276248045,1.342700497239652,2.798081648511748,1.736555585,31.475392777315463,25.16947141574872,643.8603544,8795.438095238096,20.65831492028086
14021YOWE04_f232,95.48607902526857,154.12375513712567,18.46650797526036,-88.41805267,-271.6543274,1416.751220703125,182.2436147,0.4555816650390625,-14.05535889,1.520385742,-43.46022797,0.268066406,-51.4498291,0.032208672,-0.993684513,0.1074880959945623,-0.645294491,0.003980232,-0.763923542,1.863710749183575,-0.391187439,-1.749056396,0.5110693359375018,-10.85592041,6.413598632812537,-0.284765625,232,0.075,14021YOWE04,1.4960611605308705,25.924844602740727,-49.81132037,-89.64659921,89.64659920919814,75,14021YOWE04,E,1,19.5,62,41,0.022916667,0.8024692982407041,-0.246728198,-0.743485003,0.1741040540785993,60.35183038872573,-21.88637972,-1.751648309,4.194930856743271,-1.289778603,-3.886588791,0.9101338460419734,315.4908930642501,-114.4116664,-9.156790868,1402,1YO,109,WE04,Wind_success,4,Right,W,0,Naive,Left,6,FALSE,Second,Head-On,TRUE,TRUE,0.2166666666666666,216.66666666666669,487.2498670018516,2.4442378277708423,0.1833333333333333,183.3333333333333,407.9773144008342,1.5153940973848656,2.952566153341998,1.985561085714507,28.09184277710159,24.690741198584856,643.8603544,8795.438095238096,20.65831492028086
14021YOWE05_f213,44.49952249526979,444.43255570729576,-46.46479238,-139.4108582,18.65754508972168,1351.787109,449.0651188921551,4.159912109,-13.41637087,2.762084961,-44.54031372,-1.052446365,-48.0480957,0.2905883622957321,-0.937193175,0.1929439190582056,-0.679742094,-0.016061676,-0.733275329,1.9993156128388665,0.2109741210937507,-1.953450394,0.3698437500000013,-7.356445313,1.4809844970702688,-9.694335938,213,0.2333333333333333,14021YOWE05,2.712417040119863,22.673083085595493,-47.16168385,-91.35359433,91.35359432809952,233.33333333333331,14021YOWE05,E,1,19.5,62,41,0.019791667,0.4486753972486242,-0.079718691,-0.440128071,0.03523952,34.72656960435306,-5.288718302,-2.150468744,2.3454632753005784,-0.416731701,-2.300781885,0.1842155854293997,181.53412062183045,-27.64692387,-11.24163592,1402,1YO,111,WE05,Wind_success,5,Right,W,0,Naive,Left,7,FALSE,Second,Head-On,TRUE,TRUE,0.2916666666666667,291.6666666666667,562.0686072,2.111636955577888,0.2,200,382.4344589005202,1.0968140995361717,2.712417040119863,1.6695570038876015,24.69681690680191,21.747474312933544,643.8603544,8795.438095238096,20.65831492028086
14021YOWE06_f166,133.3258550008138,1354.8820376078288,-133.9277659,-50.5694313,929.1016845703124,1264.345703,1367.9977214621515,2.2592506408691406,-13.91589355,-0.233398438,-20.95850754,49.29663086,-10.2175293,0.1602302268959688,-0.986940865,-0.016553048,-0.384329213,0.9039830401280152,-0.187365202,1.632206544649536,0.1206033325195316,-1.367585449,-0.882758789,-5.484814453,-8.026171875,2.610351563,166,0.625,14021YOWE06,3.6218812992735474,25.65003217231856,-10.79906017,-23.03281535,23.032815346103973,625,14021YOWE06,E,1,19.5,62,41,0.023958333,1.2638897658397994,-0.341184079,-1.20379938,0.1785436006362551,95.48118631431818,-27.87001891,-0.209872098,6.607019346244279,-1.78354938,-6.292895162,0.933341701,499.1305905241547,-145.6913088,-1.097112301,1402,1YO,112,WE06,Wind_success,6,Right,W,0,Naive,Left,8,FALSE,Second,Head-On,TRUE,TRUE,,,,2.4395380497429247,0.45,450,1013.457670632142,1.666649959595592,3.167384069376775,1.8605310771575752,24.51232554400373,23.913364676653455,643.8603544,8795.438095238096,20.65831492028086
14021YOWE07_f234,62.27759590148926,129.75178559621173,3.4448733011881814,-121.6244659,-296.0007019,1401.741455078125,143.9648983910166,2.8305892944335938,-13.80502319,3.973632813,-47.07533264,-19.09448242,-39.25183105,0.1933232373557968,-0.942853766,0.2713906821050977,-0.733282655,-0.297430777,-0.6114176,1.3690319581770718,-0.14019928,-1.303465576,0.3944238281250014,2.008520507812517,9.824414062500066,9.182812500000068,234,0.058333333,14021YOWE07,0.939115327,,-37.69207537,-112.0782349,112.07823492670435,58.333333333333336,14021YOWE07,E,1,19.5,62,41,0.039583333,0.8644174827221661,-0.316131625,-0.763157037,0.2546953428910785,72.80483184344442,-27.35813225,0.9441083032137269,4.518766735785912,-1.652586972,-3.989424902,1.3314270780264958,380.5893088865073,-143.0154068,4.935352744262667,1402,1YO,113,WE07,Wind_success,7,Right,W,0,Naive,Left,9,FALSE,Second,Head-On,TRUE,TRUE,0.2833333333333333,283.3333333333333,569.9520277221641,2.3977839216728585,0.45,450,946.8866034389764,1.3504973315455306,3.789523664,1.994518861,27.992666201310364,23.783837159868824,643.8603544,8795.438095238096,20.65831492028086
14021YOWE08_f235,34.86070763270061,116.49323177337646,3.956177266438772,-149.019455,-309.2731628,1402.190185546875,121.66179895193775,4.680419922,-13.41604614,2.786865234,-42.48033142,-23.41027832,-44.94213867,0.3232389371944255,-0.926538338,0.192466354,-0.642432026,-0.354034727,-0.679662051,1.525504573454071,0.2107196044921882,-1.410849609,0.5406152343750019,13.904077148437604,11.92060546875008,-12.23085938,235,0.05,14021YOWE08,1.3052841788836231,21.056703036631266,-42.81724019,-118.8585051,118.85850507698854,50,14021YOWE08,E,1,19.5,62,41,0.027083333,0.5916166549893933,-0.044633352,-0.577578317,0.1200892073652631,64.76791648090246,-3.291637694,-0.655793283,3.0926927258391137,-0.233322103,-3.01930692,0.6277697136112449,338.5761074826966,-17.20712875,-3.428177855,1402,1YO,114,WE08,Wind_success,8,Right,W,0,Naive,Left,10,FALSE,Second,Head-On,TRUE,TRUE,0.3083333333333333,308.33333333333337,620.1667206756623,2.268478535314074,0.35,350,709.8212269661525,1.066216359475674,2.925208214009176,1.7287200156327565,29.12177930066239,25.34206215,643.8603544,8795.438095238096,20.65831492028086
14021YOWE09_f228,79.32671709060668,186.78568407694496,-28.62832794,-104.5580826,-238.9744415,1369.654052734375,204.9419454,1.8412857055664065,-12.94017029,5.501953125,-44.65996552,-16.08267212,-45.42407227,0.1298388122558656,-0.912479978,0.38797187,-0.679754274,-0.244788929,-0.691384486,1.7201947910461404,-0.268997498,-1.559555054,0.6741650390625025,-12.55056152,13.177221679687609,-13.75136719,228,0.1083333333333333,14021YOWE09,1.4544510017881571,17.855911744038586,-43.73980306,-109.8046509,109.80465086183916,108.33333333333334,14021YOWE09,E,1,19.5,62,41,0.023958333,0.4430740173006195,-0.097377365,-0.415139668,0.1203797742516697,38.93104694811476,-10.5822615,-1.130004931,2.3161819038689955,-0.509042918,-2.170154304,0.6292886601932605,203.51314434833503,-55.31907003,-5.907132602,1402,1YO,116,WE09,Wind_success,9,Right,W,0,Naive,Left,11,FALSE,Second,Head-On,TRUE,TRUE,0.3083333333333333,308.33333333333337,600.6665572672572,2.375516976449916,0.4833333333333333,483.3333333333333,990.1568801804776,1.3471116702581556,3.0112567941951665,1.8565659373485848,29.94498907,24.78440393757358,643.8603544,8795.438095238096,20.65831492028086
14021YOWE10_f218,172.47161887486774,364.8434995015462,-96.76993993,-11.40873051,-60.90719986,1301.5264892578125,414.9959755469286,2.101263999938965,-12.78342056,5.578979492,-49.68204403,-4.821193695,-38.41870117,0.1489710643672773,-0.906292483,0.395526937,-0.788748361,-0.076540905,-0.609932384,2.4666394298751126,-0.215566292,-2.377606201,0.6203466796875022,3.1473083496094003,15.380502319336086,7.595507813,218,0.1916666666666666,14021YOWE10,0.9130646882319792,29.19210713948099,-37.58461407,-95.54268305,95.54268305,191.66666666666669,14021YOWE10,E,1,19.5,62,41,0.01875,0.522381176,-0.059763926,-0.50583897,0.1159193809299333,23.75898492937413,-2.875909278,-2.432762976,2.730762311144337,-0.312417604,-2.644287462,0.6059718284844523,124.20076284991308,-15.03389674,-12.71733697,1402,1YO,117,WE10,Wind_success,10,Right,W,0,Naive,Left,12,FALSE,Second,Head-On,TRUE,TRUE,0.2916666666666667,291.6666666666667,659.9378497343681,2.6332523273384325,0.2416666666666666,241.66666666666663,536.8742785609265,1.3703456324934966,3.1273646649533164,1.6632723106338856,26.942271991887377,23.837045197074204,643.8603544,8795.438095238096,20.65831492028086
14021YOWE11_f227,55.43436653280557,207.85662351222027,-26.85832581,-128.4268799,-217.8740845,1371.4354248046875,216.79186930313128,3.6303634643554688,-13.72897339,4.218017578,-48.92712402,-11.69219971,-39.78796387,0.2450622722373555,-0.926753877,0.2847309869057251,-0.762844215,-0.182298206,-0.620351567,1.9344792187261888,-0.093023071,-1.869629517,0.4878955078125017,-3.326660156,5.130834960937563,-20.5171875,227,0.1166666666666666,14021YOWE11,0.9155511086377784,23.690076085467187,-38.34181234,-103.4400137,103.44001373858772,116.66666666666669,14021YOWE11,E,1,19.5,62,41,0.04375,0.6237579988452685,-0.289710192,-0.540858631,0.1123120062102598,53.79187776150566,-27.7216588,0.6804943752267866,3.260712506052267,-1.514468187,-2.827353728,0.5871141755417538,281.19855595549103,-144.9157521,3.5573035114706943,1402,1YO,119,WE11,Wind_success,11,Right,W,0,Naive,Left,13,FALSE,Second,Head-On,TRUE,TRUE,0.2916666666666667,291.6666666666667,588.1719454671753,2.3560596391807462,0.4666666666666667,466.6666666666667,983.5734755,1.263238326580246,2.7198297368635163,1.713433718288627,31.73815221073156,26.656202896364505,643.8603544,8795.438095238096,20.65831492028086
14021YOWE12_f234,11.896489493052172,116.35027821858722,-29.7137207,-171.948349,-309.3753967,1368.5228271484375,120.67236179765554,6.478607177734375,-10.62408447,7.278808594,-42.74043274,-24.63085938,-38.50292969,0.4494001322258141,-0.736958552,0.5049075294640064,-0.683003849,-0.393607895,-0.615287387,1.7773848415483209,0.2387109375000008,-1.631217041,0.6642626953125024,-6.528735352,-6.609814453,-23.22246094,234,0.058333333,14021YOWE12,1.3964884871550034,23.42021938953796,-37.97280527,-119.9543926,119.95439260562134,58.333333333333336,14021YOWE12,E,1,19.5,62,41,0.019791667,0.7918427183736866,0.084151109,-0.778267635,0.119302014,91.60859983837832,8.641603746267158,-0.646555264,4.139380111208795,0.439902291,-4.068415978,0.6236546363595755,478.8865356563335,45.17422695975931,-3.379885854,1402,1YO,120,WE12,Wind_success,12,Right,W,0,Naive,Left,14,FALSE,Second,Head-On,TRUE,TRUE,0.225,225,464.5397582467689,2.3559703331683366,0.2583333333333333,258.33333333333337,541.2971783195802,1.5353391700965675,3.066125462287262,1.8939433535403087,29.10715722201541,24.215604389609915,643.8603544,8795.438095238096,20.65831492028086
14021YOWE13_f228,93.43826256,165.69634799957277,-6.150283813,-90.44123077,-259.9974976,1392.1668701171875,190.3255491026796,1.948150634765625,-13.15283203,4.642089844,-45.47054291,-14.02407837,-44.0378418,0.1383298732837472,-0.933926543,0.3296150145673724,-0.701327162,-0.216304149,-0.67922951,1.4167504177049397,-0.231207275,-1.31137207,0.4837646484375017,5.369897460937536,8.569116210937565,-2.956640625,228,0.1083333333333333,14021YOWE13,0.7523592671278091,,-42.78346356,-107.1408705,107.14087051832934,108.33333333333334,14021YOWE13,E,1,19.5,62,41,0.033333333,0.6968526241439599,-0.388522078,-0.572865957,0.080490806,37.747065237824856,-25.55902834,0.4357186339458649,3.642816718,-2.031010103,-2.994672926,0.4207679540883443,197.32384661295305,-133.6105405,2.277731430230089,1402,1YO,121,WE13,Wind_success,13,Right,W,0,Naive,Left,15,FALSE,Second,Head-On,TRUE,TRUE,0.3083333333333333,308.33333333333337,552.3454223875609,2.354845433444705,0.5166666666666667,516.6666666666667,995.3869857402842,1.2511244046254502,1.6333353419320666,1.1654136801383637,31.28215083542613,26.68234536,643.8603544,8795.438095238096,20.65831492028086
14021YOWI01_f237,12.521233860651648,47.91650479634603,33.16256281534834,137.24571228027344,-383.3253479,1433.3931884765625,59.60308969989145,-11.10449982,-8.319335938,-2.407592773,50.10398864746094,-8.682861328,-37.50976563,-0.788529938,-0.5907556,-0.170963034,0.7929291374369215,-0.137412089,-0.593617133,1.2335131421875694,-0.831278687,-0.910393066,-0.041411133,17.643603515627316,-10.61938477,-28.01777344,237,0.033333333,14021YOWI01,2.844229322803487,22.870136734502825,-36.41411332,99.83153227622888,99.83153227622888,33.333333333333336,14021YOWI01,E,1,19.5,62,41,0.028125,0.5076327736618853,-0.202052484,0.3651754418408601,-0.28898568,-45.61220292,-27.43730485,0.3858064547286992,2.6536646209356505,-1.056235048,1.908964906771531,-1.510680783,-238.4390754,-143.4292838,2.0168141076802804,1402,1YO,68,WI01,Wind_success,1,Right,W,0,Naive,Right,2,TRUE,First,Head-On,TRUE,TRUE,0.1666666666666666,166.66666666666666,268.2017555620234,2.155773656991705,0.7833333333333333,783.3333333333334,1124.1196642079706,1.0347428979315183,3.967773433684111,1.9861001410926056,30.88826762998068,24.66190359702249,643.8603544,8795.438095238096,20.65831492028086
14021YOWI02_f240,-16.91999035,49.616899808247865,30.08896001180005,108.0573959350586,-383.2976074,1430.6888427734375,60.44392719353561,-3.444923401,-13.64349365,1.157836914,48.25782012939453,0.218048096,-41.09887695,-0.243987838,-0.966304946,0.082004182,0.7613137671666378,0.00343992,-0.648374517,2.288472694804337,0.3464520263671887,-2.255284424,-0.175415039,-6.754394531,-5.324853516,-13.62832031,240,0.008333333,14021YOWI02,0.7002040737734435,28.16966080466728,-40.41915927,89.74111655765117,89.74111655765117,8.333333333333334,14021YOWI02,E,1,19.5,62,41,0.022916667,1.2580049300402782,-0.303914689,1.1047623265011577,-0.519338491,-144.5846733,-43.83773761,8.470776366422122,6.576256201365839,-1.588722595,5.775176175546447,-2.714856586,-755.8204517,-229.163008,44.28122202055528,1402,1YO,70,WI02,Wind_success,2,Right,W,0,Naive,Right,3,TRUE,First,Head-On,TRUE,TRUE,,,,2.956407262782928,0.1833333333333333,183.3333333333333,500.2528090561328,2.248143497923412,3.696780247942327,2.039137661586614,27.52892224721564,25.438509890590595,643.8603544,8795.438095238096,20.65831492028086
14021YOWI03_f233,-12.00462912,116.17112515767415,-4.680363973,112.5185317993164,-316.7594604,1396.0484619140625,116.88347722244586,-7.050285339,-10.40490723,5.792114258,33.75366973876953,-15.78271484,-52.03747559,-0.509451442,-0.751855385,0.4185363884556543,0.5273815724028694,-0.246595793,-0.813055467,1.3335300396465335,-0.31949707,-1.17930542,0.5342871093750019,-4.132287598,-3.842578125,-22.13964844,233,0.066666667,14021YOWI03,1.769926148896248,20.993102276323235,-54.39554211,115.0600925657911,115.0600925657911,66.66666666666667,14021YOWI03,E,1,19.5,62,41,0.209375,0.3072895875848136,-0.305021558,0.028951738,-0.023463513,-4.686586722,-32.05433204,-1.026754994,1.6063649733909071,-1.594508787,0.151346025,-0.122656177,-24.49926408,-167.5649235,-5.367390649,1402,1YO,75,WI03,Wind_success,3,Right,W,0,Naive,Right,7,TRUE,First,Head-On,TRUE,TRUE,0.2083333333333333,208.33333333333331,361.66176817101285,2.775913154803656,0.325,325,668.8331469477656,0.9503497250988264,2.886583628,1.9792392164694617,28.371850378170688,25.47304567215541,643.8603544,8795.438095238096,20.65831492028086
14021YOWI04_f238,16.47744283676147,65.60018863677976,25.89573084513336,141.29473876953125,-367.4486389,1426.536133,72.42568430897579,-9.866439819,-9.88760376,3.333862305,26.662628173828125,-8.464477539,-58.3626709,-0.687050694,-0.688524447,0.232153893,0.4119656655989657,-0.130785086,-0.901764687,0.935454481,-0.470286255,-0.792854004,0.1590234375000005,-1.804394531,17.177343749997135,-11.94609375,238,0.025,14021YOWI04,0.7427626550040087,23.52962904,-64.39100584,107.61287288375988,107.61287288375988,25,14021YOWI04,E,1,19.5,62,41,0.04375,0.4398437849806587,-0.250181126,0.3356057080137568,-0.135058388,-44.91206598,-33.89141161,-1.358600973,2.2992957734423727,-1.30782888,1.754388290408828,-0.706021529,-234.7790898,-177.1683087,-7.102124847,1402,1YO,76,WI04,Wind_success,4,Right,W,0,Naive,Right,8,TRUE,First,Head-On,TRUE,TRUE,0.1833333333333333,183.3333333333333,295.9676595,2.325956331059208,0.6416666666666667,641.6666666666667,1032.7091737840835,0.935454481,1.9069915501991168,1.397951800017362,25.207840563108864,23.882766559631374,643.8603544,8795.438095238096,20.65831492028086
14021YOWI05_f237,-28.40189988,90.36221497853596,13.822962188720794,96.21270751953124,-342.6128235,1414.5772705078125,95.72393690288936,-3.538764954,-12.55783081,5.227416992,32.49302673339844,-12.18612671,-55.28149414,-0.251776709,-0.893466888,0.3719212390468305,0.4978149475817734,-0.186699629,-0.846949542,1.4391693241230916,0.076108704,-1.377253418,0.4105957031249905,-6.51697998,-3.160546875,-15.87832031,237,0.033333333,14021YOWI05,0.6657616807489062,22.908306257305263,-57.88141873,110.55796475086068,110.55796475086068,33.333333333333336,14021YOWI05,E,1,19.5,62,41,0.023958333,0.4774866579980668,-0.136140092,0.453259985,-0.06336221,-53.49033077,-17.5851171,-0.533383483,2.496074952,-0.711676166,2.3694293378252382,-0.331227738,-279.6222106,-91.92669488,-2.788277181,1402,1YO,77,WI05,Wind_success,5,Right,W,0,Naive,Right,9,TRUE,First,Head-On,TRUE,TRUE,0.1833333333333333,183.3333333333333,378.99872458204254,2.736575611,0.2166666666666666,216.66666666666669,466.8960212781547,1.305276104086543,3.2545404224749093,2.044005156,29.86450651701217,23.97044196108456,643.8603544,8795.438095238096,20.65831492028086
14021YOWI06_f232,14.194364049987158,79.49636834449211,6.518851071160725,138.75868225097656,-353.4382324,1407.2530517578125,81.01634384514466,-9.144378662,-9.262237549,4.873901367,35.608489990234375,-18.63430786,-48.15576172,-0.657947943,-0.666428018,0.3506824792064019,0.5677099144180855,-0.297088737,-0.767752392,1.1148828740237071,-0.499172974,-0.914282227,0.3973388671875014,-14.50612793,17.34038085937515,-2.394140625,232,0.075,14021YOWI06,0.475861122,1.6761187123074586,-50.15248242,117.62354882058042,117.62354882058042,75,14021YOWI06,E,1,19.5,62,41,0.019791667,0.3994126189240407,-0.147104797,0.3321559675201875,-0.16602118,-40.31410838,-19.37736169,-0.351220661,2.087940714,-0.768994468,1.7363546748225906,-0.867880393,-210.7431369,-101.295704,-1.836015895,1402,1YO,79,WI06,Wind_success,6,Right,W,0,Naive,Right,10,TRUE,First,Head-On,TRUE,TRUE,0.2333333333333333,233.33333333333331,363.7369086891428,2.856987810197979,0.325,325,599.6040608262875,0.8499900912977114,2.877043205699124,1.7587007929015062,26.286363630874035,23.24447692321048,643.8603544,8795.438095238096,20.65831492028086
14021YOWI07_f233,-2.819639063,103.11087360382078,3.732969411214299,122.03302001953124,-329.827179,1404.520263671875,103.21694473492757,-7.821891785,-11.06942749,4.002563477,36.11645508,-9.458282471,-52.97961426,-0.553458433,-0.783246325,0.2832118586755706,0.5572427673135286,-0.145932359,-0.817425376,1.3508627179639603,-0.354362183,-1.175181885,0.56409668,13.564160156250097,-0.390234375,-25.67460938,233,0.066666667,14021YOWI07,1.2684157433991337,20.34764587960989,-54.8278883,104.67522164992693,104.67522164992693,66.66666666666667,14021YOWI07,E,1,19.5,62,41,0.044791667,0.3091555170945996,-0.222023795,0.1797887130388567,-0.118146464,-18.06546117,-24.14216728,-2.493314253,1.616119172454061,-1.160635642,0.9398505608555202,-0.617613965,-94.43770705,-126.2038594,-13.03387048,1402,1YO,80,WI07,Wind_success,7,Right,W,0,Naive,Right,11,TRUE,First,Head-On,TRUE,TRUE,0.1916666666666666,191.66666666666669,323.6018648259559,2.7521183948779684,0.3,300,601.4448329299495,0.8847447489814572,3.012566336130383,1.7521836231012913,30.31283676175673,24.84562523405317,643.8603544,8795.438095238096,20.65831492028086
14021YOWI08_f223,-6.388173819,217.94532279968263,10.823424275716206,118.50363159179688,-214.9984894,1411.474121,218.3073956787688,-7.070411682,-11.82362366,1.849365234,49.543731689453125,-8.746307373,-38.93896484,-0.508664094,-0.850622719,0.1330482202817926,0.7787621296195669,-0.137480418,-0.612069179,1.5460226271200186,-0.76540741,-1.341553345,0.067617188,1.5739013671850233,3.622851562495639,-20.87226562,223,0.15,14021YOWI08,1.4988313548770025,20.420808980609408,-37.73926894,100.01167624748705,100.01167624748705,150,14021YOWI08,E,1,19.5,62,41,0.026041667,0.53967055,-0.330357211,0.4012515747759175,-0.14527763,-31.2152297,-26.85696516,-1.319515382,2.821143000223597,-1.726951624,2.0975539077127867,-0.759442901,-163.1784924,-140.3955418,-6.897803823,1402,1YO,81,WI08,Wind_success,8,Right,W,0,Naive,Right,12,TRUE,First,Head-On,TRUE,TRUE,0.7,700,955.3068310432268,1.7884569084539426,0.3,300,451.77316610780497,1.0558704321273875,3.417617195527328,2.057925027629393,30.14413279076319,24.00151937787723,643.8603544,8795.438095238096,20.65831492028086
14021YOWI09_f220,57.97636719,74.07417602539061,22.04284668,185.2763672,-359.625824,1422.0428466796875,96.61330030510598,-12.65019226,-6.036407471,3.181518555,41.83209228515625,-24.36752319,-35.96435547,-0.88012622,-0.419977845,0.2213514103775321,0.693633207,-0.404046806,-0.596338119,0.7152013137693133,-0.560559082,-0.408032227,0.1754882812500006,-5.629614258,-4.221826172,-2.350195313,220,0.175,14021YOWI09,1.8049584056351795,26.15643020548756,-36.60808248,120.22113682644024,120.22113682644024,175,14021YOWI09,E,1,19.5,62,41,0.115625,0.2304209948378967,-0.22762494,-0.014171526,0.032861669,0.5498516043523366,-29.51070327,-1.431416874,1.2045322399325475,-1.189915786,-0.074082053,0.1717852988891674,2.874364747391916,-154.2680325,-7.482772022,1402,1YO,82,WI09,Wind_success,9,Right,W,0,Naive,Right,13,TRUE,First,Head-On,TRUE,TRUE,0.225,225,133.33132624199806,2.667749675725072,0.6,600,836.5848082699848,0.3501370105140007,2.1622165312930592,1.5282097156578671,27.252203557623737,23.77529077107395,643.8603544,8795.438095238096,20.65831492028086
14021YOWI10_f240,2.0019920670536777,44.60509313342311,42.49586097734209,126.78038024902344,-388.7588806,1443.042236328125,61.64025069614401,-8.871284485,-10.54614258,1.092041016,33.08119201660156,-9.392974854,-56.75769043,-0.641713205,-0.762865735,0.078993875,0.4984895765415504,-0.141539641,-0.855262926,0.9299090232562388,-0.441919556,-0.812995605,0.09206543,-1.535888672,4.301367188,2.4855468750000163,240,0.008333333,14021YOWI10,0.7500986276985653,,-58.78879382,105.85120685079023,105.85120685079023,8.333333333333334,14021YOWI10,E,1,19.5,62,41,0.027083333,0.6094027858702554,-0.269881349,0.477239876,-0.266041189,-62.1788028,-36.98513276,2.725062968569663,3.185670225935102,-1.410812352,2.494784890244695,-1.390737807,-325.0414428,-193.3408231,14.24534341498556,1402,1YO,84,WI10,Wind_success,10,Right,W,0,Naive,Right,14,TRUE,First,Head-On,TRUE,TRUE,0.5833333333333334,583.3333333333334,814.6842571918394,2.310955812070961,0.725,725,1026.5164357693634,0.9538162733911092,2.811322082,1.6860914487682304,26.244098825227564,21.546051,643.8603544,8795.438095238096,20.65831492028086
14021YOWI11_f237,21.747065496444705,39.77229334513345,-13.85499115,146.5331268310547,-393.6174316,1386.92041,47.399693621392494,-41.82225037,-17.35321045,54.6184082,-30.13651276,-9.294769287,53.48718262,-0.58949002,-0.244595742,0.7698535176862309,-0.485348534,-0.149692258,0.861411068,0.5774788111586244,-0.558585205,-0.035994873,0.1420166015624967,18.244335937501425,52.403466796874085,31.874414062498925,237,0.033333333,14021YOWI11,0.6168661697563133,,59.47538866070302,-107.1409236,107.14092355111885,33.333333333333336,14021YOWI11,E,1,19.5,62,41,0.5354166666666667,0.2884143875602669,-0.288402585,-0.000648087,0.002527393,-0.602145378,-30.87445916,-0.853017094,1.5076943336745177,-1.507632637,-0.003387892,0.013212019,-3.147731923,-161.3971048,-4.459170882,1402,1YO,85,WI11,Wind_success,11,Right,W,0,Naive,Right,15,TRUE,First,Head-On,TRUE,TRUE,,,,2.4661938990815404,0.6916666666666667,691.6666666666666,826.6672809473581,0.7701451086054277,2.757323471,1.3966503935735948,26.03627004898553,23.33678256627849,643.8603544,8795.438095238096,20.65831492028086
14031YOME01_f219,24.47165012359619,216.8267472585042,158.65212046305328,-154.2386169,-205.3783569,1555.979004,269.78360831210284,5.871582031,-12.18902588,-2.947631836,-44.11753845,30.066436767578125,-38.95385742,0.4240361596644055,-0.880271739,-0.212873205,-0.667547764,0.4549388597251897,-0.589415487,1.559812343099465,0.3599414062500012,-1.461275024,-0.410039063,2.470605469,1.5468750000000109,-4.468359375,219,0.1833333333333333,14031YOME01,2.004622445159191,19.163929860675267,-36.11554037,-55.72527345,55.72527345307435,183.3333333333333,14031YOME01,E,1,15.4,59,37,0.007291667,0.4535410967949693,-0.436573694,-0.116960031,0.037726481,8.090794149002337,-35.75920033,-0.310562228,3.0021121886954028,-2.889800322,-0.77419034,0.2497218667441697,53.555172624027534,-236.6998976,-2.055696067,1403,1YO,64,ME01,Wind_missed,1,Left,M,0,Naive,Left,3,TRUE,First,Failure,FALSE,FALSE,0.1916666666666666,191.66666666666669,281.3721733580593,1.8387988980492025,0.3333333333333333,333.3333333333333,500.5915749156612,1.0630218879020776,4.278615136574775,2.803308345305416,21.314971317222746,19.67840121892158,524.3574213149404,7964.859523809524,18.140660204053972
14031YOPE01_f236,-18.71195304,42.478763580322266,49.96442108154292,-197.4995117,-379.8207703,1447.2694091796875,68.19843044929813,7.873779297,-11.32852173,-1.280395508,-50.98912048,-11.6234436,-34.4588623,0.5682836713611455,-0.81762692,-0.092411513,-0.814143829,-0.185591648,-0.550205021,1.516844699206502,0.418123169,-1.438428955,-0.238564453,-2.139257813,-0.745751953,0.4130859374999988,236,0.041666667,14031YOPE01,2.0632725358211643,20.87804322811445,-33.38107941,-102.8416655,102.84166547124772,41.66666666666666,14031YOPE01,E,1,15.4,59,37,0.4375,0.2589028888300311,-0.241391206,0.092173384,-0.016280623,-9.89630731,-26.41151992,-1.080860216,1.713748817334757,-1.597834215,0.6101207623665815,-0.107765883,-65.50635656,-174.8250521,-7.154508493,1403,1YO,60,PE01,Wind_Near-miss,1,Left,P,0,Naive,Left,1,TRUE,First,Pivot,TRUE,FALSE,0.2,200,336.12314038169666,2.067274472996384,0.125,125,194.0571196268212,1.639789333752456,3.842339130624879,2.3867245731453783,25.599197394995368,21.357076891504587,524.3574213149404,7964.859523809524,18.140660204053972
14031YOPI01_f193,-18.17575088,823.9993273363951,-67.48370285,111.92312622070312,387.4029541015625,1331.951904296875,826.9578583704874,0.5337371826171875,-14.07440186,3.48059082,-13.85005188,45.15475463867188,-27.39208984,0.036788629,-0.970099085,0.2399049001423706,-0.253666405,0.827018149,-0.501691475,2.321075211693692,0.3938214111328139,-2.190457764,0.6589306640625024,-8.585046387,1.189160156242974,1.7666015625020766,193,0.4,14031YOPI01,3.6006166767544983,22.683612344979903,-30.11197031,-17.05203921,17.052039209566715,400,14031YOPI01,E,1,15.4,59,37,0.061458333,0.2792693149896207,-0.19872399,0.033027758,-0.193414822,-4.734731013,-25.16392611,-0.666221972,1.8485597454864555,-1.315408276,0.218619734,-1.280265446,-31.34047561,-166.5668885,-4.409904893,1403,1YO,91,PI01,Wind_Near-miss,1,Left,P,0,Naive,Right,1,FALSE,Second,Pivot,TRUE,FALSE,,,,2.4470358053216024,0.3416666666666667,341.6666666666667,691.1799141746214,,4.088703438569975,3.626434128348605,24.88935525032897,23.258476089034787,524.3574213149404,7964.859523809524,18.140660204053972
14031YOPI02_f228,4.428313974748591,131.73637008666992,23.50307906301396,134.2540283203125,-306.3196106,1423.291504,133.8897901025814,-5.056762695,-12.89489746,3.356201172,52.85406494140625,-17.70840454,-26.66333008,-0.354816147,-0.904791881,0.2354934253304992,0.8553744689688553,-0.286587553,-0.431511405,1.472084770972951,0.046312866,-1.464375,-0.14315918,49.726538085937854,-21.38115234,-4.238085938,228,0.1083333333333333,14031YOPI02,1.5043232915053515,25.619272329936365,-25.56351598,108.5230841267157,108.5230841267157,108.33333333333334,14031YOPI02,E,1,15.4,59,37,0.003125,0.9825258596340531,-0.244172133,0.856463477,-0.414978731,-112.6550545,-38.02984171,1.0570806545609992,6.503606574487027,-1.616241925,5.669165288154619,-2.746857378,-745.6945236,-251.729892,6.997105091286383,1403,1YO,92,PI02,Wind_Near-miss,2,Left,P,0,Naive,Right,2,FALSE,Second,Pivot,TRUE,FALSE,0.2416666666666666,241.66666666666663,369.9790837803605,2.7032249166322293,0.3083333333333333,308.33333333333337,533.6057441331544,1.065079395879924,4.705341140597612,2.5177143066704923,29.032727193390883,23.20721789072717,524.3574213149404,7964.859523809524,18.140660204053972
14031YOPI03_f201,4.235679817199696,0.7445704142252794,57.02581659952807,134.0734405517578,-435.2489929,1456.403809,57.187753299623374,8.227630615234375,-11.60928345,2.623291016,2.4662628173828125,-62.05841064,-27.36108398,0.5686397842510273,-0.802357415,0.1813046436954274,0.036339536,-0.914409388,-0.403156185,0.1597328673732558,-0.136241455,0.041480713,0.072333984,-21.16384277,-13.96230469,-1.2375,201,0.3333333333333333,14031YOPI03,0.7672549318755035,22.72855801564844,-23.77563568,177.7242064542341,177.7242064542341,333.3333333333333,14031YOPI03,E,1,15.4,59,37,0.00625,0.2840199274918975,-0.267324883,-0.095100633,0.012672651,7.703398905075605,-23.85900657,1.581325321941168,1.880005345009052,-1.76949629,-0.629497018,0.08388373,50.99089787174236,-157.9292702,10.46722349273315,1403,1YO,98,PI03,Wind_Near-miss,3,Left,P,0,Naive,Right,8,FALSE,Second,Pivot,TRUE,FALSE,,,,2.562577208502943,0.9,900,423.4164226,0.2680165000424053,4.087563297670688,2.516286718818596,26.357747297283947,21.968103613911207,524.3574213149404,7964.859523809524,18.140660204053972
14031YOWE01_f150,145.25593309402467,785.4150903701782,238.53041000366213,-33.46697235,363.1897277832031,1635.8565673828125,833.5903710916567,3.5222930908203125,-12.30053711,6.796875,-9.1537323,23.610870361328125,-56.61755371,0.2431149965288415,-0.849005168,0.4691325223157778,-0.147586883,0.3806813048997287,-0.912852593,1.0722058657222835,0.3018644714355479,-0.533126221,0.8799316406250032,6.704626464843798,0.9021972656250054,1.511718750000016,150,0.7583333333333333,14031YOWE01,2.484961213233119,17.731754484769862,-65.90258415,-21.19088553,21.19088552909648,758.3333333333333,14031YOWE01,E,1,15.4,59,37,0.019791667,1.389484072271223,-0.954754569,-0.96132429,0.3081644194102451,85.05683640855496,-84.08465629,-0.588141758,9.197373951,-6.319780828,-6.363267605,2.039824320599476,563.0143930031306,-556.5792677,-3.89307067,1403,1YO,62,WE01,Wind_success,1,Left,W,0,Naive,Left,2,TRUE,First,Head-On,TRUE,TRUE,,,,1.863549788,0.008333333,8.333333333333334,66.26160674251618,1.863549788,4.639956755566031,3.135219762887428,25.448267723109016,22.669474412335205,524.3574213149404,7964.859523809524,18.140660204053972
14031YOWE02_f227,133.19669377009075,258.3513429641724,-8.78287557,-45.4276123,-163.7912292,1388.333251953125,290.79875265541784,-1.348617554,-13.35571289,5.165527344,-45.38816833,0.1693572998046875,-39.87744141,-0.093763372,-0.928563236,0.3591361110186145,-0.751236879,0.002803097,-0.660026737,2.416033953730239,-0.434816895,-2.360350342,0.27730957,-3.328253174,-8.980554199,-4.832226563,227,0.1166666666666666,14031YOWE02,1.0321090756522793,34.25626739584104,-41.30191194,-89.78621271,89.78621271066453,116.66666666666669,14031YOWE02,E,1,15.4,59,37,0.016666667,0.8493577295837362,-0.212485927,-0.813964929,0.1171297484663083,62.37239518932137,-15.70229303,-2.652433702,5.622130410154866,-1.40650229,-5.387855812,0.7753137433728395,412.8598911084724,-103.9377592,-17.55718192,1403,1YO,66,WE02,Wind_success,2,Left,W,0,Naive,Left,4,TRUE,First,Head-On,TRUE,TRUE,0.225,225,550.7154982461476,2.545658632180628,0.1583333333333333,158.33333333333331,389.71769194649016,1.9187882449172595,3.1927740716493025,2.423999314918037,27.50131061,23.22546048170966,524.3574213149404,7964.859523809524,18.140660204053972
14031YOWE03_f234,55.91206956459541,129.60044115494384,32.02907141599508,-122.7350235,-292.5195007,1429.159912109375,144.7352593058206,1.4664840698242188,-13.81484985,3.30871582,-27.90804291,-2.09967041,-57.45568848,0.1026874467470684,-0.967355656,0.2316858304776871,-0.436680695,-0.03285381,-0.899016461,1.785510454610532,-0.201030579,-1.77182373,0.090966797,-1.844384766,-2.270654297,0.4500000000000037,234,0.058333333,14031YOWE03,3.067240191032236,23.42619005539346,-64.02908512,-94.30256026,94.30256026,58.333333333333336,14031YOWE03,E,1,15.4,59,37,0.021875,0.8869212686459181,-0.369238715,-0.804125904,0.06061055,76.92369848968228,-33.56167261,-2.276047483,5.870773717819864,-2.444091734,-5.322728624,0.4011977564628605,509.1789354202727,-222.1538624,-15.06577891,1403,1YO,67,WE03,Wind_success,3,Left,W,0,Naive,Left,5,TRUE,First,Head-On,TRUE,TRUE,0.2083333333333333,208.33333333333331,445.5636397369237,2.241502693700903,0.1583333333333333,158.33333333333331,335.63996782814314,1.7745563688787225,3.640359764263177,2.507370514828624,28.682282050762936,23.36948912259338,524.3574213149404,7964.859523809524,18.140660204053972
14031YOWE04_f234,77.75071897506714,133.70039291381835,15.264720408121777,-100.8955002,-288.4316101,1412.4010009765625,155.41551098776276,0.7953643798828125,-13.43591309,3.817749023,-38.83339691,-9.909179688,-50.50878906,0.056850684,-0.960365927,0.2728832834568674,-0.602277229,-0.153684039,-0.783353915,1.962774863737322,-0.632364807,-1.805592041,0.4386767578125015,-7.93223877,-10.09511719,3.4980468750000218,234,0.058333333,14031YOWE04,1.102872267423215,25.35094216640592,-51.56869079,-104.3147827,104.3147826686414,58.333333333333336,14031YOWE04,E,1,15.4,59,37,0.025,0.7644503352888146,-0.205302697,-0.70426954,0.2150337931089012,70.28831099019823,-19.33357441,0.068613174,5.060105215,-1.358954535,-4.661752123,1.4233673107808178,465.2574963,-127.9742008,0.4541693060167189,1403,1YO,69,WE04,Wind_success,4,Left,W,0,Naive,Left,6,TRUE,First,Head-On,TRUE,TRUE,0.2416666666666666,241.66666666666663,542.2691371763381,2.463951033778698,0.175,175,385.6988482,1.7782488070026703,4.132841842,2.376285984576184,28.27196428786739,23.119560626340327,524.3574213149404,7964.859523809524,18.140660204053972
14031YOWE05_f231,113.46988830566406,158.9974744796753,39.63450063069672,-65.16978455,-263.1296997,1436.7625732421875,199.3150925,-0.632865906,-14.25100708,1.930786133,-41.89503479,1.122650146484375,-49.05493164,-0.043963901,-0.989988342,0.1341277673740238,-0.649333284,0.017400012,-0.76030489,1.6752711993781084,-0.427458801,-1.617055664,0.094570313,-8.232110596,0.1502929687500037,-12.77753906,231,0.083333333,14031YOWE05,2.4271991317021424,23.48361433716939,-49.49108373,-88.46502751,88.46502751087405,83.33333333333333,14031YOWE05,E,1,15.4,59,37,0.027083333,0.7455743164567936,-0.380938088,-0.628629597,0.1248681890683662,45.56820938402977,-27.84155346,0.4681554929890725,4.9351596995961815,-2.521533077,-4.161070711,0.8265365917918783,301.6284031933342,-184.290834,3.0988488620746955,1403,1YO,71,WE05,Wind_success,5,Left,W,0,Naive,Left,7,TRUE,First,Head-On,TRUE,TRUE,0.2666666666666666,266.6666666666667,575.9157325941777,2.546817171195923,0.2583333333333333,258.33333333333337,555.2092408960978,1.5555475150939475,3.947624264685838,2.343606606485971,26.68962137445977,23.235521134851048,524.3574213149404,7964.859523809524,18.140660204053972
14031YOWE06_f236,101.18356698354086,108.75740585327152,19.57281366984057,-77.42389679,-313.3656616,1416.6497802734375,149.8311803010315,-2.273796082,-13.95330811,2.904052734,-23.37726593,4.428680419921875,-60.7590332,-0.157546393,-0.966794421,0.2012155083011712,-0.358263549,0.067870844,-0.931150244,1.8096508295443563,-0.347883911,-1.698530273,0.5184667968750019,-4.791137695,11.79975585937508,10.290234375000075,236,0.041666667,14031YOWE06,1.5206211100383928,22.94621327,-68.61483281,-79.2727881,79.27278810136818,41.66666666666666,14031YOWE06,E,1,15.4,59,37,0.027083333,1.0731284307997897,-0.286107236,-1.008335112,0.230233751,71.81616147884564,-19.57621521,-0.945842121,7.103329698027388,-1.89382181,-6.674445055,1.5239799734089654,475.3707552513711,-129.5803064,-6.260786909,1403,1YO,72,WE06,Wind_success,6,Left,W,0,Naive,Left,8,TRUE,First,Head-On,TRUE,TRUE,0.2,200,470.0039655950913,2.4622040296200924,0.2583333333333333,258.33333333333337,602.9439080106569,1.6693060431218043,4.459863084,2.6666172464065583,29.39930647141607,23.736293589024232,524.3574213149404,7964.859523809524,18.140660204053972
14031YOWE07_f229,1.9010679244995004,143.3469820022583,43.862170410156295,-176.7566223,-278.7646179,1441.023193359375,149.91951607945816,5.897644043,-13.15234375,0.306640625,-44.54637146,-1.936157227,-40.55029297,0.4090653542432237,-0.912257185,0.021268841,-0.739115419,-0.032124809,-0.672812303,1.3882775250902746,0.2133746337890575,-1.370310059,0.063530273,-6.354052734,5.863183593754265,-16.31425781,229,0.1,14031YOWE07,2.750388037752891,25.21522225824108,-42.28449251,-92.48872934,92.48872934,100,14031YOWE07,E,1,15.4,59,37,0.022916667,0.619559475,-0.364217675,-0.491482858,-0.098204014,48.71269511,-37.50402639,-0.609667001,4.101033105,-2.410856106,-3.253259055,-0.650039147,322.44261160257884,-248.2493771,-4.035552119,1403,1YO,73,WE07,Wind_success,7,Left,W,0,Naive,Left,9,TRUE,First,Head-On,TRUE,TRUE,0.3,300,477.8607690856708,2.3035631278078945,0.325,325,533.5893666120215,1.262404064751406,3.194312052584828,2.1699748993546533,28.37934194487913,23.439080920827376,524.3574213149404,7964.859523809524,18.140660204053972
14031YOWE08_f240,21.49369974136352,55.36693369547527,40.60728581746412,-157.3073273,-366.7118835,1437.7884521484375,71.94739840239025,4.5374908447265625,-13.59295654,1.923095703,-25.21842957,-11.12268066,-57.19213867,0.3138230736350311,-0.940119451,0.1330056247166659,-0.397220723,-0.175195654,-0.900845258,1.1999129816314775,-0.171646729,-1.15795166,-0.263583984,-4.319824219,15.409863281250129,-27.0703125,240,0.008333333,14031YOWE08,0.6450412972103293,5.889584680958834,-64.26939608,-113.8000532,113.80005316134717,8.333333333333334,14031YOWE08,E,1,15.4,59,37,0.01875,0.8422014672585124,-0.311183496,-0.762957044,0.1742546761239749,89.60168415712573,-35.65191766,-0.671702371,5.5747611584952566,-2.05980841,-5.050220715,1.1534392160396558,593.0979795141833,-235.9897644,-4.44618115,1403,1YO,74,WE08,Wind_success,8,Left,W,0,Naive,Left,10,TRUE,First,Head-On,TRUE,TRUE,0.2083333333333333,208.33333333333331,421.9323817907986,2.426917364983569,0.375,375,803.4146399,1.2940575045200462,4.040196103077443,2.3707829820273814,28.505684022583743,22.632366461459643,524.3574213149404,7964.859523809524,18.140660204053972
14031YOWE09_f225,202.5783434232076,244.1633804957072,-12.45643819,23.89965438842773,-177.9537201,1384.6920166015625,317.5041802112328,-1.92304039,-13.04682922,5.944580078,-34.40828133,-16.12019348,-54.08642578,-0.132938135,-0.901916129,0.4109437290106535,-0.520553537,-0.243878026,-0.818258836,2.0521970005093846,-0.432057495,-1.970222168,0.3782373046875014,-14.237677,-3.560888672,-4.797070313,225,0.1333333333333333,14031YOWE09,0.2615977088532961,-17.29905942,-54.91087452,-115.1029723,115.10297232045735,133.33333333333334,14031YOWE09,E,1,15.4,59,37,0.022916667,0.7695321548598306,-0.345888805,-0.667779927,0.1631276834811452,25.675223706202488,-12.5099133,-1.691111711,5.093743164673144,-2.289532315,-4.420217423,1.079786617691629,169.95130668548185,-82.80652729,-11.19392954,1403,1YO,78,WE09,Wind_success,9,Left,W,0,Naive,Left,11,TRUE,First,Head-On,TRUE,TRUE,0.3,300,692.9098817467478,2.7942879706214847,0.225,225,521.7761482086909,1.851563983899352,4.280725491306863,2.4477005873729194,24.55342608471543,21.90676570399346,524.3574213149404,7964.859523809524,18.140660204053972
14031YOWE10_f231,19.06614627838136,144.79797662099202,16.433466084798283,-160.2880249,-277.2935486,1413.627197265625,146.96948926563704,4.101821899414063,-13.12121582,2.966430664,-47.88676453,-19.16592407,-33.8737793,0.2916577909167691,-0.932976837,0.210926421,-0.776018873,-0.310589344,-0.548934393,1.6415008813345808,0.049658203,-1.619974365,0.2602734375000009,-14.81154785,-8.614599609,-2.100585938,231,0.083333333,14031YOWE10,1.6545456346560818,26.211230971033974,-33.29393857,-111.8129797,111.81297965338187,83.33333333333333,14031YOWE10,E,1,15.4,59,37,0.035416667,0.6901491508012119,-0.35082109,-0.585520507,0.1019615089082864,72.45815234633451,-42.01774733,-0.850357673,4.568285415,-2.322180456,-3.87571989,0.6749110297489074,479.62026785770223,-278.1269267,-5.628749311,1403,1YO,79,WE10,Wind_success,10,Left,W,0,Naive,Left,12,TRUE,First,Head-On,TRUE,TRUE,0.275,275,547.1526596366643,2.386737918027048,0.3,300,604.1140452775239,1.0671787404305504,4.171447978,2.5562926373794848,28.86987791405557,23.885645101453665,524.3574213149404,7964.859523809524,18.140660204053972
14031YOWE11_f231,50.47882741292318,137.3067929585775,43.59816411,-128.2169037,-284.5337219,1440.7757568359375,152.65014681817064,2.554443359,-13.9581604,2.227905273,-30.62297058,2.330535888671875,-54.41601563,0.1778388664651781,-0.971759039,0.1551054741401111,-0.490089841,0.037297883,-0.870873594,1.3042674300425257,0.023389893,-1.288820801,0.1987646484375007,-4.404418945,5.454052734375045,8.203710937500059,231,0.083333333,14031YOWE11,2.143771766961899,21.80507450732124,-60.56031593,-85.64794123,85.64794122565326,83.33333333333333,14031YOWE11,E,1,15.4,59,37,0.013541667,0.6740827395271357,-0.332261582,-0.585917528,0.026276064,49.89822450105241,-29.98866817,0.369788432,4.461937457981755,-2.199330012,-3.87834788,0.1739284344807159,330.28995393682834,-198.5031718,2.447730462090002,1403,1YO,81,WE11,Wind_success,11,Left,W,0,Naive,Left,13,TRUE,First,Head-On,TRUE,TRUE,0.2666666666666666,266.6666666666667,457.09955193066367,2.478647500402139,0.3583333333333333,358.3333333333333,671.1403493,1.4809338477247291,3.940841974144577,2.3248825387669707,28.089586486429667,22.82825821923458,524.3574213149404,7964.859523809524,18.140660204053972
14031YOWE12_f232,8.042235501607252,119.5398012797038,0.4603909810384721,-170.6985779,-302.2833252,1397.603271484375,119.81090769086848,5.198120117,-12.93771362,3.502807617,-44.44165039,-16.11663818,-35.36608887,0.3615786782734872,-0.899940995,0.2436535747377525,-0.752754722,-0.27298436,-0.599032443,1.236381360884814,0.1459826660156255,-1.136931152,0.4633740234375016,-7.060913086,6.451171875000044,-13.59667969,232,0.075,14031YOWE12,1.9081793266447409,24.22257716538417,-36.80063285,-109.9330325,109.93303253449945,75,14031YOWE12,E,1,15.4,59,37,0.029166667,0.6500788494026051,-0.273920604,-0.56916162,0.1537044679472355,69.47261659544908,-31.49445355,-0.950095569,4.303049164003104,-1.813155169,-3.767435959,1.0174117846038069,459.8581926436652,-208.4703757,-6.288941641,1403,1YO,82,WE12,Wind_success,12,Left,W,0,Naive,Left,14,TRUE,First,Head-On,TRUE,TRUE,0.2416666666666666,241.66666666666663,398.6709965498337,2.090100352169076,0.4416666666666666,441.6666666666666,795.4507550768565,1.0576950970423875,4.4456295883160095,2.6254588678588737,31.21539602,24.416193069149905,524.3574213149404,7964.859523809524,18.140660204053972
14031YOWE13_f237,74.53649660746257,93.54191913604734,33.758987935384084,-104.1119156,-328.2899475,1430.8702392578125,124.27972171110824,0.1043319702148437,-13.93002319,3.49621582,-19.26519775,-0.870452881,-60.85253906,0.007264218,-0.969891881,0.2434275444421424,-0.301795681,-0.013635932,-0.953275106,1.6003661782469367,-0.227146912,-1.576003418,-0.16059082,5.895043945313116,4.211279296879989,-27.89824219,237,0.033333333,14031YOWE13,0.694439489,,-72.41600725,-92.58701624,92.58701624416256,33.333333333333336,14031YOWE13,E,1,15.4,59,37,0.021875,1.195891765,-0.416438279,-1.116280994,0.1032134442728246,85.26246160455496,-29.422422,-1.685882327,7.915933679719012,-2.756518522,-7.38896828,0.6831979312974079,564.3754822441648,-194.755034,-11.15931482,1403,1YO,84,WE13,Wind_success,13,Left,W,0,Naive,Left,15,TRUE,First,Head-On,TRUE,TRUE,0.2333333333333333,233.33333333333331,509.9311515830141,2.5529074383793446,0.2583333333333333,258.33333333333337,568.7669606204557,1.8167868858928973,4.862107837594079,2.843915189390899,27.48258433104729,23.11923998451736,524.3574213149404,7964.859523809524,18.140660204053972
14031YOWI01_f231,-61.37570592,150.26844080639086,51.797707995528754,68.44091033935547,-285.6683655,1451.070068359375,170.38363810243143,-3.63734436,-13.88265991,-0.275390625,54.71611022949219,-16.14315796,-34.0123291,-0.253404657,-0.967170091,-0.019185774,0.82381989,-0.243055556,-0.512098413,1.6542390899280657,0.1130639648437504,-1.650369873,-0.001669922,11.23824462890633,12.430371093750097,1.4853515625000109,231,0.083333333,14031YOWI01,1.9278348190841448,20.63868001453842,-30.80370535,106.43789474560516,106.43789474560516,83.33333333333333,14031YOWI01,E,1,15.4,59,37,0.027083333,0.6300623080382898,-0.290495713,0.5442764994700909,-0.127882153,-51.99180998,-30.89346839,2.700744407873336,4.1705542187159255,-1.922870334,3.602714560216125,-0.846486838,-344.1479671,-204.4922912,17.876963659354587,1403,1YO,93,WI01,Wind_success,1,Left,W,0,Naive,Right,3,FALSE,Second,Head-On,TRUE,TRUE,0.2333333333333333,233.33333333333331,464.0754895591677,2.471759679545099,0.2166666666666666,216.66666666666669,423.5229032213038,1.5028809259950993,4.801435782385166,2.7319396272102705,27.46411983887099,22.251390327382012,524.3574213149404,7964.859523809524,18.140660204053972
14031YOWI02_f225,-62.57067725,232.7772731781006,26.217082214355514,67.31087493896484,-203.139801,1425.487548828125,242.46171648204472,-4.74213028,-13.23347473,3.221069336,57.93168640136719,-21.54299927,-9.384277344,-0.328817107,-0.917602979,0.2233474487216406,0.9266702870294063,-0.344599969,-0.150110096,1.843730181739795,0.061011658,-1.842405396,-0.034072266,10.154003906250074,-6.972583008,11.416992187500078,225,0.1333333333333333,14031YOWI02,1.4913851146480053,26.66437021654132,-8.633306807,110.39860827285632,110.39860827285632,133.33333333333334,14031YOWI02,E,1,15.4,59,37,0.023958333,0.6939218058798065,-0.303080382,0.6051279551315695,-0.153264191,-46.66162234,-25.21970147,2.258604712298961,4.593257647773981,-2.006171693,4.005506937868657,-1.014497475,-308.8660017,-166.9360808,14.950320454207612,1403,1YO,94,WI02,Wind_success,2,Left,W,0,Naive,Right,4,FALSE,Second,Head-On,TRUE,TRUE,0.2833333333333333,283.3333333333333,555.0000641,2.3956213731103264,0.35,350,711.9922896492385,1.4296428758085356,4.009259329,2.925036800413165,29.23563248147157,23.69873791276069,524.3574213149404,7964.859523809524,18.140660204053972
14031YOWI03_f226,-50.40618677,228.3522108713786,36.90039672851572,79.43630981445312,-207.6022797,1436.209961,236.74280380489063,-4.632362366,-13.49795532,1.766967773,54.07196044921875,-27.84103394,-16.58605957,-0.322145981,-0.938681329,0.1228793264380585,0.8577452540294611,-0.44164322,-0.263105198,1.760015963636104,0.3114093017578136,-1.729537354,0.096855469,19.44964599609389,-19.17927246,40.09042968750028,226,0.125,14031YOWI03,2.213903601056614,21.292689290308857,-15.25439372,117.24342070148543,117.24342070148543,125,14031YOWI03,E,1,15.4,59,37,0.05,0.932292069,-0.360181637,0.8542684936901241,-0.098300722,-87.71825212,-43.08514236,0.4174761211877053,6.17109542,-2.384140466,5.654636096814303,-0.650679284,-580.6310293,-285.1923055,2.763388281158275,1403,1YO,95,WI03,Wind_success,3,Left,W,0,Naive,Right,5,FALSE,Second,Head-On,TRUE,TRUE,0.25,250,476.7264790024868,2.593538754537648,0.2666666666666666,266.6666666666667,517.5990344007236,1.385169474476899,4.622363730651367,2.7358178642063544,24.95385863362786,22.771451789612257,524.3574213149404,7964.859523809524,18.140660204053972
14031YOWI04_f151,-51.26209836,1425.1611488676767,-88.79593233,78.53278350830078,989.2050170898438,1310.5672607421875,1428.8445753714368,-0.762161255,-14.02838135,-2.077392578,22.580535888671875,51.60821533203125,-11.8581543,-0.053666417,-0.987786984,-0.146276416,0.3922511832361936,0.896497037,-0.205990464,1.0328294779688978,-0.151070251,-0.852341309,-0.563408203,0.7648681640625048,15.137402343750107,2.8212890625000155,151,0.75,14031YOWI04,5.640141909,24.64740428288816,-11.88748598,23.631187052297022,23.631187052297022,750,14031YOWI04,E,1,15.4,59,37,0.060416667,0.4638867509959476,-0.264480541,0.3401422858855213,-0.171884224,-35.52745499,-29.10521984,-0.953596112,3.070592894845887,-1.75066882,2.251494538342278,-1.137748546,-235.165912,-192.6553864,-6.312112686,1403,1YO,96,WI04,Wind_success,4,Left,W,0,Naive,Right,6,FALSE,Second,Head-On,TRUE,TRUE,,,,2.472493763088091,0.425,425,845.4774051137166,,4.934807836351521,4.315184505607781,22.883481464716493,22.696776101687902,524.3574213149404,7964.859523809524,18.140660204053972
14031YOWI05_f208,-60.39996551,512.3234292916031,100.2010754,69.52333832,76.30912780761719,1499.622802734375,525.5128043585241,-2.001693726,-14.14553833,1.004150391,17.73546600341797,34.075157165527344,-50.90429688,-0.139766401,-0.987699043,0.070113866,0.2781059592320977,0.534325079,-0.798219134,2.346483773,0.2406527709960946,-2.334089355,0.009960938,-1.29342041,0.4709838867112931,-2.772070312,208,0.275,14031YOWI05,1.9643860437195944,,-52.96037709,27.496112964468544,27.496112964468544,275,14031YOWI05,E,1,15.4,59,37,0.023958333,1.165762385407341,-0.699900605,0.922665464,-0.133527245,-108.0391994,-87.31311036,1.5685431781571035,7.716499102475216,-4.632832947,6.107374290442499,-0.883853246,-715.1409201,-577.9492855,10.38261499766408,1403,1YO,97,WI05,Wind_success,5,Left,W,0,Naive,Right,7,FALSE,Second,Head-On,TRUE,TRUE,,,,2.365296171929456,0.35,350,696.7486299385231,1.5550760021842085,5.160050782649442,3.4707022139670727,22.76046486,21.07570473301845,524.3574213149404,7964.859523809524,18.140660204053972
14031YOWI06_f216,12.53611660003662,302.3229279836019,41.01038487752271,142.53179931640625,-133.7245789,1440.443359,305.3492404965017,-5.05305481,-13.33848572,2.267211914,51.879791259765625,-11.42262268,-29.69775391,-0.349871447,-0.923551293,0.1569808251944763,0.8524441173147252,-0.187686713,-0.487967954,1.782821974482205,0.078621826,-1.781069641,-0.007983398,18.56557617187513,-0.035925293,7.685156250000055,216,0.2083333333333333,14031YOWI06,2.526009566745769,23.26581289180259,-29.2071084,102.4169711337385,102.4169711337385,208.33333333333331,14031YOWI06,E,1,15.4,59,37,0.014583333,0.6398099614415586,-0.283154627,0.5408000255013574,-0.191613091,-60.99589601,-34.18198789,1.2569127413451884,4.235076594526911,-1.874277682,3.5797028310719075,-1.268339297,-403.7484677,-226.2598984,8.319848162789018,1403,1YO,99,WI06,Wind_success,6,Left,W,0,Naive,Right,9,FALSE,Second,Head-On,TRUE,TRUE,0.2833333333333333,283.3333333333333,449.39279926107406,2.514814001618191,0.4416666666666666,441.6666666666666,819.8706175579413,1.2102571408876854,4.13251052,2.0386383236590326,25.231982922251845,22.24183525131292,524.3574213149404,7964.859523809524,18.140660204053972
14031YOWI07_f228,-6.462047863,156.20979792277018,29.755840810139944,123.4548568725586,-279.8127747,1429.1705322265625,159.14983220844084,-5.509063721,-12.91973877,1.107910156,49.54668426513672,-16.54681396,-35.3840332,-0.391021767,-0.91701591,0.078637135,0.7852986109143794,-0.262261546,-0.560825261,1.516111760490047,-0.009577332,-1.49833374,0.2312988281250008,7.514318847656303,4.062963867187564,1.0951171875000072,228,0.1083333333333333,14031YOWI07,3.480515578538894,21.631809790171136,-34.11288925,108.4674690588824,108.4674690588824,108.33333333333334,14031YOWI07,E,1,15.4,59,37,0.010416667,0.8877853491474185,-0.414062939,0.7727530542193274,-0.139883615,-91.59675791,-55.25588503,-0.14988903,5.876493302271856,-2.740795499,5.115063175790191,-0.925927791,-606.3039167,-365.7537698,-0.992156361,1403,1YO,100,WI07,Wind_success,7,Left,W,0,Naive,Right,10,FALSE,Second,Head-On,TRUE,TRUE,0.2666666666666666,266.6666666666667,451.3720913849178,2.305314967018134,0.2833333333333333,283.3333333333333,487.8615035051816,1.3566131924624805,3.981662149176004,2.516142137936135,28.958853641458592,22.34356085791888,524.3574213149404,7964.859523809524,18.140660204053972
14031YOWI08_f225,-22.57166852,234.9315045727845,5.670270720286453,107.26425170898438,-201.1609039,1405.0499267578125,236.0814351674045,-4.301094055,-12.99475098,3.989746094,55.03707885742188,-20.06893921,-19.11730957,-0.301668877,-0.911422043,0.2798316443815108,0.8931350355408256,-0.32567631,-0.310233379,1.828255793762109,-0.078847961,-1.826499023,0.014267578,30.21800537109397,-10.77626953,-10.0125,225,0.1333333333333333,14031YOWI08,1.2817621125887642,23.52561494651532,-18.07329557,110.0340794841814,110.0340794841814,133.33333333333334,14031YOWI08,E,1,15.4,59,37,0.011458333,1.066536487737428,-0.388031898,0.9809620598040656,-0.156986505,-113.3995643,-48.13491695,1.3881030754251422,7.059695829444033,-2.568488942,6.493255357004285,-1.039136482,-750.622637,-318.6181405,9.188232756,1403,1YO,101,WI08,Wind_success,8,Left,W,0,Naive,Right,11,FALSE,Second,Head-On,TRUE,TRUE,0.275,275,533.8991845503937,2.398300357565576,0.3166666666666666,316.66666666666663,631.7051547,1.5924338115638448,4.446820236924842,2.5583481443645675,26.40766367,21.969240841711667,524.3574213149404,7964.859523809524,18.140660204053972
14031YOWI09_f222,-108.1665194,287.16499112447104,35.002220153808594,21.628381729125977,-148.8103333,1434.3717041015625,308.8509082,-1.442640305,-13.83784485,2.33972168,57.89595603942871,-5.671768188,-24.32531738,-0.102255409,-0.980836647,0.1658411980145265,0.9181935365422722,-0.089950685,-0.385784271,1.892663835633424,0.3499914550781169,-1.857665405,0.093603516,4.582946777342541,-0.63918457,-4.081640625,222,0.1583333333333333,14031YOWI09,2.1735566917133147,23.139284756260864,-22.6924374,95.59511858,95.59511858,158.33333333333331,14031YOWI09,E,1,15.4,59,37,0.017708333,1.211599391632502,-0.359573404,1.1474967898030783,-0.148091763,-92.24848578,-32.82648721,0.3083264460618876,8.019906745253994,-2.380114407,7.595594144611768,-0.980259762,-610.6178811,-217.2874698,2.0408968191872034,1403,1YO,102,WI09,Wind_success,9,Left,W,0,Naive,Right,12,FALSE,Second,Head-On,TRUE,TRUE,0.2833333333333333,283.3333333333333,577.1615033210328,2.527167347205719,0.3333333333333333,333.3333333333333,694.9546378722874,1.9533059043992096,4.957082659746857,2.9615986061548183,27.733744280989946,22.90625553,524.3574213149404,7964.859523809524,18.140660204053972
14031YOWI10_f214,-83.53881874,374.0574755350749,-80.43712743,46.27823257446289,-61.91617584,1318.9505615234375,391.6220891493192,-3.387077332,-12.84191895,4.766357422,54.50602340698242,-9.531188965,-29.54016113,-0.240040023,-0.910098655,0.3377887290143934,0.8689740918968255,-0.151953046,-0.470950421,1.7837853151702792,0.0847435,-1.765980377,0.2366894531249945,13.06323853,-2.056915283,-18.3234375,214,0.225,14031YOWI10,3.9731521939449856,23.628730637509964,-28.09600815,99.91873329316738,99.91873329316738,225,14031YOWI10,E,1,15.4,59,37,0.023958333,0.708186848,-0.214171653,0.6681257608759222,-0.096265686,-57.95056675,-20.98958444,2.3320213024560803,4.687681849774183,-1.417660568,4.422506591974279,-0.637208823,-383.5906029,-138.9357828,15.436284883276276,1403,1YO,104,WI10,Wind_success,10,Left,W,0,Naive,Right,13,FALSE,Second,Head-On,TRUE,TRUE,0.3333333333333333,333.3333333333333,592.4083159451601,2.279119998315009,0.4916666666666666,491.6666666666666,933.9823765598096,1.523427414112455,4.110907961663533,2.104868689819068,26.306583084256943,22.74715079493304,524.3574213149404,7964.859523809524,18.140660204053972
14031YOWI11_f213,-107.9789848,406.2235335667928,-60.80542857,21.80665397644043,-29.74334335,1338.5648193359375,424.7049805753895,-2.402177811,-12.93545151,4.580566406,55.874101638793945,-15.92471695,-26.48217773,-0.172431676,-0.928524765,0.3287994502396854,0.875084344,-0.249408403,-0.414756362,1.9117309843628825,-0.174499512,-1.900314102,0.1143310546875004,8.203875732421936,-13.73698883,-2.75625,213,0.2333333333333333,14031YOWI11,4.736469902705968,24.01381056623536,-24.50397437,105.90811906125768,105.90811906125768,233.33333333333331,14031YOWI11,E,1,15.4,59,37,0.020833333,0.5848467023870865,-0.167801561,0.5548353381468053,-0.077756344,-37.85325109,-13.78855105,2.5622342949451866,3.871259795776152,-1.110724287,3.672606393,-0.514690441,-250.5609906,-91.2701792,16.960127453732518,1403,1YO,105,WI11,Wind_success,11,Left,W,0,Naive,Right,14,FALSE,Second,Head-On,TRUE,TRUE,0.35,350,635.6982314638313,2.2430257545723555,0.4666666666666667,466.6666666666667,879.8062789433172,1.5093005046420045,5.1379061128161805,2.2293288645514044,26.668753138466847,22.219539461071303,524.3574213149404,7964.859523809524,18.140660204053972
14031YOWI12_f226,-81.34344012,212.7898477554321,8.092220815022756,48.47254180908203,-223.1729279,1407.4197998046875,227.9512198,-2.140983582,-13.12478638,5.382568359,51.65708923339844,-14.87071228,-35.11218262,-0.149236105,-0.914856153,0.3751890235276131,0.8045476937371381,-0.231608042,-0.546864447,1.7663433048826331,0.1426020812988286,-1.724208984,0.3560009765625013,19.46689453125014,4.503515625000024,-2.170898438,226,0.125,14031YOWI12,2.3243139025510327,22.19273798686136,-33.15216574,106.05971284981112,106.05971284981112,125,14031YOWI12,E,1,15.4,59,37,0.025,0.6190217321391471,-0.302879727,0.5392798865403615,-0.025079469,-44.03143352,-26.60467016,-1.087633525,4.097473636,-2.004843501,3.5696406167862205,-0.166007842,-291.4560647,-176.1035662,-7.199342871,1403,1YO,106,WI12,Wind_success,12,Left,W,0,Naive,Right,15,FALSE,Second,Head-On,TRUE,TRUE,0.3083333333333333,308.33333333333337,602.8799806924934,2.4317472140918706,0.2583333333333333,258.33333333333337,488.1172945607893,1.5142516512807924,4.178517538776544,2.659463802338573,28.04163332689528,23.015591790955156,524.3574213149404,7964.859523809524,18.140660204053972
14041YOME01_f235,4.2275752067565975,53.45765857696534,39.73189900716147,-174.466629,-368.7223816,1437.039306640625,66.73992396890678,3.943038940429688,-13.46911621,0.386230469,-45.0186615,-2.731933594,-49.17663574,0.2808487705884873,-0.95935769,0.027509835,-0.674669929,-0.040941987,-0.736983203,1.9967713767083084,0.052349854,-1.995552979,-0.046083984,-1.478320313,4.803662109375021,-23.05546875,235,0.05,14041YOME01,3.162304338529768,22.490647234051384,-47.47506085,-93.4727053,93.47270529933888,50,14041YOME01,E,4,18,61,39,0.5125,0.6385104595379284,-0.466203711,0.4152480329572782,-0.13386104,-16.07819091,-17.10909782,2.270270313898641,3.615984027284678,-2.640184114,2.3516141859626134,-0.758075886,-91.05329545,-96.89148161,12.856893837912793,1404,1YO,112,ME01,Wind_missed,1,Right,M,0,Naive,Left,1,FALSE,Second,Failure,FALSE,FALSE,0.125,125,213.5219707506002,2.583009608940436,0.2083333333333333,208.33333333333331,417.2253120285347,1.6902793035603607,4.124326345,2.3496289378405653,28.14782296396484,23.05640942670764,582.5767989919827,8514.002380952381,19.78765824375542
14041YOME02_f197,63.862215836842864,818.4834002176921,45.08986562093105,-114.8658295,395.14056396484375,1442.272216796875,822.2083404011539,-2.304214478,-14.10229492,1.697631836,12.334487915039062,51.8717041,-36.01062012,-0.16012842,-0.980020841,0.1179747402456415,0.1917092581504372,0.8062179784687109,-0.559696464,2.273716016,-0.33987854,-2.248161621,-0.006035156,-2.214733887,4.721484375000013,-13.98515625,197,0.3666666666666666,14041YOME02,2.5424350058192826,23.772941548199825,-34.03480879,13.375857555731187,13.375857555731187,366.6666666666666,14041YOME02,E,4,18,61,39,0.04375,0.1394197442980443,-0.024073428,-0.124469793,0.058013841,16.133119891911107,-2.61929073,-1.065204031,0.7895556931591591,-0.136331568,-0.704891794,0.3285414060062214,91.36436681,-14.83345073,-6.032416078,1404,1YO,117,ME02,Wind_missed,2,Right,M,0,Naive,Left,4,FALSE,Second,Failure,FALSE,FALSE,,,,2.6045030368967645,0.1916666666666666,191.66666666666669,397.2222250897091,1.2226618823058877,3.822222916,2.263517729062072,25.33416990677523,22.96802859514949,582.5767989919827,8514.002380952381,19.78765824375542
14041YOMI01_f240,-13.00471474,-26.93207836,60.04687347412119,116.5800552368164,-468.1036072,1459.521728515625,67.08268378979935,-14.29298401,-2.092407227,0.032470703,46.427772521972656,-24.62823486,-28.9744873,-0.989451114,-0.144849715,0.002247828,0.7736233523740911,-0.410378887,-0.482800246,0.4895196190723241,-0.2954599,-0.380185547,0.088271484,-0.160290527,4.5984375000000375,0.7611328125000049,240,0.008333333,14041YOMI01,1.9877664426256945,21.170376515480235,-28.86845078,117.94431479604812,117.94431479604812,8.333333333333334,14041YOMI01,E,4,18,61,39,0.4364583333333333,0.4637877224388841,-0.411359238,-0.208889794,0.047409731,11.620221383282336,-24.60518771,0.4948944389082956,2.626501995916209,-2.329591337,-1.182975388,0.2684886767759465,65.80712075706387,-139.3430044,2.8026641686957507,1404,1YO,55,MI01,Wind_missed,1,Right,M,0,Naive,Right,1,TRUE,First,Failure,FALSE,FALSE,0.3,300,458.2492648380508,2.5703029836012616,0.35,350,583.3807638398539,0.5180429335275123,4.395857153218991,1.9746882076668903,29.968590588565043,22.82722951388057,582.5767989919827,8514.002380952381,19.78765824375542
14041YOMI02_f231,-54.21216433,137.2686431433131,40.55648268,75.19625854492188,-304.0722046,1440.0540771484375,153.0570724911179,-0.235610962,-14.45715332,1.438720703,49.59216309,5.418884277,-43.4263916,-0.016214952,-0.994953919,0.099014015,0.749797443,0.08192959,-0.656575462,2.1978393294932346,0.3010885620117198,-2.176710205,0.042143555,2.781628417968772,8.874316406250028,-12.78457031,231,0.083333333,14041YOMI02,0.7770654,39.25405264259407,-41.03921803,83.76408932266126,83.76408932266126,83.33333333333333,14041YOMI02,E,4,18,61,39,0.003125,0.4498119393494371,-0.143227556,0.4039199487368502,0.1366210928855065,-51.03192483,-20.58551649,2.181378930146757,2.547354962903144,-0.811119922,2.2874614833891167,0.7737064949909759,-289.0017263,-116.5789812,12.353488108204536,1404,1YO,60,MI02,Wind_missed,2,Right,M,0,Naive,Right,2,TRUE,First,Failure,FALSE,FALSE,0.1666666666666666,166.66666666666666,348.87096398934534,2.7810109063464754,0.2,200,438.6428002177051,1.5015593173986548,3.8699044985122177,2.435064331399293,26.34146296564329,22.72532188223116,582.5767989919827,8514.002380952381,19.78765824375542
14041YOPE01_f240,14.997190097213291,38.18169869853472,31.98138736773149,-163.782959,-385.1832275,1429.113037109375,52.01506478206612,3.819137573242188,-13.41357422,1.718994141,-42.27354431,-5.251373291,-54.2779541,0.271781906,-0.954552354,0.1223290584103711,-0.612677708,-0.076109051,-0.786659672,1.238252074,-0.206923828,-1.205822754,0.1908984375000006,-1.58840332,3.872900390625032,6.818554687500048,240,0.008333333,14041YOPE01,1.3204002925823437,31.12726785028408,-51.87443921,-97.08121402,97.08121401568724,8.333333333333334,14041YOPE01,E,4,18,61,39,0.022916667,0.8184996386705182,-0.290693385,-0.764723896,0.025226529,101.24992076182254,-36.66127523,-5.451435614,4.635290738874835,-1.646241848,-4.330750343,0.1428617593092441,573.3940466747227,-207.6185028,-30.87232764,1404,1YO,116,PE01,Wind_Near-miss,1,Right,P,0,Naive,Left,3,FALSE,Second,Pivot,TRUE,FALSE,0.2083333333333333,208.33333333333331,427.8932503882427,2.545080876684012,0.1666666666666666,166.66666666666666,325.4731490847365,1.2603076530439823,2.9613591725644044,1.6273108039174933,30.59582683186232,24.960782065448548,582.5767989919827,8514.002380952381,19.78765824375542
14041YOPI01_f234,-76.9683033,119.41942310333252,78.17568207,52.50618743896485,-322.1018982,1477.7103271484375,162.16212749538283,1.2330207824707031,-13.7878418,-4.426757813,50.965667724609375,-2.355529785,-48.63269043,0.084840211,-0.948697235,-0.304591027,0.7230673946341348,-0.033418708,-0.689968646,1.907467331816313,0.4851173400878924,-1.808858643,-0.362109375,-6.540435791,-11.61474609,2.4521484375000235,234,0.058333333,14041YOPI01,0.7474894941085868,6.797099044909065,-43.62762699,92.64621159266048,92.64621159266048,58.333333333333336,14041YOPI01,E,4,18,61,39,0.015625,0.9575484610450408,-0.631645331,0.7121120835358069,0.104017359,-75.67145379,-70.97231999,1.5604482228089416,5.422745843498929,-3.577105739,4.032801469791635,0.5890664808714807,-428.5392105,-401.927285,8.837060951460764,1404,1YO,61,PI01,Wind_Near-miss,1,Right,P,0,Naive,Right,3,TRUE,First,Pivot,TRUE,FALSE,0.15,150,353.70763374722367,2.7678669527704343,0.1583333333333333,158.33333333333331,374.9780370022055,1.7285148868904177,3.735357228220888,2.3780119541019618,27.67052047131004,22.984072796608352,582.5767989919827,8514.002380952381,19.78765824375542
14041YOPI02_f237,11.189915307362869,46.807049687703454,22.939139302571675,140.80926513671875,-394.7154846,1422.560302734375,53.31339622455019,-9.420150757,-10.20651245,1.112060547,51.67340087890625,-17.80914307,-31.8527832,-0.676068156,-0.732503994,0.079810689,0.8168336459445189,-0.281520222,-0.503516792,1.105675195539343,-0.33788269,-1.041079102,0.1565478515624963,-2.317016602,19.85097656250295,-3.5578125,237,0.033333333,14041YOPI02,0.7379958879041563,33.89354533671288,-30.23294311,109.01641818653592,109.01641818653592,33.333333333333336,14041YOPI02,E,4,18,61,39,0.559375,0.2374510926288127,-0.22258642,-0.011103189,0.081945265,0.8929521274886205,-25.53047323,-0.811765906,1.3447224636358182,-1.260541509,-0.062879085,0.4640687765916583,5.056926761,-144.5830401,-4.597156566,1404,1YO,81,PI02,Wind_Near-miss,2,Right,P,0,Naive,Right,10,TRUE,First,Pivot,TRUE,FALSE,0.2083333333333333,208.33333333333331,429.0097372429741,3.038658636475994,0.2333333333333333,233.33333333333331,502.2984986365543,1.0116833714770854,3.5113569897167465,2.172987673823546,30.299747105975325,25.57545215825646,582.5767989919827,8514.002380952381,19.78765824375542
14041YOWE01_f237,20.411212380727136,87.50133330027262,14.46792933146162,-158.5441437,-335.6565247,1411.6060791015625,91.00781229826764,4.0602569580078125,-13.21783447,2.565063477,-46.80517578,-0.782653809,-46.56213379,0.2887129748428125,-0.939881478,0.1823941476212307,-0.708895221,-0.011853808,-0.70521419,1.916988177245124,0.1275347900390595,-1.893530273,0.2704101562499937,9.615014648436905,1.059082031,2.0566406249990945,237,0.033333333,14041YOWE01,1.550320218533974,25.11647963,-44.8468507,-90.9579834,90.95798339650072,33.333333333333336,14041YOWE01,E,4,18,61,39,0.01875,1.1932334937998568,-0.362601605,-1.118591389,0.2026809128616518,142.1616925709202,-37.60638252,1.1086528299240763,6.757466835,-2.053469276,-6.334756986,1.147813528495027,805.0837726295175,-212.9707924,6.278473382739136,1404,1YO,114,WE01,Wind_success,1,Right,W,0,Naive,Left,2,FALSE,Second,Head-On,TRUE,TRUE,0.1083333333333333,108.33333333333334,246.2599041417188,2.645346655412168,0.1833333333333333,183.3333333333333,437.2054640733967,1.7950652013226494,3.8793251349921527,2.564092976137312,28.13868558067369,24.38573822038872,582.5767989919827,8514.002380952381,19.78765824375542
14041YOWE02_f233,92.72669897079469,149.15618279774986,29.60665918986001,-85.9774704,-274.1779175,1426.795166015625,178.1077253720362,-0.774032593,-14.06158447,1.542724609,-42.73308563,10.592559814453123,-52.12463379,-0.054635847,-0.992550685,0.1088947245917041,-0.626311787,0.1552484444412493,-0.763957764,2.091480072,-0.205152283,-2.078719482,-0.105483398,-3.678662109,2.2227539062500314,-13.4859375,233,0.066666667,14041YOWE02,1.1751364393779562,30.316921639070525,-49.81435902,-76.07828373,76.07828372869733,66.66666666666667,14041YOWE02,E,4,18,61,39,0.026041667,1.2209257036631185,-0.432085547,-1.121558169,0.2146367336358091,81.94760067792087,-29.53098557,2.447538296923263,6.914292126306028,-2.446967647,-6.351558325,1.215521200791761,464.0820063309598,-167.2385637,13.86078999276964,1404,1YO,118,WE02,Wind_success,2,Right,W,0,Naive,Left,5,FALSE,Second,Head-On,TRUE,TRUE,0.1333333333333333,133.33333333333334,325.9100824468832,2.875481495,0.2166666666666666,216.66666666666669,546.4372515612722,1.880348208177001,4.600124003062891,2.077769460027523,31.12694138350481,25.186694398884264,582.5767989919827,8514.002380952381,19.78765824375542
14041YOWE03_f231,72.70775746005063,135.3120631972534,30.902254299729293,-106.0158844,-288.0184631,1428.078369140625,156.68669937927783,0.8973846435546875,-13.95565796,0.487426758,-46.3629303,1.203399658203125,-50.00939941,0.064131096,-0.997333353,0.034833683,-0.679759441,0.017643886,-0.733222883,1.6122215858740454,-0.205471802,-1.592167969,0.1484619140625005,-9.296520996,5.283544921875026,-12.81796875,231,0.083333333,14041YOWE03,1.0990623429259807,22.584885472445706,-47.15726454,-88.51316034,88.51316033999734,83.33333333333333,14041YOWE03,E,4,18,61,39,0.011458333,0.6771647675245952,-0.226749993,-0.611124389,0.183476279,58.14467390635273,-21.53811488,-1.691414136,3.834889384554282,-1.28412047,-3.460892449,1.0390546976115869,329.28233042446897,-121.973694,-9.578741283,1404,1YO,119,WE03,Wind_success,3,Right,W,0,Naive,Left,6,FALSE,Second,Head-On,TRUE,TRUE,0.1583333333333333,158.33333333333331,295.91719027284864,2.782774693714837,0.2,200,401.9041187061962,1.5001753013787835,4.183351915927989,2.378035198565436,28.55423280009896,24.324948438617486,582.5767989919827,8514.002380952381,19.78765824375542
14041YOWE04_f236,45.462530511193705,79.97889051876308,27.43243203901352,-133.2780457,-343.3622437,1424.592041015625,96.00001529514776,2.367340087890625,-13.6605835,1.823242188,-43.82920837,-6.64654541,-51.09802246,0.1692944763961839,-0.976902872,0.1303846595827621,-0.647905831,-0.098252642,-0.755357168,1.678974018037917,-0.1419104,-1.67230957,0.046860352,-2.37722168,-0.420117187,-15.86777344,236,0.041666667,14041YOWE04,0.867002797,21.60678817583438,-49.05658815,-98.62300405,98.62300405,41.66666666666666,14041YOWE04,E,4,18,61,39,0.011458333,0.8492449090256908,-0.216800811,-0.770211875,0.2845838918295196,86.80964006952458,-23.35124983,-0.341816381,4.809405986100866,-1.227776709,-4.361829624,1.611642835142823,491.6164915025744,-132.2417592,-1.935759321,1404,1YO,120,WE04,Wind_success,4,Right,W,0,Naive,Left,7,FALSE,Second,Head-On,TRUE,TRUE,0.1583333333333333,158.33333333333331,319.1159755944737,2.6191310294258847,0.2333333333333333,233.33333333333331,509.1697575676539,1.5691406091810487,4.077101814879359,2.2431433634186804,29.455552483886656,24.91898506266912,582.5767989919827,8514.002380952381,19.78765824375542
14041YOWE05_f236,43.80683724085489,106.58724339803058,22.860155232747505,-134.8675537,-316.7820435,1419.977051,117.48389737109966,2.418609619140625,-13.72427368,1.330932617,-38.89538574,1.208404541015625,-55.60961914,0.1727680807625278,-0.980363431,0.095072256,-0.573061437,0.017803912,-0.819318992,1.7515391471473294,-0.133791504,-1.735048828,0.1989843750000007,-0.936254883,6.830419921875063,-10.64707031,236,0.041666667,14041YOWE05,0.1880616684686867,15.353714022954197,-55.01668022,-88.22050314,88.22050314048727,41.66666666666666,14041YOWE05,E,4,18,61,39,0.023958333,1.145581372,-0.361467064,-1.067907644,0.2031538948246369,114.73781656335954,-35.90068008,-1.6964703,6.487605456706535,-2.047044197,-6.047727056,1.150492098904955,649.7780981048791,-203.3111342,-9.607375129,1404,1YO,122,WE05,Wind_success,5,Right,W,0,Naive,Left,8,FALSE,Second,Head-On,TRUE,TRUE,0.125,125,286.16503471716504,2.6775293998262306,0.1916666666666666,191.66666666666669,452.04489514688106,1.7305779350142856,3.2737956212302124,1.9192567528144049,26.78973654313142,24.06491094957673,582.5767989919827,8514.002380952381,19.78765824375542
14041YOWE06_f238,27.787895266215003,84.59610735575359,26.90974807739257,-150.9137268,-338.7272644,1424.0838623046875,93.02044423,3.939819336,-13.34970093,1.52331543,-38.7336731,-8.515960693,-54.50708008,0.2813746256443908,-0.953411002,0.1087923765582138,-0.574615226,-0.126334538,-0.808614201,1.6494161105561684,0.2079089355468757,-1.636248779,-0.006108398,4.189746093750585,5.086669921869689,-20.13398437,238,0.025,14041YOWE06,0.597547847,25.128378620470915,-53.96075528,-102.3997324,102.3997323918885,25,14041YOWE06,E,4,18,61,39,0.029166667,1.016152989,-0.296487995,-0.961607142,0.1413275290344513,106.8180674959252,-27.10039193,1.086035716209739,5.754632399126401,-1.679057625,-5.445730784,0.800359775,604.9273275338385,-153.4737339,6.150389150581827,1404,1YO,123,WE06,Wind_success,6,Right,W,0,Naive,Left,9,FALSE,Second,Head-On,TRUE,TRUE,0.2333333333333333,233.33333333333331,514.8985086440191,2.428658588495922,0.2333333333333333,233.33333333333331,514.8985086440191,1.6913080970926044,3.973463493,1.9021949319618228,27.84175236737151,24.617834373040782,582.5767989919827,8514.002380952381,19.78765824375542
14041YOWE07_f237,39.672989592422766,64.58693018,24.05336970128201,-139.0141602,-358.7137146,1421.179443359375,79.52346979000916,2.4801483154296875,-13.57339478,2.793457031,-38.3522644,1.953796387,-54.79138184,0.1761712553357272,-0.964152822,0.1984263718665813,-0.573200719,0.029200818,-0.818894528,1.8292054710352188,-0.069616699,-1.812224121,0.2387255859374945,3.774462890625149,-3.045410156,-15.06972656,237,0.033333333,14041YOWE07,0.6871010670929841,19.830885282280843,-54.97428439,-87.08367684,87.08367683926429,33.333333333333336,14041YOWE07,E,4,18,61,39,0.008333333,1.1040097641003346,-0.329863207,-1.032415102,0.2101115896157212,112.8058035796952,-35.60737966,-2.174000674,6.252178978934957,-1.86806664,-5.846727276,1.189894606499724,638.8368081305653,-201.6501283,-12.3117039,1404,1YO,125,WE07,Wind_success,7,Right,W,0,Naive,Left,10,FALSE,Second,Head-On,TRUE,TRUE,0.1916666666666666,191.66666666666669,402.7822577,2.397602855634781,0.1583333333333333,158.33333333333331,323.7725987933205,1.717290226224982,3.338147861261483,2.049435882617431,30.77546386292715,26.003956086330493,582.5767989919827,8514.002380952381,19.78765824375542
14041YOWE08_f235,12.806893480372736,84.54747979710788,30.202597135280485,-165.9902802,-338.7613831,1427.3599853515625,90.68897250700348,6.488922119140625,-12.45175171,0.916259766,-37.91612244,-1.902801514,-57.44470215,0.4611572073044483,-0.884925869,0.065117101,-0.550658333,-0.027634511,-0.834273177,1.7026239299936106,0.2240991210937508,-1.650622559,0.3523535156250013,-4.636669922,5.806054687500029,-7.335351563,235,0.05,14041YOWE08,2.4519100774703366,22.66885849391053,-56.54023211,-92.87294964,92.87294963841964,50,14041YOWE08,E,4,18,61,39,0,0.7520720851993503,-0.147148338,-0.734741622,0.064144654,90.73501835,-15.39751358,-1.179674375,4.259101173402143,-0.833323924,-4.160956066,0.3632611504567498,513.8465191647152,-87.19851387,-6.680679438,1404,1YO,127,WE08,Wind_success,8,Right,W,0,Naive,Left,11,FALSE,Second,Head-On,TRUE,TRUE,0.2,200,384.49223485588135,2.4396746271432805,0.25,250,500.2316546568001,1.377746008521846,3.310852369900478,2.178439666751172,25.473349855829504,23.061058201322812,582.5767989919827,8514.002380952381,19.78765824375542
14041YOWE09_f239,72.19872709910075,67.36446539560956,39.76448364257817,-106.5570984,-355.9347229,1436.965332,106.45112283169009,0.8704299926757812,-14.08203125,0.887573242,-34.72344971,0.698760986,-59.59570313,0.061571937,-0.996125991,0.062784605,-0.503404747,0.010130318,-0.863991341,1.6233370997083567,-0.265974426,-1.601392822,-0.0046875,4.423425292968791,-1.326269531,-16.96640625,239,0.016666667,14041YOWE09,0.3209715150650503,,-59.76772838,-88.84715797,88.84715796590541,16.666666666666668,14041YOWE09,E,4,18,61,39,0.026041667,0.9028194114491824,-0.328704227,-0.826664797,0.1538237104961671,73.12399762614773,-29.53626849,-1.794596449,5.112806724709381,-1.861503156,-4.681531301,0.8711275937035176,414.1125700880492,-167.2684817,-10.16307877,1404,1YO,128,WE09,Wind_success,9,Right,W,0,Naive,Left,12,FALSE,Second,Head-On,TRUE,TRUE,0.1166666666666666,116.66666666666669,274.2039441914167,2.601099839,0.2083333333333333,208.33333333333331,494.6924989535672,1.6233370997083567,3.615726604,2.184051137732231,29.47488447138733,24.54972071430902,582.5767989919827,8514.002380952381,19.78765824375542
14041YOWE10_f237,19.52180786132812,71.34122193654377,27.15344594319663,-159.2789154,-351.9668884,1424.341309,78.79073902536965,6.503143310546875,-12.35644531,1.029663086,-37.75898743,-10.54336548,-53.36035156,0.4644713507661027,-0.882529351,0.073541206,-0.570260952,-0.159232809,-0.805882969,1.6896929308226392,0.1708868408203085,-1.674177246,0.1516259765624965,-3.375439453,3.641748047,-15.75527344,237,0.033333333,14041YOWE10,0.5448844987261519,32.852332169925624,-53.69561472,-105.6012201,105.6012201076846,33.333333333333336,14041YOWE10,E,4,18,61,39,0.007291667,1.3429587565123289,-0.293328729,-1.292409602,0.2171955294138609,159.85667419306694,-38.5172206,-1.153491824,7.605384281981702,-1.661166209,-7.319116561,1.2300120592018404,905.2932053,-218.1290101,-6.532403581,1404,1YO,129,WE10,Wind_success,10,Right,W,0,Naive,Left,13,FALSE,Second,Head-On,TRUE,TRUE,0.15,150,297.6973789112228,2.547594978420217,0.2666666666666666,266.6666666666667,582.6847207515802,1.612261698806861,3.549459233741016,2.1880816069954188,30.197253404061765,25.133299985957827,582.5767989919827,8514.002380952381,19.78765824375542
14041YOWE11_f220,98.23368794123331,277.15526688893635,6.430901845296148,-80.53220367,-146.1219482,1403.5994873046875,294.11945856973995,0.9319534301757812,-14.00737,1.283813477,-48.70702362,4.498535156,-45.78845215,0.066110433,-0.993647611,0.0910705,-0.726954849,0.06714087,-0.683395019,2.146087877142113,-0.236658325,-2.116953735,0.261137695,4.938574218750036,5.894714355,1.4097656250000186,220,0.175,14041YOWE11,0.4157070346621605,39.84446848981454,-43.10951481,-84.72318549,84.72318549120712,175,14041YOWE11,E,4,18,61,39,0.005208333,0.5651707133658105,-0.266743313,-0.497098804,0.034039965,38.69070645118267,-21.49123907,0.961825584,3.200649639629689,-1.510608861,-2.815147832,0.1927736151558732,219.11148743449243,-121.7082289,5.446967858386453,1404,1YO,130,WE11,Wind_success,11,Right,W,0,Naive,Left,14,FALSE,Second,Head-On,TRUE,TRUE,0.225,225,410.4617728025533,2.649725927227706,0.225,225,410.4617728025533,1.4008682087407087,3.5191081966800075,1.941092383625641,26.883409182602623,24.46872972,582.5767989919827,8514.002380952381,19.78765824375542
14041YOWE12_f233,66.46738866170247,97.00111955006918,23.51914443969736,-112.2816544,-326.3062134,1420.700927734375,119.91780978923843,1.6218490600585938,-13.72073364,1.307495117,-39.39861298,1.331604004,-54.83337402,0.1168648800326626,-0.988669002,0.094213613,-0.583396871,0.019717791,-0.811947843,1.7057128194744249,-0.19566925,-1.671936035,0.275317383,7.372155762,-1.016015625,-19.74023438,233,0.066666667,14041YOWE12,0.7094269764312343,20.402033462829863,-54.28667985,-88.06424003,88.06424002539211,66.66666666666667,14041YOWE12,E,4,18,61,39,-0.009375,0.6815649051349161,-0.185764059,-0.646921747,0.1073065139300522,59.76536251536663,-16.54464056,-0.072574423,3.859808048108031,-1.052010756,-3.663618454,0.6076934756487272,338.4605421,-93.69487236,-0.411000246,1404,1YO,131,WE12,Wind_success,12,Right,W,0,Naive,Left,15,FALSE,Second,Head-On,TRUE,TRUE,0.1666666666666666,166.66666666666666,315.0805698276512,2.658141731300663,0.25,250,528.7270287,1.2479635657783166,3.0120089106225048,1.8764453035353243,30.05889071105875,25.741306670996234,582.5767989919827,8514.002380952381,19.78765824375542
14041YOWI01_f236,-17.37089345,64.99419596610079,50.837494984112936,112.53813934326172,-376.6730957,1450.634277,84.32345074061472,-3.850494385,-13.93771362,0.130615234,46.94886016845703,-11.6368103,-47.73864746,-0.266278514,-0.963853809,0.009032614,0.6908287146661971,-0.171229774,-0.702450035,0.9311368341205478,0.018740845,-0.924543457,0.1090136718750003,1.1565307617187583,1.778466796875004,2.1111328125000144,236,0.041666667,14041YOWI01,0.8145424341451486,28.11188753,-44.62390265,103.92086072506989,103.92086072506989,41.66666666666666,14041YOWI01,E,4,18,61,39,0.029166667,0.3095431429402792,-0.201177552,0.2352128371421211,-0.004412602,-30.9035578,-29.88164937,1.1435094834961437,1.752990955602442,-1.139299764,1.3320468747430123,-0.024989254,-175.0116536,-169.2244273,6.475872032484674,1404,1YO,63,WI01,Wind_success,1,Right,W,0,Naive,Right,4,TRUE,First,Head-On,TRUE,TRUE,0.2333333333333333,233.33333333333331,447.4928750977076,2.742148345,0.2,200,357.7069229373377,0.7678083613659927,5.331467317,2.294999861300853,29.815414675109704,25.28038592273118,582.5767989919827,8514.002380952381,19.78765824375542
14041YOWI02_f228,-142.7022513,207.8862502415975,55.80514806,-13.2624321,-233.6311798,1455.3963623046875,258.2534416553681,2.5637264251708984,-14.14115906,2.337280273,46.92504501342773,5.498840332,-48.21289063,0.1760741516986554,-0.971200578,0.1605220578089085,0.6951530563287905,0.081460458,-0.714231351,2.157814963383504,0.5602169036865254,-2.077489014,-0.162363281,7.680761718750056,9.109204101562632,-12.13769531,228,0.1083333333333333,14041YOWI02,1.397073168614802,27.98563231287193,-45.58024092,83.31636278987246,83.31636278987246,108.33333333333334,14041YOWI02,E,4,18,61,39,0.011458333,1.012070816908225,-0.468303028,0.8929967428085763,0.086812613,-61.05225715,-34.27124722,1.2144315390219078,5.731514423537351,-2.652072873,5.057179424671969,0.4916333263614019,-345.7484265,-194.0834025,6.877514662033684,1404,1YO,68,WI02,Wind_success,2,Right,W,0,Naive,Right,5,TRUE,First,Head-On,TRUE,TRUE,0.2416666666666666,241.66666666666663,577.4160633,2.7266786559016323,0.3666666666666666,366.6666666666666,863.0047110939933,1.5859744119494013,5.102597345386684,2.4939956425073286,29.970255215019645,24.06176662218499,582.5767989919827,8514.002380952381,19.78765824375542
14041YOWI03_f185,-136.8087131,1027.141786130269,20.75858917236337,-7.418458462,585.6486816,1420.2911376953125,1036.420663545635,-2.435425282,-14.2109375,2.287963867,32.88365888595581,41.60504150390625,-29.88659668,-0.166826849,-0.973450486,0.1567257289034682,0.540200981,0.6834727335320139,-0.490966315,2.0684714990474284,-0.919180006,-1.835581055,0.2536230468750009,-2.042569971,-3.658007813,-7.715039062,185,0.4666666666666667,14041YOWI03,3.113991912,23.000796763184653,-29.40411449,38.32202548468258,38.32202548468258,466.6666666666667,14041YOWI03,E,4,18,61,39,0.013541667,1.0708542665203666,-0.567428042,0.897734873,0.1372092414944326,-83.49308244,-57.4571112,1.4427066103393156,6.064414240119871,-3.213433242,5.0840121906626745,0.7770372720264618,-472.8343099,-325.3885559,8.170271890017645,1404,1YO,69,WI03,Wind_success,3,Right,W,0,Naive,Right,6,TRUE,First,Head-On,TRUE,TRUE,,,,2.7834082013510053,0.1833333333333333,183.3333333333333,455.33685028345405,1.8538405780346103,4.179376936679514,2.6478184814503773,23.53180630171656,22.280747605415904,582.5767989919827,8514.002380952381,19.78765824375542
14041YOWI04_f231,-9.469536559,140.04899482727052,38.91789347330723,120.25477600097656,-301.5238647,1438.6158447265625,145.66398150252087,-6.590293884,-12.5017395,-0.098999023,58.04246520996094,-6.089691162,-26.73474121,-0.466312875,-0.884592128,-0.007004926,0.9041849385543166,-0.094865148,-0.416473529,1.7858103070547418,-0.274537354,-1.76451416,0.015410156,2.3866699218750127,14.767822265625156,-15.82558594,231,0.083333333,14041YOWI04,2.1337451176077145,26.50688154,-24.61214597,95.98943787992256,95.98943787992256,83.33333333333333,14041YOWI04,E,4,18,61,39,0.01875,0.6563747477782937,-0.253996207,0.6009582979454318,-0.071853047,-74.62990882,-36.54031825,1.409579662314759,3.717152269669803,-1.43842002,3.4033202964403206,-0.406914981,-422.6407794,-206.9335046,7.982668831774601,1404,1YO,75,WI04,Wind_success,4,Right,W,0,Naive,Right,7,TRUE,First,Head-On,TRUE,TRUE,0.2166666666666666,216.66666666666669,437.23283187545735,2.519206282249528,0.25,250,520.0951761,1.4536468002177247,2.879723245558428,1.773997186607506,26.50688154,22.10043022626411,582.5767989919827,8514.002380952381,19.78765824375542
14041YOWI05_f206,-29.61978041,650.3511764526368,-22.67827326,100.09323120117188,208.8029633,1376.994629,651.4202086083327,-2.37852478,-13.82781982,2.174072266,26.818397521972656,48.19154357910156,-28.07202148,-0.167521448,-0.973904673,0.1531216899238198,0.4333622027436788,0.7787338323233741,-0.453619686,2.743478835591792,0.01828949,-2.733511963,0.2329248046875008,-1.595983887,-8.004199219,16.78359375000012,206,0.2916666666666667,14041YOWI05,0.8743838242909746,,-26.97615752,29.095759413877552,29.095759413877552,291.6666666666667,14041YOWI05,E,4,18,61,39,0.01875,0.6545742311743841,-0.245358507,0.6068077256736992,-0.007142201,-77.77769928,-34.70799279,1.049712607230651,3.7069556641430745,-1.389503383,3.4364465153114696,-0.040447397,-440.4672062,-196.5567606,5.944685735817483,1404,1YO,77,WI05,Wind_success,5,Right,W,0,Naive,Right,8,TRUE,First,Head-On,TRUE,TRUE,,,,2.7280935833513307,0.325,325,740.6123590065985,,3.2343720493922445,2.658006399,27.123298518063848,23.242267047169847,582.5767989919827,8514.002380952381,19.78765824375542
14041YOWI06_f228,-47.55396729,183.6127960205078,-0.291015625,79.74603271484375,-250.087204,1399.708984,189.67109257111457,-2.901908875,-13.70399475,2.508789063,54.64823913574219,-5.800537109,-36.04309082,-0.203918033,-0.962983945,0.1762933825746243,0.8315253380610043,-0.088260732,-0.548430174,1.8671789458730368,0.038091431,-1.802680664,0.4850244140625018,2.781518555,6.296484375000051,-13.15371094,228,0.1083333333333333,14041YOWI06,1.874193415530785,22.644508205522484,-33.25938284,96.05886956,96.05886956,108.33333333333334,14041YOWI06,E,4,18,61,39,0.017708333,0.6992946445828687,-0.230120378,0.6595575667709266,0.032271161,-76.12939421,-32.1345956,2.1265754632294183,3.9602143197580064,-1.303207485,3.735177068586061,0.1827566042332939,-431.1325983,-181.9832122,12.04312755255079,1404,1YO,79,WI06,Wind_success,6,Right,W,0,Naive,Right,9,TRUE,First,Head-On,TRUE,TRUE,0.2333333333333333,233.33333333333331,477.38997069804975,2.652841253,0.2,200,391.0940125,1.3494423374988505,3.493402254,1.8944579279230496,30.729766860388164,24.07337821528305,582.5767989919827,8514.002380952381,19.78765824375542
14041YOWI07_f227,-69.23814329,179.9103916168213,25.57263437906909,60.34714889526367,-261.6289368,1425.150879,194.46241057431573,-2.634922028,-13.87255859,1.683959961,55.41956711,4.868865966796875,-34.52050781,-0.185288653,-0.975523249,0.1184166627163663,0.846450561,0.074364607,-0.527248853,1.4593866879344417,0.060629883,-1.436506348,0.2501660156250009,0.2495544433593766,13.683251953125083,-15.18398438,227,0.1166666666666666,14041YOWI07,1.6820351425356317,26.383315017566524,-31.81975869,84.97919119152377,84.97919119152377,116.66666666666669,14041YOWI07,E,4,18,61,39,0.020833333,0.5132222292061352,-0.269282898,0.424981168,-0.101364613,-34.32561511,-22.92992108,1.9840669915976128,2.9064572953116734,-1.524990926,2.406734441037309,-0.574043565,-194.3912963,-129.8557089,11.23607991617178,1404,1YO,82,WI07,Wind_success,7,Right,W,0,Naive,Right,11,TRUE,First,Head-On,TRUE,TRUE,0.2333333333333333,233.33333333333331,429.6399265840805,2.914629006285204,0.2416666666666666,241.66666666666663,452.9372633981785,1.372223792425435,3.291517162113855,1.7826828948960691,30.715693836174303,25.413720627513325,582.5767989919827,8514.002380952381,19.78765824375542
14041YOWI08_f229,-14.61089064,176.74628467559813,13.140993245442814,114.94979095458984,-264.8019409,1412.8253173828125,177.83535355907236,-4.858482361,-13.30612183,1.117797852,57.37744903564453,-6.736083984,-30.17712402,-0.341920174,-0.936430588,0.078666054,0.880315782,-0.103348635,-0.462993719,1.7925415950045644,-0.319375305,-1.741785278,0.2781884765624935,7.364794921875876,7.954541015630421,-19.69277344,229,0.1,14041YOWI08,2.8721053463152284,24.72332188186488,-27.58045609,96.69584612358116,96.69584612358116,100,14041YOWI08,E,4,18,61,39,0.01875,0.753602188,-0.303400398,0.6668819030223541,-0.176445411,-74.69305019,-35.31746378,0.7244163992772278,4.267766381161502,-1.718203637,3.7766559237872586,-0.999237799,-422.9983588,-200.0082896,4.102482723282523,1404,1YO,83,WI08,Wind_success,8,Right,W,0,Naive,Right,12,TRUE,First,Head-On,TRUE,TRUE,0.2333333333333333,233.33333333333331,484.0925128167939,2.713456860029392,0.2833333333333333,283.3333333333333,613.5432147610289,1.2351696607157607,3.5477583365631817,2.027736714971893,29.75305384022485,24.276872305113148,582.5767989919827,8514.002380952381,19.78765824375542
14041YOWI09_f230,-30.60825961,155.26613763173424,17.117702738443995,98.96118164,-286.2992249,1416.729004,159.17743181348067,-3.211654663,-13.80352783,1.08605957,55.16600036621094,-9.989349365,-37.65979004,-0.225953543,-0.971136796,0.076408902,0.816818448,-0.147907856,-0.557611773,1.769253184843947,-0.311695862,-1.717697754,0.287431641,-3.626916504,7.544970703119374,-2.916210937,230,0.091666667,14041YOWI09,1.584398935185568,28.10731551810655,-33.89079628,100.26378928320544,100.26378928320544,91.66666666666666,14041YOWI09,E,4,18,61,39,0.00625,0.6357268471291532,-0.252495436,0.5729706210508276,-0.109997028,-56.04230256,-27.75022369,-0.161543899,3.6002199973335216,-1.429920922,3.2448217298155377,-0.622930274,-317.3762745,-157.1538322,-0.914848224,1404,1YO,85,WI09,Wind_success,9,Right,W,0,Naive,Right,13,TRUE,First,Head-On,TRUE,TRUE,0.225,225,451.2802945526801,2.813503674883376,0.3666666666666666,366.6666666666666,834.7216202324366,1.461872344674663,4.221441580694325,2.578555912651144,31.78553555516888,25.45960151,582.5767989919827,8514.002380952381,19.78765824375542
14041YOWI10_f239,-30.27896747,55.19607160076407,34.07558122870796,99.48120880126952,-386.3399048,1433.738525390625,71.58608403264216,-6.25617981,-12.44161987,2.99609375,43.29309844970703,-1.47946167,-50.05932617,-0.43919482,-0.873423586,0.2103310479803095,0.6539759892780825,-0.022348421,-0.756185132,1.4921731055615266,-0.191369019,-1.47362915,0.1355566406250004,0.6780761718750052,5.471191406,5.173242187500036,239,0.016666667,14041YOWI10,0.4499318164196855,17.057338643244403,-49.12903199,91.95721578536512,91.95721578536512,16.666666666666668,14041YOWI10,E,4,18,61,39,0.021875,0.7935152452588274,-0.237858958,0.7395990124114382,-0.161501893,-85.09604462,-32.25633951,2.759295434780636,4.493800233655156,-1.347032268,4.188464222513526,-0.914610336,-481.912134,-182.6726669,15.626319145886486,1404,1YO,87,WI10,Wind_success,10,Right,W,0,Naive,Right,14,TRUE,First,Head-On,TRUE,TRUE,0.2,200,455.0891092791223,3.014600797229017,0.275,275,673.0235969925981,1.4921731055615266,3.020416245038382,1.6391865548709268,30.140627823299035,25.48246744813329,582.5767989919827,8514.002380952381,19.78765824375542
14041YOWI11_f231,-21.2158432,129.21774781545002,44.14496536254888,108.77708435058594,-312.459259,1443.8553466796875,138.18869823568738,-2.838752747,-13.27587891,-3.676391602,60.85523986816406,-6.638671875,-27.32788086,-0.201831436,-0.943896824,-0.261386412,0.907756974,-0.099026817,-0.407640731,1.5709571518171852,-0.22522522,-1.554726563,0.002299805,-8.861352539,17.650195312500145,-12.11660156,231,0.083333333,14041YOWI11,2.2154697380767194,26.46421891,-24.0567151,96.22575317321594,96.22575317321594,83.33333333333333,14041YOWI11,E,4,18,61,39,0.017708333,0.5912013487903534,-0.321832668,0.4941622040054561,-0.041790963,-60.24552522,-42.29687039,-0.177521112,3.348065176069506,-1.822588448,2.798517408570937,-0.236668723,-341.1797781,-239.5337546,-1.005329663,1404,1YO,88,WI11,Wind_success,11,Right,W,0,Naive,Right,15,TRUE,First,Head-On,TRUE,TRUE,0.2083333333333333,208.33333333333331,412.3016685290251,3.0280290358839546,0.3083333333333333,308.33333333333337,700.3855503441121,1.1447127289358456,3.135101276267482,2.0972204119816498,30.52929326128538,23.94124878799475,582.5767989919827,8514.002380952381,19.78765824375542
15011YOME01_f217,203.37582502365112,566.3098149617513,-84.27380524,24.01447105407715,141.72499084472656,1314.137207,607.5941136771789,4.817472457885742,-54.93470001,58.33605957,5.971515655517578,-39.14320374,56.60864258,0.060011883,-0.684328731,0.7266999114748545,0.086440389,-0.56661557,0.8194356930463739,3.2202678953943424,0.4554123687744157,-3.160799561,-0.414814453,-23.81228943,-13.48615723,-11.57871094,217,0.2,15011YOME01,9.813576821375053,23.996262365330008,55.02834429616239,171.3260842939342,171.3260842939342,200,15011YOME01,A,1,17.9,62,42,0.017708333,0.9568082406156754,-0.207277516,-0.854150313,0.3780810549809938,26.76482162014264,-8.385428972,-5.221227859,5.448825110710627,-1.180402601,-4.864209435,2.153093440059419,152.4201255140555,-47.75328431,-29.73381317,1501,1YO,65,ME01,Wind_missed,1,Left,M,0,Naive,Left,1,TRUE,First,Failure,FALSE,FALSE,0.225,225,675.4595114655598,3.1789951974922257,0.2,200,607.5941136771789,,4.3634747534123415,2.851876278176644,28.962669905016647,26.305206673852023,675.6511988309386,8795.438095238096,18.899621199020157
15011YOME02_f229,167.46859471003214,144.19607124328616,57.78994216918954,-11.84974861,-280.4983521,1456.249755859375,228.4248554603245,-2.347403526,-15.90530396,-0.966796875,-47.61342812,2.076293945,-47.88879395,-0.145741399,-0.987500113,-0.060024758,-0.704731999,0.030731473,-0.708807721,1.8848364636797608,-0.100152168,-1.875754395,0.1553173828124964,30.272346496581765,21.58483886719307,5.060742187499404,229,0.1,15011YOME02,1.3572716700081644,,-45.13799089,-87.50306659,87.50306658891799,100,15011YOME02,A,1,17.9,62,42,0.002083333,0.5731044999354022,-0.455382842,-0.342669983,0.060436061,7.746079973063918,-11.17759373,-2.383310061,3.263711638081096,-2.593311137,-1.951434706,0.3441708744104214,44.11232394867805,-63.65408533,-13.57245805,1501,1YO,81,ME02,Wind_missed,2,Left,M,0,Naive,Left,12,TRUE,First,Failure,FALSE,FALSE,0.2083333333333333,208.33333333333331,425.29705711872674,2.8106769840796857,0.35,350,773.5142067142018,1.3800017432817215,2.823638369169095,1.457121167,27.23548793485349,23.22867817181176,675.6511988309386,8795.438095238096,18.899621199020157
15011YOPE01_f227,197.3304265340169,218.55927969614663,55.413728078206304,17.958648681640625,-206.0749207,1453.795654296875,299.63000056222825,-3.594153404,-15.61585999,0.909667969,-41.71949005,6.6485443115234375,-53.99291992,-0.223935653,-0.972954522,0.05667735,-0.608544259,0.096979456,-0.787571502,2.026503067186385,-0.292886353,-2.002214355,0.1098632812500003,10.759158325195386,14.23850097656254,0.8789062500000064,227,0.1166666666666666,15011YOPE01,0.4240367588823492,,-51.9591402,-80.94531138,80.94531137913555,116.66666666666669,15011YOPE01,A,1,17.9,62,42,0.010416667,0.6977179088655048,-0.439656222,-0.489573959,0.2320129859356275,12.206839582836764,-12.20701706,-2.179523865,3.9733592381819074,-2.503751283,-2.788022479,1.3212659863417648,69.51542766665393,-69.51643839,-12.41193779,1501,1YO,68,PE01,Wind_Near-miss,1,Left,P,0,Naive,Left,3,TRUE,First,Pivot,TRUE,FALSE,0.1833333333333333,183.3333333333333,434.8805716687016,2.741241027711806,0.3583333333333333,358.3333333333333,857.7453839,1.4245995899317472,3.325176810995443,1.6540820392923854,30.08148534810292,25.49465801063021,675.6511988309386,8795.438095238096,18.899621199020157
15011YOPI01_f164,-7.946117957,1433.3537919362386,-32.21109492,121.4801025390625,1003.2081298828124,1368.137695,1433.7376985643234,5.426208496,-14.25811768,-3.390869141,-34.85887909,45.07250977,-31.57470703,0.3472097781123192,-0.912341993,-0.216973403,-0.535111669,0.6918990668844012,-0.484697001,0.868627761,0.3632135009765638,-0.781538086,0.1085742187500003,19.14060058593764,-8.424316406,42.06796875,164,0.6416666666666667,15011YOPI01,4.151909130060248,25.167167819628222,-28.99262268,-37.71820746,37.71820745972889,641.6666666666667,15011YOPI01,A,1,17.9,62,42,0.015625,1.2379629440849975,-0.182976974,1.0176097768814851,-0.680839203,-137.5941709,-20.86078103,5.300341431341467,7.049943018,-1.042016037,5.795077289059078,-3.877238496,-783.5703557,-118.797835,30.18434860871341,1501,1YO,100,PI01,Wind_Near-miss,1,Left,P,0,Naive,Right,1,FALSE,Second,Pivot,TRUE,FALSE,,,,2.7405674559254725,0.3166666666666666,316.66666666666663,780.1949889200002,2.2058204407733286,2.476881155738361,1.921137370593828,27.74632560796524,25.088506842798303,675.6511988309386,8795.438095238096,18.899621199020157
15011YOPI02_f159,-42.81884658,1449.9779300689695,-15.3257342,86.52033996582031,1019.5634155273438,1385.1907958984375,1450.690983441331,4.803260803222656,-14.78485107,-1.758789063,-29.16952133,48.89971923828125,-28.47900391,0.3070217011172685,-0.945039279,-0.112420797,-0.458179648,0.76809132,-0.44733336,0.7147888243685737,0.1637356567382818,-0.69145752,-0.077460938,5.598522949218793,-17.96396484,5.983593750000043,159,0.6833333333333333,15011YOPI02,1.174048447459555,27.058228683741696,-26.57272337,-30.81680134,30.816801344337307,683.3333333333334,15011YOPI02,A,1,17.9,62,42,0.015625,0.8042376403256787,-0.406105564,0.6753022756243318,-0.160758483,-68.84165404,-39.20241629,2.5688056139164503,4.579967085949685,-2.312687222,3.845706841293696,-0.915486325,-392.0389868,-223.2496557,14.628816872057644,1501,1YO,107,PI02,Wind_Near-miss,2,Left,P,0,Naive,Right,5,FALSE,Second,Pivot,TRUE,FALSE,,,,2.7332461022076773,0.3,300,701.8893655,1.620181963092331,3.661009190321867,2.1219392999843074,26.83091503,24.872815,675.6511988309386,8795.438095238096,18.899621199020157
15011YOWE01_f227,148.94400380452473,263.1916920344035,15.052187601725336,-30.38365746,-161.4164276,1413.4112548828125,302.78829464966464,-2.282819748,-15.53727722,1.519775391,-29.88168907,19.65679931640625,-57.44396973,-0.144688753,-0.98477739,0.096325786,-0.441585067,0.2904838820990815,-0.848894424,2.303961216682337,-0.295869827,-2.260795898,0.3309082031250012,4.545208740234406,3.8971801757813256,14.17324219,227,0.1166666666666666,15011YOWE01,0.702055678,,-58.09162367,-56.66224572,56.66224571660672,116.66666666666669,15011YOWE01,A,1,17.9,62,42,0.021875,1.266398814458995,-0.29606414,-1.202604783,0.2642985386938363,50.73483090539277,-16.64229574,-3.379250559,7.211879421061595,-1.686024065,-6.848585603,1.505125534278876,288.9243726068643,-94.77443344,-19.24413327,1501,1YO,66,WE01,Wind_success,1,Left,W,0,Naive,Left,2,TRUE,First,Head-On,TRUE,TRUE,0.1166666666666666,116.66666666666669,302.78829464966464,2.7848802797677217,0.3083333333333333,308.33333333333337,794.5530372827703,1.7722775365209331,3.6938488381980648,2.320180160239107,28.177959637923063,25.222479859740403,675.6511988309386,8795.438095238096,18.899621199020157
15011YOWE02_f223,129.25670315424605,314.4479334513346,9.582372283935456,-50.11154175,-110.2369232,1407.9630126953125,340.1126578366465,1.355529785,15.711441040039062,-2.093505859,-36.26969147,41.32707214355469,-52.20153809,0.085209706,0.987633982,-0.131599484,-0.478376339,0.5450802776184481,-0.68850822,2.4151157720402807,-0.009214783,-2.408812866,0.1741259765625006,29.62029418945252,9.132165527,7.147265625000418,223,0.15,15011YOWE02,0.946629116,,-43.51213724,-41.27101303,41.27101302866595,150,15011YOWE02,A,1,17.9,62,42,0.019791667,0.916889004,-0.21752234,-0.874127999,0.17108395,48.45690930236767,-13.73348307,-4.672589124,5.221493310068201,-1.238744756,-4.977978229,0.9742877242063795,275.95208003671814,-78.20934671,-26.60942901,1501,1YO,70,WE02,Wind_success,2,Left,W,0,Naive,Left,4,TRUE,First,Head-On,TRUE,TRUE,,,,2.7680917432179832,0.2916666666666667,291.6666666666667,712.8523488456195,,2.539683306910343,1.692454488804421,27.639762270465617,25.24505077654161,675.6511988309386,8795.438095238096,18.899621199020157
15011YOWE03_f160,157.30008554458618,1474.5987335840862,-50.02444661,-22.01088142,1049.934082,1348.336669921875,1483.8083391257849,7.856132507324219,-13.18554688,0.93359375,-44.48817253,31.36767578,-30.78674316,0.510904823,-0.857490564,0.060714041,-0.711382727,0.501581015,-0.492291683,0.8800719383771215,0.3622373199462904,-0.634453125,-0.490693359,2.382467651,-24.78164063,26.06308594,160,0.675,15011YOWE03,1.6614464800676885,24.98782583162662,-29.49131884,-54.81314028,54.813140277051446,675,15011YOWE03,A,1,17.9,62,42,0.021875,1.0029391152950962,-0.40462502,-0.91213248,0.100895002,39.84102557,-20.17505092,-3.539274421,5.711530904476086,-2.304255833,-5.194405889,0.5745761771124721,226.8864035161379,-114.8927438,-20.15543609,1501,1YO,71,WE03,Wind_success,3,Left,W,0,Naive,Left,5,TRUE,First,Head-On,TRUE,TRUE,,,,2.850856769008584,0.3,300,759.4943316676693,1.740611557386299,2.0748876298875163,1.2786771020288117,28.456635766288016,26.08996111088792,675.6511988309386,8795.438095238096,18.899621199020157
15011YOWE04_f224,42.948369725545234,291.0848623275757,-34.33253276,-136.3585205,-133.6046906,1364.102783203125,296.2324802309085,1.4818572998046875,-15.07043457,3.963867188,-41.46592712,19.04867553710937,-50.76037598,0.09466734,-0.962763384,0.2532286754965194,-0.607505353,0.2790766577368529,-0.743675645,2.181802691065586,0.1937292480468757,-2.165357666,0.1842773437500006,5.643017578125041,-3.807421875,1.736718750000012,224,0.1416666666666666,15011YOWE04,1.873053518,22.62141664845992,-48.04547266,-65.32682997,65.32682997,141.66666666666666,15011YOWE04,A,1,17.9,62,42,0.020833333,0.8663324391771081,-0.098905054,-0.85641891,0.08541859,79.47728777552577,-10.2152429,-3.042440829,4.933584127341887,-0.563243837,-4.87712863,0.4864412104375199,452.6067219945773,-58.17369631,-17.3260715,1501,1YO,72,WE04,Wind_success,4,Left,W,0,Naive,Left,6,TRUE,First,Head-On,TRUE,TRUE,0.15,150,313.93642032506204,2.828296274162979,0.35,350,801.3853288295034,,2.642616804313227,1.686362700233644,29.64111118410828,24.481492024914743,675.6511988309386,8795.438095238096,18.899621199020157
15011YOWE05_f168,104.99568929672242,1445.8714820226032,-23.76330719,-74.30621338,1021.2064208984376,1374.5841064453125,1449.8734882967328,2.375648498535156,-15.38977051,1.186035156,-33.44876099,46.40551758,-26.01672363,0.1521179131899001,-0.985440302,0.075944397,-0.532264601,0.7384433250310412,-0.41399982,0.9334951077027668,0.1143722534179691,-0.903222656,-0.206206055,-15.05390625,-47.46445313,3.369726562500025,168,0.6083333333333333,15011YOWE05,2.6257696680041613,25.976260008458087,-24.45634614,-35.78379018,35.78379017626037,608.3333333333333,15011YOWE05,A,1,17.9,62,42,0.013541667,1.947971558309756,-0.531258542,-1.835427548,0.3788974399033264,85.06530970354112,-28.94682402,-3.873498909,11.093295282488828,-3.025407561,-10.45238041,2.157742583404953,484.4293515540585,-164.8461781,-22.05877544,1501,1YO,74,WE05,Wind_success,5,Left,W,0,Naive,Left,7,TRUE,First,Head-On,TRUE,TRUE,,,,3.155060742931737,0.1166666666666666,116.66666666666669,348.60901975383445,2.3527814746308526,2.7705175667893016,1.6709359534746204,31.266480408335827,28.932249189144635,675.6511988309386,8795.438095238096,18.899621199020157
15011YOWE06_f226,-8.414671485,366.8893141428629,19.421328989664744,-187.6431274,-57.84000015,1417.868896484375,367.4993381601379,1.542541504,-68.42795944,42.42895508,1.0617523193359375,-53.18651962,43.15930176,0.019155015,-0.849726623,0.5268754614614231,0.015499359,-0.776411745,0.6300353739697955,3.297940250709145,-1.028922729,-3.030361633,-0.796640625,-76.34729004,3.847995758056633,35.62382812500026,226,0.125,15011YOWE06,1.744357901056243,,39.05273241166957,178.85636721301768,178.85636721301768,125,15011YOWE06,A,1,17.9,62,42,0.017708333,2.295794631269133,-0.092258575,-2.260868009,0.3881200699661213,259.4949085,-1.413478676,0.5882679462332604,13.074075770756854,-0.525393511,-12.87517588,2.210263554838703,1477.769853738996,-8.049468823,3.350064329712928,1501,1YO,75,WE06,Wind_success,6,Left,W,0,Naive,Left,8,TRUE,First,Head-On,TRUE,TRUE,0.1333333333333333,133.33333333333334,393.0073210009306,3.275428452718473,0.125,125,367.4993381601379,2.1490234024122814,4.1390358513155086,1.958161692628299,29.39100406760616,26.00383445530636,675.6511988309386,8795.438095238096,18.899621199020157
15011YOWE07_f232,91.46962369,169.4876853307088,36.63193257649732,-87.83610535,-255.2554626,1435.0694580078125,196.0476116191126,-0.060279846,-15.30523682,-0.179199219,-48.16000366,16.633087158203125,-44.83496094,-0.003938211,-0.99992371,-0.011707467,-0.709600982,0.2450758737303468,-0.660609009,2.3309248807701186,-0.245934448,-2.307445679,0.2200488281250008,-9.232470703,-4.124267578,20.612109375000145,232,0.075,15011YOWE07,2.2850197558645595,,-41.34633584,-70.94655236,70.94655235553694,75,15011YOWE07,A,1,17.9,62,42,0.020833333,1.2397773736783082,-0.419035937,-1.156597716,0.154073171,84.45918967,-28.3256236,-2.729964491,7.060275819784327,-2.386323027,-6.586584869,0.8774148568637292,480.9776233,-161.3085701,-15.54658336,1501,1YO,77,WE07,Wind_success,7,Left,W,0,Naive,Left,9,TRUE,First,Head-On,TRUE,TRUE,0.1083333333333333,108.33333333333334,268.49600504343124,2.702690320426937,0.2,200,500.6257397196515,1.875662042178723,2.7308500821200323,1.8319362446176584,28.958111095427547,26.057291105904238,675.6511988309386,8795.438095238096,18.899621199020157
15011YOWE08_f162,114.94388456344603,1403.9858282089233,-13.01561864,-64.31478119,979.2523193359376,1385.384766,1408.7433083208132,10.155261993408203,-12.02862549,1.753173828,-41.78883362,35.22222900390625,-33.79724121,0.6411339395962399,-0.759405326,0.1106834313041263,-0.650322982,0.5481326715111744,-0.525956836,1.0558894095317863,0.4690914916992079,-0.918054199,0.2281054687499947,13.09350585937325,-27.59765625,10.83691406249906,162,0.6583333333333333,15011YOWE08,2.2694003322419807,27.49110408920609,-31.73267932,-49.8737264,49.8737264,658.3333333333334,15011YOWE08,A,1,17.9,62,42,0.007291667,0.9909197129066905,-0.424875672,-0.861003633,0.245102601,35.309747869289346,-22.08790604,-4.910589306,5.643082892879176,-2.419579112,-4.903237676,1.3958086352528718,201.0817138439817,-125.7860583,-27.96479084,1501,1YO,78,WE08,Wind_success,8,Left,W,0,Naive,Left,10,TRUE,First,Head-On,TRUE,TRUE,,,,2.692402805572937,0.3166666666666666,316.66666666666663,757.5451726413562,1.920011522491815,1.984831304823831,1.3807084988242104,30.37831089660416,24.92980871067971,675.6511988309386,8795.438095238096,18.899621199020157
15011YOWE09_f160,111.8245077,1473.0098036448162,-46.50332489,-67.44438934,1048.2855224609375,1351.8985595703125,1477.9800950594745,5.913921356201172,-14.53063965,-1.260375977,-34.51436615,48.34790039,-25.37316895,0.3757598279060828,-0.923250467,-0.080082002,-0.534316613,0.7484734403607626,-0.392801816,0.8703220356259634,0.2665209960937509,-0.76265625,-0.323701172,2.110583496093767,-37.35527344,2.2412109375000213,160,0.675,15011YOWE09,0.4207518515180319,32.40614517035363,-23.12894927,-35.52209951,35.52209951120176,675,15011YOWE09,A,1,17.9,62,42,0.00625,1.1380047771601085,-0.474562608,-1.022587826,0.1554327617068677,31.48555645271425,-19.4818054,-2.64929758,6.480701924043466,-2.702535935,-5.823426247,0.8851574422796697,179.30373437613113,-110.9448539,-15.08720198,1501,1YO,80,WE09,Wind_success,9,Left,W,0,Naive,Left,11,TRUE,First,Head-On,TRUE,TRUE,,,,2.8540283030258533,0.2916666666666667,291.6666666666667,701.1581126509467,1.613624910151393,2.584715501769984,1.5132754019218235,29.794834816407228,28.01762183290422,675.6511988309386,8795.438095238096,18.899621199020157
15011YOWE10_f240,67.47143983840942,49.798589833577466,38.27897898356128,-111.8304825,-374.9498291,1436.732666015625,92.18229209183788,2.203804016113281,-15.45840454,-0.587524414,-46.7975235,-3.03237915,-48.72607422,0.1410366454007823,-0.989290111,-0.037599747,-0.691992951,-0.044839659,-0.720510347,1.7964526586299092,0.141828003,-1.790797119,0.013139648,-10.8442749,5.363525391,6.695507812500048,240,0.008333333,15011YOWE10,1.4253713580009617,23.717427789882407,-46.09663173,-93.70746051,93.70746051,8.333333333333334,15011YOWE10,A,1,17.9,62,42,0.023958333,0.9737974061866416,-0.110637757,-0.957976166,0.1353600385868967,88.33428367634842,-15.01531246,-3.431772788,5.545574896136319,-0.630059155,-5.455476205,0.7708474341362804,503.0454824705631,-85.50910002,-19.54323651,1501,1YO,82,WE10,Wind_success,10,Left,W,0,Naive,Left,13,TRUE,First,Head-On,TRUE,TRUE,,,,2.6775260287424314,0.3416666666666667,341.6666666666667,829.6783944,1.850613449488064,2.7696445353077213,1.6581386745756674,28.948036961809148,24.674153022334124,675.6511988309386,8795.438095238096,18.899621199020157
15011YOWE11_f163,145.3497728029887,1444.055746269226,-36.11417516,-33.89756393,1019.341797,1362.337158203125,1451.8015664802788,5.089033126831055,-14.29492188,-0.484619141,-40.77825546,36.96166992,-31.89331055,0.3352128271170942,-0.94160149,-0.031921693,-0.641068143,0.5810682388899137,-0.501389408,0.9366031199172395,0.3813134765625013,-0.843852539,-0.140493164,0.3921569824230855,-15.54785156,21.30117187499913,163,0.65,15011YOWE11,2.413071747023336,24.59754110432927,-30.09196513,-47.81063829,47.81063828900625,650,15011YOWE11,A,1,17.9,62,42,0.022916667,0.9244407163588582,-0.229667328,-0.889686271,0.1014982521197543,36.097085912915965,-7.537428941,-2.349776695,5.264498752036505,-1.307907947,-5.066579373,0.5780115611122748,205.5654412207129,-42.92409946,-13.38149247,1501,1YO,84,WE11,Wind_success,11,Left,W,0,Naive,Left,14,TRUE,First,Head-On,TRUE,TRUE,,,,2.941242443638959,0.3,300,705.7959585596856,1.5067558967843655,1.5594307724008982,1.218179550692439,27.33276130121812,25.48351294824107,675.6511988309386,8795.438095238096,18.899621199020157
15011YOWE12_f202,208.67366202672324,226.0555284,59.5029925,29.35093116760254,-198.6305542,1457.9312744140625,313.34710028099346,,,,-48.31961441,3.5794219970703125,-47.48425293,,,,-0.712251807,0.052762213,-0.699938221,1.8191806090349107,-0.208824463,-1.80361084,0.1131298828125004,-3.641061401,4.591186523437532,22.09042968750016,202,0.325,15011YOWE12,1.2526791610331105,21.411418579474944,-44.42204765,-85.7633796,85.76337960172953,325,15011YOWE12,A,1,17.9,62,42,0.016666667,0.3390369141984808,-0.283010187,-0.136002644,0.1278848864270051,6.769528308210253,-12.42637807,-0.227955943,1.930745131,-1.611684503,-0.774506936,0.7282779880694373,38.55106411887456,-70.76565395,-1.298161968,1501,1YO,86,WE12,Wind_success,12,Left,W,0,Naive,Left,15,TRUE,First,Head-On,TRUE,TRUE,0.475,475,609.8045426541198,2.6491849966827434,0.55,550,792.4080087334231,0.496738558,1.5799016916399118,0.9009372223678516,24.10332111728505,21.87907309,675.6511988309386,8795.438095238096,18.899621199020157
15011YOWI01_f163,-67.78330469,1448.946595319112,-11.88243713,61.41889190673828,1018.4345092773438,1388.4932861328125,1450.5798856988058,3.611724853515625,-15.63739014,-1.336181641,-37.40075684,45.21759033203125,-24.60827637,0.2242667608257307,-0.970989479,-0.08296898,-0.587767722,0.7106123593795042,-0.386728819,0.8056155352782394,0.2720159912109385,-0.758283691,0.00543457,14.629888916016217,-18.21708984,37.32714843749928,163,0.65,15011YOWI01,4.639823765294163,27.232244240908106,-22.7511095,-39.59511958,39.59511957873508,650,15011YOWI01,A,1,17.9,62,42,0.01875,0.9206750814689876,-0.330391285,0.8580995258866274,0.04636171,-78.15260457,-44.70779539,3.844506487915702,5.2430542398817055,-1.881510059,4.886699388,0.2640203549721529,-445.062925,-254.6016514,21.89366959900513,1501,1YO,103,WI01,Wind_success,1,Left,W,0,Naive,Right,2,FALSE,Second,Head-On,TRUE,TRUE,,,,2.8613198400222664,0.3416666666666667,341.6666666666667,847.8892920098722,1.7602302915109234,3.900388982,2.689327146278456,29.826570179559173,26.40316373808712,675.6511988309386,8795.438095238096,18.899621199020157
15011YOWI02_f239,-140.9896993,50.24055480957031,58.88179168701163,-11.52666283,-380.0623169,1459.343505859375,160.83928017927462,0.6778526306152344,-15.50320435,-1.139404297,46.77525520324707,2.002593994140625,-51.46508789,0.043564381,-0.996363327,-0.073227485,0.6723060340577639,0.02878351,-0.73971353,1.607524908898836,0.3654520797729505,-1.530498047,-0.32887207,12.94021911621103,23.28002929687519,-18.75234375,239,0.016666667,15011YOWI02,1.9124458824331168,,-47.70701842,87.54848679,87.54848679,16.666666666666668,15011YOWI02,A,1,17.9,62,42,0.013541667,0.7313753334656183,-0.24750081,0.6843898699926719,0.072551592,-23.64525444,-12.54223713,3.2839665793865884,4.165031312624891,-1.40946594,3.897458812366084,0.4131663170811985,-134.6548354,-71.42544735,18.701510711260248,1501,1YO,105,WI02,Wind_success,2,Left,W,0,Naive,Right,3,FALSE,Second,Head-On,TRUE,TRUE,0.091666667,91.66666666666666,269.33775994952435,2.755915908714462,0.175,175,454.2767603641362,1.6637053336873835,3.270150205,1.8089067749806345,31.84362005415067,26.73111522542686,675.6511988309386,8795.438095238096,18.899621199020157
15011YOWI03_f234,-121.2372665,80.90046545664467,57.086763254801326,8.138780594,-349.4282532,1457.6251220703125,156.53197322119948,-0.723752499,-15.46640015,-2.603393555,57.381460189819336,-13.28921509,-36.12084961,-0.046096921,-0.985079049,-0.165814179,0.8304865773225304,-0.192335899,-0.522780017,1.2232738585807614,0.036853237,-1.09043335,-0.553168945,32.46385803,2.662207031250006,-22.35761719,234,0.058333333,15011YOWI03,0.1270568857836012,,-31.518915,103.03948764069338,103.03948764069338,58.333333333333336,15011YOWI03,A,1,17.9,62,42,0.011458333,0.5898377813197524,-0.440756793,0.3805437493167308,-0.093960164,-14.37567402,-14.8463917,-0.040596293,3.359004215967929,-2.51001881,2.167117975140694,-0.535083709,-81.86649141,-84.54713125,-0.231187496,1501,1YO,106,WI03,Wind_success,3,Left,W,0,Naive,Right,4,FALSE,Second,Head-On,TRUE,TRUE,0.2166666666666666,216.66666666666669,379.21743279093965,2.5336104537708755,0.4583333333333333,458.3333333333333,916.2630538848445,1.2511492413848646,1.5260787048159912,0.8712803825680726,27.445809491274275,23.153368356355735,675.6511988309386,8795.438095238096,18.899621199020157
15011YOWI04_f225,-140.0279681,174.8310718536377,6.367964680989644,-10.6398859,-255.4824829,1406.9083251953125,224.0854446561493,2.583646774291992,-15.50244141,1.197998047,55.61826801300049,12.38067626953125,-38.63806152,0.1639176691172236,-0.983541592,0.076006151,0.8078818788575162,0.1798352297453352,-0.561236278,1.700599079541495,0.092605019,-1.655039063,0.3798779296875013,-32.28438263,7.938940429687557,-12.515625,225,0.1333333333333333,15011YOWI04,0.5303978803332654,,-34.1413378,77.45051857,77.45051857,133.33333333333334,15011YOWI04,A,1,17.9,62,42,0.003125,0.6045960395971207,-0.31670294,0.5141739867624652,0.029338204,-19.88458917,-12.3754636,-1.556888495,3.443049446,-1.803557765,2.9281145494135226,0.167075008,-113.2386242,-70.4757066,-8.866158091,1501,1YO,108,WI04,Wind_success,4,Left,W,0,Naive,Right,6,FALSE,Second,Head-On,TRUE,TRUE,0.275,275,494.42244154595545,2.467122266057112,0.3333333333333333,333.3333333333333,627.1722248435428,,1.4687064195108783,0.6662806344225191,24.08046865276664,23.281884599196854,675.6511988309386,8795.438095238096,18.899621199020157
15011YOWI05_f238,-94.04559123,77.11164137522377,51.53113149007163,35.367881774902344,-353.2046814,1452.0523681640625,132.08420033260722,-3.208992004,-15.1887207,-2.695922852,51.90306091308594,-8.581237793,-46.34802246,-0.203663289,-0.963973985,-0.171100618,0.7402869334144109,-0.122393132,-0.661056108,1.4968502343047665,-0.096835327,-1.479016113,-0.209033203,2.9401062011715067,2.4319335937452187,12.04453125,238,0.025,15011YOWI05,0.2092015808383591,-5.124358427,-41.38046737,99.38790314849088,99.38790314849088,25,15011YOWI05,A,1,17.9,62,42,0.026041667,0.7372385843962237,-0.361680176,0.6368933616564108,-0.084113175,-43.30221752,-22.7211006,1.6917442804864151,4.198421314450672,-2.059693827,3.626976017268952,-0.479007141,-246.5971761,-129.3919704,9.634133910138528,1501,1YO,109,WI05,Wind_success,5,Left,W,0,Naive,Right,7,FALSE,Second,Head-On,TRUE,TRUE,0.1333333333333333,133.33333333333334,293.8662099709551,2.6022601234948217,0.375,375,852.5542204518559,1.4462999052562495,2.423043567489437,1.2569253060404224,28.783190828530035,24.00551050476293,675.6511988309386,8795.438095238096,18.899621199020157
15011YOWI06_f231,-70.5195124,116.18890775044758,69.00732142130528,58.84529876708984,-314.1643982,1469.4862060546875,152.42989970141485,-3.535655975,-14.30862427,-3.533203125,61.69189453,-8.352172852,-25.75683594,-0.233275722,-0.94405527,-0.233113888,0.9156826610979468,-0.12396993,-0.382304487,1.2905520375478323,-0.12468338,-1.272092285,-0.178212891,-0.116125488,8.835644531250063,-3.853125,231,0.083333333,15011YOWI06,1.6858044691656664,22.448820383926904,-22.47650111,97.71012503924236,97.71012503924236,83.33333333333333,15011YOWI06,A,1,17.9,62,42,0.013541667,0.6404835928571357,-0.382176644,0.4967136161267201,-0.1320448,-35.57869619,-28.63290775,1.2020335294523283,3.647421641678687,-2.176416971,2.828681348565312,-0.751967837,-202.6133189,-163.0584898,6.845332430437122,1501,1YO,110,WI06,Wind_success,6,Left,W,0,Naive,Right,8,FALSE,Second,Head-On,TRUE,TRUE,0.2833333333333333,283.3333333333333,510.2407731746078,2.644038122652171,0.3333333333333333,333.3333333333333,631.2894899418171,1.1433538465587108,1.6858044691656664,1.0775191693062411,28.09277080954712,23.550018359595366,675.6511988309386,8795.438095238096,18.899621199020157
15011YOWI07_f237,-17.9395741,73.75718625386554,30.33002293904633,111.15581512451172,-356.7666321,1430.7313232421875,81.74265186797639,-6.430625916,-14.21633911,-0.504760742,49.08557891845703,-15.05184937,-42.55200195,-0.411921786,-0.910645383,-0.032333081,0.7361031225678829,-0.225722372,-0.638123502,1.5141784885324785,-0.267566528,-1.485227051,-0.12347168,10.108630371094405,-10.94458008,-4.979882812,237,0.033333333,15011YOWI07,2.009909392,14.607529448880722,-39.65203565,107.04789842142742,107.04789842142742,33.333333333333336,15011YOWI07,A,1,17.9,62,42,0.017708333,0.6404883609029927,-0.157760985,0.5980573967634225,-0.16632547,-71.53021511,-21.50320452,0.7488413308163082,3.647448794714051,-0.898416195,3.4058132265185024,-0.947189167,-407.3497862,-122.4563039,4.264496556451393,1501,1YO,111,WI07,Wind_success,7,Left,W,0,Naive,Right,9,FALSE,Second,Head-On,TRUE,TRUE,0.125,125,226.72891443326105,2.550617270005778,0.4416666666666666,441.6666666666666,949.7397594157064,1.3683139079964108,3.919607281381016,2.0413487220262896,25.388905450597832,22.201752647924888,675.6511988309386,8795.438095238096,18.899621199020157
15011YOWI08_f233,-36.40993052,106.8754990895589,48.56937561035147,92.71429443359376,-323.3448486,1449.111816,122.91069763429832,-4.893890381,-14.55276489,-2.569458008,55.16728210449219,-11.52142334,-35.55773926,-0.314373513,-0.934839864,-0.165056729,0.8278743499755546,-0.172897603,-0.533601424,1.406907812229577,-0.461879883,-1.328441162,0.036064453,1.2278320312500068,9.149414063,41.80078125,233,0.066666667,15011YOWI08,2.899479511335089,19.481051164233275,-32.24911304,101.79639516776244,101.79639516776244,66.66666666666667,15011YOWI08,A,1,17.9,62,42,0.014583333,0.4835053767396776,-0.268513383,0.3897014814676185,-0.099049319,-35.02728406,-23.81827869,0.3423187005381798,2.753463156052584,-1.529128203,2.219269366383741,-0.564065395,-199.4731409,-135.6401727,1.949434225355383,1501,1YO,113,WI08,Wind_success,8,Left,W,0,Naive,Right,10,FALSE,Second,Head-On,TRUE,TRUE,0.1083333333333333,108.33333333333334,176.09816224199886,2.774895794450988,0.3416666666666667,341.6666666666667,683.8452060266844,1.1615921741328823,3.161714153083394,2.0980403949144306,28.54288603243713,23.16943945945944,675.6511988309386,8795.438095238096,18.899621199020157
15011YOWI09_f232,-89.47822765,126.20585435231528,52.63772862752285,40.02172470092773,-302.5454407,1453.218262,163.4166496129968,-3.341152191,-15.22140503,-1.970336914,57.13058853149414,-9.709411621,-38.37512207,-0.212705826,-0.969031443,-0.125436411,0.8219737792179564,-0.139695424,-0.552127064,1.5872348588412457,-0.180127258,-1.570770264,-0.139819336,28.657122802734577,7.224609375000063,-5.05546875,232,0.075,15011YOWI09,0.7144443860748569,28.98641519027596,-33.51306118,99.64532735084394,99.64532735084394,75,15011YOWI09,A,1,17.9,62,42,0.021875,0.7146218305131198,-0.409949724,0.56237243,-0.162366359,-25.75066211,-23.14314089,-0.336415771,4.069623577088251,-2.334578918,3.202594720694611,-0.924642843,-146.6446968,-131.7954025,-1.915818264,1501,1YO,115,WI09,Wind_success,9,Left,W,0,Naive,Right,11,FALSE,Second,Head-On,TRUE,TRUE,0.2416666666666666,241.66666666666663,467.2545135681967,2.6618123053550784,0.3583333333333333,358.3333333333333,756.265022,1.229103088450705,3.2342050219809044,1.4891291588817284,29.11267653289914,25.38878374829742,675.6511988309386,8795.438095238096,18.899621199020157
15011YOWI10_f233,-63.05698064,118.9428458531698,39.42270558675136,66.38150024414062,-309.8638,1439.9637451171875,140.27734351304264,-4.207950592,-15.00280762,-2.232177734,54.140655517578125,-10.73678589,-44.09765625,-0.267327125,-0.95311419,-0.141808142,0.7663474261200818,-0.151976517,-0.624191285,1.5587315018836547,-0.268498535,-1.535361328,0.014765625,-7.529260254,-2.305810547,0.3638671875000026,233,0.066666667,15011YOWI10,0.9539646477727224,24.899991016299268,-38.62285455,101.21695191840494,101.21695191840494,66.66666666666667,15011YOWI10,A,1,17.9,62,42,0.014583333,0.5752678340787525,-0.211971308,0.5100421341747308,-0.160805059,-33.79875527,-20.10220671,0.1639641135129873,3.2760313787592894,-1.207132771,2.9045845031847035,-0.915751566,-192.4769234,-114.4779111,0.9337417269630656,1501,1YO,116,WI10,Wind_success,10,Left,W,0,Naive,Right,12,FALSE,Second,Head-On,TRUE,TRUE,0.225,225,428.3780152243431,2.5266573988937457,0.3833333333333333,383.33333333333337,797.7490812109053,1.3439381158348442,3.083165378994963,1.6786407126612746,24.899991016299268,22.012773517013496,675.6511988309386,8795.438095238096,18.899621199020157
15011YOWI11_f237,-46.29534002,90.62485901648256,37.68817292542008,82.93093109,-338.3158264,1438.176758,108.51968465450663,-4.579627991,-15.06774902,-0.758911133,51.48453521728516,-11.14071655,-45.43005371,-0.290463702,-0.955674604,-0.048134071,0.7401404187992588,-0.160158669,-0.653101341,1.4627039645590203,0.012745056,-1.462635498,-0.006152344,12.050024414062223,-3.515185547,-11.56113281,237,0.033333333,15011YOWI11,2.411310684,24.829955341425865,-40.77583986,102.20995735223704,102.20995735223704,33.333333333333336,15011YOWI11,A,1,17.9,62,42,0.03125,0.6169783189427284,-0.379709568,0.4688164153095001,-0.12920549,-54.44616439,-31.06285296,0.7870224989843267,3.5135639664390363,-2.162367485,2.669812557642698,-0.735798554,-310.0596495,-176.8965254,4.481930415232016,1501,1YO,117,WI11,Wind_success,11,Left,W,0,Naive,Right,13,FALSE,Second,Head-On,TRUE,TRUE,0.1333333333333333,133.33333333333334,273.13971126722294,2.5631422040278937,0.2333333333333333,233.33333333333331,511.1617596267484,1.4151754767399545,2.933043496109589,1.16201711,28.38865183693401,23.13824907,675.6511988309386,8795.438095238096,18.899621199020157
15011YOWI12_f238,-38.55839069,74.42084679,37.01453147473194,90.70450592041016,-354.5401611,1437.5,91.62580133185398,-4.434822083,-14.85598755,-1.598632813,50.83019256591797,-8.166809082,-46.70397949,-0.284538679,-0.953161818,-0.10256846,0.7312624276522581,-0.117490813,-0.671901162,1.3168352531435574,-0.163862,-1.304838867,-0.067822266,1.9395263671869405,-8.906396484,-4.132617188,238,0.025,15011YOWI12,1.4621559774976958,22.367152038464884,-42.21396747,99.12761730636495,99.12761730636495,25,15011YOWI12,A,1,17.9,62,42,0.032291667,0.7587634537152256,-0.409781934,0.6159686664133333,-0.168473581,-63.68318408,-40.2923219,0.9234744196523028,4.321000994967087,-2.333623391,3.5078142040292555,-0.959422211,-362.6625669,-229.4564428,5.258995892074004,1501,1YO,120,WI12,Wind_success,12,Left,W,0,Naive,Right,14,FALSE,Second,Head-On,TRUE,TRUE,0.275,275,575.6360400759289,2.6571631626461767,0.3416666666666667,341.6666666666667,743.1934028333154,1.374114432352443,3.792334292872551,1.8862011718850684,26.38998645744956,22.49612353778751,675.6511988309386,8795.438095238096,18.899621199020157
15011YOWI13_f228,-61.78456103,167.22756061553957,29.374477640787745,67.66172028,-261.553772,1429.9884033203125,180.67996277332892,-3.633712769,-15.20819092,0.429199219,53.941184997558594,-4.110687256,-43.0177002,-0.232302502,-0.972256484,0.027438617,0.780440147,-0.059474877,-0.622395305,1.545380341916431,-0.347689819,-1.496240845,0.1690429687500006,-15.77614746,6.880957031250048,12.42597656250009,228,0.1083333333333333,15011YOWI13,0.4330760371853694,16.077521625795654,-38.49126409,94.35790717211523,94.35790717211523,108.33333333333334,15011YOWI13,A,1,17.9,62,42,0.026041667,0.6162691057913913,-0.329890931,0.5017596262398129,-0.138552741,-29.89650828,-25.45750889,-1.295997398,3.509525144171614,-1.878660647,2.857417332899463,-0.789029213,-170.2544336,-144.9752498,-7.380437234,1501,1YO,122,WI13,Wind_success,13,Left,W,0,Naive,Right,15,FALSE,Second,Head-On,TRUE,TRUE,0.2583333333333333,258.33333333333337,461.2558093808499,2.5431921666904045,0.4,400,801.4060430502449,1.2661769781959389,2.8125005182463707,1.3990398980181613,25.363868367210163,23.53141099522322,675.6511988309386,8795.438095238096,18.899621199020157
15021YOPE01_f237,49.564917310078926,50.936552937825525,45.707968393961664,-133.7356262,-365.5575867,1443.8729248046875,84.50107589756631,4.8029632568359375,-12.90179443,3.675537109,-32.85079956,-9.633850098,-64.23547363,0.3370734353894422,-0.905451893,0.2579503223546586,-0.45131784,-0.132353808,-0.882493443,1.4236033443202505,0.007615356,-1.401536865,0.2495654296874942,2.7547119140624217,-6.316259766,9.511523437499015,237,0.033333333,15021YOPE01,0.7489559943230721,,-61.94462444,-106.3443422,106.3443422065346,33.333333333333336,15021YOPE01,A,2,19.4,61,41,0,0.7502796648554682,-0.417872006,-0.619955935,0.062906282,55.17268727317104,-35.03588558,-1.382280914,3.942325130339692,-2.19569767,-3.257542457,0.3305394351056822,289.90346098117345,-184.0951563,-7.263159379,1502,1YO,106,PE01,Wind_Near-miss,1,Right,P,0,Naive,Left,1,FALSE,Second,Pivot,TRUE,FALSE,0.225,225,444.3780719807062,2.725178068023621,0.275,275,571.6971499,1.302877657431301,3.023301949818013,1.8402081945853923,29.546857448189424,25.88146943522629,643.8603544,8514.002380952381,21.183982071517256
15021YOPE02_f240,60.512543268423656,19.839019903346923,49.307454171170775,-122.9118347,-396.5844421,1447.566650390625,80.53930494100597,6.592124938964844,-12.56851196,-3.052612305,-57.06898499,-2.167053223,-42.22399902,0.4540982557643974,-0.865781431,-0.210279073,-0.803515103,-0.030511494,-0.594501916,1.2498366106962158,0.2277117919921883,-1.200040283,-0.26484375,1.898107910156268,-7.188574219,2.3414062500000106,240,0.008333333,15021YOPE02,1.4728966434798567,26.458147326464623,-36.47713296,-92.17462038,92.17462038,8.333333333333334,15021YOPE02,A,2,19.4,61,41,0.2427083333333333,0.3920466514254795,-0.361218521,0.1232457962491704,-0.089622712,-4.56480651,-14.8368965,-1.184978644,2.059999009140051,-1.898013395,0.6475918547724834,-0.470920228,-23.98565797,-77.96008965,-6.226439693,1502,1YO,111,PE02,Wind_Near-miss,2,Right,P,0,Naive,Left,2,FALSE,Second,Pivot,TRUE,FALSE,0.1666666666666666,166.66666666666666,335.1007894333234,2.8379371696588183,0.225,225,482.1050169289564,1.2498366106962158,4.535039211359153,2.083365919325812,28.21573746834197,22.64101973549443,643.8603544,8514.002380952381,21.183982071517256
15021YOPE03_f234,51.29591656928281,52.34040423915974,39.992976104864056,-132.1219177,-364.5614929,1438.3026123046875,83.48788600944272,,,,-59.78889465,-10.27359009,-38.11291504,,,,-0.834528392,-0.143397911,-0.531976881,1.3404596459043712,0.053181152,-1.334194336,0.1180224609375004,-9.929443359,-1.337695313,3.883007812500028,234,0.058333333,15021YOPE03,0.4101576309149158,-4.516872083,-32.13912228,-99.74998046,99.74998046307344,58.333333333333336,15021YOPE03,A,2,19.4,61,41,-0.0125,0.7672785345095459,-0.457199176,-0.578792146,0.2113880670951217,63.75952425609141,-52.65081544,-0.074781983,4.031645252107285,-2.402341268,-3.041248389,1.1107331415193928,335.0227742367425,-276.6523506,-0.392939997,1502,1YO,121,PE03,Wind_Near-miss,3,Right,P,0,Naive,Left,11,FALSE,Second,Pivot,TRUE,FALSE,0.225,225,382.28184612176034,2.6757265518856803,0.2833333333333333,283.3333333333333,547.7332938224147,1.0263899220000832,4.329794282833927,2.1910278169686115,30.35567016064509,26.459028780923195,643.8603544,8514.002380952381,21.183982071517256
15021YOPE04_f219,-5.830351077,311.1581804943487,-12.023446,-189.2155762,-105.9269791,1386.224121,311.4449703172549,3.1530303955078125,-13.36178589,4.019775391,-55.06680298,10.693923950195312,-39.35131836,0.2204121488439295,-0.934053774,0.2810018365125549,-0.803639008,0.156065977,-0.574288913,2.381415908873118,-0.085753784,-2.348817444,0.3832031250000013,-9.602270508,-3.578027344,-11.31152344,219,0.1833333333333333,15021YOPE04,0.3409954629439922,,-35.04984955,-79.01000448,79.01000447789374,183.3333333333333,15021YOPE04,A,2,19.4,61,41,0.0125,0.5215112794479843,-0.300762859,-0.425774411,0.015227204,48.70559263119545,-35.10978812,-1.758518243,2.740267554924936,-1.580350681,-2.237220652,0.08001095,255.9222791344592,-184.4834753,-9.240088714,1502,1YO,127,PE04,Wind_Near-miss,4,Right,P,0,Naive,Left,15,FALSE,Second,Pivot,TRUE,FALSE,0.225,225,413.87403104406513,2.688990012444316,0.375,375,797.4948614228576,,3.913334589557716,2.428842601743608,27.45491880796673,25.81382034419323,643.8603544,8514.002380952381,21.183982071517256
15021YOUE01_f233,114.98249820073444,-66.95623423,90.11818848,-68.41426086,-483.7613525,1488.254638671875,160.70283161596083,,,,-0.945175171,-48.97808838,-57.71057129,,,,-0.012486056,-0.647015669,-0.762374464,0.833376592,-0.478510437,0.6794458007812524,-0.062431641,-18.27762451,-4.207324219,24.52500000000017,233,0.066666667,15021YOUE01,2.0392990956387456,22.57898104112504,-49.6739749,-178.8944479,178.89444792706593,66.66666666666667,15021YOUE01,A,2,19.4,61,41,0.020833333,0.716898693,-0.575073715,0.3961660740679668,0.1621308137082766,-23.28923653,-33.97514359,0.3561341231860895,3.766925676016468,-3.021709988,2.081644409,0.8519121751856229,-122.3726921,-178.5215149,1.8712975565964125,1502,1YO,113,UE01,Wind_Uturn,1,Right,U,0,Naive,Left,4,FALSE,Second,U-Turn,TRUE,FALSE,,,,2.240400277749344,0.9916666666666668,991.6666666666669,656.5745449826765,1.0742784449073397,4.418221761970333,1.488737776489966,31.23984303069692,25.05343821390613,643.8603544,8514.002380952381,21.183982071517256
15021YOWE01_f232,17.32498172137528,109.82132149540728,37.66318068244959,-166.0995178,-306.9796448,1435.7979736328125,117.38565851824676,6.347900391,-12.73068237,-0.336547852,-65.53364563,-2.159118652,-18.0065918,0.4461076850225781,-0.894666723,-0.023651377,-0.963776162,-0.031753263,-0.264815482,1.5467126594407798,0.061490479,-1.535936279,-0.171577148,-15.00117188,3.114404297,-9.462304688,232,0.075,15021YOWE01,2.428111314,23.69319513350514,-15.35598898,-91.8870254,91.88702540403996,75,15021YOWE01,A,2,19.4,61,41,0.00625,0.8603966895114372,-0.340795614,-0.748294515,0.253369556,90.33646173341208,-39.83677442,2.897362271966856,4.520932194,-1.790701755,-3.931894212,1.3313237894433358,474.6706061,-209.3213028,15.224115261971564,1502,1YO,112,WE01,Wind_success,1,Right,W,0,Naive,Left,3,FALSE,Second,Head-On,TRUE,TRUE,0.2416666666666666,241.66666666666663,460.2445088986452,2.6902040074224307,0.3,300,611.0369506047058,0.9432821924965712,3.881978019804294,2.4679426749444398,30.28723430746882,24.906014314859057,643.8603544,8514.002380952381,21.183982071517256
15021YOWE02_f232,67.45317316055298,92.34723739624025,46.32225749,-115.9702072,-324.4450073,1444.4984130859375,123.38433597031307,3.545349121,-14.15115356,0.08190918,-49.64958954,-17.0380249,-50.23742676,0.2430195437379158,-0.970005143,0.005614548,-0.68333337,-0.23449642,-0.691423846,1.3356554071092837,0.274431152,-1.306673584,0.035595703,5.775732422,6.130810546875032,-3.244921875,232,0.075,15021YOWE02,0.7358237894106561,30.39520601725828,-43.74292454,-108.9404507,108.94045073895202,75,15021YOWE02,A,2,19.4,61,41,0.002083333,0.6662846313903795,-0.259935311,-0.60335003,0.1110746847477853,46.24838710130177,-21.72938331,0.253246056,3.500975395348632,-1.365823379,-3.170287157,0.5836390635885186,243.0109561109628,-114.1764837,1.3306748649897802,1502,1YO,114,WE02,Wind_success,2,Right,W,0,Naive,Left,5,FALSE,Second,Head-On,TRUE,TRUE,0.3416666666666667,341.6666666666667,598.1665303190881,2.2780681637867883,0.4666666666666667,466.6666666666667,866.1024575183616,1.0225501846996563,3.0811183468077834,1.3127328728983578,28.071934695215106,24.193907864760817,643.8603544,8514.002380952381,21.183982071517256
15021YOWE03_f235,33.116886578765815,72.71779288685798,35.70225182619242,-150.329361,-344.079834,1433.855224609375,87.51717754,,,,-44.92744446,1.302429199,-60.70581055,,,,-0.594798579,0.01724298,-0.803689822,1.4581730466971528,0.2865985107421885,-1.424853516,0.1179931640625004,-3.914868164,3.2923828125000147,-12.52441406,235,0.05,15021YOWE03,0.8657848533000023,28.32797381364756,-53.48391322,-88.33948262,88.33948262273361,50,15021YOWE03,A,2,19.4,61,41,0.007291667,1.0947631309126646,-0.324605974,-1.039800349,0.1093275280454609,107.42275889667862,-31.95703781,-0.544329915,5.7524046098167485,-1.705633712,-5.463604091,0.5744586737994101,564.4501134791903,-167.9174302,-2.860167487,1502,1YO,115,WE03,Wind_success,3,Right,W,0,Naive,Left,6,FALSE,Second,Head-On,TRUE,TRUE,0.2416666666666666,241.66666666666663,467.3911204,2.5288088856938047,0.3333333333333333,333.3333333333333,687.9313303432947,1.3703801076946929,4.132890275882302,2.312537326,28.11961478914474,24.50145335,643.8603544,8514.002380952381,21.183982071517256
15021YOWE04_f236,49.680437088012695,77.07206363677977,42.14426625569672,-133.7722321,-339.7065735,1440.336426,100.9177288721802,4.102386474609375,-13.93362427,-0.952270508,-48.23545837,-11.60720825,-52.3059082,0.2818313193559872,-0.95723105,-0.065420373,-0.669079519,-0.161004903,-0.72554119,0.956902579,0.005410767,-0.941766357,-0.169438477,-32.89328613,-4.519335938,-9.474609375,236,0.041666667,15021YOWE04,0.8802796312734676,20.57411187894076,-46.51388712,-103.5302068,103.53020679190548,41.66666666666666,15021YOWE04,A,2,19.4,61,41,0.040625,0.8572776181034821,-0.527572992,-0.675653279,0.009181493,55.713922,-42.02362166,2.271076562960317,4.504543113504431,-2.772118667,-3.55020271,0.048243917,292.7473648803404,-220.8120351,11.933313171707374,1502,1YO,116,WE04,Wind_success,4,Right,W,0,Naive,Left,7,FALSE,Second,Head-On,TRUE,TRUE,0.3166666666666666,316.66666666666663,547.0269662173498,2.531411772208368,0.3166666666666666,316.66666666666663,547.0269662173498,0.985756811,3.663932297613993,1.857872208325147,27.60343704,25.00219237,643.8603544,8514.002380952381,21.183982071517256
15021YOWE05_f224,143.39351552327474,228.5887226740519,46.18539861043291,-40.01697159,-188.1900787,1444.352539,273.7655848946007,-1.364440918,-14.19052124,1.754760742,-64.44070816,-0.921157837,-27.2791748,-0.094993245,-0.987953122,0.1221675598613456,-0.920806439,-0.013162612,-0.3897977,2.126428888065175,-0.497427521,-2.067286377,0.024345703,-19.34868164,-0.729711914,10.582031250000076,224,0.1416666666666666,15021YOWE05,3.411008380663922,19.660351907623863,-22.94191229,-90.81896775,90.81896775190762,141.66666666666666,15021YOWE05,A,2,19.4,61,41,0.026041667,0.8466817859637622,-0.474120153,-0.701460509,-0.005768992,23.66801335905459,-15.43551536,-1.537926009,4.448867587060134,-2.491252106,-3.685806136,-0.030313021,124.36296519990434,-81.10551697,-8.080992515,1502,1YO,117,WE05,Wind_success,5,Right,W,0,Naive,Left,8,FALSE,Second,Head-On,TRUE,TRUE,0.2333333333333333,233.33333333333331,487.2630607927171,2.9547765544326325,0.2666666666666666,266.6666666666667,577.6383461877439,1.2443191467603538,5.291649924574842,2.625561546974485,28.08126563801489,23.274038997040588,643.8603544,8514.002380952381,21.183982071517256
15021YOWE06_f236,36.43224549741487,68.70770059796615,28.93241280255097,-147.0344543,-348.0766907,1427.061523,82.97675062341789,1.7797698974609375,-14.06774902,1.783203125,-41.3188324,-8.084075928,-59.54248047,0.1245328517487119,-0.98433899,0.1247730792167411,-0.566601534,-0.110856226,-0.816500826,1.395548249341692,-0.070438843,-1.384713135,0.1586279296875005,7.095629883,-9.31640625,-13.19941406,236,0.041666667,15021YOWE06,1.0522097415489955,32.724394009536326,-54.73603159,-101.0701445,101.07014454242768,41.66666666666666,15021YOWE06,A,2,19.4,61,41,0.00625,1.045486980286609,-0.395966389,-0.932062484,0.2598329660491854,106.46210099407784,-45.86003425,-0.549200713,5.493484348427383,-2.080595169,-4.897498262,1.3652856124572306,559.4023613295809,-240.9703661,-2.885760971,1502,1YO,118,WE06,Wind_success,6,Right,W,0,Naive,Left,9,FALSE,Second,Head-On,TRUE,TRUE,0.25,250,493.5057626735396,2.552214659,0.2333333333333333,233.33333333333331,450.9458899690215,1.3963497574369343,4.446199758608092,2.0713298375278595,31.309693024360016,26.64608162,643.8603544,8514.002380952381,21.183982071517256
15021YOWE07_f240,52.30651613871257,55.02059593200681,19.09732818603516,-131.0822144,-361.8327942,1417.2801513671875,78.28119538642531,1.272827148,-13.69296265,3.321655273,-52.94645691,-14.29489136,-44.92004395,0.08996858,-0.967874075,0.2347880519891183,-0.746875238,-0.201647117,-0.633652759,1.718533122068173,-0.082261963,-1.7124646,0.1185498046875004,-1.0828125,-14.14116211,-12.58417969,240,0.008333333,15021YOWE07,1.976847709808231,19.39696169213299,-39.32013361,-105.1089175,105.10891749358932,8.333333333333334,15021YOWE07,A,2,19.4,61,41,0.025,1.708892125982126,-0.225890217,-1.648139238,0.391053655,166.42436324126706,-23.55851679,-0.611014268,8.979329560526951,-1.186934312,-8.660105078,2.0547813338957144,874.4725203677452,-123.7876183,-3.2105587,1502,1YO,120,WE07,Wind_success,7,Right,W,0,Naive,Left,10,FALSE,Second,Head-On,TRUE,TRUE,0.2333333333333333,233.33333333333331,582.7167257978715,2.737867706180904,0.1666666666666666,166.66666666666666,406.9478756038353,1.6136230775326033,3.575271255738861,2.024903229042823,31.635558929562308,26.836051554072245,643.8603544,8514.002380952381,21.183982071517256
15021YOWE08_f237,56.07902682622273,65.64280624389647,40.25415853,-127.3349609,-351.2641296,1438.5411376953125,95.25876621182584,3.9252700805664062,-13.88552856,-0.233764648,-46.31968689,-16.03918457,-54.83740234,0.2719918420631713,-0.962163218,-0.016198141,-0.629753535,-0.218065662,-0.745558752,1.1885728895209289,0.3268304443359299,-1.135905762,0.1249218749999971,-4.303125,4.988232421878518,5.298046874999499,237,0.033333333,15021YOWE08,0.529720475,-1.306893692,-48.20711397,-109.0995084,109.09950835667811,33.333333333333336,15021YOWE08,A,2,19.4,61,41,0.015625,0.6963767180315217,-0.339150367,-0.60816552,-0.007229248,50.51796659530503,-29.37352221,-0.880012253,3.659093487770325,-1.782056847,-3.195590027,-0.037985895,265.4453513420192,-154.3424142,-4.624001666,1502,1YO,123,WE08,Wind_success,8,Right,W,0,Naive,Left,12,FALSE,Second,Head-On,TRUE,TRUE,0.2833333333333333,283.3333333333333,539.3377082858595,2.581688869854698,0.2583333333333333,258.33333333333337,476.1750382570935,1.2048202877979923,3.6026453803861487,2.003719292713708,29.141402109653225,24.95409277432919,643.8603544,8514.002380952381,21.183982071517256
15021YOWE09_f238,64.06402947107952,71.23739719390869,38.55868555704751,-119.3189926,-345.6734314,1436.8372802734375,103.2750640906183,3.867347717285156,-13.97076416,1.256225586,-40.93282318,-11.83068848,-61.10534668,0.2657881599358885,-0.960157703,0.086335626,-0.549479678,-0.158814428,-0.820274382,1.2514797387472467,0.3063922119140636,-1.206826172,0.1260791015625004,-2.114868164,16.878076171870838,15.315820312500104,238,0.025,15021YOWE09,2.181270021970841,19.080418236867164,-55.11226983,-106.1207182,106.12071823868106,25,15021YOWE09,A,2,19.4,61,41,0.035416667,0.7886202327900067,-0.463378069,-0.638017756,-0.011661051,47.13966535407656,-34.82569394,0.3980726759171422,4.143784654781082,-2.434808103,-3.352447826,-0.061272689,247.69415468161333,-182.9907098,2.0916625992682736,1502,1YO,124,WE09,Wind_success,9,Right,W,0,Naive,Left,13,FALSE,Second,Head-On,TRUE,TRUE,0.2916666666666667,291.6666666666667,576.2715035799295,2.627030472505606,0.3083333333333333,308.33333333333337,617.8021859844457,1.2514797387472467,3.4513016570023654,1.8507510258761315,30.00805238516692,24.79907858545631,643.8603544,8514.002380952381,21.183982071517256
15021YOWE10_f235,53.80072501500448,103.30577125549314,35.18987452189117,-129.5622253,-313.6146545,1433.4371337890625,121.67550146064262,2.564758301,-13.93225098,1.338623047,-38.70715332,-11.57498169,-62.80407715,0.1802428492443904,-0.979113163,0.094074062,-0.518331281,-0.155001713,-0.841015548,1.3079941224402432,0.1982080078125007,-1.292669678,0.023818359,-4.47824707,-2.802392578,-13.18007813,235,0.05,15021YOWE10,0.7441299417615701,24.79261261298468,-57.24751486,-106.6487612,106.64876118167568,50,15021YOWE10,A,2,19.4,61,41,0.032291667,1.0936119339896977,-0.593574314,-0.914708114,-0.083460544,66.44630103884386,-44.20652147,3.075735533677726,5.746355675303433,-3.11892091,-4.806310171,-0.438541274,349.1403734819502,-232.2820259,16.161372960884254,1502,1YO,125,WE10,Wind_success,10,Right,W,0,Naive,Left,14,FALSE,Second,Head-On,TRUE,TRUE,0.275,275,518.5555029072027,2.310441083184667,0.325,325,629.6812227,1.328758249555116,3.896230630769952,1.6986414990855152,29.68228156858841,25.041173733791616,643.8603544,8514.002380952381,21.183982071517256
15021YOWI01_f218,57.72645457585652,437.0933137257894,-125.4765238,182.6382598876953,-1.392392159,1275.268555,458.3964076,-21.27207947,-49.80507565,58.9074707,-19.69111633,-36.61816692,54.96118164,-0.26583585,-0.622410924,0.7361629867470244,-0.285727943,-0.531347911,0.7975142256429344,2.855531945708303,0.3746575927734388,-2.808922691,0.3516357421875012,-141.3041748,-634.6920633,758.9056640625055,218,0.1916666666666666,15021YOWI01,24.357329037750404,22.81485569384628,52.89337974098122,-151.731226,151.73122595801797,191.66666666666669,15021YOWI01,A,2,19.4,61,41,0.020833333,0.7554813115209904,-0.120311202,0.7158822137879255,-0.209260323,-76.58456516,-15.61225922,1.5966089884482255,3.969657048461965,-0.632172105,3.7615846116834577,-1.099552964,-402.4116206,-82.03421305,8.389340712970279,1502,1YO,74,WI01,Wind_success,1,Right,W,0,Naive,Right,1,TRUE,First,Head-On,TRUE,TRUE,0.1916666666666666,191.66666666666669,458.3964076,2.775066262550107,0.1166666666666666,116.66666666666669,268.5444791110689,1.7430800099126065,4.970619776172659,2.467970352145055,27.180837669515853,24.745064535193112,643.8603544,8514.002380952381,21.183982071517256
15021YOWI02_f232,-74.78183676,107.56973190307616,23.150920613606782,50.05942535400391,-330.8231506,1423.7454833984375,133.03960108462968,-0.143882751,-13.21325684,5.018798828,36.26717376708984,1.719635009765625,-61.58093262,-0.010179158,-0.934787732,0.3550609537168475,0.5073212149824511,0.024055013,-0.861421233,1.7542900383884572,-0.056702728,-1.741889648,0.2003466796875007,4.376458740234406,6.433154296875051,3.533203125000023,232,0.075,15021YOWI02,0.5806903819692915,20.11751007916716,-59.47653536,87.28531123066945,87.28531123066945,75,15021YOWI02,A,2,19.4,61,41,-0.005208333,0.8360325857809993,-0.310776051,0.767116169,-0.117904682,-51.86829219,-22.24641436,2.495647479284003,4.392911639611375,-1.632964739,4.030792105421656,-0.619527109,-272.5406023,-116.89321,13.113315254179952,1502,1YO,78,WI02,Wind_success,2,Right,W,0,Naive,Right,2,TRUE,First,Head-On,TRUE,TRUE,0.1416666666666666,141.66666666666666,246.7605501246468,2.722483579,0.3166666666666666,316.66666666666663,669.2790919599256,1.3162717701841216,3.085715017695088,1.4578289681644758,31.405820240558825,24.908436191742336,643.8603544,8514.002380952381,21.183982071517256
15021YOWI03_f235,-25.10369654,68.78744411468506,32.522111765543514,99.61026000976562,-370.3053589,1433.1900634765625,80.12238015276446,-4.34980011,-12.78695679,4.020507813,34.88969421386719,-14.25177002,-62.69812012,-0.30866612,-0.907375107,0.2852992129695053,0.476937096,-0.194819644,-0.857074275,1.464126440580217,-0.24226593,-1.408626709,0.3174023437500011,-0.334094238,14.390771484375104,4.085156250000023,235,0.05,15021YOWI03,1.3111693033096703,12.910015374287177,-58.98965281,112.2190718082041,112.2190718082041,50,15021YOWI03,A,2,19.4,61,41,-0.013541667,0.6889463698117193,0.032310555,0.6710262013510835,-0.152731679,-74.76644752,0.4032716973364947,2.536040437886244,3.620050914865535,0.1697749758529049,3.525889852302424,-0.802524662,-392.8583684,2.118980723102319,13.32555901240184,1502,1YO,79,WI03,Wind_success,3,Right,W,0,Naive,Right,3,TRUE,First,Head-On,TRUE,TRUE,0.1833333333333333,183.3333333333333,325.5416568298345,2.730157410110075,0.3,300,615.8143226515903,1.2944778213655614,3.488924190686752,1.7218295691089265,31.825078410049457,24.61436289974033,643.8603544,8514.002380952381,21.183982071517256
15021YOWI04_f235,-100.9763973,69.97221679687499,47.24743652,26.32360268,-363.7277832,1447.2474365234375,131.62319019823352,-0.1385746,-14.07113647,4.104614258,37.89577293395996,-2.664459229,-62.17370605,-0.009453701,-0.95994733,0.2800209849935154,0.5201088907885614,-0.036568958,-0.853316737,1.325620355075793,-0.072661972,-1.315565186,0.1458691406250005,-8.572412109,6.052148437500046,2.675390625000021,235,0.05,15021YOWI04,1.515987270541233,20.48888302098948,-58.57426966,94.02185883,94.02185883,50,15021YOWI04,A,2,19.4,61,41,-0.009375,0.5649562432017102,-0.173535483,0.5357073210200957,-0.045592312,-31.04544063,-10.72580674,2.6073871523366066,2.9685479954270853,-0.911837718,2.8148602888914938,-0.239563626,-163.1274663,-56.35847463,13.70044848164931,1502,1YO,80,WI04,Wind_success,4,Right,W,0,Naive,Right,4,TRUE,First,Head-On,TRUE,TRUE,0.1916666666666666,191.66666666666669,357.15419759476345,3.004185010694493,0.25,250,520.0185418240928,1.2814407885018515,3.227144434539948,1.9178373472845127,27.396557758109168,24.391243967718065,643.8603544,8514.002380952381,21.183982071517256
15021YOWI05_f236,-107.0697246,116.68445682525636,28.04480463663731,17.745399475097656,-322.2867126,1428.6915283203125,160.82816749323246,1.102924346923828,-13.33004761,4.938110352,29.54512023925781,4.932922363,-67.21276855,0.077354586,-0.934914815,0.3463387876834135,0.4015081699789382,0.067036743,-0.913398743,1.9885756615690515,0.060732651,-1.966669922,0.288017578,-12.14807739,3.327099609375027,16.769531250000117,236,0.041666667,15021YOWI05,0.9741104399441652,24.733158017524627,-65.97934117,80.52119569848371,80.52119569848371,41.66666666666666,15021YOWI05,A,2,19.4,61,41,0.020833333,1.235772479047042,-0.358423808,1.180747987629807,-0.067083409,-59.08895131,-20.68803015,3.3909816291449126,6.493334589399845,-1.883328644,6.204209819717978,-0.352488043,-310.4813692,-108.7047204,17.817825431365602,1502,1YO,81,WI05,Wind_success,5,Right,W,0,Naive,Right,5,TRUE,First,Head-On,TRUE,TRUE,0.1333333333333333,133.33333333333334,341.1025389182615,2.839739919745844,0.2666666666666666,266.6666666666667,691.0616484891309,1.839514994179827,3.0289402500629623,1.8144384505596745,28.364730393500256,24.647418238426432,643.8603544,8514.002380952381,21.183982071517256
15021YOWI06_f236,-78.54475106,78.13890152,48.93454132080069,46.24939727783203,-360.8817139,1449.5936279296875,121.11793914795972,0.9395828247070312,-14.32086182,1.735961914,37.32122802734375,8.385650634765625,-62.76245117,0.064994874,-0.990633918,0.1200837473919072,0.5077685918464192,0.1140897617680568,-0.853905489,1.5215523189417417,0.070616455,-1.518669434,0.061464844,-3.274859619,-6.527636719,5.765625,236,0.041666667,15021YOWI06,0.4548670131988973,5.622247260774385,-58.63902742,77.33660543632736,77.33660543632736,41.66666666666666,15021YOWI06,A,2,19.4,61,41,0.00625,0.827914076,-0.301764123,0.7709170597651621,0.008186493,-63.52583692,-26.22748598,2.0231440650900736,4.350253139856847,-1.585611792,4.050763789133549,0.043015714,-333.7948702,-137.811648,10.630558262083053,1502,1YO,82,WI06,Wind_success,6,Right,W,0,Naive,Right,6,TRUE,First,Head-On,TRUE,TRUE,0.2083333333333333,208.33333333333331,399.2945752641507,2.306048212234866,0.275,275,542.8664959476089,1.2489345665155651,3.010678085248132,1.3418569032630436,29.454387401660547,22.65093789945341,643.8603544,8514.002380952381,21.183982071517256
15021YOWI07_f167,-108.0792306,1280.397397740682,-109.8365601,16.77181625366211,841.4228516,1290.752441,1289.6366488910164,-2.83748436,-13.91760254,1.719726563,38.16040802001953,46.59179688,-21.60571289,-0.198319585,-0.972739515,0.1201964186632492,0.5964151755543646,0.7281907126888786,-0.337679174,1.5959289361588085,-0.441456985,-1.516838379,-0.226508789,23.49049987792985,-31.74082031,22.02539062500016,167,0.6166666666666667,15021YOWI07,2.909584414768694,26.75055184,-19.73553972,39.31874686321542,39.31874686321542,616.6666666666667,15021YOWI07,A,2,19.4,61,41,-0.0125,0.7816934089395764,-0.337623295,0.6991720233098926,0.090628793,-37.02474951,-18.76339574,0.2730458958345664,4.107387837676559,-1.774032887,3.673781347194072,0.4762066554285732,-194.5455905,-98.59177854,1.4347126109196715,1502,1YO,83,WI07,Wind_success,7,Right,W,0,Naive,Right,7,TRUE,First,Head-On,TRUE,TRUE,,,,2.4990377420988787,0.3666666666666666,366.6666666666666,761.1767404984356,,2.577378358982134,2.139092061187287,28.200030366925457,24.837069983190787,643.8603544,8514.002380952381,21.183982071517256
15021YOWI08_f233,-75.11650618,93.76697603861491,47.81731949,49.69590759277344,-345.2150574,1448.417236328125,129.31060025790515,-2.180805206,-13.58218384,2.743164063,37.77024841308594,-2.942565918,-63.81359863,-0.155472021,-0.968288946,0.1955632076371381,0.5089504662629406,-0.039650793,-0.859882107,1.5302099523724917,-0.105918274,-1.523572998,0.095126953,-0.664727783,8.045507812500052,-13.87617188,233,0.066666667,15021YOWI08,2.2267265942573924,23.22276679506568,-59.30334842,94.45474290068292,94.45474290068292,66.66666666666667,15021YOWI08,A,2,19.4,61,41,-0.011458333,0.7324206844105658,-0.253212517,0.6776485719881818,-0.11452464,-46.27924708,-19.98925818,2.2313332398352737,3.848485578625671,-1.330498634,3.560686927857025,-0.601766762,-243.1731091,-105.0330411,11.724482906329929,1502,1YO,84,WI08,Wind_success,8,Right,W,0,Naive,Right,8,TRUE,First,Head-On,TRUE,TRUE,0.1833333333333333,183.3333333333333,334.01646371575333,2.902228812520547,0.2416666666666666,241.66666666666663,489.40571001443215,1.2745791296402782,3.231005709997568,1.5339585585922044,31.69717461032137,24.79987262848187,643.8603544,8514.002380952381,21.183982071517256
15021YOWI09_f231,-73.9427731,102.23472595214844,42.72119649251295,50.84814834594727,-336.7799377,1443.3599853515625,133.20875915092867,,,,38.71773910522461,8.386291504,-64.74609375,,,,0.5100868124288451,0.1104851884481395,-0.852997343,1.518332217273631,0.1947477722167975,-1.501779785,0.1098339843750003,7.316729736328178,3.033105469,-8.97890625,231,0.083333333,15021YOWI09,0.5543905753832649,27.036680550159407,-58.5391891,77.77848452496248,77.77848452496248,83.33333333333333,15021YOWI09,A,2,19.4,61,41,-0.005208333,0.7875089584289041,-0.372276484,0.6939343065435977,-0.005979756,-59.86635068,-36.11298581,0.4887824061265898,4.137945492338473,-1.956117173,3.646259899658448,-0.031420475,-314.5661942,-189.7547517,2.568294534961116,1502,1YO,85,WI09,Wind_success,9,Right,W,0,Naive,Right,9,TRUE,First,Head-On,TRUE,TRUE,0.1916666666666666,191.66666666666669,314.6669327082533,2.38369393,0.45,450,917.6486073,1.329293371520473,2.791216572,1.396935528272649,27.192733912824668,22.78276333,643.8603544,8514.002380952381,21.183982071517256
15021YOWI10_f232,-83.2586559,107.36516774495442,38.95110524495453,41.541805267333984,-331.6336365,1439.5645751953125,141.33814639583343,-0.598537445,-13.66821289,3.001464844,39.35113906860352,-6.569885254,-62.61206055,-0.042732286,-0.975835315,0.2142881014300166,0.530035361,-0.088492267,-0.843345501,1.4386559680025277,-0.047290192,-1.43697876,0.050859375,5.006140136718785,-1.128515625,2.1164062500000145,232,0.075,15021YOWI10,0.1161407018862547,40.07226592711986,-57.49510098,99.47841766969027,99.47841766969027,75,15021YOWI10,A,2,19.4,61,41,-0.003125,0.6312383453182485,-0.373314118,0.5044401366412051,-0.068107024,-28.99095966,-22.83011024,-2.389735767,3.316825589910614,-1.961569394,2.650567675742222,-0.357866599,-152.3322491,-119.9602249,-12.5568049,1502,1YO,86,WI10,Wind_success,10,Right,W,0,Naive,Right,10,TRUE,First,Head-On,TRUE,TRUE,0.2333333333333333,233.33333333333331,416.8494979697494,2.628863641806971,0.3083333333333333,308.33333333333337,595.1782699789704,1.3374955982777943,2.6347070191760555,1.64355623,28.49234001728142,23.986179385738303,643.8603544,8514.002380952381,21.183982071517256
15021YOWI11_f234,-75.97418248,85.25352102915446,49.23409271240234,48.78160095214844,-353.7326965,1449.8455810546875,124.35527787903304,2.763587951660156,14.01116943359375,-1.581787109,36.63507080078125,9.22668457,-69.09008789,0.1923372437521787,0.9751344114028726,-0.11008753,0.4652395879406514,0.1171723933848385,-0.877395439,1.2935795780490276,-0.20543335,-1.271605225,-0.119018555,-4.51104126,5.901855468750043,-12.16933594,234,0.058333333,15021YOWI11,0.028229888,-42.52710279,-61.32975529,75.86382915656972,75.86382915656972,58.333333333333336,15021YOWI11,A,2,19.4,61,41,0.005208333,0.5973421958434337,-0.285090549,0.5223940323061886,-0.051434938,-33.77775517,-19.68414154,0.419089237,3.138719147532151,-1.49800093,2.7449059570299017,-0.270263555,-177.4843426,-103.4298136,2.202093575079117,1502,1YO,87,WI11,Wind_success,11,Right,W,0,Naive,Right,11,TRUE,First,Head-On,TRUE,TRUE,0.2083333333333333,208.33333333333331,343.44147709637986,2.5701924434152383,0.3583333333333333,358.3333333333333,699.8797268026665,1.2419605589523737,3.238313874803787,1.7489856732417055,30.923719825532885,24.050393268357816,643.8603544,8514.002380952381,21.183982071517256
15021YOWI12_f235,-67.34770923,117.40990657806395,30.21371154785152,57.407012939453125,-321.5682373,1430.8089599609375,138.6855020044931,-1.478599548,-13.47479248,4.928833008,33.84745788574219,-11.64187622,-62.37939453,-0.10251019,-0.934197187,0.3417122705302979,0.4706316796021302,-0.161874365,-0.867353741,1.5128180471210415,-0.125142975,-1.494309082,0.1999951171875007,6.212384033203166,3.7828125000000368,-18.80507813,235,0.05,15021YOWI12,1.1742125132045422,19.340754928862555,-60.15256825,108.98072057785298,108.98072057785298,50,15021YOWI12,A,2,19.4,61,41,0.020833333,0.6841231993346444,-0.16843261,0.6521575277639243,-0.11977298,-45.31953681,-15.04042921,2.3884158247839435,3.594707690105008,-0.885024802,3.4267448940378764,-0.62934403,-238.1303362,-79.02954699,12.549869293819391,1502,1YO,88,WI12,Wind_success,12,Right,W,0,Naive,Right,12,TRUE,First,Head-On,TRUE,TRUE,0.2083333333333333,208.33333333333331,418.9578001126512,2.685023764552041,0.325,325,707.4228807060564,1.3748728824666914,3.3979559861438835,1.717722992024286,28.69009994734113,22.936760365509382,643.8603544,8514.002380952381,21.183982071517256
15021YOWI13_f239,-75.1363547,37.24592240651447,50.59580535888677,49.59378433227539,-401.8016663,1451.1932373046875,97.94215667188212,0.4729118347167969,-13.81176758,3.152954102,-3.235111237,-71.9364624,-37.62756348,0.033362465,-0.974377408,0.2224311426371755,-0.039817985,-0.885399233,-0.463122799,0.1879917333786934,0.023344574,0.1852587890625006,0.021796875,-10.82438965,7.824462890625054,-13.15195313,239,0.016666667,15021YOWI13,0.6192045191441692,,-27.58880033,-177.4250414,177.42504141318483,16.666666666666668,15021YOWI13,A,2,19.4,61,41,0.3270833333333333,0.2134741892532289,0.2131273978766853,0.010624773,-0.005920807,0.6827537518052132,13.992522861358404,0.1586261483905467,1.1216946165454404,1.1198724102098918,0.055827595,-0.031110725,3.587511963414217,73.52335015478843,0.8334970017473585,1502,1YO,90,WI13,Wind_success,13,Right,W,0,Naive,Right,13,TRUE,First,Head-On,TRUE,TRUE,,,,0.3417875924299523,0.5,500,99.04179775825524,0.1879917333786934,0.6619886868239414,0.3383433411341526,24.45993465387122,21.09205895622431,643.8603544,8514.002380952381,21.183982071517256
15021YOWI14_f230,-48.44865155,119.99493815104164,21.068791198730423,76.46205139160156,-319.0166321,1421.7100830078125,131.11045336537637,-1.441375732,-13.13574219,4.857910156,40.017189025878906,-7.701477051,-59.10986328,-0.10237607,-0.932987586,0.3450410189673585,0.5573735987682352,-0.107268903,-0.823303136,1.5861319595281127,-0.012784424,-1.519812012,0.4536767578125016,-2.919177246,10.433056640619942,5.046679688,230,0.091666667,15021YOWI14,2.093490188560198,,-55.41683052,100.8936230517128,100.8936230517128,91.66666666666666,15021YOWI14,A,2,19.4,61,41,-0.002083333,0.6579842063808488,-0.344316768,0.5490568384036227,-0.113691544,-47.73981708,-32.10855153,0.9170805841488672,3.457361026413447,-1.80920357,2.885004983362353,-0.597389283,-250.8476364,-168.7135551,4.818776254762483,1502,1YO,99,WI14,Wind_success,14,Right,W,0,Naive,Right,14,TRUE,First,Head-On,TRUE,TRUE,0.25,250,454.31784406829627,2.640638560927742,0.2833333333333333,283.3333333333333,541.1706162,1.2113598672945156,3.2038454101841967,1.5871763554912226,28.23535587905187,23.232331872372537,643.8603544,8514.002380952381,21.183982071517256
15021YOWI15_f236,-31.06128462,73.53351065317787,36.42593842,93.83154297,-365.4866333,1437.0589599609375,87.74297453798886,-8.14679718,-11.29208374,3.604492188,43.02307129,-12.94638062,-55.48669434,-0.566414202,-0.785093388,0.2506059153796381,0.6025990909170261,-0.18133241,-0.777169797,1.0617581100573308,-0.288821411,-1.021519775,-0.020244141,11.167492675781329,4.6256835937500265,-21.20800781,236,0.041666667,15021YOWI15,0.4751219534951774,30.49155872578469,-51.0021701,106.74744274218294,106.74744274218294,41.66666666666666,15021YOWI15,A,2,19.4,61,41,0.007291667,0.4507784530427693,-0.218820142,0.3740408928148244,-0.124146566,-35.55266207,-21.94562886,0.092033148,2.3686037445630346,-1.149784785,1.9653882153431927,-0.652324927,-186.810545,-115.3127403,0.4835858027417683,1502,1YO,100,WI15,Wind_success,15,Right,W,0,Naive,Right,15,TRUE,First,Head-On,TRUE,TRUE,0.25,250,458.9754198122771,2.747461045580809,0.275,275,524.1829466278277,1.1983503300321356,2.9541675247139065,1.556138119983527,30.953280721605744,24.93849528005569,643.8603544,8514.002380952381,21.183982071517256
15031YOMI01_f238,-3.94547809,-34.57919788,36.424084472656205,122.82110595703124,-470.0759888,1435.613037109375,50.37858328000784,-13.14842987,-6.812072754,-1.836303711,57.46986389160156,-8.251312256,-37.46447754,-0.881160817,-0.45652079,-0.123062517,0.8317220182435813,-0.119415597,-0.54219775,1.3145982352852776,-0.440350342,-1.238536377,-0.016962891,35.443432617185394,1.453710937496005,-5.255859375,238,0.025,15031YOMI01,1.3060545593926145,30.45889807804749,-32.83337487,98.17048065224373,98.17048065224373,25,15031YOMI01,K,1,19.8,64,44,0.4322916666666667,0.5518680488187268,-0.391133206,-0.386579275,-0.046147832,23.217045375365668,-22.81388147,-3.967176357,2.841195074180782,-2.013680158,-1.990235046,-0.237583953,119.52885313566688,-117.453235,-20.42430604,1503,1YO,80,MI01,Wind_missed,1,Right,M,0,Naive,Right,14,TRUE,First,Failure,FALSE,FALSE,0.1416666666666666,141.66666666666666,176.5623378,3.215464800901999,0.35,350,745.0315558389239,1.3149474876045084,2.4242164177849155,1.5238207230651857,30.42553332888585,25.86152893609795,741.5310209391707,9372.038095238097,19.577658265397822
15031YOWE01_f236,39.75602268,95.65981890360511,6.362275441487554,-142.2694244,-338.5687561,1402.742919921875,103.78738285776916,0.013717651,-13.47042847,5.553344727,-52.75872803,4.013641357421875,-49.63793945,0.000941483,-0.924515764,0.3811426454552913,-0.72720402,0.055322337,-0.684188389,2.475249738978776,-0.392167969,-2.350144043,0.6707373046875024,-5.04140625,10.62026367187512,6.171679687500045,236,0.041666667,15031YOWE01,3.054916837202886,,-43.17181193,-85.64958036,85.64958036,41.66666666666666,15031YOWE01,K,1,19.8,64,44,0.002083333,2.532724847746893,0.003708316,-2.39880129,0.8126707668840085,285.0565494716146,-8.79869125,-1.211760129,13.039286070423362,0.019091612,-12.34980431,4.183891755907744,1467.563244430104,-45.29850621,-6.238532773,1503,1YO,89,WE01,Wind_success,1,Right,W,0,Naive,Left,1,FALSE,Second,Head-On,TRUE,TRUE,0.1333333333333333,133.33333333333334,352.82697484998806,3.061676178706381,0.1333333333333333,133.33333333333334,352.82697484998806,2.134704522641737,4.135005741915697,2.7213882504243165,26.43916260290467,24.481553478777727,741.5310209391707,9372.038095238097,19.577658265397822
15031YOWE02_f236,65.37804502,82.14824485778809,6.920013173421239,-116.678894,-352.2862244,1403.3497314453125,105.2164886601823,0.6712722778320312,-13.60919189,4.557250977,-54.53001404,-12.68347168,-42.70153809,0.046721104,-0.94721098,0.3171884265252708,-0.774444829,-0.180132891,-0.606454738,1.683618539213056,0.1541702270507818,-1.632623291,0.3812402343750014,-18.61677246,-1.321875,-26.73105469,236,0.041666667,15031YOWE02,2.738638739596527,23.770228467715768,-37.33359651,-103.0939595,103.0939595,41.66666666666666,15031YOWE02,K,1,19.8,64,44,0.007291667,1.161410256133614,-0.295547449,-1.122222427,0.046285127,94.60388291470984,-25.45003359,0.5268724256896404,5.979315356076638,-1.521573783,-5.777563747,0.2382907952731739,487.0513643813766,-131.0249982,2.712509527948395,1503,1YO,92,WE02,Wind_success,2,Right,W,0,Naive,Left,2,FALSE,Second,Head-On,TRUE,TRUE,0.1916666666666666,191.66666666666669,378.63509977087824,2.659424317966061,0.4,400,904.3080593506684,1.755903327,3.3403638381483223,1.796415457615479,25.955968440744897,21.037100352052075,741.5310209391707,9372.038095238097,19.577658265397822
15031YOWE03_f206,204.39933404922485,560.9226479,18.264951578775936,22.308216094970703,126.49480438232422,1414.747802734375,597.2829422439559,-1.667673111,-14.39777374,2.569335938,-22.27519377,38.87516021728516,-52.91186523,-0.113292982,-0.978109382,0.1745472342543789,-0.321276275,0.560698452,-0.763150576,2.6062578428047654,0.4776537322998063,-2.552666931,0.2198144531250007,6.750151062,6.128063964843808,-2.416992188,206,0.2916666666666667,15031YOWE03,0.9688035808379584,,-49.74273851,-29.81240587,29.81240587,291.6666666666667,15031YOWE03,K,1,19.8,64,44,0.01875,0.9888820615519812,-0.604008017,-0.736693311,0.2652263432552094,24.38187379731116,-20.12398699,0.024569866,5.091084450787081,-3.109628481,-3.792735256,1.365470933881163,125.52576631406396,-103.6047889,0.1264936117147157,1503,1YO,93,WE03,Wind_success,3,Right,W,0,Naive,Left,3,FALSE,Second,Head-On,TRUE,TRUE,,,,2.9313348018275454,0.3666666666666666,366.6666666666666,777.5012358202476,1.4117188992257834,3.5495404296312096,1.9810974880474168,26.89982364617661,24.47611514571221,741.5310209391707,9372.038095238097,19.577658265397822
15031YOWE04_f158,110.05001916885377,1483.5660530726116,-8.786891683,-72.04246521,1049.148681640625,1387.7059326171875,1487.6681249572969,3.8694076538085938,-13.76745605,-1.215576172,-35.32143402,50.80615234,-23.34851074,0.2695991256490059,-0.959240909,-0.084694688,-0.534069599,0.7682027118565659,-0.353035773,0.5969023116089544,0.1541748046875005,-0.440712891,-0.371879883,-4.699511719,-9.490429688,10.766601562500078,158,0.6916666666666667,15031YOWE04,3.014379139,24.28438972366244,-20.67310938,-34.8077846,34.80778459551152,691.6666666666666,15031YOWE04,K,1,19.8,64,44,0.027083333,1.2672001874628511,-0.606799908,-1.063082996,0.32778763,52.54166067602317,-29.78870513,-0.883360083,6.523956112927702,-3.124002038,-5.473094843,1.6875566575533263,270.5014501592024,-153.3618814,-4.5478232,1503,1YO,94,WE04,Wind_success,4,Right,W,0,Naive,Left,4,FALSE,Second,Head-On,TRUE,TRUE,,,,2.6996302494602924,0.375,375,983.0276106293566,1.8189087811829416,3.344972393600981,2.925731482084281,25.55145136695196,24.91245978813185,741.5310209391707,9372.038095238097,19.577658265397822
15031YOWE05_f239,-2.151527373,57.85239432745897,37.25279510370365,-184.2759247,-376.571991,1433.7508544921875,68.84256926128275,6.823013305664063,-12.66549683,1.762573242,-37.63798523,-19.52212524,-54.17321777,0.4707486115390689,-0.873846317,0.1216073997403594,-0.547119869,-0.283780934,-0.78748221,1.3185838872463274,0.8175531005859404,-1.008054199,-0.232587891,-0.884619141,-11.28691406,-2.061914063,239,0.016666667,15031YOWE05,0.4630714579299712,35.193533214234364,-51.95083872,-117.4149328,117.41493275079291,16.666666666666668,15031YOWE05,K,1,19.8,64,44,0.033333333,0.6189853469764733,-0.240552416,-0.567095166,-0.060666858,64.35596694669381,-28.51371991,-1.111462635,3.1867366168127416,-1.23844158,-2.919589195,-0.312332591,331.3253171196872,-146.7978455,-5.722168859,1503,1YO,95,WE05,Wind_success,5,Right,W,0,Naive,Left,5,FALSE,Second,Head-On,TRUE,TRUE,0.091666667,91.66666666666666,156.66824011056696,2.5555944464641445,0.475,475,1074.0645721718554,1.3185838872463274,3.773051785561713,1.475219204642365,30.07009047523704,27.09649825099308,741.5310209391707,9372.038095238097,19.577658265397822
15031YOWE06_f235,91.93963912328084,105.7086140314738,35.93661473592124,-90.14549255,-328.698822,1432.4444580078125,144.63280610308385,-0.282936096,-14.07144165,2.9375,-41.52316284,-1.856628418,-58.33496094,-0.019678997,-0.978708134,0.2043113432074215,-0.579704758,-0.025920384,-0.814414223,1.2378146913880723,0.052987976,-1.233134766,0.093574219,-7.325683594,-1.945898438,16.93828125000012,235,0.05,15031YOWE06,0.6251028475589675,26.52737844965341,-54.52948273,-92.56016542,92.56016542085985,50,15031YOWE06,K,1,19.8,64,44,0.035416667,0.9468190938764196,-0.624384585,-0.711669361,0.011705008,34.844893983835696,-31.48991471,0.8670156490367237,4.874530698814957,-3.214533638,-3.663903877,0.060261165,179.39277578967912,-162.1202582,4.463676773014155,1503,1YO,97,WE06,Wind_success,6,Right,W,0,Naive,Left,6,FALSE,Second,Head-On,TRUE,TRUE,0.2583333333333333,258.33333333333337,485.4509418032519,2.732541696367777,0.3916666666666666,391.6666666666667,824.7615921107481,1.2345065626514498,3.5498775976781856,1.7344470201722977,26.01823414902984,22.858374840688665,741.5310209391707,9372.038095238097,19.577658265397822
15031YOWE07_f232,21.692080720265693,131.81955121358237,21.13388086954751,-160.3881378,-302.5936584,1417.6212158203125,135.25376656024417,3.4212188720703125,-13.78622437,3.151123047,-53.98356628,-12.89877319,-41.04577637,0.2351398731320414,-0.947525186,0.2165762265356787,-0.782012572,-0.186853213,-0.594594158,1.4522739818554904,0.42847229,-1.386342773,0.059707031,2.3216308593750186,-0.521191406,8.375976563,232,0.075,15031YOWE07,2.931895966249856,21.785935289687483,-36.48370598,-103.4382333,103.43823330591248,75,15031YOWE07,K,1,19.8,64,44,0.023958333,1.022250039213542,-0.46907183,-0.907920146,-0.025451305,83.37881716006035,-43.33874275,-0.12571667,5.262873584023425,-2.414933382,-4.674266344,-0.131031543,429.26109803468086,-223.1218544,-0.647230046,1503,1YO,98,WE07,Wind_success,7,Right,W,0,Naive,Left,7,FALSE,Second,Head-On,TRUE,TRUE,0.2083333333333333,208.33333333333331,382.39747322930566,2.8630871370835416,0.325,325,690.3961397255115,1.3324042857186795,4.140449187656958,2.1766462272790386,26.040637948575707,21.595957378809352,741.5310209391707,9372.038095238097,19.577658265397822
15031YOWE08_f235,44.32565555572509,116.9328411738078,34.31930872599287,-137.7627563,-317.4829102,1430.835205078125,129.67601180192793,0.2106781005859375,-14.24206543,3.374389648,-47.27311707,-10.29489136,-51.02478027,0.014392672,-0.972960052,0.2305245924382011,-0.6723007,-0.146410118,-0.72565546,1.502762954798239,0.01913269,-1.492836914,-0.17137207,-13.86013184,-5.374951172,-9.195117188,235,0.05,15031YOWE08,0.2413504926496073,3.140356915329092,-46.52340169,-102.2857506,102.2857505806279,50,15031YOWE08,K,1,19.8,64,44,0.0375,0.8803468175634992,-0.52597143,-0.696282037,0.1164298042785262,66.94031491996986,-50.99943045,1.9949824579807924,4.532309937105505,-2.707870911,-3.584684957,0.5994182615066376,344.6303757244713,-262.5615505,10.270814454333305,1503,1YO,99,WE08,Wind_success,8,Right,W,0,Naive,Left,8,FALSE,Second,Head-On,TRUE,TRUE,0.125,125,249.59293144460705,2.8306037581652577,0.3166666666666666,316.66666666666663,729.3464395838394,1.365719000949685,2.745552825,0.8341048187012103,30.642399715642583,24.80919769038206,741.5310209391707,9372.038095238097,19.577658265397822
15031YOWE09_f239,42.47584813435873,65.95637906392415,32.25217412312827,-139.640976,-368.4534607,1428.7784423828125,84.82124939910837,3.554901123046875,-13.94619751,1.583618164,-42.56977844,-12.69592285,-53.6529541,0.2455210878074502,-0.963201356,0.1093734089512495,-0.611139645,-0.182265026,-0.770251773,1.358896042989669,0.2611688232421884,-1.290629883,0.3356542968750012,6.092578125000043,5.128857421875034,0.5677734375000052,239,0.016666667,15031YOWE09,1.89772539,23.83580069125279,-50.37650326,-106.6065766,106.6065766,16.666666666666668,15031YOWE09,K,1,19.8,64,44,0.022916667,1.0328594041490586,-0.377853923,-0.948715019,0.1548056039431962,95.52856054984473,-36.50493884,-0.250910706,5.317494023564176,-1.945314115,-4.884291532,0.796989281,491.81190369466685,-187.9392232,-1.291769404,1503,1YO,100,WE09,Wind_success,9,Right,W,0,Naive,Left,9,FALSE,Second,Head-On,TRUE,TRUE,0.1583333333333333,158.33333333333331,302.4926987847472,2.816813953560027,0.375,375,868.4617869793132,1.358896042989669,3.432564278857217,1.4834383485016451,25.12273289464784,22.97920111049729,741.5310209391707,9372.038095238097,19.577658265397822
15031YOWE10_f231,127.11603577931724,135.4619103749593,49.18120803833017,-54.95339584,-298.9416504,1445.727783203125,192.1645309072194,-2.70847702,-13.84225464,1.944946289,-33.26154709,15.198944091796877,-62.44287109,-0.190225925,-0.972190522,0.13660046,-0.459646483,0.2100365680787151,-0.86290773,1.351378489315196,-0.328142395,-1.31050415,-0.033544922,-2.064331055,-0.054492187,-18.63632813,231,0.083333333,15031YOWE10,0.749268767,24.764045370700767,-59.64464728,-65.44185499,65.44185498697965,83.33333333333333,15031YOWE10,K,1,19.8,64,44,0.030208333,0.966382514,-0.693957193,-0.660435179,0.1270588532693294,29.95418637238258,-32.79454371,1.5204418658618386,4.97524951,-3.572715912,-3.400133747,0.6541400409257171,154.21383237256651,-168.8369099,7.827726118791578,1503,1YO,101,WE10,Wind_success,10,Right,W,0,Naive,Left,10,FALSE,Second,Head-On,TRUE,TRUE,0.091666667,91.66666666666666,201.8302512105795,2.7445116652799983,0.4083333333333333,408.3333333333333,849.7257736599687,1.2455619194669725,3.677784109781944,1.7869373182736967,24.764045370700767,23.68256805693721,741.5310209391707,9372.038095238097,19.577658265397822
15031YOWE11_f224,85.08238449,234.6529937108358,14.550948588053416,-97.02760315,-199.765564,1411.089599609375,250.0255381214856,-0.164260864,-14.21662903,2.970092773,-58.58595276,-0.916793823,-32.55151367,-0.01130923,-0.978803628,0.2044885307361819,-0.874051674,-0.01367777,-0.485640391,1.836633988,0.1007492065429691,-1.826537476,0.1638134765625006,-2.33404541,6.979614257812557,25.792382812500183,224,0.1416666666666666,15031YOWE11,3.0007570699381865,19.46493105479544,-29.05443762,-90.89653112,90.89653111645951,141.66666666666666,15031YOWE11,K,1,19.8,64,44,0.020833333,1.252176017,-0.652795663,-1.066263235,0.069895005,64.20456071,-38.85493409,1.314861817065855,6.446606826271996,-3.360803051,-5.489467743,0.3598420767161797,330.5458288827042,-200.0377583,6.769333585940212,1503,1YO,102,WE11,Wind_success,11,Right,W,0,Naive,Left,11,FALSE,Second,Head-On,TRUE,TRUE,0.2,200,356.74878494644463,2.7775359969956788,0.4,400,849.0622121005234,1.3444457554880234,2.9702083135124884,1.871252354566632,27.30619828797793,22.85253113069749,741.5310209391707,9372.038095238097,19.577658265397822
15031YOWE12_f237,50.097675100962334,82.85094808,30.04148279825836,-132.0118103,-351.5497437,1426.612548828125,101.37330682630196,2.8236846923828125,-14.36798096,1.853759766,-46.32553101,-10.64776611,-51.11157227,0.1913105477645387,-0.973460781,0.1255961039638281,-0.663704366,-0.152550197,-0.732273823,1.4272949717271646,0.4169787597656154,-1.359455566,0.1232080078124971,-1.257714844,11.314599609379131,7.699218749999455,237,0.033333333,15031YOWE12,2.2029313778692683,15.894054452219654,-47.07735689,-102.944417,102.94441702241625,33.333333333333336,15031YOWE12,K,1,19.8,64,44,0.028125,1.0451849742605015,-0.568288117,-0.877156394,0.007543694,69.72321695510462,-46.69291139,0.093764299,5.380950042012898,-2.925730891,-4.515884605,0.038837372,358.95765481061693,-240.3901986,0.4827289155027747,1503,1YO,103,WE12,Wind_success,12,Right,W,0,Naive,Left,12,FALSE,Second,Head-On,TRUE,TRUE,0.1333333333333333,133.33333333333334,257.63783883369786,3.067271097807168,0.2916666666666667,291.6666666666667,679.4211561,1.4034541131806095,4.255898761,2.870488983450626,24.88593548074777,21.38944469348307,741.5310209391707,9372.038095238097,19.577658265397822
15031YOWE13_f221,19.72191645304364,332.77107117970786,6.062703704833893,-162.4076996,-101.644043,1402.6285400390625,333.4101021,0.796173096,-14.09613037,3.393554688,-52.2596283,21.341896057128903,-36.93444824,0.05483018,-0.97076046,0.2337044723130129,-0.774688793,0.3163690258952194,-0.547510651,2.0797731396529144,0.2968670654296885,-2.057803345,-0.052646484,-2.220996094,11.36381836,-16.29316406,221,0.1666666666666666,15031YOWE13,,,-33.1964003,-67.78577518,67.78577518323027,166.66666666666666,15031YOWE13,K,1,19.8,64,44,0.026041667,1.0539984025086448,-0.38051647,-0.974936916,0.1249714346737691,94.09204791169714,-36.20180076,-0.828385219,5.426324419056233,-1.959021765,-5.019290333,0.6433933353605841,484.4162723653308,-186.3785704,-4.264794835,1503,1YO,104,WE13,Wind_success,13,Right,W,0,Naive,Left,13,FALSE,Second,Head-On,TRUE,TRUE,0.1916666666666666,191.66666666666669,386.07453579921065,2.929161707,0.325,325,728.4349562349112,1.7746770605690525,,,,,741.5310209391707,9372.038095238097,19.577658265397822
15031YOWE14_f235,22.92855046590168,101.57054589589438,25.404552714029933,-159.1635895,-332.827179,1421.9586181640625,107.18062100331996,4.280532836914063,-13.45373535,3.197509766,-48.7250824,-19.05541992,-48.27331543,0.295701804,-0.929392197,0.2208859137398511,-0.684468267,-0.267682056,-0.678122045,1.0163128477894434,0.287900391,-0.974362793,0.024946289,-8.860693359,-0.219287109,-3.969140625,235,0.05,15031YOWE14,0.6321845889939864,29.26477015616146,-42.69706678,-111.3594891,111.35948909469752,50,15031YOWE14,K,1,19.8,64,44,0.048958333,0.34326572,-0.231979656,-0.245177613,-0.062487854,21.890375885357383,-22.36772086,0.7248113528476315,1.7672428662171304,-1.194306242,-1.26225359,-0.321707666,112.69872983328382,-115.1562561,3.731563097064588,1503,1YO,105,WE14,Wind_success,14,Right,W,0,Naive,Left,14,FALSE,Second,Head-On,TRUE,TRUE,0.1916666666666666,191.66666666666669,314.91637436086666,2.828449129145953,0.3916666666666666,391.6666666666667,805.6576911418028,1.0843896301289906,1.981033287423158,1.430178197337215,31.304722646473625,25.74028845560056,741.5310209391707,9372.038095238097,19.577658265397822
15031YOWE15_f232,129.2667555809021,129.0358029047648,52.46887334187818,-52.80758667,-305.3499146,1449.0391845703125,190.0345105486265,-3.983058929,-13.95175171,0.620117188,-39.34457397,15.598236083984377,-58.54724121,-0.274269644,-0.960704333,0.042700679,-0.544612836,0.2159128626339357,-0.810418715,1.4497943295881393,-0.228537598,-1.431394043,-0.028022461,-3.970568848,19.18740234375016,-17.09824219,232,0.075,15031YOWE15,1.2700537862903332,,-54.13686123,-68.37404938,68.37404938,75,15031YOWE15,K,1,19.8,64,44,0.017708333,0.9052944260622836,-0.383219414,-0.806082331,0.1514336655406772,42.74690565738218,-21.50072834,-2.745932753,4.6607482885031954,-1.972937394,-4.149972357,0.7796294522218989,220.07488574523097,-110.6926983,-14.13694927,1503,1YO,106,WE15,Wind_success,15,Right,W,0,Naive,Left,15,FALSE,Second,Head-On,TRUE,TRUE,0.1083333333333333,108.33333333333334,233.5603806583851,3.0010258557085745,0.3916666666666666,391.6666666666667,839.2253408371167,1.3506399165666925,2.419568407727983,1.944876891808748,23.94626603850612,23.47891764,741.5310209391707,9372.038095238097,19.577658265397822
15031YOWI01_f171,-77.56550402,1421.3501396019587,43.08877601783138,49.37907028198242,986.0289916992188,1442.286133,1424.1170139348892,-4.462051392,-13.89746094,0.653686523,25.09933853149414,57.14849853515625,-12.67492676,-0.305393226,-0.951174708,0.044739833,0.3940779870752147,0.8972732583707885,-0.199005628,0.9333283947897916,0.027891998,-0.902739258,-0.235341797,4.745874023437533,-17.25644531,3.5384765625000285,171,0.5833333333333334,15031YOWI01,4.204751295563224,23.219292896315963,-11.47881689,23.71084414314012,23.71084414314012,583.3333333333334,15031YOWI01,K,1,19.8,64,44,0.016666667,2.2057700871745856,0.1650916743972784,2.1647642302422723,-0.38982335,-256.8118658,2.8869369912025884,-1.906914062,11.35601729411642,0.8499452959630887,11.14490588989936,-2.006936592,-1322.150485,14.862884663158535,-9.817409887,1503,1YO,59,WI01,Wind_success,1,Right,W,0,Naive,Right,1,TRUE,First,Head-On,TRUE,TRUE,,,,3.0242822088089216,0.2916666666666667,291.6666666666667,815.0658564955429,2.082796893355236,3.451378751844313,2.198362712233129,26.21254222107882,23.65888119315313,741.5310209391707,9372.038095238097,19.577658265397822
15031YOWI02_f225,-123.2989216,241.91949195861807,-9.556978353,3.4930858612060547,-193.37883,1389.4527587890625,271.69652279084585,-1.787120581,-13.5171051,4.385864258,45.875436782836914,4.232711791992188,-53.35424805,-0.124774789,-0.943749377,0.3062162074645047,0.6507876090437533,0.060045126,-0.756881808,2.045733599559662,0.2218148088455208,-1.97687439,0.4772753906250017,6.9737395763397725,11.341406250000093,-2.473242188,225,0.1333333333333333,15031YOWI02,2.100165582559292,21.76195678097328,-49.19007074,84.72851137287748,84.72851137287748,133.33333333333334,15031YOWI02,K,1,19.8,64,44,0.014583333,0.7782101322203262,-0.230721787,0.7419914594145252,-0.042745073,-29.25028051,-10.48549767,1.6183248027230226,4.006477271287421,-1.187830324,3.820011838129125,-0.220065451,-150.5898975,-53.98273081,8.331659112650575,1503,1YO,64,WI02,Wind_success,2,Right,W,0,Naive,Right,2,TRUE,First,Head-On,TRUE,TRUE,0.2166666666666666,216.66666666666669,457.9370831673516,2.669604071802287,0.2833333333333333,283.3333333333333,622.1054033534913,1.5271550835599683,3.155935972,1.7043698642301015,27.74223584443738,24.03843258,741.5310209391707,9372.038095238097,19.577658265397822
15031YOWI03_f238,-58.24321186,74.08184928894042,21.51632410685216,68.55934143066406,-361.2266235,1420.5430908203125,96.66097622420038,-5.927463531,-12.56762695,4.614257813,45.07003021240234,-11.59664917,-51.20788574,-0.404841869,-0.858360674,0.3151507806114584,0.651341994,-0.16759218,-0.740044909,1.5380614691003365,-0.179934082,-1.498406982,0.296704102,1.2180541992181502,-8.219970703,-15.16113281,238,0.025,15031YOWI03,0.7463897868161369,26.858722901969934,-47.7352413,104.42937348690496,104.42937348690496,25,15031YOWI03,K,1,19.8,64,44,0.022916667,0.7916739348598346,-0.173459041,0.7542971526018479,-0.166419308,-64.3006498,-18.73955924,0.8907358668254198,4.075793278657289,-0.893023202,3.883365523748432,-0.85678038,-331.0405266,-96.47730744,4.585796120354512,1503,1YO,66,WI03,Wind_success,3,Right,W,0,Naive,Right,3,TRUE,First,Head-On,TRUE,TRUE,0.1916666666666666,191.66666666666669,406.7597365413634,2.813873657036056,0.2583333333333333,258.33333333333337,583.7260166147917,1.4913449090589763,3.2758011565826624,1.5257258317602804,27.843148968351606,25.783205674687828,741.5310209391707,9372.038095238097,19.577658265397822
15031YOWI04_f156,-142.6913685,1449.349994087219,-48.11339544,-15.93650627,1014.034423828125,1350.9783935546875,1457.151718532096,-10.92690659,-9.372680664,-1.710327148,53.02028846740723,35.02148438,-7.846313477,-0.753723803,-0.64651532,-0.117976142,0.8281165672389863,0.5469957304752671,-0.122550487,0.991902644,-0.532558022,-0.749274902,-0.372612305,-15.21522675,-16.98398438,7.762500000000055,156,0.7083333333333334,15031YOWI04,0.6018612261427403,26.79777636616553,-7.039321406,56.55404639895235,56.55404639895235,708.3333333333334,15031YOWI04,K,1,19.8,64,44,0.011458333,1.4878591693342933,-0.631339493,1.3204112518570847,0.267674202,-69.35829617,-36.44055867,-1.316080757,7.659979866629048,-3.250339753,6.7979038697736005,1.378073300901286,-357.0789247,-187.6077733,-6.775609083,1503,1YO,67,WI04,Wind_success,4,Right,W,0,Naive,Right,4,TRUE,First,Head-On,TRUE,TRUE,,,,2.736852739166517,0.325,325,735.7481576488879,1.8394874138838224,2.795346659,1.6820241583617332,27.15647692990424,23.739917381562165,741.5310209391707,9372.038095238097,19.577658265397822
15031YOWI05_f163,-119.9895256,1430.2358563741047,-22.64897385,6.771666526794434,994.9059448242188,1376.4434814453125,1435.4389806346292,-8.096150756,-12.24029541,-0.749145508,48.75796604156494,37.31536865234375,-4.800537109,-0.550957838,-0.832974446,-0.050980719,0.7917068429698949,0.6059078158596757,-0.077948659,1.019397865912538,-0.629286232,-0.736508789,-0.317373047,-20.82032776,-10.34736328,9.703124999998796,163,0.65,15031YOWI05,4.129429969,,-4.470664298,52.57250494928112,52.57250494928112,650,15031YOWI05,K,1,19.8,64,44,0.023958333,1.106710554377527,-0.384214935,1.036974131889787,0.043264128,-58.98491101,-25.28587988,0.2534722373405564,5.697703612977517,-1.97806266,5.338677971816981,0.2227377136979529,-303.6733853,-130.1798818,1.3049569978096789,1503,1YO,68,WI05,Wind_success,5,Right,W,0,Naive,Right,5,TRUE,First,Head-On,TRUE,TRUE,,,,2.7861461675739867,0.225,225,557.0880264254962,1.782505303215723,2.791409710465917,2.278987364,26.38551393561037,24.66859744,741.5310209391707,9372.038095238097,19.577658265397822
15031YOWI06_f238,-52.51577557,57.76372350056965,28.502579243977834,74.25179290771484,-377.5553894,1427.600586,83.10807097,-4.807159424,-13.51049805,1.834716797,49.79527282714844,-0.684295654,-49.5526123,-0.332511389,-0.934521632,0.1269074263551101,0.708798172,-0.009740433,-0.705344083,1.6945377,-0.087603149,-1.673931885,0.2484667968750008,4.8265136718746255,11.446874999994426,-6.488085937,238,0.025,15031YOWI06,2.793700565569124,,-44.85734867,90.78731941647632,90.78731941647632,25,15031YOWI06,K,1,19.8,64,44,0.0125,1.3058543659200477,-0.426880064,1.231787335819133,-0.075690124,-126.0613741,-51.16215818,3.0017487549953934,6.722960316313221,-2.197716536,6.341639307546066,-0.38967722,-649.0046956,-263.3993255,15.453972729308338,1503,1YO,69,WI06,Wind_success,6,Right,W,0,Naive,Right,6,TRUE,First,Head-On,TRUE,TRUE,0.125,125,272.3664193311789,2.968308561951472,0.3083333333333333,308.33333333333337,791.9660942510717,1.649426988818339,3.758723787361247,2.3595281414893026,27.917108398029463,23.74143784736144,741.5310209391707,9372.038095238097,19.577658265397822
15031YOWI07_f234,-124.1665861,95.50879281361898,32.919415537516215,2.622637987136841,-339.7674561,1432.001708984375,160.0717293186102,-1.153226614,-14.11798096,2.693481445,44.113030195236206,-3.642730713,-53.34082031,-0.079980692,-0.979136163,0.1868032755417382,0.6364203475594444,-0.052553813,-0.769550023,1.5402054192114998,0.087429171,-1.531644287,0.1365820312500004,-1.722812462,9.049218750000062,17.833007812500128,234,0.058333333,15031YOWI07,2.383274968711688,20.782886151648533,-50.31349849,94.72061479125826,94.72061479125826,58.333333333333336,15031YOWI07,K,1,19.8,64,44,0.011458333,0.9002619252552383,-0.400167779,0.8057096735051917,0.034193636,-28.2350506,-16.90815155,1.618145513867162,4.634839347888869,-2.060193057,4.148053797429914,0.1760398908317305,-145.3631658,-87.04862874,8.330736075676036,1503,1YO,71,WI07,Wind_success,7,Right,W,0,Naive,Right,7,TRUE,First,Head-On,TRUE,TRUE,0.058333333,58.333333333333336,160.0717293186102,2.925463490836551,0.3583333333333333,358.3333333333333,832.8617816762381,1.321298705583113,2.765605902990912,1.3017718627498789,27.03115967412604,23.517245352123208,741.5310209391707,9372.038095238097,19.577658265397822
15031YOWI08_f229,-135.4519277,193.5740103403727,7.988993835449264,-8.676711082,-241.7100067,1407.091797,236.3936255768901,1.6245646476745603,13.687637329101562,-3.723266602,49.57968425750733,22.45703125,-55.23693848,0.113783184,0.9586709637271804,-0.260774558,0.6393477073732667,0.2895914255832165,-0.712300018,2.1773090331299163,0.1488679504394497,-2.128939819,0.431425781,-1.451445007,11.877319335944058,10.715624999998406,229,0.1,15031YOWI08,1.460648896657572,27.103062799977444,-45.42236056,65.63193383926117,65.63193383926117,100,15031YOWI08,K,1,19.8,64,44,0.0125,1.3863860654003943,-0.496163355,1.29193142,0.082470917,-56.69246123,-24.87380093,1.872106160816987,7.137563532369537,-2.554409309,6.651280493,0.4245869370724892,-291.8711129,-128.0583662,9.638207564003888,1503,1YO,72,WI08,Wind_success,8,Right,W,0,Naive,Right,8,TRUE,First,Head-On,TRUE,TRUE,0.1416666666666666,141.66666666666666,321.19942898837667,2.901912602607313,0.2666666666666666,266.6666666666667,642.6509106,1.8948019395230424,3.6133075779614776,1.9774351214041723,30.14103233939121,26.44323996,741.5310209391707,9372.038095238097,19.577658265397822
15031YOWI09_f161,-82.63701143,1448.8432381947837,-8.882516225,44.11311721801758,1013.5438842773438,1390.2127685546875,1451.2251732986706,-6.65215683,-12.94262695,-2.647460938,25.85866928100586,59.16241455078125,-8.991577148,-0.449745449,-0.875037633,-0.178992098,0.3966673886918724,0.907540919,-0.137929195,0.8762675329131097,-0.181200256,-0.738618164,-0.435263672,3.548693847656275,-17.67744141,3.844335937500021,161,0.6666666666666666,15031YOWI09,4.498254348406144,24.803756709994776,-7.928035332,23.609144838276222,23.609144838276222,666.6666666666666,15031YOWI09,K,1,19.8,64,44,0.022916667,1.0676535750427585,-0.47660273,0.951998493,-0.08020513,-53.333089,-28.8148187,-0.408115781,5.496625660492583,-2.453704886,4.901195921505389,-0.412921931,-274.5759789,-148.3479994,-2.10111194,1503,1YO,73,WI09,Wind_success,9,Right,W,0,Naive,Right,9,TRUE,First,Head-On,TRUE,TRUE,,,,2.8821050590330666,0.3583333333333333,358.3333333333333,846.3687115712447,,2.7885671927428315,1.1117414726443735,26.272517456607417,23.898427473160016,741.5310209391707,9372.038095238097,19.577658265397822
15031YOWI10_f216,-88.75223184,411.3442646662394,-19.93561885,38.01649856567383,-23.95190048,1379.163086,421.2819621447076,-1.983528137,-13.87983704,3.784667969,30.35120010375977,36.66243267059326,-48.39245605,-0.136581497,-0.955735834,0.2606041258245285,0.447156205,0.5401379258950907,-0.712953259,2.676994625644705,0.080442352,-2.675006175,0.064584961,4.342126464843781,9.678168869018576,-4.517578125,216,0.2083333333333333,15031YOWI10,1.1080785941911069,,-45.47571142,39.61984778145508,39.61984778145508,208.33333333333331,15031YOWI10,K,1,19.8,64,44,0.014583333,0.7062855479907099,-0.280188517,0.6483161463768482,-0.004454735,-28.42487702,-13.6788725,0.2607617189884639,3.636186266285226,-1.442501039,3.3377410515802683,-0.022934416,-146.3404535,-70.42325652,1.3424856052289658,1503,1YO,74,WI10,Wind_success,10,Right,W,0,Naive,Right,10,TRUE,First,Head-On,TRUE,TRUE,,,,2.863526569945543,0.3333333333333333,333.3333333333333,757.1702853377665,1.4373975849403406,3.941294512354293,1.8500447034684324,25.622390180775945,23.899499525163165,741.5310209391707,9372.038095238097,19.577658265397822
15031YOWI11_f236,-37.28308326,96.97821261088052,18.56598790486646,89.50241852,-338.312561,1417.684082,105.54381993161708,-5.50970459,-12.83847046,2.526977539,57.27448272705078,-2.005432129,-41.42260742,-0.388075903,-0.90427734,0.1779875987294013,0.8099656401002727,-0.028360468,-0.585791213,1.7848937200899044,-0.498480835,-1.697021484,0.2397509765625008,-13.53240967,16.969042968750113,7.236914062500052,236,0.041666667,15031YOWI11,0.4210329299351831,,-35.8589053,92.00535856,92.00535856,41.66666666666666,15031YOWI11,K,1,19.8,64,44,0.01875,1.249976772,-0.213777322,1.225691460602987,-0.120090093,-124.3361723,-26.62564877,0.6217930116211278,6.435284403133474,-1.100594743,6.310255771800507,-0.61826261,-640.1227994,-137.077445,3.2011913818157502,1503,1YO,75,WI11,Wind_success,11,Right,W,0,Naive,Right,11,TRUE,First,Head-On,TRUE,TRUE,0.1,100,218.16956051504903,3.290467598587417,0.2666666666666666,266.6666666666667,698.5708143803645,1.7793752884012806,3.683568804493644,2.159005466474235,29.74409975408437,24.230272215103497,741.5310209391707,9372.038095238097,19.577658265397822
15031YOWI12_f234,-93.78645565,115.97366415659587,9.304591623942088,32.97822189331055,-319.3225708,1408.433594,149.44017353459606,-3.274438858,-12.98483276,5.419189453,44.05179214477539,2.569366455078125,-53.53845215,-0.226662878,-0.898834791,0.3751265888141074,0.6349387533559276,0.037033461,-0.77167435,1.5196806931323743,-0.02030777,-1.424904785,0.5278857421875018,0.018676758,13.106689453125073,1.0406250000000032,234,0.058333333,15031YOWI12,0.7501320423402811,,-50.50448301,86.66194609231779,86.66194609231779,58.333333333333336,15031YOWI12,K,1,19.8,64,44,0.017708333,0.738530131,-0.113260665,0.7254826005592512,-0.079207146,-39.71351368,-7.974450319,1.1688694658465368,3.8021917992258514,-0.58310251,3.735018897225317,-0.407783985,-204.4580035,-41.05504751,6.017717778,1503,1YO,76,WI12,Wind_success,12,Right,W,0,Naive,Right,12,TRUE,First,Head-On,TRUE,TRUE,0.225,225,475.1917253913933,2.7658442637153966,0.3,300,670.4624349156696,1.351450143,3.1284648373961725,1.9300968870969375,28.33293642222437,24.366974319459352,741.5310209391707,9372.038095238097,19.577658265397822
15031YOWI13_f235,-31.26509451,100.0216516,34.63031936040261,95.54427337646484,-335.2480774,1433.7576904296875,110.36800236396734,-5.974197388,-13.38897705,0.848754883,58.30406951904297,-8.295532227,-34.95458984,-0.406797739,-0.911688256,0.0577938,0.8513581047944339,-0.121131658,-0.510408169,1.5659636179311731,-0.28686676,-1.539407959,-0.013139648,5.100952148437536,16.569580078125135,8.477929688,235,0.05,15031YOWI13,1.052509612395367,30.60640395327632,-30.69102149,98.09772138654932,98.09772138654932,50,15031YOWI13,K,1,19.8,64,44,0.023958333,0.7789757421739649,-0.330541878,0.6776103685282129,-0.19593229,-67.44875673,-37.1162375,0.046705421,4.010418878767105,-1.701736415,3.488557174848448,-1.008722755,-347.2479985,-191.0863863,0.2404546004126094,1503,1YO,78,WI13,Wind_success,13,Right,W,0,Naive,Right,13,TRUE,First,Head-On,TRUE,TRUE,0.091666667,91.66666666666666,175.9790023,3.107155015674682,0.325,325,794.7644066117365,1.4492683397147967,3.5066959748131223,2.1254973262865784,26.81909613349124,25.18478293646764,741.5310209391707,9372.038095238097,19.577658265397822
15031YOWI14_f238,-40.74797098,70.68168888092043,-25.97915064,86.02114105,-364.8308411,1373.201416015625,85.62251193552834,-41.14250946,-26.76248169,61.56506348,-36.96923447,-13.32504272,59.83862305,-0.522544378,-0.339905964,0.7819279432656753,-0.516411596,-0.186133326,0.8358668843572166,0.852655598,-0.269836121,-0.754804688,0.290654297,14.35253906249886,15.761865234372287,44.22480468750006,238,0.025,15031YOWI14,1.4464213047558263,,56.70621230563294,-109.8209878,109.82098778359622,25,15031YOWI14,K,1,19.8,64,44,0.03125,0.7942942189117536,-0.526707947,0.582222323,-0.120412672,-37.10688085,-35.12562275,-1.510582911,4.089283347809149,-2.711662736,2.997468688723107,-0.619923352,-191.0382152,-180.8380582,-7.776969033,1503,1YO,81,WI14,Wind_success,14,Right,W,0,Naive,Right,15,TRUE,First,Head-On,TRUE,TRUE,0.058333333,58.333333333333336,103.04595363923244,2.4095825729958897,0.475,475,1106.4977942102596,0.9710810056435024,2.881127360360619,2.480631928943964,25.918772497192258,22.94967825,741.5310209391707,9372.038095238097,19.577658265397822
15041YOME01_f236,118.6229055,109.4762580871582,51.66542027791343,-61.79883957,-326.9830627,1448.3040771484375,169.48675594582076,,,,-39.54957199,12.474700927734377,-64.73461914,,,,-0.514440207,0.1622644039784676,-0.842034166,2.240163170581026,-0.461144257,-2.191867676,0.037324219,-7.097991943,-13.61645508,-20.03203125,236,0.041666667,15041YOME01,1.58308305,,-57.35555002,-72.49371635,72.49371635037517,41.66666666666666,15041YOME01,K,2,20.3,62,41,0.015625,0.9364141475811778,-0.467528558,-0.795539565,0.1593904135590772,48.69527613163012,-32.94354709,-1.109789366,4.702219749532635,-2.347702698,-3.994815608,0.8003817033944312,244.52416671251368,-165.4265884,-5.572826393,1504,1YO,85,ME01,Wind_missed,1,Left,M,0,Naive,Left,4,TRUE,First,Failure,FALSE,FALSE,0.075,75,229.4004600949849,2.6180819161433506,0.175,175,477.15982638288034,2.0848797060213355,2.814780432758826,2.0027769537258906,29.87815490194304,25.826406819701127,643.8603544,8795.438095238096,21.505835532394943
15041YOPE01_f194,19.45159691384754,899.7305591511276,22.86891260686912,-161.0152283,463.9400329589844,1419.670166015625,900.2313207,0.019638062,-14.55889893,4.158813477,-7.256210327,54.40542602539063,-25.59912109,0.00129699,-0.961538349,0.2746676561330159,-0.119811928,0.8983227704117337,-0.422683454,2.404709556980374,-0.273068848,-2.389116211,0.013608398,5.573364257812538,7.109033203125044,-11.87050781,194,0.3916666666666666,15041YOPE01,1.6121601363748073,25.52059315084927,-25.00412144,-7.596871675,7.596871674792396,391.6666666666667,15041YOPE01,K,2,20.3,62,41,0.010416667,0.8647199452249166,-0.608784157,-0.564186646,-0.242519819,72.33168120548301,-75.97809202,-5.035992104,4.342206079173842,-3.057020117,-2.833072945,-1.217817442,363.2147813655664,-381.525296,-25.28832098,1504,1YO,81,PE01,Wind_Near-miss,1,Left,P,0,Naive,Left,2,TRUE,First,Pivot,TRUE,FALSE,,,,2.615628184852414,0.3583333333333333,358.3333333333333,814.3819253043418,,2.3792531554791383,1.9057422996467988,25.68584308818369,24.623604291674297,643.8603544,8795.438095238096,21.505835532394943
15041YOPE02_f231,-33.03634033,131.69642626173953,20.60491813497333,-213.5033417,-304.7590027,1417.1983642578125,137.33139161894684,8.843231201171875,-11.66598511,2.857543945,-52.87016296,-12.38543701,-40.6003418,0.5929001944866313,-0.782153568,0.1915858946111645,-0.779778871,-0.18267207,-0.598812013,1.807835809035724,0.3590753173828138,-1.754523926,0.2469433593750009,-9.372216797,2.8687500000000123,-1.49765625,231,0.083333333,15041YOPE02,0.95186077,9.819816282210551,-36.78486163,-103.1844393,103.18443925732436,83.33333333333333,15041YOPE02,K,2,20.3,62,41,0.020833333,0.545806631,-0.331712986,-0.424525808,-0.087459766,55.15687951133102,-40.02348828,-2.566738843,2.7407773841638017,-1.665702467,-2.131763649,-0.439180719,276.97121923106016,-200.9786349,-12.88892325,1504,1YO,83,PE02,Wind_Near-miss,2,Left,P,0,Naive,Left,3,TRUE,First,Pivot,TRUE,FALSE,0.125,125,213.9501271985281,2.351646263261168,0.275,275,549.1883627665665,,2.6880409308145583,2.0204220501263856,24.830679535894827,24.179990369694185,643.8603544,8795.438095238096,21.505835532394943
15041YOPE03_f240,20.39068657557169,48.39901930491129,19.31294759114576,-160.0179291,-388.0730591,1415.9058837890625,55.9574402,-7.749938965,12.25683594,-2.787841797,-62.34817505,-7.83682251,-41.64160156,-0.524815497,0.8300165295160753,-0.188788916,-0.827075381,-0.103958824,-0.55239377,1.7444911202904136,0.026698608,-1.688895264,0.4360839843750015,-13.01264648,22.316748046875155,-15.43886719,240,0.008333333,15041YOPE03,1.5805817362627017,25.94057985294377,-33.53139109,-97.16419257,97.16419256776987,8.333333333333334,15041YOPE03,K,2,20.3,62,41,0.023958333,1.026659810274841,-0.03641535,-1.02350489,-0.071707932,131.73810961970213,1.9559722957600043,-4.925381161,5.1553898970832055,-0.182860309,-5.139547413,-0.360082612,661.5251835098502,9.821948528243544,-24.73288622,1504,1YO,102,PE03,Wind_Near-miss,3,Left,P,0,Naive,Left,12,TRUE,First,Pivot,TRUE,FALSE,0.225,225,515.6677871,2.3414658697776147,0.3416666666666667,341.6666666666667,778.6872312100849,1.9135678295705405,3.752243598,2.2394804489537767,29.672653101804805,25.250118606639848,643.8603544,8795.438095238096,21.505835532394943
15041YOPE04_f237,71.91366234146247,69.38168296493404,36.17283745773693,-108.5099182,-367.0976257,1432.7916259765625,106.27260668748252,6.725738525390625,-13.13357544,1.082763672,-60.82751465,-18.40093994,-30.51611328,0.4545883993781445,-0.887690031,0.07318331,-0.862839446,-0.261017681,-0.432871644,1.681259178993259,-0.147445679,-1.657393799,-0.240703125,-7.039929199,-9.350244141,-1.780664062,237,0.033333333,15041YOPE04,2.048262765362988,21.679566964715573,-25.64994043,-106.8310982,106.8310982280898,33.333333333333336,15041YOPE04,K,2,20.3,62,41,0.005208333,1.1520876605306751,-0.775723223,-0.813015991,0.2540953703610458,78.73491538008027,-75.87312157,-1.116742623,5.785228004653314,-3.895307508,-4.082573783,1.2759442730150987,395.36873191666416,-380.9981851,-5.607742291,1504,1YO,108,PE04,Wind_Near-miss,4,Left,P,0,Naive,Left,15,TRUE,First,Pivot,TRUE,FALSE,0.3083333333333333,308.33333333333337,660.9623245824134,2.374409656693118,0.275,275,582.2706239601781,1.5855784706133762,3.040283456224456,2.190641836450579,28.188818390645043,24.701990937604823,643.8603544,8795.438095238096,21.505835532394943
15041YOPI01_f235,-153.1447334,23.168812815348304,48.16165822347011,-24.56346321,-405.5884094,1447.0745849609375,162.2024925429098,4.6768646240234375,13.92480469,1.379638672,63.91654777526856,13.76550293,-29.9934082,0.3169924185030356,0.9438069882116202,0.093510297,0.8885513412802737,0.1913644669073332,-0.416960615,1.2279290357160346,0.082434998,-1.159233398,-0.396474609,12.501507568359465,14.826708984375134,-13.01132813,235,0.05,15041YOPI01,2.914300412805244,25.704020878246084,-24.64284659,77.84603331224199,77.84603331224199,50,15041YOPI01,K,2,20.3,62,41,0,0.7728787513771003,-0.547112194,0.521379426,-0.161781661,-9.001758825,-8.427129285,4.486475370571798,3.881023944,-2.747333294,2.6181157536760367,-0.812389394,-45.20248678,-42.31697466,22.52891325,1504,1YO,149,PI01,Wind_Near-miss,1,Left,P,0,Naive,Right,6,FALSE,Second,Pivot,TRUE,FALSE,0.3166666666666666,316.66666666666663,579.0945900992587,2.4160710310712856,0.325,325,596.9877606872762,1.0654894356387332,3.1180198929646163,2.088954468575711,26.857434577214228,23.01129428209336,643.8603544,8795.438095238096,21.505835532394943
15041YOUE01_f240,-14.91274958,29.84940134684245,13.07450434366865,-195.4091797,-405.2346191,1409.91748,35.83740398704875,9.164871215820312,-11.19439697,2.252807617,-40.15481567,-2.893341064,-56.42675781,0.6259355886211297,-0.764546636,0.1538605866583591,-0.579297699,-0.041741091,-0.814046594,1.7213208129207125,0.2135925292968757,-1.67430542,0.3376757812500012,-20.63276367,-7.061132813,-12.85839844,240,0.008333333,15041YOUE01,0.855591821,15.108723867207416,-54.49320009,-94.12130458,94.12130458057344,8.333333333333334,15041YOUE01,K,2,20.3,62,41,0.45625,0.7010665784064517,-0.527021019,0.4401253522446697,-0.141537513,-14.57317972,-15.93167527,4.609740433712119,3.5204178826594537,-2.64644511,2.2100970269839744,-0.710733057,-73.17947262,-80.00118142,23.147890880985614,1504,1YO,75,UE01,Wind_Uturn,1,Left,U,0,Naive,Left,1,TRUE,First,U-Turn,TRUE,FALSE,0.175,175,390.58800966895456,2.619070325414924,0.25,250,583.4025303449924,1.7213208129207125,4.542691215,2.308095974669825,31.71658174175528,25.622743089520583,643.8603544,8795.438095238096,21.505835532394943
15041YOUI01_f226,-168.1550854,-73.57485619,32.12713852,-39.31549072,-502.3759766,1430.95752,186.3371816100397,-0.311294556,13.84649658203125,3.645019531,0.2148094177246093,-39.47186279,-45.59985352,-0.021736001,0.9668253565566222,0.2545118389390925,0.003561694,-0.654471672,-0.756078134,0.3895438157991597,0.052507324,0.3825549316406263,-0.05137207,-51.15673828,6.340429687500051,24.18750000000017,226,0.125,15041YOUI01,4.576962984351958,25.92086768120558,-49.11966413,179.68819430693577,179.68819430693577,125,15041YOUI01,K,2,20.3,62,41,0.038541667,0.410459451,-0.363165582,-0.168613139,0.090317939,1.942102797446294,-14.65212291,0.2176793728916907,2.0611291924820803,-1.823642216,-0.84669378,0.4535330855508724,9.752302603889133,-73.57588721,1.093080715323615,1504,1YO,139,UI01,Wind_Uturn,1,Left,U,0,Naive,Right,1,FALSE,Second,U-Turn,TRUE,FALSE,,,,2.7510860194784508,0.875,875,522.0176683532703,0.4953260817786632,4.955753589802108,1.8444930060667468,29.32222618210815,24.04176443178738,643.8603544,8795.438095238096,21.505835532394943
15041YOUI02_f223,-141.0371041,303.8915309,70.77488861083975,-12.26270485,-124.8780518,1469.666504,342.4187671853793,-2.940426826,-14.6058197,-1.279785156,58.28851890563965,0.540008545,-33.27709961,-0.196635058,-0.976734457,-0.085583027,0.8684115227706395,0.008045318,-0.495778882,2.220056370083624,0.1420500183105473,-2.214934387,0.050375977,-4.974279785,-1.487658691,23.384179687499707,223,0.15,15041YOUI02,0.949180087,29.987040315307965,-29.72112383,89.46920378215141,89.46920378215141,150,15041YOUI02,K,2,20.3,62,41,0.01875,0.9187919324675872,-0.445581393,0.8026069196390592,-0.038183377,-37.73229218,-21.31374667,4.069065374154456,4.613729493216367,-2.237494627,4.030304452775438,-0.191738487,-189.4733542,-107.0273455,20.43288176915309,1504,1YO,143,UI02,Wind_Uturn,2,Left,U,0,Naive,Right,2,FALSE,Second,U-Turn,TRUE,FALSE,0.225,225,500.4979459160333,2.548492607426047,0.25,250,558.3456607254627,1.6770662888035035,4.853341359126866,2.7069235658500364,30.62126307029446,24.860100305773564,643.8603544,8795.438095238096,21.505835532394943
15041YOUI03_f225,-179.2048352,106.63882484436031,-275.2415207,-50.42659378,-322.1386108,1123.6334228515625,345.31739984072186,-3.145069122,-201.6051025,354.3140869140625,-24.2794838,-269.276062,319.6507568359375,-0.007714786,-0.49453289,0.8691246760901885,-0.057993404,-0.643186464,0.763510274,0.03552396,0.034131775,0.008587646,-0.004819336,3.937664794921903,3.3200683593750235,-0.7734375,225,0.1333333333333333,15041YOUI03,11.208800013804565,,49.77464085274149,-174.8478139,174.84781390745815,133.33333333333334,15041YOUI03,K,2,20.3,62,41,0.0125,0.9574101842378372,-0.671870041,-0.556163633,0.3948505062661928,25.3880574,-32.64962661,0.3084188178196971,4.8076517087612265,-3.373806967,-2.792785251,1.9827486091210471,127.48656695137612,-163.9506616,1.548730399,1504,1YO,144,UI03,Wind_Uturn,3,Left,U,0,Naive,Right,3,FALSE,Second,U-Turn,TRUE,FALSE,,,,2.660207874114797,0.9916666666666668,991.6666666666669,596.7517610682565,1.100094477499155,5.439651222857508,3.855802171570004,18.877975152816106,18.790068437519103,643.8603544,8795.438095238096,21.505835532394943
15041YOUI04_f153,-243.8958445,38.48125601413358,149.53779404133434,-115.2333145,-390.350708,1548.5179443359375,288.66510329055933,,,,10.45233917236328,54.94302368164063,-55.70007324,,,,0.1324196855936123,0.6960679137472194,-0.705658902,1.1717345613665142,0.2740750122070322,-1.136345215,-0.081020508,6.96862793,11.975097656250096,-3.918164063,153,0.7333333333333333,15041YOUI04,1.8116668203206985,22.695629238469547,-44.88280037,10.771216585165902,10.771216585165902,733.3333333333333,15041YOUI04,K,2,20.3,62,41,0.023958333,0.615237139,-0.410897532,-0.283907189,0.3592724086251204,21.20106893270949,-25.89673691,0.8605462380788221,3.0894238771194664,-2.063329026,-1.425644832,1.804092579830174,106.46153232957964,-130.0409098,4.321247736946927,1504,1YO,166,UI04,Wind_Uturn,4,Left,U,0,Naive,Right,15,FALSE,Second,U-Turn,TRUE,FALSE,,,,2.433426298980382,0.9833333333333332,983.3333333333331,563.0302238390143,1.3986651453200152,3.196665764311861,2.0486506524243957,28.85976101624609,23.829219950003097,643.8603544,8795.438095238096,21.505835532394943
15041YOWE01_f234,169.20391527811685,127.03563906351724,55.53296254475913,-11.22872353,-309.4122009,1452.147216796875,218.75083649375603,-0.491415977,-14.82589722,1.887573242,-58.42029381,3.936279297,-38.5456543,-0.03286261,-0.991456744,0.1262282608054028,-0.833369602,0.056151301,-0.549856471,1.756086279611833,-0.463941135,-1.637874756,-0.431235352,-21.87433548,3.906738281250024,-2.3484375,234,0.058333333,15041YOWE01,1.1740657067063682,,-33.35716682,-86.14531516,86.14531515768704,58.333333333333336,15041YOWE01,K,2,20.3,62,41,0.020833333,1.320443084682948,-0.569961614,-1.188578578,0.077425203,32.49461771527868,-13.65437745,-1.929585069,6.630627662950482,-2.862072051,-5.968467774,0.3887919887411091,163.17228180392317,-68.56569126,-9.689444616,1504,1YO,86,WE01,Wind_success,1,Left,W,0,Naive,Left,5,TRUE,First,Head-On,TRUE,TRUE,0.2916666666666667,291.6666666666667,703.7352622008457,2.453455479781284,0.2,200,490.5401137,1.9448648929466168,3.134071873,1.8975484035289745,31.03739501413025,24.44687729115794,643.8603544,8795.438095238096,21.505835532394943
15041YOWE02_f240,46.96513456081246,27.819124357470912,42.32338238959528,-133.5964203,-408.6195068,1438.938965,69.07167466644744,-8.342758179,11.74890137,-1.979370117,-54.67250061,-4.990325928,-52.50292969,-0.573583663,0.8077637800269791,-0.136086212,-0.719715053,-0.065693221,-0.691154573,1.0960823601970802,0.1602520751953131,-1.01737793,-0.375043945,2.242749023437518,2.5866210937500083,-10.78417969,240,0.008333333,15041YOWE02,0.5838304295215125,14.957292346699118,-43.72157294,-95.21531853,95.21531853142125,8.333333333333334,15041YOWE02,K,2,20.3,62,41,0.00625,1.325594579581662,-0.674567143,-1.07894991,0.3715201878406198,124.78056853964245,-76.73987423,-2.748811769,6.656495983196304,-3.387350512,-5.417965534,1.865595013837392,626.5877713,-385.3505985,-13.80320558,1504,1YO,89,WE02,Wind_success,2,Left,W,0,Naive,Left,6,TRUE,First,Head-On,TRUE,TRUE,0.1583333333333333,158.33333333333331,273.10770610817644,2.416513542707982,0.4166666666666667,416.6666666666667,834.7811365935644,1.086621905,3.0087168885806115,1.6343625040081746,27.868151616936096,23.00776499808815,643.8603544,8795.438095238096,21.505835532394943
15041YOWE03_f225,-0.597776369,267.93230206311625,-3.127675054,-181.147644,-168.4826813,1393.435791015625,267.9512235028505,5.4296417236328125,-13.52711487,3.71862793,-54.44148254,13.410125732421877,-37.85424805,0.360941264,-0.899229487,0.2471997848683416,-0.804740882,0.198225249,-0.559552377,2.153622910682124,0.2869976806640635,-2.111127319,0.3144287109375011,3.656030273437527,7.849951171875072,-21.38027344,225,0.1333333333333333,15041YOWE03,0.8107123338016994,-0.296855151,-34.0248473,-76.16227436,76.16227435671851,133.33333333333334,15041YOWE03,K,2,20.3,62,41,0.023958333,1.0430911718492726,-0.289962613,-0.979104707,0.2128728474768731,116.07717995529512,-32.11090844,-2.758641173,5.237900261868468,-1.456052249,-4.916591126,1.0689446652750694,582.8835558131346,-161.2454791,-13.8525641,1504,1YO,90,WE03,Wind_success,3,Left,W,0,Naive,Left,7,TRUE,First,Head-On,TRUE,TRUE,0.2333333333333333,233.33333333333331,490.56173561508007,2.489258634232057,0.2583333333333333,258.33333333333337,551.9505158468389,,4.7468802513641855,2.530060359871477,28.395812470444607,23.89915821475346,643.8603544,8795.438095238096,21.505835532394943
15041YOWE04_f239,33.713055197397864,61.87193603515624,25.84685160319009,-146.825058,-374.5623169,1422.4359130859375,75.05175745629539,7.691650391,-12.43704224,2.095458984,-51.42819214,-11.39318848,-45.50634766,0.5206667785734719,-0.841894052,0.1418467849705161,-0.738809287,-0.163672746,-0.653737004,1.5281938970979887,0.3152215576171886,-1.475174561,0.2446875000000009,-10.54885254,13.98295898,0.7277343750000101,239,0.016666667,15041YOWE04,2.4145445475276306,20.998577662392087,-40.82395214,-102.4913269,102.49132691194863,16.666666666666668,15041YOWE04,K,2,20.3,62,41,0.017708333,1.102004318462094,-0.176563633,-1.072350425,0.1824921023696944,120.6665656177734,-21.03032337,-2.459930232,5.533733640961991,-0.88661732,-5.384826105,0.9163872311338808,605.9292348602431,-105.6041306,-12.35258198,1504,1YO,92,WE04,Wind_success,4,Left,W,0,Naive,Left,8,TRUE,First,Head-On,TRUE,TRUE,0.15,150,315.1014963117143,2.197375238441746,0.125,125,260.7342993647669,1.5281938970979887,2.4145445475276306,1.5701285044634106,26.226755992265343,23.41258383136937,643.8603544,8795.438095238096,21.505835532394943
15041YOWE05_f234,49.130969524383545,127.99565060933428,24.19335938,-131.3538666,-308.4441833,1420.834228515625,139.21945761696023,6.381141662597656,-13.27267456,3.213012695,-54.71372986,-7.753753662,-43.23010254,0.423338915,-0.880538303,0.2131583,-0.77983199,-0.110513854,-0.616156438,1.5093481799650574,0.2880157470703136,-1.474453125,-0.145488281,8.753027343750068,8.501660156250072,-1.443164063,234,0.058333333,15041YOWE05,0.4937046472212512,30.54969569467215,-38.03599725,-98.06595833,98.06595832579546,58.333333333333336,15041YOWE05,K,2,20.3,62,41,0.033333333,0.9886545687128224,-0.355525465,-0.918367263,0.087413216,79.00242452,-29.35101888,0.8056440319165038,4.964545922843496,-1.78527724,-4.611597007,0.4389469698128701,396.71203364014747,-147.3866462,4.045555364318624,1504,1YO,94,WE05,Wind_success,5,Left,W,0,Naive,Left,9,TRUE,First,Head-On,TRUE,TRUE,0.275,275,539.9251798156868,2.4191414539368328,0.3416666666666667,341.6666666666667,698.6810971752917,1.4570046314104366,2.975790355826935,1.88614681,27.865180104140848,23.93490698555096,643.8603544,8795.438095238096,21.505835532394943
15041YOWE06_f238,20.273502301970296,64.39566078345644,25.108140506504924,-160.2613068,-372.0345154,1421.7081298828125,72.02940193435163,,,,-64.88520813,-4.27545166,-36.57641602,,,,-0.869693342,-0.05730631,-0.490254503,1.2421662494042849,0.418646851,-1.169443359,-0.010678711,13.367065429688582,12.690527343745996,2.149804687499924,238,0.025,15041YOWE06,0.7386061840961753,25.051372410201868,-29.3573107,-93.76991507,93.76991506985335,25,15041YOWE06,K,2,20.3,62,41,0.023958333,0.944532088,-0.263043405,-0.903228028,0.084428444,112.38069820019696,-32.74536209,-2.883044073,4.742984128017645,-1.320876983,-4.535575079,0.423958882,564.3216090959608,-164.431399,-14.47725541,1504,1YO,97,WE06,Wind_success,6,Left,W,0,Naive,Left,10,TRUE,First,Head-On,TRUE,TRUE,0.25,250,517.5383140907502,2.6154583978931027,0.3166666666666666,316.66666666666663,686.5377371927602,1.316818903613596,3.2042152919514395,1.8398085833014088,31.48530582585404,25.750212536524938,643.8603544,8795.438095238096,21.505835532394943
15041YOWE07_f238,57.46500146,86.53548456827798,46.26354624430337,-122.961113,-349.9082947,1442.8590087890625,113.71425677063093,7.503868103027344,-12.7416687,-0.210083008,-53.83943939,-12.18927002,-44.9510498,0.5074094179800271,-0.861587998,-0.014205753,-0.756289737,-0.171224291,-0.631433351,1.4214830011847088,0.3531591796875012,-1.35012085,-0.270307617,-2.570031738,-0.779589844,-9.272460938,238,0.025,15041YOWE07,0.3800781992984795,39.86528344290302,-39.1559519,-102.7567307,102.75673068830451,25,15041YOWE07,K,2,20.3,62,41,0.030208333,0.8842211679254268,-0.317397565,-0.824637818,-0.03283791,66.57686091416419,-24.6201509,-1.997241281,4.440131804409026,-1.593817333,-4.140932989,-0.164896128,334.3168522828529,-123.6305112,-10.02918145,1504,1YO,100,WE07,Wind_success,7,Left,W,0,Naive,Left,11,TRUE,First,Head-On,TRUE,TRUE,0.2166666666666666,216.66666666666669,437.7550811273301,2.338726689649108,0.275,275,571.8903436857478,1.4214830011847088,2.811310874,1.5979626879030298,26.92516654664233,21.67933787795746,643.8603544,8795.438095238096,21.505835532394943
15041YOWE08_f235,13.361883985515362,114.39705371249256,24.77386824492441,-167.1109467,-322.0780029,1421.3861083984375,117.8090421,7.992294311523437,-12.63711548,1.267700195,-43.7129364,-16.1867981,-52.5715332,0.5326060060263911,-0.842136606,0.084479464,-0.622151339,-0.230381186,-0.748232731,1.4366605919377948,0.4991217041015642,-1.346213379,-0.050800781,-4.588549805,7.255371093750068,-18.23027344,235,0.05,15041YOWE08,1.193279760553232,24.824935722862943,-48.43752265,-110.3194733,110.3194733182365,50,15041YOWE08,K,2,20.3,62,41,0.030208333,0.5548047115486365,-0.175004803,-0.520858467,-0.076733597,49.46302956773288,-16.24923785,0.643420599,2.7859614023522616,-0.878789627,-2.615499749,-0.385319076,248.3794537981896,-81.59582737,3.2309476039138603,1504,1YO,104,WE08,Wind_success,8,Left,W,0,Naive,Left,13,TRUE,First,Head-On,TRUE,TRUE,0.1833333333333333,183.3333333333333,321.23125047891966,2.408171442792453,0.3916666666666666,391.6666666666667,770.3264200356201,1.4154622737150513,2.562455900066206,1.646143870784034,26.36965487618899,23.70652911304369,643.8603544,8795.438095238096,21.505835532394943
15041YOWE09_f232,14.959663645426446,144.89523728688556,23.21482543945308,-165.4166565,-291.5759583,1419.8424072265625,147.50372688509077,8.668914794921875,-12.35974121,1.923583984,-39.3938446,1.592254638671875,-59.10180664,0.5696168599847348,-0.8121336,0.1263948135398056,-0.554489148,0.022411824,-0.831889112,1.449072340510273,0.4930426025390642,-1.359129639,0.097397461,-5.940527344,0.1766601562500198,1.0968750000000071,232,0.075,15041YOWE09,2.571628875738529,21.81581427627993,-56.29328736,-87.68542928,87.68542927987164,75,15041YOWE09,K,2,20.3,62,41,0.026041667,1.0858946128995963,-0.265165253,-1.047424311,-0.108428832,91.62613712637275,-20.58162962,-2.44837886,5.452838477373526,-1.331531881,-5.259659194,-0.544477247,460.1022236602479,-103.3510072,-12.29457656,1504,1YO,106,WE09,Wind_success,9,Left,W,0,Naive,Left,14,TRUE,First,Head-On,TRUE,TRUE,0.1916666666666666,191.66666666666669,326.41043770775923,2.325967806156824,0.425,425,824.4660338041816,1.3595901753351989,3.0340111572986643,1.7081611462833788,28.19758343682913,22.917931034527463,643.8603544,8795.438095238096,21.505835532394943
15041YOWI01_f239,-13.05649557,62.94989909365989,27.70669677222554,115.58490753173828,-365.9159851,1426.638184,70.00587774261145,-9.727775574,-11.71762085,0.80847168,45.168190002441406,-19.33465576,-46.74267578,-0.637854858,-0.768329956,0.053011871,0.6660502946106397,-0.285108904,-0.689267668,1.1456306702698456,-0.249121399,-1.114852295,-0.086674805,13.550976562500091,12.689208984375098,-19.60136719,239,0.016666667,15041YOWI01,1.8468884263572096,24.76976104347591,-43.57216634,113.17378769413696,113.17378769413696,16.666666666666668,15041YOWI01,K,2,20.3,62,41,0.016666667,0.4598619759893846,-0.114915205,0.4176132577600541,-0.15448851,-52.10242539,-16.50610595,-0.634088208,2.3092048226118145,-0.577048676,2.0970521572942764,-0.77576671,-261.6332253,-82.88569497,-3.184084845,1504,1YO,145,WI01,Wind_success,1,Left,W,0,Naive,Right,4,FALSE,Second,Head-On,TRUE,TRUE,0.2166666666666666,216.66666666666669,403.59708864432025,2.312161137389121,0.3083333333333333,308.33333333333337,594.6284576965611,1.1729113923847143,3.692729152503517,2.2690465627431458,28.175094350358066,24.51699774291758,643.8603544,8795.438095238096,21.505835532394943
15041YOWI02_f230,-26.2331495,113.50142002105711,23.25283203124991,102.46724700927734,-315.2607422,1422.148438,118.79160187819215,-8.81401062,-11.69943237,-0.01171875,52.32093048095703,-20.81729126,-38.68847656,-0.601721469,-0.798705599,-0.000800024,0.7658203350023126,-0.304702245,-0.5662824,1.0845372391890875,-0.245750427,-1.051900635,0.096606445,1.8402099609366804,4.482421874996552,-1.613671875,230,0.091666667,15041YOWI02,1.2267075527018112,25.093551902509247,-34.49139092,111.69646822589664,111.69646822589664,91.66666666666666,15041YOWI02,K,2,20.3,62,41,0.052083333,0.768057449,-0.370541386,0.6304791370321267,-0.234749619,-49.70839317,-32.99594155,-0.93209845,3.856813690416148,-1.860679945,3.1659618316090774,-1.178799248,-249.6115513,-165.6896881,-4.680548402,1504,1YO,147,WI02,Wind_success,2,Left,W,0,Naive,Right,5,FALSE,Second,Head-On,TRUE,TRUE,0.2583333333333333,258.33333333333337,401.94373208458455,2.3161509769927977,0.475,475,883.1925276542322,0.8133683329062872,3.685666971022334,2.295182158697803,28.92439033424831,24.983908728232773,643.8603544,8795.438095238096,21.505835532394943
15041YOWI03_f234,-91.76820113,109.32554022471112,45.12797648111973,36.772762298583984,-319.4017334,1444.0289306640625,149.6997352873153,-4.049236298,-14.54309082,0.997070313,49.86588668823242,-2.059020996,-47.64489746,-0.267644213,-0.961261288,0.06590381,0.7227029298374634,-0.029841252,-0.690514283,1.5161636016733206,-0.119989471,-1.503962402,-0.149838867,4.568444824218783,0.9905273437500152,-9.031640625,234,0.058333333,15041YOWI03,1.7073153713408695,28.640160752505537,-43.67083261,92.36446683,92.36446683,58.333333333333336,15041YOWI03,K,2,20.3,62,41,0.020833333,1.2436928947623416,-0.520983613,1.1092733194180502,-0.21180367,-56.67662668,-28.62481034,-2.104070919,6.245225264068239,-2.616128173,5.570235054297917,-1.063575772,-284.6026558,-143.7399775,-10.56562831,1504,1YO,152,WI03,Wind_success,3,Left,W,0,Naive,Right,7,FALSE,Second,Head-On,TRUE,TRUE,0.2166666666666666,216.66666666666669,415.9125290806767,2.3647379600542835,0.2583333333333333,258.33333333333337,508.9276271162016,1.404248245613337,3.586458568204314,2.210946227162357,30.664431626828737,23.71768673152064,643.8603544,8795.438095238096,21.505835532394943
15041YOWI04_f225,-108.2872358,205.64698823293048,38.30582962036124,20.24717903137207,-223.0704346,1437.220947265625,235.5507286819368,-3.914194107,-14.45739746,3.151367188,57.40101432800293,-3.45513916,-36.28149414,-0.255732267,-0.944568136,0.2058932832112073,0.8442091329465238,-0.050815479,-0.533599782,1.7929456039245049,0.028680954,-1.79255127,0.024316406,27.61251525878925,-5.905151367,-9.522070313,225,0.1333333333333333,15041YOWI04,0.933520565,30.761441340049736,-32.2490018,93.44464855954654,93.44464855954654,133.33333333333334,15041YOWI04,K,2,20.3,62,41,0.015625,0.8167077854637848,-0.383900323,0.7128055796464654,-0.107426043,-26.37956318,-13.5211265,0.9241726979909168,4.101112193066212,-1.927762073,3.5793654793111744,-0.539441725,-132.4654303,-67.8965693,4.640749099847429,1504,1YO,154,WI04,Wind_success,4,Left,W,0,Naive,Right,8,FALSE,Second,Head-On,TRUE,TRUE,0.275,275,520.4311222695883,2.430529931201834,0.2833333333333333,283.3333333333333,539.6040421,1.371636652094541,3.263939321027296,2.0203096900596544,29.95294130540112,24.64869146683151,643.8603544,8795.438095238096,21.505835532394943
15041YOWI05_f231,-116.16116,143.71513957977294,18.05441004435216,12.325161933898926,-285.0560608,1416.942871,185.6701864862412,-3.086354256,-13.67617798,4.699584961,43.87351894378662,-7.574462891,-54.23706055,-0.208723575,-0.924890832,0.3178229363454861,0.6252405149888032,-0.107943497,-0.772931109,1.5615072748727932,-0.004199295,-1.556931152,-0.119384766,5.824978637695354,-3.0515625,-11.36777344,231,0.083333333,15041YOWI05,1.529686459523709,31.45227482568324,-50.61783452,99.79516883941604,99.79516883941604,83.33333333333333,15041YOWI05,K,2,20.3,62,41,0.03125,1.073030810387772,-0.225668435,1.0475791224508346,-0.055198369,-44.87796796,-9.94928056,-1.635771051,5.388242671787469,-1.133197926,5.260436583,-0.277179557,-225.3554881,-49.96048347,-8.21405247,1504,1YO,156,WI05,Wind_success,5,Left,W,0,Naive,Right,9,FALSE,Second,Head-On,TRUE,TRUE,0.2416666666666666,241.66666666666663,470.99684677116784,2.3741102211032614,0.275,275,545.2358183492865,1.4030306146920768,3.432181394306854,1.9362788571968064,31.45227482568324,24.801910046974783,643.8603544,8795.438095238096,21.505835532394943
15041YOWI06_f207,-110.6552775,443.2910194,-23.93753866,17.854976654052734,14.521706581115724,1374.9437255859375,457.5199712104925,-4.980255127,-13.32125938,4.27331543,51.59245681762695,-17.40001416,-45.78393555,-0.335372527,-0.89705935,0.2877669034068971,0.725237826,-0.244592896,-0.643587143,1.940617117093022,0.010095978,-1.918362236,0.2928808593749932,-5.276596069,-3.381083679,-22.05703125,207,0.2833333333333333,15041YOWI06,2.3383078779912383,21.907277498054075,-40.05982678,108.6371353648943,108.6371353648943,283.3333333333333,15041YOWI06,K,2,20.3,62,41,0.004166667,0.9190417834873128,-0.379782455,0.8342262992160361,-0.066854833,-28.65333169,-13.41655769,-0.491792666,4.614984124409658,-1.907084128,4.189081711212726,-0.335712693,-143.883198,-67.37147523,-2.469545331,1504,1YO,157,WI06,Wind_success,6,Left,W,0,Naive,Right,10,FALSE,Second,Head-On,TRUE,TRUE,0.3666666666666666,366.6666666666666,615.9549559630323,2.263633890315231,0.4583333333333333,458.3333333333333,806.0290579986447,1.206317145,2.7552655824327137,1.458351339938236,29.570693699020183,23.309245493549195,643.8603544,8795.438095238096,21.505835532394943
15041YOWI07_f231,-95.08383427,110.88589127858478,54.46814804077144,33.47779846191406,-317.8436584,1453.3944091796875,155.89546361099696,-5.789995193,-13.67868042,1.557739258,54.98402404785156,-5.267456055,-40.29858398,-0.387677305,-0.915875366,0.104300632,0.8041690329559728,-0.077039197,-0.589387079,1.139423021706891,-0.208022919,-1.119532471,-0.040722656,-4.760705566,10.369775390625088,-6.609375,231,0.083333333,15041YOWI07,1.584088939606152,24.33136619670788,-36.11352551,95.47222182877792,95.47222182877792,83.33333333333333,15041YOWI07,K,2,20.3,62,41,0.020833333,0.5875721467062586,-0.359962071,0.4558770738050341,-0.088568779,-17.33642483,-14.8981058,-1.379818297,2.9505036416357013,-1.807555731,2.289194568,-0.444749648,-87.05515548,-74.81109454,-6.928781313,1504,1YO,160,WI07,Wind_success,7,Left,W,0,Naive,Right,11,FALSE,Second,Head-On,TRUE,TRUE,0.2916666666666667,291.6666666666667,502.8816993306285,2.327800745054832,0.375,375,689.7933662761243,1.1616368444117795,4.302454959781159,2.210572987518608,31.13287848426836,24.151586683390263,643.8603544,8795.438095238096,21.505835532394943
15041YOWI08_f223,-149.1207014,278.3746664047241,35.388662211100154,-20.51434898,-150.3474884,1434.308349609375,317.77632999807065,-2.957582474,-14.37779236,4.8671875,56.71449471,0.9061737060546876,-37.21228027,-0.191247013,-0.929715355,0.3147283562686133,0.8360179904835229,0.013357741,-0.548539415,2.1540351884857443,0.1133594512939457,-2.141037598,0.2073046875000007,15.886560058593805,-0.89263916,-17.128125,223,0.15,15041YOWI08,0.6492122229191138,,-33.26686836,89.08461652375902,89.08461652375902,150,15041YOWI08,K,2,20.3,62,41,0.017708333,0.7870600417239803,-0.35010395,0.7038521501527248,-0.03850824,-18.16757161,-8.915631164,1.633310622,3.952235537899801,-1.758053005,3.534405679098561,-0.193369788,-91.22877335,-44.76999525,8.201697382757915,1504,1YO,162,WI08,Wind_success,8,Left,W,0,Naive,Right,12,FALSE,Second,Head-On,TRUE,TRUE,0.275,275,585.4810682423736,2.480200638343527,0.25,250,526.2514392973178,,4.165910311783639,2.3707470696128192,30.85057635025544,24.882018123412045,643.8603544,8795.438095238096,21.505835532394943
15041YOWI09_f229,-43.2855065,183.7015572230021,17.28704656,85.28182983398438,-245.0549469,1416.2164306640625,189.52239756322825,-4.754188538,-13.95365906,3.226806641,54.96705627441406,-4.435272217,-40.77600098,-0.315047897,-0.924673244,0.2138322107632814,0.8014588572097276,-0.06466943,-0.594543157,1.8027227410141355,-0.255222473,-1.783357544,0.065625,-5.42911377,-2.393701172,-10.43613281,229,0.1,15041YOWI09,1.3759253372528135,29.17912259658329,-36.48007162,94.61318152741327,94.61318152741327,100,15041YOWI09,K,2,20.3,62,41,0.023958333,1.133032747840422,-0.184525016,1.0793774473724338,-0.290960568,-86.80213749,-16.21644901,2.282214880007856,5.689543432811707,-0.926595542,5.420112418575765,-1.461063498,-435.8784265,-81.43117765,11.460181276810408,1504,1YO,163,WI09,Wind_success,9,Left,W,0,Naive,Right,13,FALSE,Second,Head-On,TRUE,TRUE,0.225,225,432.912048,2.349711436151216,0.4,400,822.9497448211139,1.6514394647377455,3.573345532135213,1.943645380092187,30.001247715948026,24.23350233,643.8603544,8795.438095238096,21.505835532394943
15041YOWI10_f217,-82.30943982,241.0936877568563,59.900328063964935,46.24531173706055,-187.6417084,1458.8211669921875,261.7041449070585,-4.125782013,-13.85473633,2.843139648,57.99236679077149,-13.00442505,-32.9095459,-0.280038111,-0.940392436,0.1929785565949152,0.8536353206246127,-0.191422374,-0.484421525,1.635966614428616,-0.13800293,-1.627880859,-0.085708008,5.072772216796916,-8.405859375,3.4628906250000235,217,0.2,15041YOWI10,1.0888762172615385,24.332804385839065,-28.97457926,102.63913405703522,102.63913405703522,200,15041YOWI10,K,2,20.3,62,41,0.011458333,0.4983955782479152,-0.308396428,0.3835336690477878,-0.078687485,-12.34059649,-12.03823495,-0.38452407,2.502701969177501,-1.548617968,1.925920916365565,-0.395130559,-61.96851755,-60.45020385,-1.930894233,1504,1YO,164,WI10,Wind_success,10,Left,W,0,Naive,Right,14,FALSE,Second,Head-On,TRUE,TRUE,0.3416666666666667,341.6666666666667,521.7089507166621,2.356083558065795,0.4916666666666666,491.6666666666666,850.2252698070139,1.0837049238651133,2.3460335005872253,1.6912340151857348,31.77002802146077,25.02903502,643.8603544,8795.438095238096,21.505835532394943
16011YOME01_f154,101.91350994110108,1363.5605385462443,23.629119364420603,-80.65920258,929.8795166015624,1421.2591552734375,1367.5679292345872,6.147521973,-12.73815918,4.479492188,-23.36771393,46.13671875,-12.90856934,0.4143541972462202,-0.85857517,0.3019259463696209,-0.438388709,0.8655453695103896,-0.242170504,1.6776331200190406,0.3669699096679603,-1.310830078,0.9805664062499774,0.8278198242175625,-16.46455078,-47.52773438,154,0.725,16011YOME01,0.7051227860031544,16.442923742109283,-14.01468073,-26.86168605,26.861686051783863,725,16011YOME01,F,1,16.5,61,40,0.021875,0.5591145709626217,-0.354164547,-0.424638288,0.082818488,21.644190667372403,-19.58206606,-0.873911364,3.4542030146271383,-2.18802426,-2.623410172,0.5116516114017229,133.71754651946006,-120.9777658,-5.399013771,1601,1YO,89,ME01,Wind_missed,1,Right,M,0,Naive,Left,6,FALSE,Second,Failure,FALSE,FALSE,,,,2.437092060755292,0.275,275,547.9347756306449,1.241071782414216,3.098220830516328,1.4063184423134014,29.224050481885616,23.09647787198066,612.8355544951825,8514.002380952381,18.078550442882243
16011YOMI01_f240,-5.913254342,-24.29600127,21.26865076371677,119.85638427734376,-453.3131104,1421.591552734375,32.82708881073968,,,,60.015472412109375,10.90869141,-36.39611816,,,,0.8449084722906978,0.1535744937148184,-0.512391011,2.191933735752808,0.015656433,-2.186044922,0.1597998046875005,6.997741699,12.002343750000104,1.550390625000011,240,0.008333333,16011YOMI01,1.3410064812103653,21.225489696728577,-30.82322544,79.69812249427461,79.69812249427461,8.333333333333334,16011YOMI01,F,1,16.5,61,40,0.7239583333333334,0.4544845566525324,-0.401419591,-0.183479882,0.1084142836012449,9.312618038596918,-21.2258809,0.1399921444852836,2.807800059633228,-2.479965349,-1.133536478,0.6697821246177056,57.53324090196718,-131.1332338,0.8648697648366455,1601,1YO,59,MI01,Wind_missed,1,Right,M,0,Naive,Right,1,TRUE,First,Failure,FALSE,FALSE,0.058333333,58.333333333333336,91.74989983803924,2.8433252947686647,0.1666666666666666,166.66666666666666,376.1359114557093,2.2313569185421325,3.2528076990937085,1.773258433331821,29.96083427232696,24.023715425382708,612.8355544951825,8514.002380952381,18.078550442882243
16011YOWE01_f168,66.39464368820191,1283.4962542215983,-60.03971329,-116.3770752,850.2851563,1337.566895,1286.6140254493514,1.5567779541015625,-15.78570557,1.170532227,22.673507690429688,49.10058594,-27.50854492,0.097877234,-0.992473713,0.073593319,0.3736766465249774,0.8092149898483023,-0.453361736,1.747129989843895,-0.350235901,-1.708806152,-0.098891602,3.0342041015625205,28.502050781250205,3.517382812500026,168,0.6083333333333333,16011YOWE01,4.293664587194529,26.285907626045184,-26.95957492,24.786393627975897,24.786393627975897,608.3333333333333,16011YOWE01,F,1,16.5,61,40,0.016666667,0.6526570366434407,-0.383744305,-0.527477156,-0.021664854,31.30963003247836,-21.71929355,-1.630250329,4.032107229131935,-2.370767644,-3.25874745,-0.133845201,193.4305132825401,-134.1815312,-10.07166669,1601,1YO,82,WE01,Wind_success,1,Right,W,0,Naive,Left,1,FALSE,Second,Head-On,TRUE,TRUE,,,,2.515519483199776,0.15,150,293.9553496118617,1.8158811667311443,2.2154327966412994,1.574197484521645,28.123277519551685,23.25660890907634,612.8355544951825,8514.002380952381,18.078550442882243
16011YOWE02_f202,122.67270603179932,694.2298298,24.51479771931963,-60.10941696,261.0581359863281,1422.1641845703125,705.4109615537227,2.130329132080078,-14.77294922,2.549316406,19.25247573852539,46.47091674804688,-33.43908691,0.1406909409946281,-0.97563334,0.1683616482952335,0.3187401424319198,0.7693632146007244,-0.553610843,2.383100819129264,-0.00743042,-2.382872314,-0.03215332,-1.918597412,2.004785156250016,-9.163476563,202,0.325,16011YOWE02,1.128144788,18.05786834149809,-33.61508632,22.50377979459388,22.50377979459388,325,16011YOWE02,F,1,16.5,61,40,0.025,0.5611220242050177,-0.285465407,-0.458275617,0.1528099688782353,22.71394133119228,-15.04755643,-1.026342655,3.4666050363266776,-1.763601809,-2.831221183,0.9440581279352256,140.32645310099326,-92.96362051,-6.340732434,1601,1YO,85,WE02,Wind_success,2,Right,W,0,Naive,Left,2,FALSE,Second,Head-On,TRUE,TRUE,,,,2.5070827862485143,0.4416666666666666,441.6666666666666,976.8287019663768,,2.8902276053097022,1.486180390542566,28.393725532038463,23.76378214211998,612.8355544951825,8514.002380952381,18.078550442882243
16011YOWE03_f216,80.95237681070964,373.0229037,53.464279937744095,-101.8142929,-60.16163254,1451.0836181640625,385.4319696429956,2.657318115234375,-14.64358139,2.409179688,-19.88686371,31.30054283,-53.76525879,0.1762559823250826,-0.971287106,0.1597973272313675,-0.304481023,0.4792319914554672,-0.823181636,2.1825430002048303,0.3000613403320323,-2.157739563,0.1327294921875004,9.240820312500071,-1.691894531,-5.120507813,216,0.2083333333333333,16011YOWE03,0.1740752314046687,,-55.40456773,-32.42991932,32.42991931825907,208.33333333333331,16011YOWE03,F,1,16.5,61,40,0.032291667,0.5666374611322917,-0.406995474,-0.379471092,0.1069316901322127,25.24063761936424,-26.26938208,2.679025203334092,3.5006793385370014,-2.514413088,-2.344367789,0.6606226802101304,155.93635201781876,-162.2919228,16.55098510075737,1601,1YO,86,WE03,Wind_success,3,Right,W,0,Naive,Left,3,FALSE,Second,Head-On,TRUE,TRUE,,,,2.616831920347049,0.3416666666666667,341.6666666666667,694.8749693654561,,2.8765739679634525,1.5806335932671352,29.83678811409096,24.34023497,612.8355544951825,8514.002380952381,18.078550442882243
16011YOWE04_f222,135.61712029774984,283.63453718821205,35.955358632405705,-47.05548096,-149.6999969,1433.58252,316.43852770832206,1.0903587341308594,-15.01277161,3.451782227,-15.83657455,13.217391967773438,-63.8371582,0.07060526,-0.972139361,0.2235172463252062,-0.236059898,0.1970183759682569,-0.951556348,1.8345638516006963,-0.22687088,-1.819561157,0.057890625,-9.361065674,9.757946777349332,-19.31660156,222,0.1583333333333333,16011YOWE04,0.7057190167363776,22.92317894823734,-72.09290725,-50.15122619,50.15122618988414,158.33333333333331,16011YOWE04,F,1,16.5,61,40,0.021875,0.6858144747095247,-0.372289384,-0.559637655,0.1361903204757919,22.962019974899032,-14.62766574,0.9974100586371378,4.236953477957092,-2.299999284,-3.457434621,0.8413821423766222,141.85907994253873,-90.36954094,6.161987203145447,1601,1YO,87,WE04,Wind_success,4,Right,W,0,Naive,Left,4,FALSE,Second,Head-On,TRUE,TRUE,0.1583333333333333,158.33333333333331,316.43852770832206,2.6427736912062008,0.25,250,509.3717337804054,1.3386595100048042,2.736684698867629,1.3941051121758978,25.991287177569387,23.80253144293555,612.8355544951825,8514.002380952381,18.078550442882243
16011YOWE05_f214,170.48007148106893,452.4254872639974,21.889333597818904,-12.05789852,18.75910186767578,1419.527832,483.97460596978897,0.32684803,-14.98205686,3.073730469,-11.66582203,27.47666931152344,-59.3684082,0.021365963,-0.979372798,0.2009288870797784,-0.175556618,0.4134908911144556,-0.89342328,2.193849292,-0.038211365,-2.186589661,0.1741845703124959,-8.167826843,3.267553711,6.208593749999323,214,0.225,16011YOWE05,1.001462451636869,25.66070400595345,-63.30661779,-23.00471369,23.00471368659817,225,16011YOWE05,F,1,16.5,61,40,0.023958333,0.6694163983078056,-0.265108857,-0.597434748,0.1445936722203084,17.85986014169105,-9.002646805,-0.656158801,4.135646361522291,-1.637839292,-3.690944603,0.8932979471801098,110.3379985895101,-55.61824239,-4.053741087,1601,1YO,88,WE05,Wind_success,5,Right,W,0,Naive,Left,5,FALSE,Second,Head-On,TRUE,TRUE,,,,2.6350122685353057,0.375,375,837.6605185039394,1.429855324911277,3.8725156661741607,1.907092562536164,30.557686732376595,25.45949985115081,612.8355544951825,8514.002380952381,18.078550442882243
16011YOWE06_f239,132.44866250356037,72.19167302449546,56.45181299845376,-50.11798477,-361.4865417,1454.0582275390625,161.0623886693293,1.328205108642578,-15.05529785,2.031005859,-19.40452194,-2.457885742,-68.91210938,0.08709755,-0.987256829,0.1331839744006803,-0.27088357,-0.034311635,-0.962000417,1.3611167491496885,-0.192409973,-1.322285156,-0.259189453,-10.9869873,-0.866601563,-10.25507813,239,0.016666667,16011YOWE06,0.5373811502268045,,-74.15428005,-97.21896163,97.21896162668747,16.666666666666668,16011YOWE06,F,1,16.5,61,40,0.020833333,0.6447837394118342,-0.379291122,-0.515790389,0.076449919,12.928446505323253,-9.804930235,-0.317385081,3.983466094658105,-2.343255936,-3.186546744,0.4723066705570763,79.87178516247027,-60.57473966,-1.960801165,1601,1YO,90,WE06,Wind_success,6,Right,W,0,Naive,Left,7,FALSE,Second,Head-On,TRUE,TRUE,0.1083333333333333,108.33333333333334,258.0574185068978,2.663602535259282,0.3666666666666666,366.6666666666666,834.7963841,1.3303177431547797,4.283992562407984,1.7642100872959705,25.65221697375077,23.28808797081773,612.8355544951825,8514.002380952381,18.078550442882243
16011YOWE07_f237,76.59000876744588,83.18905404408775,61.01947555541983,-105.9651337,-350.4968872,1458.609375,128.4905621156903,5.8165435791015625,-14.27426147,1.423217773,-20.17799377,2.207794189453125,-65.43310547,0.3757599252012849,-0.922144801,0.091942611,-0.294529488,0.032226221,-0.95509887,1.1113922584613851,0.2029376220703078,-1.075539551,-0.19293457,-2.10838623,-1.797363281,11.03554688,237,0.033333333,16011YOWE07,0.6848446126111464,21.213355760639388,-72.765256,-83.75576761,83.75576760965862,33.333333333333336,16011YOWE07,F,1,16.5,61,40,0.021875,0.5874836875398112,-0.315542701,-0.494776671,0.027675497,24.36225558950536,-20.14128871,0.4790050886862452,3.629467071570822,-1.949418964,-3.056724251,0.1709788858535709,150.5097185278186,-124.4326365,2.9592876081070347,1601,1YO,91,WE07,Wind_success,7,Right,W,0,Naive,Left,8,FALSE,Second,Head-On,TRUE,TRUE,0.2333333333333333,233.33333333333331,396.0083626071065,2.66873781,0.375,375,724.9487247760516,1.2639451416603371,2.77595919,1.390366788853247,28.111088729411133,22.230317682347906,612.8355544951825,8514.002380952381,18.078550442882243
16011YOWE08_f224,125.7927379,295.2912321726481,48.10176188151036,-56.75346375,-138.3790131,1445.685547,324.55277566804386,0.7968292236328125,-14.8838501,2.318359375,-17.42774963,27.578399658203125,-57.66870117,0.052824768,-0.986705687,0.1536926510934832,-0.26303307,0.4162345272910814,-0.870380619,8.073057124415381,-0.29532074,-8.067634277,0.017724609,-2.325201416,-715.4739624,-8.5078125,224,0.1416666666666666,16011YOWE08,0.9012559370711616,22.08587183567317,-60.50290007,-32.29021573,32.29021573054041,141.66666666666666,16011YOWE08,F,1,16.5,61,40,0.019791667,0.826170497,-0.357640968,-0.717152392,0.2008558528518974,35.21407947919379,-18.59499515,0.5726019005174042,5.104071273004238,-2.20950155,-4.430558751,1.240885014375544,217.55215444471497,-114.8796537,3.537527572467205,1601,1YO,92,WE08,Wind_success,8,Right,W,0,Naive,Left,9,FALSE,Second,Head-On,TRUE,TRUE,,,,2.4130275715648497,0.3333333333333333,333.3333333333333,739.2625850017221,1.4704347123665384,2.755012572988736,1.696297988051165,28.756920059360187,23.34381585343167,612.8355544951825,8514.002380952381,18.078550442882243
16011YOWE09_f238,102.9562253634135,87.24668585459392,60.06430511474605,-79.60585785,-346.3940125,1457.678223,147.7148918782717,3.0906219482421875,-15.05822754,-0.091674805,-26.17344666,0.4581604,-65.82995605,0.2010501100888306,-0.979562805,-0.005963599,-0.369452951,0.006467192,-0.929226933,1.4348731705864803,-0.096652222,-1.421469727,-0.170126953,-1.505786133,10.927441406245237,-16.05058594,238,0.025,16011YOWE09,1.032562509715393,,-68.31462683,-88.99715246,88.99715246132712,25,16011YOWE09,F,1,16.5,61,40,0.023958333,0.7585415508774287,-0.266527099,-0.703009724,0.1006276207452984,34.043788362936205,-15.84471999,-1.827451236,4.686260469387629,-1.646601175,-4.343185518,0.6216762162623075,210.3221101716628,-97.88848724,-11.28997149,1601,1YO,93,WE09,Wind_success,9,Right,W,0,Naive,Left,10,FALSE,Second,Head-On,TRUE,TRUE,0.1916666666666666,191.66666666666669,405.3958843084232,2.6884285574554005,0.3416666666666667,341.6666666666667,765.3437725,1.496424498,3.0943327778424936,1.543959092724935,25.299153445300966,23.12281540977012,612.8355544951825,8514.002380952381,18.078550442882243
16011YOWE10_f237,114.92798782984416,88.22578309377036,47.96556320190439,-67.63967896,-345.4234924,1445.595215,152.62020325763464,3.5548629760742188,-14.69104004,1.873168945,-30.5242691,-5.506958008,-61.21875,0.2334020368898886,-0.964571263,0.122986863,-0.444779095,-0.080243684,-0.892038401,1.2507949393593785,0.016227722,-1.226605225,-0.244262695,-7.22142334,3.4092773437538884,-36.57480469,237,0.033333333,16011YOWE10,0.9025108394688924,,-63.13051964,-100.2268618,100.22686178136416,33.333333333333336,16011YOWE10,F,1,16.5,61,40,0.021875,0.566009953,-0.278847637,-0.487255331,0.072065969,17.444583677124463,-10.09964296,0.9005186161764122,3.496802599302499,-1.722717308,-3.010257508,0.445222677,107.7724256455964,-62.3954713,5.563393050853564,1601,1YO,94,WE10,Wind_success,10,Right,W,0,Naive,Left,11,FALSE,Second,Head-On,TRUE,TRUE,0.2416666666666666,241.66666666666663,447.8509937707816,2.6440530820191457,0.3916666666666666,391.6666666666667,804.4827752447854,1.3262602171551925,3.958735069106401,1.7279646264377273,29.60918742334347,24.040456477073107,612.8355544951825,8514.002380952381,18.078550442882243
16011YOWE11_f221,120.44432140986126,265.27593218485515,38.96807581583653,-62.13077545,-168.3690491,1436.612548828125,293.93309730143454,2.971202850341797,-14.46643066,2.864135742,-38.39825439,5.4094085693359375,-52.74841309,0.1975065266450325,-0.961635613,0.1903893913585439,-0.586517814,0.082626529,-0.805710687,1.7256405730890438,-0.036956177,-1.713314209,0.2025439453125007,-8.685296631,2.2959228515625165,13.028906250000096,221,0.1666666666666666,16011YOWE11,1.247065080193567,18.19742265922689,-53.67894611,-81.98114574,81.98114573858925,166.66666666666666,16011YOWE11,F,1,16.5,61,40,0.022916667,0.5501016535703769,-0.355178564,-0.418013287,0.041532017,15.558597466115335,-11.79300879,2.3100441115015005,3.3985213206707865,-2.194288848,-2.582481001,0.256584293,96.12082578763372,-72.85706479,14.271424406150189,1601,1YO,95,WE11,Wind_success,11,Right,W,0,Naive,Left,12,FALSE,Second,Head-On,TRUE,TRUE,0.1666666666666666,166.66666666666666,293.93309730143454,2.518075370202129,0.3916666666666666,391.6666666666667,784.9958649248289,1.2335941936847077,3.232819258585721,1.8942285999243185,27.250641679551087,23.045914667935232,612.8355544951825,8514.002380952381,18.078550442882243
16011YOWE12_f231,109.60140117009482,147.06462160746258,58.64346872965484,-72.96311188,-286.5854797,1456.268555,192.56044892874604,,,,-47.7902298,15.662933349609377,-47.98266602,,,,-0.687535284,0.2253351650897713,-0.690303772,1.2841089627420277,-0.033792114,-1.278295898,-0.117275391,-5.377587891,7.685595703125055,9.170507812500066,231,0.083333333,16011YOWE12,2.017409167127874,21.89218638677223,-43.65415985,-71.85378354,71.85378353868083,83.33333333333333,16011YOWE12,F,1,16.5,61,40,0.021875,0.5883697063864242,-0.303906696,-0.498937651,0.069863098,26.911004766971843,-16.15638147,-0.294254307,3.6349408852217846,-1.877531868,-3.082430733,0.4316133710525924,166.25585992630798,-99.8139281,-1.817899528,1601,1YO,96,WE12,Wind_success,12,Right,W,0,Naive,Left,13,FALSE,Second,Head-On,TRUE,TRUE,0.1583333333333333,158.33333333333331,297.33269025624946,2.653748731682002,0.375,375,776.6683137270973,1.1036932573836464,4.924069392598603,2.484576420429736,21.945387471857263,21.027886715278157,612.8355544951825,8514.002380952381,18.078550442882243
16011YOWE13_f213,188.51816504796344,429.9827723821005,21.89401804606109,5.939899444580078,-3.653214455,1419.5181884765625,470.00386288268913,0.6365394592285156,-14.749547,4.229980469,-22.97891998,18.75106716156006,-58.47167969,0.041448623,-0.960424996,0.2754375420269138,-0.350483503,0.2859986327279243,-0.891832998,2.306934193565802,-0.198208294,-2.290592194,0.1893310546875007,-13.87949524,6.607575988769595,21.60175781250016,213,0.2333333333333333,16011YOWE13,0.9031535044509982,,-63.10449203,-50.78515305,50.78515305039474,233.33333333333331,16011YOWE13,F,1,16.5,61,40,0.01875,0.572564083,-0.335989729,-0.447050448,0.1228268215970534,9.046844829830537,-7.685329772,1.4180555064250169,3.5372939371605723,-2.075740456,-2.761872228,0.7588226089460567,55.891297252837454,-47.4798738,8.760729660056324,1601,1YO,97,WE13,Wind_success,13,Right,W,0,Naive,Left,14,FALSE,Second,Head-On,TRUE,TRUE,0.2333333333333333,233.33333333333331,470.00386288268913,2.546577637572625,0.3916666666666666,391.6666666666667,833.9326794046414,,3.5652252587963824,2.0262328244372454,26.67403279789595,24.045416646306027,612.8355544951825,8514.002380952381,18.078550442882243
16011YOWE14_f240,64.18329455057781,69.80053876,54.360082753499455,-118.3578339,-363.8760376,1451.9962158203125,109.30063635613617,7.171646118164063,-13.32876587,2.024536133,-28.89697266,-13.90661621,-62.23999023,0.4696414789812621,-0.872845817,0.1325785081972886,-0.412719343,-0.198620443,-0.888939066,1.2366683583885916,0.1999282836914069,-1.217775879,-0.079995117,-6.487426758,14.752001953125127,-29.31328125,240,0.008333333,16011YOWE14,1.4095452082374154,18.15681201120417,-62.74023171,-115.6991024,115.6991023999008,8.333333333333334,16011YOWE14,F,1,16.5,61,40,0.022916667,0.5853517489471516,-0.329545237,-0.483168581,0.02418117,35.66365222159032,-24.91292868,0.15862917,3.616295981,-2.035926461,-2.985009615,0.1493909720411421,220.3296093756545,-153.9117702,0.9800090825959226,1601,1YO,98,WE14,Wind_success,14,Right,W,0,Naive,Left,15,FALSE,Second,Head-On,TRUE,TRUE,0.2,200,411.1967966363258,2.7336617213859418,0.3333333333333333,333.3333333333333,745.4682071,1.374409289,4.430457882590806,1.7013466373203256,26.218076458392048,21.738291220396345,612.8355544951825,8514.002380952381,18.078550442882243
16011YOWI01_f221,-62.5201283,353.2956543,-29.12335383,63.32351303100586,-75.70831299,1371.1854248046875,359.9649365227052,-2.402873993,-14.54344177,4.62512207,55.09368515014648,2.2320632934570312,-34.2767334,-0.155534049,-0.941372871,0.2993764823964484,0.8485808151907823,0.034379368,-0.527947591,9.962399492855315,0.3120840454101574,-9.747927074,2.0322216796875074,,,,221,0.1666666666666666,16011YOWI01,1.1763361132855077,19.33773822032869,-31.86688644,87.67998993105115,87.67998993105115,166.66666666666666,16011YOWI01,F,1,16.5,61,40,0.019791667,0.7039341237982953,-0.123575491,0.6751317443357273,-0.156363283,-58.44302175,-11.98312677,2.1775389479217564,4.348896449499863,-0.763447882,4.170955699723395,-0.966010461,-361.0602771,-74.03161135,13.452809118226646,1601,1YO,62,WI01,Wind_success,1,Right,W,0,Naive,Right,2,TRUE,First,Head-On,TRUE,TRUE,0.1666666666666666,166.66666666666666,359.9649365227052,2.527880536189023,0.3333333333333333,333.3333333333333,778.5190741996976,1.6262366795925636,3.8085796277201567,2.2000301705055283,30.617515338092826,24.26386233758324,612.8355544951825,8514.002380952381,18.078550442882243
16011YOWI02_f227,-51.93069175,214.8735655466716,-30.19586004,73.65451049804688,-215.7149963,1370.4285888671875,223.1126081,-49.74295807,-20.62071228,48.35217285,-49.54632568,-5.880264282,44.46276855,-0.687336247,-0.284932049,0.6681187105381329,-0.741369811,-0.087987361,0.6653037106855656,2.964240497531765,-0.569512939,-2.904041748,-0.170053711,-41.84813232,-182.1183838,-23.61972656,227,0.1166666666666666,16011YOWI02,1.2123660934567266,20.83951869838091,41.70562946694839,-96.76832628,96.76832627581616,116.66666666666669,16011YOWI02,F,1,16.5,61,40,0.0125,0.7968178958770873,-0.220916177,0.7571337033754374,-0.113416741,-39.9591626,-13.02975775,0.6102682515313534,4.922731262948057,-1.364817453,4.677562804654727,-0.700687246,-246.8672202,-80.49768483,3.770229830607935,1601,1YO,65,WI02,Wind_success,2,Right,W,0,Naive,Right,3,TRUE,First,Head-On,TRUE,TRUE,0.2,200,359.73703020272023,2.518022222173708,0.3333333333333333,333.3333333333333,687.9659823887974,1.698214576490186,5.054814536778695,2.4764840920964613,25.462999074985184,23.47558723658994,612.8355544951825,8514.002380952381,18.078550442882243
16011YOWI03_f218,-104.4326413,311.1571397781372,15.080956522623636,21.15313148498535,-119.4313202,1415.708496,328.56107111669854,1.3355865478515625,-15.00840759,2.19128418,57.45165824890137,-12.15979004,-37.10131836,0.087716218,-0.985694826,0.1439151665373593,0.8270869117979589,-0.175055055,-0.534118871,10.96521774856483,0.4088589477539077,-10.8296862,1.669350585937506,31.253054809570543,-1030.604865,151.1173828125011,218,0.1916666666666666,16011YOWI03,0.3332320430909372,,-32.28417511,101.95043391429626,101.95043391429626,191.66666666666669,16011YOWI03,F,1,16.5,61,40,0.022916667,0.5604009846888641,-0.175847232,0.5320856382306521,0.003447934,-33.16988506,-11.9948791,-0.40286881,3.4621504629713904,-1.086382059,3.2872185971683323,0.021301293,-204.9231462,-74.10421712,-2.488918605,1601,1YO,66,WI03,Wind_success,3,Right,W,0,Naive,Right,4,TRUE,First,Head-On,TRUE,TRUE,0.2583333333333333,258.33333333333337,471.9792119,2.4953223509068745,0.3583333333333333,358.3333333333333,707.0787091637675,1.3078426119870408,3.2747350485433184,1.420302002940006,25.785163743612777,23.823362020196598,612.8355544951825,8514.002380952381,18.078550442882243
16011YOWI04_f232,-93.79966995,139.96258017222084,36.60277709960928,31.80545234680176,-290.6148682,1437.253173828125,172.41712566462311,,,,48.66849327087402,-6.795196533,-51.23449707,,,,0.6855553364075148,-0.095718666,-0.721700643,1.792113660813201,0.023059845,-1.782290039,0.1859619140625006,4.582809448,5.961181640625032,-7.047070313,232,0.075,16011YOWI04,1.1787948473340024,,-46.19506773,97.94837263134566,97.94837263134566,75,16011YOWI04,F,1,16.5,61,40,0.017708333,0.6756332147904509,-0.298035513,0.6063035789063754,0.007144512,-43.32691436,-22.30279179,-3.165215966,4.174053778089463,-1.841259773,3.745736131383409,0.04413871,-267.6731496,-137.7863762,-19.55466572,1601,1YO,67,WI04,Wind_success,4,Right,W,0,Naive,Right,5,TRUE,First,Head-On,TRUE,TRUE,0.25,250,544.6630541,2.6449227582089048,0.3083333333333333,308.33333333333337,687.8289123878669,1.4322195608119408,4.149273746470601,1.8507101367446812,26.993469189171577,22.739515063562926,612.8355544951825,8514.002380952381,18.078550442882243
16011YOWI05_f214,-95.76634307,357.9325486501058,29.37567494710288,29.85414123535156,-72.65275574,1429.987548828125,371.6851249735215,-0.653747559,-14.99649811,2.491088867,57.63835906982422,-10.89790344,-36.42712402,-0.04296437,-0.985571698,0.1637146663074204,0.8347356185843885,-0.157826633,-0.527548292,2.319525772,0.155036774,-2.297809296,0.2761083984374936,19.769155883788184,3.9762817382884887,-12.73183594,214,0.225,16011YOWI05,11.21027680125807,,-31.839952,100.70673990602478,100.70673990602478,225,16011YOWI05,F,1,16.5,61,40,0.03125,0.6667237048023312,-0.39011233,0.5386098980542027,-0.047246653,-33.01523185,-24.20949523,-1.375283359,4.119010933817263,-2.410109227,3.327525394953836,-0.291889247,-203.9677005,-149.5659669,-8.496483851,1601,1YO,68,WI05,Wind_success,5,Right,W,0,Naive,Right,6,TRUE,First,Head-On,TRUE,TRUE,0.3,300,548.7963424412782,2.584065049291517,0.3916666666666666,391.6666666666667,777.5512855568729,1.377865463556465,4.341327402,2.232496556539852,23.93351594984876,21.837010097327685,612.8355544951825,8514.002380952381,18.078550442882243
16011YOWI06_f161,-46.09272663,1415.9164083480837,-22.64892019,79.52217864990234,985.3190307617188,1378.001708984375,1416.847482428136,1.4356918334960938,-14.93634033,-0.823608398,17.04150391,56.64056396484375,-7.453979492,0.095535934,-0.993916099,-0.054805771,0.2858520932601157,0.950081863,-0.125032136,1.2360316688011943,-0.082443237,-1.160705566,-0.416821289,-12.66789551,-44.98330078,29.55234375000022,161,0.6666666666666666,16011YOWI06,3.738039781703925,27.38110099857109,-7.182611621,16.745018038694568,16.745018038694568,666.6666666666666,16011YOWI06,F,1,16.5,61,40,0.023958333,0.4178574161780477,-0.281335893,0.3027012996088243,-0.061861609,-26.71570367,-27.23069621,-2.228393987,2.5815180315574566,-1.738089724,1.8700849449159749,-0.38218027,-165.0492922,-168.2309098,-13.76699093,1601,1YO,69,WI06,Wind_success,6,Right,W,0,Naive,Right,7,TRUE,First,Head-On,TRUE,TRUE,,,,2.418580955564201,0.425,425,956.5546702,1.3769348897541227,4.686224104489575,3.667828879942484,24.814433642676484,24.40716180755345,612.8355544951825,8514.002380952381,18.078550442882243
16011YOWI07_f215,-101.94734,349.5613039016724,13.320314025878815,23.65983963012696,-81.05134583,1413.9425048828125,364.3676660694566,-1.467481613,-14.82857513,4.161621094,58.75667953491211,-16.64498138,-26.56445313,-0.094852237,-0.958460744,0.268990811,0.8822808650357106,-0.249938368,-0.398887563,1.880701769,0.1181865692138676,-1.875975037,-0.061552734,10.019256591797058,-0.495043945,-4.231054688,215,0.2166666666666666,16011YOWI07,2.565862578,22.09180537386481,-23.50865304,105.8167165484866,105.8167165484866,216.66666666666669,16011YOWI07,F,1,16.5,61,40,0.016666667,0.5096728519541739,-0.188789607,0.4730657782930634,-0.018266626,-29.35629391,-11.77806767,-0.43065236,3.1487526763301137,-1.166339896,2.9225946207831424,-0.112850995,-181.3628265,-72.76475872,-2.660565039,1601,1YO,70,WI07,Wind_success,7,Right,W,0,Naive,Right,8,TRUE,First,Head-On,TRUE,TRUE,0.3166666666666666,316.66666666666663,575.9359776077662,2.554726460995087,0.3916666666666666,391.6666666666667,752.9358176184379,1.1287986982359748,2.517372859258131,1.663790234341712,24.55030723429377,22.29235104135087,612.8355544951825,8514.002380952381,18.078550442882243
16011YOWI08_f228,-23.89266564,183.98666502634683,26.47290496826168,101.6856689453125,-246.6214447,1427.1629638671875,187.41069093406892,-5.354782104,-13.7686615,2.505126953,55.17610168457031,-23.4037323,-28.77233887,-0.357362577,-0.918880407,0.1671848839536689,0.8299284389814067,-0.352026012,-0.432777626,1.6848149191057458,-0.236148376,-1.664542236,0.1101562500000004,-1.032275391,4.173046875000003,12.169335937500088,228,0.1083333333333333,16011YOWI08,1.1699600223590698,18.985164948861105,-25.64396483,112.98492303744648,112.98492303744648,108.33333333333334,16011YOWI08,F,1,16.5,61,40,0.045833333,0.6571978466365703,-0.364574325,0.5437631515084709,-0.057586511,-56.28776132,-39.00031706,-3.88997118,4.060160298004944,-2.252335743,3.359362132075933,-0.355768763,-347.7451044,-240.9434841,-24.03219461,1601,1YO,71,WI08,Wind_success,8,Right,W,0,Naive,Right,9,TRUE,First,Head-On,TRUE,TRUE,0.2416666666666666,241.66666666666663,461.8859676061956,2.5465038447153727,0.3333333333333333,333.3333333333333,685.0470043557281,1.0173396442466025,2.7231912023995326,1.2485628539334173,30.771373791107163,25.792968301385805,612.8355544951825,8514.002380952381,18.078550442882243
16011YOWI09_f227,-90.04348998,196.1417709986369,24.25542500813799,35.554298400878906,-234.4642334,1424.8990478515625,217.1813759527072,1.8642539978027344,14.750335693359377,-2.827148438,58.551177978515625,-7.99786377,-32.59741211,0.1231824487373056,0.9746431937637468,-0.186806663,0.8675631522677805,-0.118505761,-0.483001616,1.8058548320862915,-0.018299103,-1.799937744,0.1449169921875005,1.736773681640637,4.740380859375052,7.161328125000054,227,0.1166666666666666,16011YOWI09,1.473259315400992,23.346639743089487,-28.88162652,97.77824280683672,97.77824280683672,116.66666666666669,16011YOWI09,F,1,16.5,61,40,0.01875,0.6863050824098441,-0.31870802,0.6041282927261126,-0.066849607,-38.89035965,-22.55614235,-1.471397908,4.239984446358657,-1.96897427,3.732297239836361,-0.412996056,-240.2641686,-139.3515729,-9.090278365,1601,1YO,72,WI09,Wind_success,9,Right,W,0,Naive,Right,10,TRUE,First,Head-On,TRUE,TRUE,0.2583333333333333,258.33333333333337,507.5344860396648,2.6112274465570104,0.3416666666666667,341.6666666666667,714.6252756280717,1.6353772951623835,4.108803069979813,1.8846113785090544,27.860197266956423,23.89227151531844,612.8355544951825,8514.002380952381,18.078550442882243
16011YOWI10_f234,-32.71307336,95.52871843973791,33.751401265462164,92.88720703,-335.0263977,1434.409668,106.46613688444734,5.2043304443359375,13.781768798828123,-2.479858398,48.47108459472656,-9.072967529,-50.17285156,0.3483734940194166,0.9225399888742376,-0.165999631,0.6890020414989054,-0.128969533,-0.713192152,1.2769113536396672,-0.212104797,-1.256967773,0.074472656,9.056689453125058,8.456835938,-10.25683594,234,0.058333333,16011YOWI10,1.2227625781726834,25.97402344950786,-45.49523474,100.60211349663736,100.60211349663736,58.333333333333336,16011YOWI10,F,1,16.5,61,40,0.014583333,0.410344591,-0.184765676,0.3553644758466375,-0.089221173,-35.64713511,-20.22840989,-1.451128678,2.5351038889254007,-1.141480098,2.195437406768835,-0.551207318,-220.2275669,-124.9708701,-8.965055312,1601,1YO,73,WI10,Wind_success,10,Right,W,0,Naive,Right,11,TRUE,First,Head-On,TRUE,TRUE,0.2166666666666666,216.66666666666669,386.9081798266585,2.5870944472843083,0.3083333333333333,308.33333333333337,611.2279890018547,1.1610612518646857,3.855316617414458,2.391640853000373,28.97960672127026,23.752474147024834,612.8355544951825,8514.002380952381,18.078550442882243
16011YOWI11_f223,-31.93480498,264.9782786051432,21.227001444498683,93.84884643554688,-164.7775421,1421.748535,267.7385020724097,-4.848114014,-14.29721069,2.932617188,60.85668945,-19.60473633,-14.28845215,-0.315241778,-0.929655965,0.1906892973999616,0.9289157609753252,-0.299246455,-0.218098758,1.9281626583225968,-0.258872681,-1.910482178,0.029223633,-13.21567383,2.0669677734313727,19.996874999999704,223,0.15,16011YOWI11,1.863481162313684,23.31403067050045,-12.59738842,107.85613520785624,107.85613520785624,150,16011YOWI11,F,1,16.5,61,40,0.013541667,0.3961745011676272,-0.16811961,0.3554209511581507,-0.048641336,-30.39319574,-17.12735808,-1.354838403,2.447561246517945,-1.038640905,2.195786310556024,-0.300505581,-187.7687934,-105.8126098,-8.370175162,1601,1YO,74,WI11,Wind_success,11,Right,W,0,Naive,Right,12,TRUE,First,Head-On,TRUE,TRUE,0.25,250,473.23905590715833,2.4033091175079297,0.4166666666666667,416.6666666666667,874.4275022842414,1.2287557113455654,3.024773712,1.867585824264926,26.858221641648075,23.88416423430044,612.8355544951825,8514.002380952381,18.078550442882243
16011YOWI12_f225,-51.84706279,268.27555751800537,22.571675618489508,73.89732360839844,-161.494278,1423.072509765625,274.17033614566327,-3.318847656,-14.67228699,2.677490234,59.37654113769531,-9.143859863,-26.00964355,-0.217210766,-0.960266643,0.1752354327547408,0.9069947074691578,-0.139675238,-0.397305208,2.113376662127424,-0.373483887,-2.060879517,0.282216797,-30.49606934,5.666638183593753,10.98457031250008,225,0.1333333333333333,16011YOWI12,0.8709058305456806,,-23.40982177,98.75465283450067,98.75465283450067,133.33333333333334,16011YOWI12,F,1,16.5,61,40,0.033333333,0.6832092644627522,-0.288870133,0.6115657255960216,-0.096521025,-45.54392669,-22.92613611,-0.302939584,4.220858520759597,-1.784636168,3.7782456095883705,-0.596305721,-281.3698248,-141.6373898,-1.87155706,1601,1YO,75,WI12,Wind_success,12,Right,W,0,Naive,Right,13,TRUE,First,Head-On,TRUE,TRUE,0.225,225,473.8921380235231,2.5894648513819845,0.375,375,848.9208551613607,,4.378070363813385,2.98251952,25.376153354226982,23.367596525501117,612.8355544951825,8514.002380952381,18.078550442882243
16011YOWI13_f207,-74.2525932,490.5903051376343,11.96449228922529,51.50720215,60.85134506225586,1412.443115234375,496.3219158647072,-0.903820038,-15.19161606,2.012695313,53.63661956787109,14.615055084228516,-32.81445313,-0.05887697,-0.989617714,0.1311117214609266,0.8308742729956508,0.2263989297933628,-0.508322208,2.380649111584186,-0.117886047,-2.362120514,0.2719921874999937,-8.67052002,5.912786865241829,6.597070312499007,207,0.2833333333333333,16011YOWI13,1.1560166370942286,,-30.55213734,74.75792082,74.75792082,283.3333333333333,16011YOWI13,F,1,16.5,61,40,0.010416667,0.4726604051126336,-0.284985937,0.3770811581444023,0.000821152,-29.18957894,-22.15532544,-1.601611011,2.9200902302080967,-1.760639652,2.3296028056985905,0.005073065,-180.3328634,-136.8753309,-9.894733331,1601,1YO,76,WI13,Wind_success,13,Right,W,0,Naive,Right,14,TRUE,First,Head-On,TRUE,TRUE,0.3,300,535.4130084732922,2.547851755165137,0.3666666666666666,366.6666666666666,691.8601486,,2.9351493146608063,1.84902095,22.41946088026897,21.809113240503653,612.8355544951825,8514.002380952381,18.078550442882243
16011YOWI14_f238,-71.74373641,61.2377334,42.84450378417978,54.02220153808594,-368.5025635,1443.300781,103.59959078136856,3.391342163085937,14.693817138671877,-2.824462891,41.61720275878906,-4.854309082,-59.51318359,0.2210448099058014,0.957730556,-0.184096099,0.5717978677177109,-0.066695583,-0.81767897,1.5167419141517775,-0.102358246,-1.512601318,0.045454102,2.612054443358996,5.406152343745083,-13.85859375,238,0.025,16011YOWI14,1.6591514744770854,22.73563472130661,-54.85312015,96.65302436,96.65302436,25,16011YOWI14,F,1,16.5,61,40,0.019791667,0.6190915388418248,-0.238260967,0.5655266964936266,-0.081765523,-47.04360399,-21.94262482,-0.195306583,3.8247399922270087,-1.471973353,3.493817048,-0.505146405,-290.6348129,-135.5612691,-1.206601694,1601,1YO,77,WI14,Wind_success,14,Right,W,0,Naive,Right,15,TRUE,First,Head-On,TRUE,TRUE,0.1666666666666666,166.66666666666666,329.1502191659906,2.636727471197973,0.3083333333333333,308.33333333333337,659.9532717767997,1.4701754763975503,4.139427109172185,2.221405298506845,25.851653980413428,22.966618670043943,612.8355544951825,8514.002380952381,18.078550442882243
